,date,temperature_2m,relative_humidity_2m,dew_point_2m
0,2021-01-01 00:00:00+00:00,20.175999,91.09449,18.675999
1,2021-01-01 01:00:00+00:00,20.376,90.54008,18.776
2,2021-01-01 02:00:00+00:00,23.075998,78.95477,19.226
3,2021-01-01 03:00:00+00:00,25.325998,70.50525,19.575998
4,2021-01-01 04:00:00+00:00,26.626,58.88633,17.925999
5,2021-01-01 05:00:00+00:00,26.776,57.096004,17.575998
6,2021-01-01 06:00:00+00:00,27.276,55.26915,17.526
7,2021-01-01 07:00:00+00:00,27.425999,53.081047,17.026
8,2021-01-01 08:00:00+00:00,27.425999,53.418167,17.126
9,2021-01-01 09:00:00+00:00,27.075998,52.99219,16.675999
10,2021-01-01 10:00:00+00:00,26.675999,55.120636,16.925999
11,2021-01-01 11:00:00+00:00,26.126,59.514816,17.626
12,2021-01-01 12:00:00+00:00,25.175999,64.571365,18.026
13,2021-01-01 13:00:00+00:00,23.675999,70.41781,17.976
14,2021-01-01 14:00:00+00:00,22.876,74.13639,18.026
15,2021-01-01 15:00:00+00:00,22.425999,76.1887,18.026
16,2021-01-01 16:00:00+00:00,22.276,76.16506,17.876
17,2021-01-01 17:00:00+00:00,22.726,74.57873,17.976
18,2021-01-01 18:00:00+00:00,22.925999,74.37806,18.126
19,2021-01-01 19:00:00+00:00,23.276,73.278854,18.226
20,2021-01-01 20:00:00+00:00,23.126,73.483345,18.126
21,2021-01-01 21:00:00+00:00,21.226,83.01701,18.226
22,2021-01-01 22:00:00+00:00,20.526,87.7627,18.425999
23,2021-01-01 23:00:00+00:00,20.876,86.97364,18.626
24,2021-01-02 00:00:00+00:00,20.825998,89.44891,19.026
25,2021-01-02 01:00:00+00:00,22.075998,84.15867,19.276
26,2021-01-02 02:00:00+00:00,23.776,78.56494,19.825998
27,2021-01-02 03:00:00+00:00,25.776,70.58863,20.026
28,2021-01-02 04:00:00+00:00,26.925999,62.955807,19.276
29,2021-01-02 05:00:00+00:00,27.026,62.977684,19.376
30,2021-01-02 06:00:00+00:00,27.325998,62.07172,19.425999
31,2021-01-02 07:00:00+00:00,27.175999,64.39393,19.876
32,2021-01-02 08:00:00+00:00,27.626,62.138325,19.726
33,2021-01-02 09:00:00+00:00,27.226,62.82596,19.526
34,2021-01-02 10:00:00+00:00,26.675999,64.08769,19.325998
35,2021-01-02 11:00:00+00:00,25.925999,65.95456,19.075998
36,2021-01-02 12:00:00+00:00,25.175999,71.137436,19.575998
37,2021-01-02 13:00:00+00:00,24.276,74.8344,19.526
38,2021-01-02 14:00:00+00:00,23.776,77.355576,19.575998
39,2021-01-02 15:00:00+00:00,23.226,80.46186,19.675999
40,2021-01-02 16:00:00+00:00,22.325998,85.50281,19.776
41,2021-01-02 17:00:00+00:00,22.026,87.34964,19.825998
42,2021-01-02 18:00:00+00:00,22.126,86.81891,19.825998
43,2021-01-02 19:00:00+00:00,22.026,87.620766,19.876
44,2021-01-02 20:00:00+00:00,22.575998,84.47506,19.825998
45,2021-01-02 21:00:00+00:00,22.626,84.21904,19.825998
46,2021-01-02 22:00:00+00:00,22.876,82.69524,19.776
47,2021-01-02 23:00:00+00:00,22.776,83.45623,19.825998
48,2021-01-03 00:00:00+00:00,22.575998,86.058975,20.126
49,2021-01-03 01:00:00+00:00,23.325998,81.9846,20.075998
50,2021-01-03 02:00:00+00:00,24.226,79.11631,20.376
51,2021-01-03 03:00:00+00:00,25.626,71.66147,20.126
52,2021-01-03 04:00:00+00:00,26.626,67.54733,20.126
53,2021-01-03 05:00:00+00:00,27.175999,64.79406,19.976
54,2021-01-03 06:00:00+00:00,27.526,62.891663,19.825998
55,2021-01-03 07:00:00+00:00,27.776,61.405197,19.675999
56,2021-01-03 08:00:00+00:00,27.776,61.025135,19.575998
57,2021-01-03 09:00:00+00:00,27.526,60.779118,19.276
58,2021-01-03 10:00:00+00:00,27.276,60.533165,18.976
59,2021-01-03 11:00:00+00:00,26.476,62.857086,18.825998
60,2021-01-03 12:00:00+00:00,25.425999,69.437,19.425999
61,2021-01-03 13:00:00+00:00,24.126,74.34572,19.276
62,2021-01-03 14:00:00+00:00,23.476,78.766205,19.575998
63,2021-01-03 15:00:00+00:00,22.925999,81.68138,19.626
64,2021-01-03 16:00:00+00:00,22.626,82.92264,19.575998
65,2021-01-03 17:00:00+00:00,21.976,86.804955,19.675999
66,2021-01-03 18:00:00+00:00,21.626,88.68038,19.675999
67,2021-01-03 19:00:00+00:00,20.925999,91.14285,19.425999
68,2021-01-03 20:00:00+00:00,20.626,91.12354,19.126
69,2021-01-03 21:00:00+00:00,20.175999,91.66576,18.776
70,2021-01-03 22:00:00+00:00,19.726,92.214516,18.425999
71,2021-01-03 23:00:00+00:00,19.776,91.92897,18.425999
72,2021-01-04 00:00:00+00:00,20.276,89.96858,18.575998
73,2021-01-04 01:00:00+00:00,20.226,91.09772,18.726
74,2021-01-04 02:00:00+00:00,21.876,85.19153,19.276
75,2021-01-04 03:00:00+00:00,24.675999,77.01337,20.376
76,2021-01-04 04:00:00+00:00,26.325998,70.908264,20.626
77,2021-01-04 05:00:00+00:00,27.126,66.6116,20.376
78,2021-01-04 06:00:00+00:00,27.925999,62.78468,20.175999
79,2021-01-04 07:00:00+00:00,27.575998,65.886406,20.626
80,2021-01-04 08:00:00+00:00,27.425999,66.05889,20.526
81,2021-01-04 09:00:00+00:00,27.675999,64.10295,20.276
82,2021-01-04 10:00:00+00:00,26.976,68.245094,20.626
83,2021-01-04 11:00:00+00:00,26.026,73.29609,20.876
84,2021-01-04 12:00:00+00:00,25.175999,76.38065,20.726
85,2021-01-04 13:00:00+00:00,24.126,81.83056,20.825998
86,2021-01-04 14:00:00+00:00,23.575998,85.10417,20.925999
87,2021-01-04 15:00:00+00:00,23.276,86.658455,20.925999
88,2021-01-04 16:00:00+00:00,23.226,87.45639,21.026
89,2021-01-04 17:00:00+00:00,23.175999,87.99086,21.075998
90,2021-01-04 18:00:00+00:00,23.276,87.46082,21.075998
91,2021-01-04 19:00:00+00:00,23.226,89.35457,21.376
92,2021-01-04 20:00:00+00:00,23.026,91.5559,21.575998
93,2021-01-04 21:00:00+00:00,23.026,91.83632,21.626
94,2021-01-04 22:00:00+00:00,22.876,92.95788,21.675999
95,2021-01-04 23:00:00+00:00,22.675999,93.80465,21.626
96,2021-01-05 00:00:00+00:00,22.876,93.52765,21.776
97,2021-01-05 01:00:00+00:00,23.126,93.25466,21.976
98,2021-01-05 02:00:00+00:00,24.175999,89.154625,22.276
99,2021-01-05 03:00:00+00:00,25.075998,87.35338,22.825998
100,2021-01-05 04:00:00+00:00,26.425999,78.70002,22.425999
101,2021-01-05 05:00:00+00:00,27.276,72.617645,21.925999
102,2021-01-05 06:00:00+00:00,26.976,74.81421,22.126
103,2021-01-05 07:00:00+00:00,27.075998,75.97688,22.476
104,2021-01-05 08:00:00+00:00,27.126,77.14617,22.776
105,2021-01-05 09:00:00+00:00,26.325998,82.099594,23.026
106,2021-01-05 10:00:00+00:00,25.675999,85.83685,23.126
107,2021-01-05 11:00:00+00:00,25.175999,87.89266,23.026
108,2021-01-05 12:00:00+00:00,24.575998,91.09682,23.026
109,2021-01-05 13:00:00+00:00,24.026,95.00769,23.175999
110,2021-01-05 14:00:00+00:00,23.876,95.29003,23.075998
111,2021-01-05 15:00:00+00:00,23.675999,96.15241,23.026
112,2021-01-05 16:00:00+00:00,23.376,97.31626,22.925999
113,2021-01-05 17:00:00+00:00,23.325998,97.020905,22.825998
114,2021-01-05 18:00:00+00:00,23.425999,97.31727,22.976
115,2021-01-05 19:00:00+00:00,23.626,97.02751,23.126
116,2021-01-05 20:00:00+00:00,23.575998,96.73336,23.026
117,2021-01-05 21:00:00+00:00,23.526,97.31925,23.075998
118,2021-01-05 22:00:00+00:00,23.425999,97.31727,22.976
119,2021-01-05 23:00:00+00:00,23.476,97.0242,22.976
120,2021-01-06 00:00:00+00:00,23.526,96.73215,22.976
121,2021-01-06 01:00:00+00:00,23.726,96.73695,23.175999
122,2021-01-06 02:00:00+00:00,23.925999,95.86949,23.226
123,2021-01-06 03:00:00+00:00,24.925999,91.11905,23.376
124,2021-01-06 04:00:00+00:00,26.175999,83.83803,23.226
125,2021-01-06 05:00:00+00:00,27.276,74.8628,22.425999
126,2021-01-06 06:00:00+00:00,27.175999,73.49163,22.026
127,2021-01-06 07:00:00+00:00,26.425999,77.98534,22.276
128,2021-01-06 08:00:00+00:00,26.026,87.17432,23.726
129,2021-01-06 09:00:00+00:00,26.325998,82.84773,23.175999
130,2021-01-06 10:00:00+00:00,25.226,90.59068,23.575998
131,2021-01-06 11:00:00+00:00,25.075998,92.78973,23.825998
132,2021-01-06 12:00:00+00:00,24.476,95.02409,23.626
133,2021-01-06 13:00:00+00:00,24.325998,95.305534,23.526
134,2021-01-06 14:00:00+00:00,24.126,95.586716,23.376
135,2021-01-06 15:00:00+00:00,24.026,96.45284,23.425999
136,2021-01-06 16:00:00+00:00,23.925999,96.74179,23.376
137,2021-01-06 17:00:00+00:00,23.575998,97.614845,23.175999
138,2021-01-06 18:00:00+00:00,23.325998,97.906364,22.976
139,2021-01-06 19:00:00+00:00,23.226,97.31327,22.776
140,2021-01-06 20:00:00+00:00,23.075998,97.60598,22.675999
141,2021-01-06 21:00:00+00:00,23.026,97.30929,22.575998
142,2021-01-06 22:00:00+00:00,22.925999,98.19773,22.626
143,2021-01-06 23:00:00+00:00,22.876,98.79483,22.675999
144,2021-01-07 00:00:00+00:00,22.876,97.30628,22.425999
145,2021-01-07 01:00:00+00:00,23.226,97.018684,22.726
146,2021-01-07 02:00:00+00:00,23.476,96.73093,22.925999
147,2021-01-07 03:00:00+00:00,24.276,93.87643,23.226
148,2021-01-07 04:00:00+00:00,25.126,90.31121,23.425999
149,2021-01-07 05:00:00+00:00,25.776,90.35582,24.075998
150,2021-01-07 06:00:00+00:00,27.276,85.48004,24.626
151,2021-01-07 07:00:00+00:00,26.925999,84.42603,24.075998
152,2021-01-07 08:00:00+00:00,27.026,79.74289,23.226
153,2021-01-07 09:00:00+00:00,26.825998,78.280304,22.726
154,2021-01-07 10:00:00+00:00,26.876,76.40904,22.376
155,2021-01-07 11:00:00+00:00,26.376,77.74103,22.175999
156,2021-01-07 12:00:00+00:00,25.626,83.01774,22.526
157,2021-01-07 13:00:00+00:00,24.825998,87.33123,22.575998
158,2021-01-07 14:00:00+00:00,24.376,89.44123,22.526
159,2021-01-07 15:00:00+00:00,23.675999,92.435074,22.376
160,2021-01-07 16:00:00+00:00,23.226,94.115524,22.226
161,2021-01-07 17:00:00+00:00,23.175999,93.827225,22.126
162,2021-01-07 18:00:00+00:00,23.175999,93.54179,22.075998
163,2021-01-07 19:00:00+00:00,22.925999,94.96732,22.075998
164,2021-01-07 20:00:00+00:00,22.925999,95.25712,22.126
165,2021-01-07 21:00:00+00:00,22.675999,95.53945,21.925999
166,2021-01-07 22:00:00+00:00,22.925999,95.54765,22.175999
167,2021-01-07 23:00:00+00:00,22.726,96.41866,22.126
168,2021-01-08 00:00:00+00:00,22.925999,96.71762,22.376
169,2021-01-08 01:00:00+00:00,22.776,97.00874,22.276
170,2021-01-08 02:00:00+00:00,23.776,95.57538,23.026
171,2021-01-08 03:00:00+00:00,25.476,87.3887,23.226
172,2021-01-08 04:00:00+00:00,26.825998,79.957436,23.075998
173,2021-01-08 05:00:00+00:00,27.626,79.34457,23.726
174,2021-01-08 06:00:00+00:00,28.376,77.56435,24.075998
175,2021-01-08 07:00:00+00:00,27.126,80.48149,23.476
176,2021-01-08 08:00:00+00:00,28.175999,79.181816,24.226
177,2021-01-08 09:00:00+00:00,27.075998,80.47497,23.425999
178,2021-01-08 10:00:00+00:00,26.876,84.16753,23.976
179,2021-01-08 11:00:00+00:00,25.776,88.4746,23.726
180,2021-01-08 12:00:00+00:00,25.075998,88.41777,23.026
181,2021-01-08 13:00:00+00:00,24.575998,90.273254,22.876
182,2021-01-08 14:00:00+00:00,24.325998,91.357315,22.825998
183,2021-01-08 15:00:00+00:00,24.175999,91.9037,22.776
184,2021-01-08 16:00:00+00:00,24.026,92.45417,22.726
185,2021-01-08 17:00:00+00:00,23.825998,93.288864,22.675999
186,2021-01-08 18:00:00+00:00,23.226,94.97836,22.376
187,2021-01-08 19:00:00+00:00,23.175999,94.40035,22.226
188,2021-01-08 20:00:00+00:00,23.026,95.260574,22.226
189,2021-01-08 21:00:00+00:00,22.626,96.710304,22.075998
190,2021-01-08 22:00:00+00:00,22.226,97.88914,21.876
191,2021-01-08 23:00:00+00:00,22.075998,98.18625,21.776
192,2021-01-09 00:00:00+00:00,22.675999,97.3023,22.226
193,2021-01-09 01:00:00+00:00,22.825998,96.12822,22.175999
194,2021-01-09 02:00:00+00:00,23.776,92.44055,22.476
195,2021-01-09 03:00:00+00:00,25.526,83.00614,22.425999
196,2021-01-09 04:00:00+00:00,26.776,71.86699,21.276
197,2021-01-09 05:00:00+00:00,27.476,68.3426,21.126
198,2021-01-09 06:00:00+00:00,27.876,65.94807,20.925999
199,2021-01-09 07:00:00+00:00,28.126,64.9937,20.925999
200,2021-01-09 08:00:00+00:00,27.675999,68.38151,21.325998
201,2021-01-09 09:00:00+00:00,27.925999,67.184235,21.276
202,2021-01-09 10:00:00+00:00,27.425999,71.54422,21.825998
203,2021-01-09 11:00:00+00:00,26.626,75.21517,21.876
204,2021-01-09 12:00:00+00:00,25.325998,82.730736,22.175999
205,2021-01-09 13:00:00+00:00,24.626,87.57928,22.425999
206,2021-01-09 14:00:00+00:00,24.026,91.3387,22.526
207,2021-01-09 15:00:00+00:00,24.126,91.62247,22.675999
208,2021-01-09 16:00:00+00:00,23.925999,92.44873,22.626
209,2021-01-09 17:00:00+00:00,23.526,94.41465,22.575998
210,2021-01-09 18:00:00+00:00,23.126,95.84508,22.425999
211,2021-01-09 19:00:00+00:00,22.626,96.710304,22.075998
212,2021-01-09 20:00:00+00:00,22.075998,97.5881,21.675999
213,2021-01-09 21:00:00+00:00,21.825998,97.583595,21.425999
214,2021-01-09 22:00:00+00:00,21.776,97.28415,21.325998
215,2021-01-09 23:00:00+00:00,22.026,96.69564,21.476
216,2021-01-10 00:00:00+00:00,22.376,97.59349,21.976
217,2021-01-10 01:00:00+00:00,22.325998,97.59259,21.925999
218,2021-01-10 02:00:00+00:00,23.825998,93.006256,22.626
219,2021-01-10 03:00:00+00:00,25.626,85.31414,22.976
220,2021-01-10 04:00:00+00:00,27.026,76.20027,22.476
221,2021-01-10 05:00:00+00:00,27.675999,72.908356,22.376
222,2021-01-10 06:00:00+00:00,28.126,70.37362,22.226
223,2021-01-10 07:00:00+00:00,28.075998,71.66027,22.476
224,2021-01-10 08:00:00+00:00,28.476,70.22451,22.526
225,2021-01-10 09:00:00+00:00,27.526,72.440056,22.126
226,2021-01-10 10:00:00+00:00,26.876,74.57025,21.976
227,2021-01-10 11:00:00+00:00,26.075998,79.13122,22.175999
228,2021-01-10 12:00:00+00:00,25.825998,83.293,22.776
229,2021-01-10 13:00:00+00:00,24.925999,88.1381,22.825998
230,2021-01-10 14:00:00+00:00,24.726,89.19677,22.825998
231,2021-01-10 15:00:00+00:00,24.126,91.90079,22.726
232,2021-01-10 16:00:00+00:00,23.626,94.41871,22.675999
233,2021-01-10 17:00:00+00:00,23.075998,95.84356,22.376
234,2021-01-10 18:00:00+00:00,22.276,97.294235,21.825998
235,2021-01-10 19:00:00+00:00,21.626,98.48141,21.376
236,2021-01-10 20:00:00+00:00,21.425999,99.08504,21.276
237,2021-01-10 21:00:00+00:00,21.226,99.693726,21.175999
238,2021-01-10 22:00:00+00:00,21.175999,100.0,21.175999
239,2021-01-10 23:00:00+00:00,20.976,100.0,20.976
240,2021-01-11 00:00:00+00:00,21.776,100.0,21.776
241,2021-01-11 01:00:00+00:00,22.226,100.0,22.226
242,2021-01-11 02:00:00+00:00,22.675999,98.79305,22.476
243,2021-01-11 03:00:00+00:00,24.175999,92.18264,22.825998
244,2021-01-11 04:00:00+00:00,25.675999,84.804306,22.925999
245,2021-01-11 05:00:00+00:00,27.175999,75.30312,22.425999
246,2021-01-11 06:00:00+00:00,28.276,68.91685,22.026
247,2021-01-11 07:00:00+00:00,28.626,66.710144,21.825998
248,2021-01-11 08:00:00+00:00,28.675999,65.508286,21.575998
249,2021-01-11 09:00:00+00:00,28.075998,67.00861,21.376
250,2021-01-11 10:00:00+00:00,26.925999,73.00184,21.675999
251,2021-01-11 11:00:00+00:00,26.276,77.018684,21.925999
252,2021-01-11 12:00:00+00:00,26.075998,77.93449,21.925999
253,2021-01-11 13:00:00+00:00,24.226,89.70223,22.425999
254,2021-01-11 14:00:00+00:00,23.126,95.55418,22.376
255,2021-01-11 15:00:00+00:00,22.325998,97.29526,21.876
256,2021-01-11 16:00:00+00:00,22.075998,97.88678,21.726
257,2021-01-11 17:00:00+00:00,21.425999,98.78168,21.226
258,2021-01-11 18:00:00+00:00,21.726,99.39057,21.626
259,2021-01-11 19:00:00+00:00,21.425999,100.0,21.425999
260,2021-01-11 20:00:00+00:00,21.226,100.0,21.226
261,2021-01-11 21:00:00+00:00,21.626,100.0,21.626
262,2021-01-11 22:00:00+00:00,21.876,100.0,21.876
263,2021-01-11 23:00:00+00:00,21.876,99.69521,21.825998
264,2021-01-12 00:00:00+00:00,21.675999,100.0,21.675999
265,2021-01-12 01:00:00+00:00,22.026,100.0,22.026
266,2021-01-12 02:00:00+00:00,22.526,99.092545,22.376
267,2021-01-12 03:00:00+00:00,24.026,91.616455,22.575998
268,2021-01-12 04:00:00+00:00,26.226,76.07605,21.675999
269,2021-01-12 05:00:00+00:00,27.276,68.936066,21.075998
270,2021-01-12 06:00:00+00:00,27.976,65.56444,20.925999
271,2021-01-12 07:00:00+00:00,28.075998,66.19192,21.175999
272,2021-01-12 08:00:00+00:00,28.126,65.99936,21.175999
273,2021-01-12 09:00:00+00:00,27.925999,65.15202,20.776
274,2021-01-12 10:00:00+00:00,27.575998,65.886406,20.626
275,2021-01-12 11:00:00+00:00,26.825998,68.42644,20.526
276,2021-01-12 12:00:00+00:00,25.476,75.95877,20.925999
277,2021-01-12 13:00:00+00:00,23.075998,88.25307,21.026
278,2021-01-12 14:00:00+00:00,21.925999,93.4826,20.825998
279,2021-01-12 15:00:00+00:00,21.726,94.3405,20.776
280,2021-01-12 16:00:00+00:00,21.726,94.92271,20.876
281,2021-01-12 17:00:00+00:00,21.626,95.21145,20.825998
282,2021-01-12 18:00:00+00:00,20.876,95.18482,20.075998
283,2021-01-12 19:00:00+00:00,20.425999,96.35695,19.825998
284,2021-01-12 20:00:00+00:00,20.226,97.2525,19.776
285,2021-01-12 21:00:00+00:00,20.425999,97.86049,20.075998
286,2021-01-12 22:00:00+00:00,20.476,98.468216,20.226
287,2021-01-12 23:00:00+00:00,20.476,98.77292,20.276
288,2021-01-13 00:00:00+00:00,20.675999,99.38572,20.575998
289,2021-01-13 01:00:00+00:00,20.825998,99.08088,20.675999
290,2021-01-13 02:00:00+00:00,21.925999,96.102356,21.276
291,2021-01-13 03:00:00+00:00,24.026,88.062706,21.925999
292,2021-01-13 04:00:00+00:00,26.175999,76.76885,21.776
293,2021-01-13 05:00:00+00:00,27.425999,67.70599,20.925999
294,2021-01-13 06:00:00+00:00,27.876,62.96812,20.175999
295,2021-01-13 07:00:00+00:00,28.325998,59.0998,19.575998
296,2021-01-13 08:00:00+00:00,28.526,58.05489,19.476
297,2021-01-13 09:00:00+00:00,28.276,59.826454,19.726
298,2021-01-13 10:00:00+00:00,27.976,60.692604,19.675999
299,2021-01-13 11:00:00+00:00,27.126,64.58312,19.876
300,2021-01-13 12:00:00+00:00,25.876,73.72276,20.825998
301,2021-01-13 13:00:00+00:00,23.776,84.0854,20.925999
302,2021-01-13 14:00:00+00:00,22.825998,89.59904,21.026
303,2021-01-13 15:00:00+00:00,22.325998,92.360756,21.026
304,2021-01-13 16:00:00+00:00,21.675999,94.33843,20.726
305,2021-01-13 17:00:00+00:00,21.276,95.19905,20.476
306,2021-01-13 18:00:00+00:00,21.226,94.6114,20.325998
307,2021-01-13 19:00:00+00:00,20.976,94.894516,20.126
308,2021-01-13 20:00:00+00:00,20.476,96.06015,19.825998
309,2021-01-13 21:00:00+00:00,20.126,96.94907,19.626
310,2021-01-13 22:00:00+00:00,19.925999,96.944496,19.425999
311,2021-01-13 23:00:00+00:00,19.876,97.85161,19.526
312,2021-01-14 00:00:00+00:00,20.976,99.69313,20.925999
313,2021-01-14 01:00:00+00:00,21.425999,99.3892,21.325998
314,2021-01-14 02:00:00+00:00,22.476,96.412025,21.876
315,2021-01-14 03:00:00+00:00,24.276,89.16229,22.376
316,2021-01-14 04:00:00+00:00,26.325998,77.497246,22.075998
317,2021-01-14 05:00:00+00:00,27.425999,68.75362,21.175999
318,2021-01-14 06:00:00+00:00,28.026,64.97275,20.825998
319,2021-01-14 07:00:00+00:00,28.226,64.02286,20.776
320,2021-01-14 08:00:00+00:00,28.675999,61.987392,20.675999
321,2021-01-14 09:00:00+00:00,28.276,62.4746,20.425999
322,2021-01-14 10:00:00+00:00,27.675999,65.70435,20.675999
323,2021-01-14 11:00:00+00:00,26.825998,70.78192,21.075998
324,2021-01-14 12:00:00+00:00,25.675999,78.11478,21.575998
325,2021-01-14 13:00:00+00:00,23.376,89.63976,21.575998
326,2021-01-14 14:00:00+00:00,22.575998,93.51349,21.476
327,2021-01-14 15:00:00+00:00,21.976,94.641075,21.075998
328,2021-01-14 16:00:00+00:00,21.325998,95.78948,20.626
329,2021-01-14 17:00:00+00:00,21.276,95.78789,20.575998
330,2021-01-14 18:00:00+00:00,21.675999,95.213234,20.876
331,2021-01-14 19:00:00+00:00,21.976,94.641075,21.075998
332,2021-01-14 20:00:00+00:00,21.776,95.21677,20.976
333,2021-01-14 21:00:00+00:00,21.325998,97.87491,20.976
334,2021-01-14 22:00:00+00:00,19.776,100.0,19.776
335,2021-01-14 23:00:00+00:00,20.425999,100.0,20.425999
336,2021-01-15 00:00:00+00:00,20.175999,100.0,20.175999
337,2021-01-15 01:00:00+00:00,19.976,100.0,19.976
338,2021-01-15 02:00:00+00:00,20.325998,98.16227,20.026
339,2021-01-15 03:00:00+00:00,22.026,96.99203,21.526
340,2021-01-15 04:00:00+00:00,24.376,86.49671,21.976
341,2021-01-15 05:00:00+00:00,27.075998,72.36142,21.675999
342,2021-01-15 06:00:00+00:00,27.825998,67.16425,21.175999
343,2021-01-15 07:00:00+00:00,28.476,63.87964,20.976
344,2021-01-15 08:00:00+00:00,28.226,62.656677,20.425999
345,2021-01-15 09:00:00+00:00,27.675999,64.50007,20.376
346,2021-01-15 10:00:00+00:00,27.526,65.26946,20.425999
347,2021-01-15 11:00:00+00:00,26.876,68.01546,20.476
348,2021-01-15 12:00:00+00:00,25.626,75.516975,20.976
349,2021-01-15 13:00:00+00:00,23.226,88.808586,21.276
350,2021-01-15 14:00:00+00:00,22.175999,94.64896,21.276
351,2021-01-15 15:00:00+00:00,21.376,96.382614,20.776
352,2021-01-15 16:00:00+00:00,20.825998,96.96501,20.325998
353,2021-01-15 17:00:00+00:00,20.626,96.96046,20.126
354,2021-01-15 18:00:00+00:00,20.825998,96.96501,20.325998
355,2021-01-15 19:00:00+00:00,21.726,95.801926,21.026
356,2021-01-15 20:00:00+00:00,21.876,96.69195,21.325998
357,2021-01-15 21:00:00+00:00,19.325998,100.0,19.325998
358,2021-01-15 22:00:00+00:00,19.126,100.0,19.126
359,2021-01-15 23:00:00+00:00,19.476,100.0,19.476
360,2021-01-16 00:00:00+00:00,19.726,99.690216,19.675999
361,2021-01-16 01:00:00+00:00,19.675999,99.69011,19.626
362,2021-01-16 02:00:00+00:00,20.276,98.465904,20.026
363,2021-01-16 03:00:00+00:00,21.776,96.986435,21.276
364,2021-01-16 04:00:00+00:00,24.026,88.062706,21.925999
365,2021-01-16 05:00:00+00:00,26.476,72.70098,21.175999
366,2021-01-16 06:00:00+00:00,27.675999,64.50007,20.376
367,2021-01-16 07:00:00+00:00,28.325998,59.467876,19.675999
368,2021-01-16 08:00:00+00:00,28.526,57.337093,19.276
369,2021-01-16 09:00:00+00:00,28.376,57.839108,19.276
370,2021-01-16 10:00:00+00:00,27.675999,63.315166,20.075998
371,2021-01-16 11:00:00+00:00,26.776,66.74668,20.075998
372,2021-01-16 12:00:00+00:00,25.626,75.28524,20.925999
373,2021-01-16 13:00:00+00:00,23.526,87.21516,21.276
374,2021-01-16 14:00:00+00:00,22.425999,93.79333,21.376
375,2021-01-16 15:00:00+00:00,21.626,94.62726,20.726
376,2021-01-16 16:00:00+00:00,20.925999,94.89264,20.075998
377,2021-01-16 17:00:00+00:00,20.626,94.58749,19.726
378,2021-01-16 18:00:00+00:00,20.376,95.16694,19.575998
379,2021-01-16 19:00:00+00:00,19.976,96.644745,19.425999
380,2021-01-16 20:00:00+00:00,19.126,100.0,19.126
381,2021-01-16 21:00:00+00:00,18.675999,100.0,18.675999
382,2021-01-16 22:00:00+00:00,18.526,100.0,18.526
383,2021-01-16 23:00:00+00:00,18.675999,100.0,18.675999
384,2021-01-17 00:00:00+00:00,19.226,100.0,19.226
385,2021-01-17 01:00:00+00:00,19.126,100.0,19.126
386,2021-01-17 02:00:00+00:00,19.575998,97.84676,19.226
387,2021-01-17 03:00:00+00:00,21.126,96.9718,20.626
388,2021-01-17 04:00:00+00:00,23.476,88.28626,21.425999
389,2021-01-17 05:00:00+00:00,26.175999,72.425705,20.825998
390,2021-01-17 06:00:00+00:00,27.325998,64.42581,20.026
391,2021-01-17 07:00:00+00:00,27.925999,59.560196,19.325998
392,2021-01-17 08:00:00+00:00,27.876,56.293137,18.376
393,2021-01-17 09:00:00+00:00,27.825998,53.688137,17.575998
394,2021-01-17 10:00:00+00:00,27.376,54.256706,17.325998
395,2021-01-17 11:00:00+00:00,26.425999,59.584705,17.925999
396,2021-01-17 12:00:00+00:00,25.226,68.539116,19.026
397,2021-01-17 13:00:00+00:00,22.976,79.930016,19.325998
398,2021-01-17 14:00:00+00:00,22.075998,86.545456,19.726
399,2021-01-17 15:00:00+00:00,21.425999,90.331154,19.776
400,2021-01-17 16:00:00+00:00,22.075998,86.00998,19.626
401,2021-01-17 17:00:00+00:00,21.925999,86.8003,19.626
402,2021-01-17 18:00:00+00:00,22.126,85.74832,19.626
403,2021-01-17 19:00:00+00:00,21.776,87.32723,19.575998
404,2021-01-17 20:00:00+00:00,23.175999,80.45527,19.626
405,2021-01-17 21:00:00+00:00,22.876,81.42181,19.526
406,2021-01-17 22:00:00+00:00,22.526,83.16891,19.526
407,2021-01-17 23:00:00+00:00,20.876,90.01193,19.175999
408,2021-01-18 00:00:00+00:00,19.776,98.15465,19.476
409,2021-01-18 01:00:00+00:00,20.026,98.76874,19.825998
410,2021-01-18 02:00:00+00:00,21.126,95.488075,20.376
411,2021-01-18 03:00:00+00:00,23.925999,82.31126,20.726
412,2021-01-18 04:00:00+00:00,25.726,72.34665,20.376
413,2021-01-18 05:00:00+00:00,26.925999,65.14401,19.825998
414,2021-01-18 06:00:00+00:00,27.626,62.138325,19.726
415,2021-01-18 07:00:00+00:00,28.026,59.398335,19.376
416,2021-01-18 08:00:00+00:00,27.675999,61.382736,19.575998
417,2021-01-18 09:00:00+00:00,27.526,62.309223,19.675999
418,2021-01-18 10:00:00+00:00,26.776,67.16079,20.175999
419,2021-01-18 11:00:00+00:00,26.325998,68.540634,20.075998
420,2021-01-18 12:00:00+00:00,25.675999,73.23617,20.526
421,2021-01-18 13:00:00+00:00,24.126,81.328476,20.726
422,2021-01-18 14:00:00+00:00,23.425999,85.61376,20.876
423,2021-01-18 15:00:00+00:00,22.526,90.96487,20.976
424,2021-01-18 16:00:00+00:00,21.876,93.480225,20.776
425,2021-01-18 17:00:00+00:00,21.876,93.480225,20.776
426,2021-01-18 18:00:00+00:00,21.526,94.62331,20.626
427,2021-01-18 19:00:00+00:00,20.776,96.36644,20.175999
428,2021-01-18 20:00:00+00:00,20.876,96.66723,20.325998
429,2021-01-18 21:00:00+00:00,20.925999,96.96727,20.425999
430,2021-01-18 22:00:00+00:00,20.726,98.47109,20.476
431,2021-01-18 23:00:00+00:00,20.726,99.08017,20.575998
432,2021-01-19 00:00:00+00:00,20.675999,100.0,20.675999
433,2021-01-19 01:00:00+00:00,20.726,100.0,20.726
434,2021-01-19 02:00:00+00:00,21.425999,97.277084,20.976
435,2021-01-19 03:00:00+00:00,23.126,90.172035,21.425999
436,2021-01-19 04:00:00+00:00,25.376,79.03384,21.476
437,2021-01-19 05:00:00+00:00,27.175999,66.00755,20.276
438,2021-01-19 06:00:00+00:00,28.026,61.081596,19.825998
439,2021-01-19 07:00:00+00:00,28.526,59.14635,19.776
440,2021-01-19 08:00:00+00:00,28.776,56.335617,19.226
441,2021-01-19 09:00:00+00:00,28.526,56.627106,19.075998
442,2021-01-19 10:00:00+00:00,28.026,59.02985,19.276
443,2021-01-19 11:00:00+00:00,27.276,62.25389,19.425999
444,2021-01-19 12:00:00+00:00,25.825998,69.9453,19.925999
445,2021-01-19 13:00:00+00:00,23.526,81.25227,20.126
446,2021-01-19 14:00:00+00:00,22.226,89.83102,20.476
447,2021-01-19 15:00:00+00:00,21.276,93.16302,20.126
448,2021-01-19 16:00:00+00:00,20.425999,94.286064,19.476
449,2021-01-19 17:00:00+00:00,20.526,93.41538,19.425999
450,2021-01-19 18:00:00+00:00,21.325998,92.01973,19.976
451,2021-01-19 19:00:00+00:00,21.776,92.04577,20.425999
452,2021-01-19 20:00:00+00:00,21.376,94.61735,20.476
453,2021-01-19 21:00:00+00:00,19.876,98.767334,19.675999
454,2021-01-19 22:00:00+00:00,18.626,100.0,18.626
455,2021-01-19 23:00:00+00:00,18.776,100.0,18.776
456,2021-01-20 00:00:00+00:00,18.776,100.0,18.776
457,2021-01-20 01:00:00+00:00,19.825998,99.38177,19.726
458,2021-01-20 02:00:00+00:00,21.075998,96.0777,20.425999
459,2021-01-20 03:00:00+00:00,23.726,85.64378,21.175999
460,2021-01-20 04:00:00+00:00,25.925999,75.56469,21.276
461,2021-01-20 05:00:00+00:00,27.476,66.47749,20.675999
462,2021-01-20 06:00:00+00:00,28.575998,63.31478,20.925999
463,2021-01-20 07:00:00+00:00,29.175999,56.7837,19.726
464,2021-01-20 08:00:00+00:00,29.575998,52.628387,18.876
465,2021-01-20 09:00:00+00:00,29.425999,52.26256,18.626
466,2021-01-20 10:00:00+00:00,29.075998,53.497192,18.675999
467,2021-01-20 11:00:00+00:00,28.075998,57.767822,18.976
468,2021-01-20 12:00:00+00:00,26.276,68.31911,19.976
469,2021-01-20 13:00:00+00:00,24.276,81.09764,20.825998
470,2021-01-20 14:00:00+00:00,23.175999,90.45198,21.526
471,2021-01-20 15:00:00+00:00,22.626,93.51585,21.526
472,2021-01-20 16:00:00+00:00,21.925999,94.63911,21.026
473,2021-01-20 17:00:00+00:00,21.575998,94.91709,20.726
474,2021-01-20 18:00:00+00:00,21.575998,95.797264,20.876
475,2021-01-20 19:00:00+00:00,22.726,94.95992,21.876
476,2021-01-20 20:00:00+00:00,22.476,96.70666,21.925999
477,2021-01-20 21:00:00+00:00,20.776,99.38619,20.675999
478,2021-01-20 22:00:00+00:00,20.276,100.0,20.276
479,2021-01-20 23:00:00+00:00,20.026,100.0,20.026
480,2021-01-21 00:00:00+00:00,20.476,100.0,20.476
481,2021-01-21 01:00:00+00:00,20.976,99.387115,20.876
482,2021-01-21 02:00:00+00:00,21.476,97.27807,21.026
483,2021-01-21 03:00:00+00:00,23.726,89.66556,21.925999
484,2021-01-21 04:00:00+00:00,26.376,77.74103,22.175999
485,2021-01-21 05:00:00+00:00,27.776,70.95529,22.026
486,2021-01-21 06:00:00+00:00,29.075998,64.99316,21.825998
487,2021-01-21 07:00:00+00:00,30.026,60.22678,21.476
488,2021-01-21 08:00:00+00:00,30.425999,57.965725,21.226
489,2021-01-21 09:00:00+00:00,30.325998,58.120277,21.175999
490,2021-01-21 10:00:00+00:00,29.526,61.418125,21.325998
491,2021-01-21 11:00:00+00:00,28.575998,61.965225,20.575998
492,2021-01-21 12:00:00+00:00,27.276,75.090645,22.476
493,2021-01-21 13:00:00+00:00,25.175999,88.42592,23.126
494,2021-01-21 14:00:00+00:00,24.175999,95.01317,23.325998
495,2021-01-21 15:00:00+00:00,23.726,96.15382,23.075998
496,2021-01-21 16:00:00+00:00,23.626,96.73456,23.075998
497,2021-01-21 17:00:00+00:00,22.776,98.1957,22.476
498,2021-01-21 18:00:00+00:00,22.726,98.19501,22.425999
499,2021-01-21 19:00:00+00:00,22.276,98.7894,22.075998
500,2021-01-21 20:00:00+00:00,22.126,99.695786,22.075998
501,2021-01-21 21:00:00+00:00,22.126,100.0,22.126
502,2021-01-21 22:00:00+00:00,22.626,99.69694,22.575998
503,2021-01-21 23:00:00+00:00,23.126,99.39695,23.026
504,2021-01-22 00:00:00+00:00,23.626,99.09999,23.476
505,2021-01-22 01:00:00+00:00,23.675999,99.100334,23.526
506,2021-01-22 02:00:00+00:00,24.276,95.59156,23.526
507,2021-01-22 03:00:00+00:00,25.376,87.11606,23.075998
508,2021-01-22 04:00:00+00:00,26.876,76.40904,22.376
509,2021-01-22 05:00:00+00:00,28.126,68.46878,21.776
510,2021-01-22 06:00:00+00:00,29.526,59.561024,20.825998
511,2021-01-22 07:00:00+00:00,30.175999,54.95045,20.126
512,2021-01-22 08:00:00+00:00,30.026,55.769493,20.226
513,2021-01-22 09:00:00+00:00,29.825998,57.64639,20.575998
514,2021-01-22 10:00:00+00:00,29.026,61.874447,20.976
515,2021-01-22 11:00:00+00:00,27.976,68.02232,21.526
516,2021-01-22 12:00:00+00:00,26.876,79.48188,23.026
517,2021-01-22 13:00:00+00:00,25.075998,89.764206,23.276
518,2021-01-22 14:00:00+00:00,24.276,93.87643,23.226
519,2021-01-22 15:00:00+00:00,23.726,93.28399,22.575998
520,2021-01-22 16:00:00+00:00,23.226,93.54413,22.126
521,2021-01-22 17:00:00+00:00,22.976,94.10479,21.976
522,2021-01-22 18:00:00+00:00,22.776,95.25186,21.976
523,2021-01-22 19:00:00+00:00,21.726,96.985306,21.226
524,2021-01-22 20:00:00+00:00,21.825998,97.28519,21.376
525,2021-01-22 21:00:00+00:00,21.175999,99.69361,21.126
526,2021-01-22 22:00:00+00:00,21.325998,99.69397,21.276
527,2021-01-22 23:00:00+00:00,20.876,100.0,20.925999
528,2021-01-23 00:00:00+00:00,21.226,100.0,21.226
529,2021-01-23 01:00:00+00:00,21.325998,100.0,21.325998
530,2021-01-23 02:00:00+00:00,23.075998,97.310295,22.626
531,2021-01-23 03:00:00+00:00,24.825998,87.06647,22.526
532,2021-01-23 04:00:00+00:00,26.376,76.332054,21.876
533,2021-01-23 05:00:00+00:00,27.876,66.35459,21.026
534,2021-01-23 06:00:00+00:00,29.175999,59.114456,20.376
535,2021-01-23 07:00:00+00:00,29.976,54.056854,19.675999
536,2021-01-23 08:00:00+00:00,29.925999,52.881176,19.276
537,2021-01-23 09:00:00+00:00,29.575998,55.144337,19.626
538,2021-01-23 10:00:00+00:00,28.976,56.208954,19.376
539,2021-01-23 11:00:00+00:00,28.026,58.84637,19.226
540,2021-01-23 12:00:00+00:00,26.876,71.445526,21.276
541,2021-01-23 13:00:00+00:00,24.575998,85.72843,22.026
542,2021-01-23 14:00:00+00:00,23.626,92.15159,22.276
543,2021-01-23 15:00:00+00:00,23.325998,93.264465,22.175999
544,2021-01-23 16:00:00+00:00,23.026,93.82044,21.976
545,2021-01-23 17:00:00+00:00,22.776,94.38392,21.825998
546,2021-01-23 18:00:00+00:00,22.726,94.95992,21.876
547,2021-01-23 19:00:00+00:00,22.325998,96.40804,21.726
548,2021-01-23 20:00:00+00:00,20.925999,99.081566,20.776
549,2021-01-23 21:00:00+00:00,20.226,100.0,20.226
550,2021-01-23 22:00:00+00:00,19.776,100.0,19.776
551,2021-01-23 23:00:00+00:00,19.776,100.0,19.776
552,2021-01-24 00:00:00+00:00,22.325998,99.09119,22.175999
553,2021-01-24 01:00:00+00:00,21.876,99.391266,21.776
554,2021-01-24 02:00:00+00:00,22.476,96.11817,21.825998
555,2021-01-24 03:00:00+00:00,23.575998,88.5651,21.575998
556,2021-01-24 04:00:00+00:00,25.026,78.50136,21.026
557,2021-01-24 05:00:00+00:00,26.876,68.01546,20.476
558,2021-01-24 06:00:00+00:00,28.476,57.683125,19.325998
559,2021-01-24 07:00:00+00:00,29.526,50.675827,18.226
560,2021-01-24 08:00:00+00:00,30.175999,45.98091,17.276
561,2021-01-24 09:00:00+00:00,30.276,44.8581,16.976
562,2021-01-24 10:00:00+00:00,29.575998,47.445026,17.226
563,2021-01-24 11:00:00+00:00,28.476,52.349205,17.776
564,2021-01-24 12:00:00+00:00,26.675999,62.509754,18.925999
565,2021-01-24 13:00:00+00:00,24.325998,81.10406,20.876
566,2021-01-24 14:00:00+00:00,23.376,89.092865,21.476
567,2021-01-24 15:00:00+00:00,22.376,92.932236,21.175999
568,2021-01-24 16:00:00+00:00,21.226,94.028694,20.226
569,2021-01-24 17:00:00+00:00,20.876,93.7224,19.825998
570,2021-01-24 18:00:00+00:00,20.276,95.163376,19.476
571,2021-01-24 19:00:00+00:00,19.876,96.64224,19.325998
572,2021-01-24 20:00:00+00:00,19.425999,98.763145,19.226
573,2021-01-24 21:00:00+00:00,19.075998,100.0,19.075998
574,2021-01-24 22:00:00+00:00,19.075998,100.0,19.075998
575,2021-01-24 23:00:00+00:00,18.976,99.99999,18.976
576,2021-01-25 00:00:00+00:00,19.175999,100.0,19.175999
577,2021-01-25 01:00:00+00:00,19.026,100.0,19.026
578,2021-01-25 02:00:00+00:00,21.325998,96.6784,20.776
579,2021-01-25 03:00:00+00:00,24.075998,85.678734,21.526
580,2021-01-25 04:00:00+00:00,26.276,74.24398,21.325998
581,2021-01-25 05:00:00+00:00,27.825998,61.416443,19.726
582,2021-01-25 06:00:00+00:00,29.075998,51.360943,18.026
583,2021-01-25 07:00:00+00:00,29.925999,44.62157,16.575998
584,2021-01-25 08:00:00+00:00,30.226,41.41286,15.676
585,2021-01-25 09:00:00+00:00,30.226,41.148582,15.576
586,2021-01-25 10:00:00+00:00,29.425999,44.48609,16.075998
587,2021-01-25 11:00:00+00:00,28.425999,48.818314,16.626
588,2021-01-25 12:00:00+00:00,26.825998,59.677658,18.325998
589,2021-01-25 13:00:00+00:00,24.376,79.38155,20.575998
590,2021-01-25 14:00:00+00:00,23.476,89.64713,21.675999
591,2021-01-25 15:00:00+00:00,23.026,91.27623,21.526
592,2021-01-25 16:00:00+00:00,22.575998,91.80974,21.175999
593,2021-01-25 17:00:00+00:00,21.726,93.18547,20.575998
594,2021-01-25 18:00:00+00:00,20.876,93.7224,19.825998
595,2021-01-25 19:00:00+00:00,21.075998,92.005196,19.726
596,2021-01-25 20:00:00+00:00,22.626,86.33028,20.226
597,2021-01-25 21:00:00+00:00,22.075998,88.44267,20.075998
598,2021-01-25 22:00:00+00:00,18.325998,99.68692,18.276
599,2021-01-25 23:00:00+00:00,18.175999,100.0,18.175999
600,2021-01-26 00:00:00+00:00,18.476,100.0,18.476
601,2021-01-26 01:00:00+00:00,18.876,99.99999,18.876
602,2021-01-26 02:00:00+00:00,20.876,97.26584,20.425999
603,2021-01-26 03:00:00+00:00,23.726,85.64378,21.175999
604,2021-01-26 04:00:00+00:00,25.925999,71.054146,20.276
605,2021-01-26 05:00:00+00:00,27.575998,60.038025,19.126
606,2021-01-26 06:00:00+00:00,28.925999,51.971836,18.075998
607,2021-01-26 07:00:00+00:00,30.075998,46.245632,17.276
608,2021-01-26 08:00:00+00:00,30.675999,43.2899,16.776
609,2021-01-26 09:00:00+00:00,30.325998,44.30637,16.825998
610,2021-01-26 10:00:00+00:00,29.325998,47.67958,17.075998
611,2021-01-26 11:00:00+00:00,27.976,52.386925,17.325998
612,2021-01-26 12:00:00+00:00,26.226,61.826187,18.325998
613,2021-01-26 13:00:00+00:00,24.226,72.985954,19.075998
614,2021-01-26 14:00:00+00:00,23.325998,78.5004,19.376
615,2021-01-26 15:00:00+00:00,22.376,84.97924,19.726
616,2021-01-26 16:00:00+00:00,21.425999,90.89288,19.876
617,2021-01-26 17:00:00+00:00,21.276,91.44835,19.825998
618,2021-01-26 18:00:00+00:00,20.925999,92.5694,19.675999
619,2021-01-26 19:00:00+00:00,20.776,94.59349,19.876
620,2021-01-26 20:00:00+00:00,20.075998,96.647255,19.526
621,2021-01-26 21:00:00+00:00,19.825998,97.54711,19.425999
622,2021-01-26 22:00:00+00:00,19.526,97.54157,19.126
623,2021-01-26 23:00:00+00:00,18.876,97.835335,18.526
624,2021-01-27 00:00:00+00:00,18.476,99.06435,18.325998
625,2021-01-27 01:00:00+00:00,18.675999,98.44721,18.425999
626,2021-01-27 02:00:00+00:00,20.876,93.43229,19.776
627,2021-01-27 03:00:00+00:00,23.476,81.49759,20.126
628,2021-01-27 04:00:00+00:00,25.626,70.99932,19.976
629,2021-01-27 05:00:00+00:00,27.325998,61.878998,19.376
630,2021-01-27 06:00:00+00:00,28.726,54.763763,18.726
631,2021-01-27 07:00:00+00:00,29.776,49.794727,18.175999
632,2021-01-27 08:00:00+00:00,29.675999,50.239685,18.226
633,2021-01-27 09:00:00+00:00,28.876,52.78113,18.276
634,2021-01-27 10:00:00+00:00,28.026,56.68324,18.626
635,2021-01-27 11:00:00+00:00,27.126,61.450176,19.075998
636,2021-01-27 12:00:00+00:00,26.325998,66.03714,19.476
637,2021-01-27 13:00:00+00:00,24.575998,74.65168,19.776
638,2021-01-27 14:00:00+00:00,23.776,79.2985,19.976
639,2021-01-27 15:00:00+00:00,23.325998,82.74862,20.226
640,2021-01-27 16:00:00+00:00,22.526,87.39428,20.325998
641,2021-01-27 17:00:00+00:00,21.626,91.18764,20.126
642,2021-01-27 18:00:00+00:00,21.226,92.299385,19.925999
643,2021-01-27 19:00:00+00:00,21.376,91.17168,19.876
644,2021-01-27 20:00:00+00:00,22.776,86.344666,20.376
645,2021-01-27 21:00:00+00:00,21.325998,91.168495,19.825998
646,2021-01-27 22:00:00+00:00,19.526,96.93532,19.026
647,2021-01-27 23:00:00+00:00,19.075998,98.75986,18.876
648,2021-01-28 00:00:00+00:00,19.476,100.0,19.476
649,2021-01-28 01:00:00+00:00,19.476,100.0,19.476
650,2021-01-28 02:00:00+00:00,21.126,94.90018,20.276
651,2021-01-28 03:00:00+00:00,24.175999,82.08873,20.925999
652,2021-01-28 04:00:00+00:00,26.276,72.88979,21.026
653,2021-01-28 05:00:00+00:00,27.425999,65.248604,20.325998
654,2021-01-28 06:00:00+00:00,28.575998,58.792244,19.726
655,2021-01-28 07:00:00+00:00,29.226,54.8872,19.226
656,2021-01-28 08:00:00+00:00,29.226,54.376568,19.075998
657,2021-01-28 09:00:00+00:00,29.075998,54.679474,19.026
658,2021-01-28 10:00:00+00:00,28.675999,57.01716,19.325998
659,2021-01-28 11:00:00+00:00,27.776,61.596016,19.726
660,2021-01-28 12:00:00+00:00,26.675999,67.55728,20.175999
661,2021-01-28 13:00:00+00:00,24.925999,76.81411,20.575998
662,2021-01-28 14:00:00+00:00,24.026,83.59809,21.075998
663,2021-01-28 15:00:00+00:00,23.376,88.27798,21.325998
664,2021-01-28 16:00:00+00:00,22.976,91.273094,21.476
665,2021-01-28 17:00:00+00:00,22.626,92.66084,21.376
666,2021-01-28 18:00:00+00:00,21.925999,94.059296,20.925999
667,2021-01-28 19:00:00+00:00,21.626,92.893486,20.425999
668,2021-01-28 20:00:00+00:00,21.325998,91.7352,19.925999
669,2021-01-28 21:00:00+00:00,22.575998,85.79319,20.075998
670,2021-01-28 22:00:00+00:00,22.825998,85.5534,20.276
671,2021-01-28 23:00:00+00:00,20.325998,96.65353,19.776
672,2021-01-29 00:00:00+00:00,20.976,99.081894,20.825998
673,2021-01-29 01:00:00+00:00,20.376,99.69174,20.325998
674,2021-01-29 02:00:00+00:00,22.075998,95.81278,21.376
675,2021-01-29 03:00:00+00:00,24.776,82.16173,21.526
676,2021-01-29 04:00:00+00:00,26.825998,70.34845,20.976
677,2021-01-29 05:00:00+00:00,28.376,60.221493,19.925999
678,2021-01-29 06:00:00+00:00,29.476,53.59738,19.075998
679,2021-01-29 07:00:00+00:00,29.925999,51.097553,18.726
680,2021-01-29 08:00:00+00:00,29.876,51.244656,18.726
681,2021-01-29 09:00:00+00:00,29.425999,55.107517,19.476
682,2021-01-29 10:00:00+00:00,28.776,57.57535,19.575998
683,2021-01-29 11:00:00+00:00,27.925999,61.43887,19.825998
684,2021-01-29 12:00:00+00:00,26.726,69.68371,20.726
685,2021-01-29 13:00:00+00:00,24.776,78.949844,20.876
686,2021-01-29 14:00:00+00:00,23.825998,84.34963,21.026
687,2021-01-29 15:00:00+00:00,23.325998,86.929794,21.026
688,2021-01-29 16:00:00+00:00,22.925999,88.51228,20.925999
689,2021-01-29 17:00:00+00:00,22.376,91.51619,20.925999
690,2021-01-29 18:00:00+00:00,21.626,93.46829,20.526
691,2021-01-29 19:00:00+00:00,21.675999,92.03999,20.325998
692,2021-01-29 20:00:00+00:00,22.675999,89.86374,20.925999
693,2021-01-29 21:00:00+00:00,22.276,91.79193,20.876
694,2021-01-29 22:00:00+00:00,21.925999,93.4826,20.825998
695,2021-01-29 23:00:00+00:00,20.276,98.16158,19.976
696,2021-01-30 00:00:00+00:00,19.675999,100.0,19.675999
697,2021-01-30 01:00:00+00:00,19.476,100.0,19.476
698,2021-01-30 02:00:00+00:00,21.376,96.97743,20.876
699,2021-01-30 03:00:00+00:00,24.575998,83.40451,21.575998
700,2021-01-30 04:00:00+00:00,26.976,69.090645,20.825998
701,2021-01-30 05:00:00+00:00,28.626,59.169594,19.876
702,2021-01-30 06:00:00+00:00,29.726,53.32687,19.226
703,2021-01-30 07:00:00+00:00,29.976,53.223804,19.425999
704,2021-01-30 08:00:00+00:00,30.126,53.096233,19.526
705,2021-01-30 09:00:00+00:00,29.675999,54.488045,19.526
706,2021-01-30 10:00:00+00:00,28.925999,57.432568,19.675999
707,2021-01-30 11:00:00+00:00,27.976,61.64073,19.925999
708,2021-01-30 12:00:00+00:00,27.075998,68.897644,20.876
709,2021-01-30 13:00:00+00:00,25.376,78.31096,21.325998
710,2021-01-30 14:00:00+00:00,24.276,85.69863,21.726
711,2021-01-30 15:00:00+00:00,23.526,90.75236,21.925999
712,2021-01-30 16:00:00+00:00,23.126,92.97066,21.925999
713,2021-01-30 17:00:00+00:00,22.976,93.8182,21.925999
714,2021-01-30 18:00:00+00:00,22.526,94.66268,21.626
715,2021-01-30 19:00:00+00:00,21.526,96.38665,20.925999
716,2021-01-30 20:00:00+00:00,21.026,96.373184,20.425999
717,2021-01-30 21:00:00+00:00,20.976,96.07477,20.325998
718,2021-01-30 22:00:00+00:00,21.526,95.20792,20.726
719,2021-01-30 23:00:00+00:00,20.476,97.55905,20.075998
720,2021-01-31 00:00:00+00:00,19.925999,100.0,19.925999
721,2021-01-31 01:00:00+00:00,19.675999,100.0,19.675999
722,2021-01-31 02:00:00+00:00,21.726,97.58178,21.325998
723,2021-01-31 03:00:00+00:00,23.675999,91.87451,22.276
724,2021-01-31 04:00:00+00:00,26.526,76.588264,22.075998
725,2021-01-31 05:00:00+00:00,28.325998,63.651386,20.776
726,2021-01-31 06:00:00+00:00,29.776,53.50566,19.325998
727,2021-01-31 07:00:00+00:00,30.226,49.29055,18.425999
728,2021-01-31 08:00:00+00:00,30.126,50.04208,18.575998
729,2021-01-31 09:00:00+00:00,29.776,52.18827,18.925999
730,2021-01-31 10:00:00+00:00,29.226,53.70222,18.876
731,2021-01-31 11:00:00+00:00,28.325998,58.36965,19.376
732,2021-01-31 12:00:00+00:00,26.876,68.01546,20.476
733,2021-01-31 13:00:00+00:00,24.626,83.15549,21.575998
734,2021-01-31 14:00:00+00:00,23.575998,91.5893,22.126
735,2021-01-31 15:00:00+00:00,23.126,93.82494,22.075998
736,2021-01-31 16:00:00+00:00,22.876,93.52765,21.776
737,2021-01-31 17:00:00+00:00,22.476,93.79557,21.425999
738,2021-01-31 18:00:00+00:00,21.976,94.06149,20.976
739,2021-01-31 19:00:00+00:00,21.626,94.62726,20.726
740,2021-01-31 20:00:00+00:00,20.675999,95.76912,19.976
741,2021-01-31 21:00:00+00:00,22.776,92.103226,21.425999
742,2021-01-31 22:00:00+00:00,22.276,95.23436,21.476
743,2021-01-31 23:00:00+00:00,19.825998,100.0,19.825998
744,2021-02-01 00:00:00+00:00,20.726,100.0,20.726
745,2021-02-01 01:00:00+00:00,20.526,100.0,20.526
746,2021-02-01 02:00:00+00:00,21.626,97.879654,21.276
747,2021-02-01 03:00:00+00:00,24.075998,88.875854,22.126
748,2021-02-01 04:00:00+00:00,26.575998,72.94158,21.325998
749,2021-02-01 05:00:00+00:00,27.876,67.17423,21.226
750,2021-02-01 06:00:00+00:00,28.626,58.80392,19.776
751,2021-02-01 07:00:00+00:00,29.376,53.405445,18.925999
752,2021-02-01 08:00:00+00:00,29.526,52.615723,18.825998
753,2021-02-01 09:00:00+00:00,29.276,53.714718,18.925999
754,2021-02-01 10:00:00+00:00,28.675999,57.372936,19.425999
755,2021-02-01 11:00:00+00:00,27.675999,62.924477,19.976
756,2021-02-01 12:00:00+00:00,26.575998,65.67971,19.626
757,2021-02-01 13:00:00+00:00,24.626,78.92877,20.726
758,2021-02-01 14:00:00+00:00,23.876,85.92163,21.376
759,2021-02-01 15:00:00+00:00,23.526,88.56105,21.526
760,2021-02-01 16:00:00+00:00,23.276,89.90712,21.526
761,2021-02-01 17:00:00+00:00,22.825998,92.38842,21.526
762,2021-02-01 18:00:00+00:00,22.075998,93.48977,20.976
763,2021-02-01 19:00:00+00:00,21.825998,93.76601,20.776
764,2021-02-01 20:00:00+00:00,22.175999,92.636795,20.925999
765,2021-02-01 21:00:00+00:00,23.126,90.172035,21.425999
766,2021-02-01 22:00:00+00:00,22.776,92.103226,21.425999
767,2021-02-01 23:00:00+00:00,20.626,97.5618,20.226
768,2021-02-02 00:00:00+00:00,21.276,97.273994,20.825998
769,2021-02-02 01:00:00+00:00,21.476,96.385315,20.876
770,2021-02-02 02:00:00+00:00,22.175999,93.78196,21.126
771,2021-02-02 03:00:00+00:00,24.325998,82.61259,21.175999
772,2021-02-02 04:00:00+00:00,26.075998,76.05268,21.526
773,2021-02-02 05:00:00+00:00,27.425999,68.54296,21.126
774,2021-02-02 06:00:00+00:00,28.226,59.814934,19.675999
775,2021-02-02 07:00:00+00:00,28.575998,57.886566,19.476
776,2021-02-02 08:00:00+00:00,28.575998,57.17085,19.276
777,2021-02-02 09:00:00+00:00,28.126,59.05319,19.376
778,2021-02-02 10:00:00+00:00,27.526,61.92356,19.575998
779,2021-02-02 11:00:00+00:00,26.976,65.35663,19.925999
780,2021-02-02 12:00:00+00:00,26.075998,72.63138,20.776
781,2021-02-02 13:00:00+00:00,24.925999,79.45731,21.126
782,2021-02-02 14:00:00+00:00,24.226,83.62062,21.276
783,2021-02-02 15:00:00+00:00,23.675999,86.69582,21.325998
784,2021-02-02 16:00:00+00:00,23.276,88.26969,21.226
785,2021-02-02 17:00:00+00:00,22.726,90.421104,21.075998
786,2021-02-02 18:00:00+00:00,22.425999,90.67903,20.825998
787,2021-02-02 19:00:00+00:00,23.425999,86.141716,20.976
788,2021-02-02 20:00:00+00:00,23.026,88.520424,21.026
789,2021-02-02 21:00:00+00:00,22.675999,90.69578,21.075998
790,2021-02-02 22:00:00+00:00,22.376,92.6475,21.126
791,2021-02-02 23:00:00+00:00,21.575998,95.20969,20.776
792,2021-02-03 00:00:00+00:00,19.925999,99.690704,19.876
793,2021-02-03 01:00:00+00:00,20.026,100.0,20.026
794,2021-02-03 02:00:00+00:00,22.075998,95.51966,21.325998
795,2021-02-03 03:00:00+00:00,25.075998,78.26779,21.026
796,2021-02-03 04:00:00+00:00,26.925999,62.176247,19.075998
797,2021-02-03 05:00:00+00:00,28.026,54.762016,18.075998
798,2021-02-03 06:00:00+00:00,28.726,51.432724,17.726
799,2021-02-03 07:00:00+00:00,29.075998,48.83481,17.226
800,2021-02-03 08:00:00+00:00,28.976,47.889503,16.825998
801,2021-02-03 09:00:00+00:00,28.675999,47.96205,16.575998
802,2021-02-03 10:00:00+00:00,27.976,50.433544,16.726
803,2021-02-03 11:00:00+00:00,27.026,55.207336,17.276
804,2021-02-03 12:00:00+00:00,25.925999,63.527424,18.476
805,2021-02-03 13:00:00+00:00,23.825998,74.99393,19.126
806,2021-02-03 14:00:00+00:00,22.776,81.91673,19.526
807,2021-02-03 15:00:00+00:00,21.675999,88.13573,19.626
808,2021-02-03 16:00:00+00:00,21.226,90.59805,19.626
809,2021-02-03 17:00:00+00:00,21.376,90.32767,19.726
810,2021-02-03 18:00:00+00:00,20.425999,92.25431,19.126
811,2021-02-03 19:00:00+00:00,20.825998,88.892525,18.925999
812,2021-02-03 20:00:00+00:00,22.026,85.207054,19.425999
813,2021-02-03 21:00:00+00:00,20.476,91.39852,19.026
814,2021-02-03 22:00:00+00:00,18.175999,98.441315,17.925999
815,2021-02-03 23:00:00+00:00,17.925999,99.99999,17.925999
816,2021-02-04 00:00:00+00:00,18.226,100.0,18.226
817,2021-02-04 01:00:00+00:00,18.726,99.68785,18.675999
818,2021-02-04 02:00:00+00:00,20.575998,96.65978,20.026
819,2021-02-04 03:00:00+00:00,23.726,82.03371,20.476
820,2021-02-04 04:00:00+00:00,26.175999,67.66726,19.726
821,2021-02-04 05:00:00+00:00,27.575998,56.396984,18.126
822,2021-02-04 06:00:00+00:00,28.476,48.98677,16.726
823,2021-02-04 07:00:00+00:00,28.976,45.078945,15.876
824,2021-02-04 08:00:00+00:00,29.226,43.17021,15.426
825,2021-02-04 09:00:00+00:00,28.976,43.65877,15.376
826,2021-02-04 10:00:00+00:00,28.276,45.908455,15.526
827,2021-02-04 11:00:00+00:00,27.276,50.25095,16.026
828,2021-02-04 12:00:00+00:00,26.026,56.73424,16.776
829,2021-02-04 13:00:00+00:00,23.876,67.418175,17.476
830,2021-02-04 14:00:00+00:00,22.726,75.28501,18.126
831,2021-02-04 15:00:00+00:00,21.776,81.79242,18.526
832,2021-02-04 16:00:00+00:00,20.825998,87.51485,18.675999
833,2021-02-04 17:00:00+00:00,20.325998,88.85259,18.425999
834,2021-02-04 18:00:00+00:00,19.726,89.36495,17.925999
835,2021-02-04 19:00:00+00:00,19.876,86.6073,17.575998
836,2021-02-04 20:00:00+00:00,20.226,83.9531,17.425999
837,2021-02-04 21:00:00+00:00,21.226,80.95597,17.825998
838,2021-02-04 22:00:00+00:00,20.376,85.5719,17.876
839,2021-02-04 23:00:00+00:00,17.425999,95.969124,16.776
840,2021-02-05 00:00:00+00:00,16.575998,100.0,16.575998
841,2021-02-05 01:00:00+00:00,16.976,100.0,16.976
842,2021-02-05 02:00:00+00:00,19.026,96.31859,18.425999
843,2021-02-05 03:00:00+00:00,23.026,77.24262,18.825998
844,2021-02-05 04:00:00+00:00,25.726,60.94125,17.626
845,2021-02-05 05:00:00+00:00,27.325998,52.55336,16.776
846,2021-02-05 06:00:00+00:00,28.425999,46.243828,15.776
847,2021-02-05 07:00:00+00:00,28.925999,43.365833,15.226
848,2021-02-05 08:00:00+00:00,29.126,41.643612,14.776
849,2021-02-05 09:00:00+00:00,28.876,40.908318,14.276
850,2021-02-05 10:00:00+00:00,28.276,42.35858,14.276
851,2021-02-05 11:00:00+00:00,27.126,47.24381,14.926
852,2021-02-05 12:00:00+00:00,25.726,56.12286,16.325998
853,2021-02-05 13:00:00+00:00,23.626,66.10027,16.925999
854,2021-02-05 14:00:00+00:00,22.776,72.27522,17.526
855,2021-02-05 15:00:00+00:00,22.526,75.252525,17.925999
856,2021-02-05 16:00:00+00:00,22.226,76.637886,17.925999
857,2021-02-05 17:00:00+00:00,21.675999,78.50818,17.776
858,2021-02-05 18:00:00+00:00,20.126,86.631065,17.825998
859,2021-02-05 19:00:00+00:00,20.276,85.024414,17.675999
860,2021-02-05 20:00:00+00:00,21.976,77.81427,17.925999
861,2021-02-05 21:00:00+00:00,21.526,80.235146,17.976
862,2021-02-05 22:00:00+00:00,20.776,84.54431,18.075998
863,2021-02-05 23:00:00+00:00,17.325998,96.577225,16.776
864,2021-02-06 00:00:00+00:00,17.126,100.0,17.126
865,2021-02-06 01:00:00+00:00,16.876,100.0,16.876
866,2021-02-06 02:00:00+00:00,19.075998,96.62204,18.526
867,2021-02-06 03:00:00+00:00,23.226,78.73063,19.325998
868,2021-02-06 04:00:00+00:00,25.776,65.513145,18.825998
869,2021-02-06 05:00:00+00:00,27.675999,54.160645,17.575998
870,2021-02-06 06:00:00+00:00,28.976,46.687878,16.425999
871,2021-02-06 07:00:00+00:00,29.526,42.83892,15.576
872,2021-02-06 08:00:00+00:00,29.626,42.18524,15.426
873,2021-02-06 09:00:00+00:00,29.226,44.290035,15.826
874,2021-02-06 10:00:00+00:00,28.526,47.618145,16.325998
875,2021-02-06 11:00:00+00:00,27.476,52.758514,16.976
876,2021-02-06 12:00:00+00:00,26.175999,62.987934,18.575998
877,2021-02-06 13:00:00+00:00,24.126,73.88417,19.175999
878,2021-02-06 14:00:00+00:00,23.276,79.97062,19.626
879,2021-02-06 15:00:00+00:00,22.776,83.45623,19.825998
880,2021-02-06 16:00:00+00:00,22.325998,84.97398,19.675999
881,2021-02-06 17:00:00+00:00,21.425999,88.66422,19.476
882,2021-02-06 18:00:00+00:00,20.075998,91.94666,18.726
883,2021-02-06 19:00:00+00:00,20.675999,88.05086,18.626
884,2021-02-06 20:00:00+00:00,18.876,94.814354,18.026
885,2021-02-06 21:00:00+00:00,18.325998,99.68692,18.276
886,2021-02-06 22:00:00+00:00,16.976,100.0,16.976
887,2021-02-06 23:00:00+00:00,16.726,100.0,16.726
888,2021-02-07 00:00:00+00:00,17.376,100.0,17.376
889,2021-02-07 01:00:00+00:00,17.675999,100.0,17.675999
890,2021-02-07 02:00:00+00:00,19.776,97.24321,19.325998
891,2021-02-07 03:00:00+00:00,22.925999,84.25185,20.126
892,2021-02-07 04:00:00+00:00,25.825998,69.9453,19.925999
893,2021-02-07 05:00:00+00:00,27.825998,57.169373,18.575998
894,2021-02-07 06:00:00+00:00,29.276,46.916794,16.776
895,2021-02-07 07:00:00+00:00,30.325998,37.873108,14.376
896,2021-02-07 08:00:00+00:00,30.675999,34.003834,13.026
897,2021-02-07 09:00:00+00:00,30.526,33.083866,12.476
898,2021-02-07 10:00:00+00:00,29.925999,35.73043,13.126
899,2021-02-07 11:00:00+00:00,28.626,44.84017,15.476
900,2021-02-07 12:00:00+00:00,26.575998,60.752636,18.376
901,2021-02-07 13:00:00+00:00,23.876,76.41542,19.476
902,2021-02-07 14:00:00+00:00,22.626,85.005394,19.976
903,2021-02-07 15:00:00+00:00,21.925999,89.25535,20.075998
904,2021-02-07 16:00:00+00:00,21.925999,88.97959,20.026
905,2021-02-07 17:00:00+00:00,20.726,90.56401,19.126
906,2021-02-07 18:00:00+00:00,20.976,87.52813,18.825998
907,2021-02-07 19:00:00+00:00,20.325998,90.53665,18.726
908,2021-02-07 20:00:00+00:00,19.526,96.93532,19.026
909,2021-02-07 21:00:00+00:00,18.675999,100.0,18.675999
910,2021-02-07 22:00:00+00:00,17.776,100.0,17.776
911,2021-02-07 23:00:00+00:00,17.825998,100.0,17.825998
912,2021-02-08 00:00:00+00:00,18.575998,100.0,18.575998
913,2021-02-08 01:00:00+00:00,19.325998,100.0,19.325998
914,2021-02-08 02:00:00+00:00,20.575998,97.25971,20.126
915,2021-02-08 03:00:00+00:00,23.526,83.028,20.476
916,2021-02-08 04:00:00+00:00,25.575998,73.445244,20.476
917,2021-02-08 05:00:00+00:00,27.325998,62.458744,19.526
918,2021-02-08 06:00:00+00:00,28.675999,54.580433,18.626
919,2021-02-08 07:00:00+00:00,29.376,51.923733,18.476
920,2021-02-08 08:00:00+00:00,29.325998,51.26403,18.226
921,2021-02-08 09:00:00+00:00,28.876,50.50765,17.575998
922,2021-02-08 10:00:00+00:00,28.325998,51.16785,17.276
923,2021-02-08 11:00:00+00:00,27.526,55.330845,17.776
924,2021-02-08 12:00:00+00:00,26.376,63.031788,18.776
925,2021-02-08 13:00:00+00:00,24.876,70.42155,19.126
926,2021-02-08 14:00:00+00:00,23.876,77.37057,19.675999
927,2021-02-08 15:00:00+00:00,23.026,84.0027,20.175999
928,2021-02-08 16:00:00+00:00,22.476,87.931206,20.376
929,2021-02-08 17:00:00+00:00,22.026,90.372826,20.376
930,2021-02-08 18:00:00+00:00,21.376,92.59376,20.126
931,2021-02-08 19:00:00+00:00,21.126,93.44432,20.026
932,2021-02-08 20:00:00+00:00,21.626,90.62517,20.026
933,2021-02-08 21:00:00+00:00,22.226,89.003174,20.325998
934,2021-02-08 22:00:00+00:00,21.276,92.8753,20.075998
935,2021-02-08 23:00:00+00:00,19.876,97.85161,19.526
936,2021-02-09 00:00:00+00:00,19.575998,96.63469,19.026
937,2021-02-09 01:00:00+00:00,19.876,98.767334,19.675999
938,2021-02-09 02:00:00+00:00,21.226,96.082054,20.575998
939,2021-02-09 03:00:00+00:00,24.325998,77.43791,20.126
940,2021-02-09 04:00:00+00:00,26.626,62.109516,18.776
941,2021-02-09 05:00:00+00:00,28.126,49.99452,16.726
942,2021-02-09 06:00:00+00:00,28.425999,47.28908,16.126
943,2021-02-09 07:00:00+00:00,28.925999,46.23072,16.226
944,2021-02-09 08:00:00+00:00,29.675999,43.017315,15.776
945,2021-02-09 09:00:00+00:00,29.226,44.431797,15.876
946,2021-02-09 10:00:00+00:00,28.526,48.535477,16.626
947,2021-02-09 11:00:00+00:00,27.476,53.600025,17.226
948,2021-02-09 12:00:00+00:00,26.175999,60.470814,17.925999
949,2021-02-09 13:00:00+00:00,24.126,69.841995,18.276
950,2021-02-09 14:00:00+00:00,22.876,76.738335,18.575998
951,2021-02-09 15:00:00+00:00,21.376,84.3448,18.626
952,2021-02-09 16:00:00+00:00,20.476,88.86459,18.575998
953,2021-02-09 17:00:00+00:00,20.276,88.57052,18.325998
954,2021-02-09 18:00:00+00:00,20.626,85.597305,18.126
955,2021-02-09 19:00:00+00:00,20.876,84.55512,18.175999
956,2021-02-09 20:00:00+00:00,18.626,94.80471,17.776
957,2021-02-09 21:00:00+00:00,18.425999,97.52109,18.026
958,2021-02-09 22:00:00+00:00,17.276,99.36963,17.175999
959,2021-02-09 23:00:00+00:00,17.175999,99.36914,17.075998
960,2021-02-10 00:00:00+00:00,17.175999,99.36914,17.075998
961,2021-02-10 01:00:00+00:00,17.726,97.816414,17.376
962,2021-02-10 02:00:00+00:00,19.776,92.50658,18.526
963,2021-02-10 03:00:00+00:00,23.126,77.25772,18.925999
964,2021-02-10 04:00:00+00:00,25.575998,65.26682,18.575998
965,2021-02-10 05:00:00+00:00,27.276,57.93941,18.276
966,2021-02-10 06:00:00+00:00,28.675999,50.775368,17.476
967,2021-02-10 07:00:00+00:00,29.675999,45.412174,16.626
968,2021-02-10 08:00:00+00:00,30.026,42.29491,15.826
969,2021-02-10 09:00:00+00:00,29.726,43.030964,15.826
970,2021-02-10 10:00:00+00:00,28.776,46.485905,16.175999
971,2021-02-10 11:00:00+00:00,27.626,51.638535,16.776
972,2021-02-10 12:00:00+00:00,26.126,64.16965,18.825998
973,2021-02-10 13:00:00+00:00,24.276,75.300644,19.626
974,2021-02-10 14:00:00+00:00,23.325998,78.99005,19.476
975,2021-02-10 15:00:00+00:00,22.726,80.39558,19.175999
976,2021-02-10 16:00:00+00:00,21.925999,83.880295,19.075998
977,2021-02-10 17:00:00+00:00,21.226,87.550285,19.075998
978,2021-02-10 18:00:00+00:00,20.476,89.98308,18.776
979,2021-02-10 19:00:00+00:00,19.825998,90.50228,18.226
980,2021-02-10 20:00:00+00:00,20.276,88.29322,18.276
981,2021-02-10 21:00:00+00:00,20.925999,86.97827,18.675999
982,2021-02-10 22:00:00+00:00,18.126,96.59782,17.575998
983,2021-02-10 23:00:00+00:00,17.226,99.36938,17.126
984,2021-02-11 00:00:00+00:00,17.675999,100.0,17.675999
985,2021-02-11 01:00:00+00:00,17.925999,99.37276,17.825998
986,2021-02-11 02:00:00+00:00,20.425999,92.54219,19.175999
987,2021-02-11 03:00:00+00:00,23.575998,76.36877,19.175999
988,2021-02-11 04:00:00+00:00,25.976,62.944008,18.376
989,2021-02-11 05:00:00+00:00,27.476,54.79795,17.575998
990,2021-02-11 06:00:00+00:00,28.675999,49.66453,17.126
991,2021-02-11 07:00:00+00:00,29.425999,45.925243,16.575998
992,2021-02-11 08:00:00+00:00,29.726,43.4453,15.976
993,2021-02-11 09:00:00+00:00,29.675999,42.063923,15.426
994,2021-02-11 10:00:00+00:00,28.825998,44.607952,15.576
995,2021-02-11 11:00:00+00:00,27.575998,49.69192,16.126
996,2021-02-11 12:00:00+00:00,26.126,56.399666,16.776
997,2021-02-11 13:00:00+00:00,23.925999,67.21584,17.476
998,2021-02-11 14:00:00+00:00,22.425999,76.42845,18.075998
999,2021-02-11 15:00:00+00:00,21.526,83.05223,18.526
1000,2021-02-11 16:00:00+00:00,20.675999,88.32667,18.675999
1001,2021-02-11 17:00:00+00:00,21.425999,83.56226,18.526
1002,2021-02-11 18:00:00+00:00,20.075998,89.11179,18.226
1003,2021-02-11 19:00:00+00:00,18.776,94.2158,17.825998
1004,2021-02-11 20:00:00+00:00,18.226,96.90519,17.726
1005,2021-02-11 21:00:00+00:00,17.325998,99.369865,17.226
1006,2021-02-11 22:00:00+00:00,17.276,99.05575,17.126
1007,2021-02-11 23:00:00+00:00,16.175999,98.732124,15.976
1008,2021-02-12 00:00:00+00:00,16.976,99.05356,16.825998
1009,2021-02-12 01:00:00+00:00,17.425999,97.50225,17.026
1010,2021-02-12 02:00:00+00:00,19.776,90.783295,18.226
1011,2021-02-12 03:00:00+00:00,22.825998,76.01299,18.376
1012,2021-02-12 04:00:00+00:00,25.175999,60.815544,17.075998
1013,2021-02-12 05:00:00+00:00,26.675999,53.56803,16.476
1014,2021-02-12 06:00:00+00:00,27.925999,47.762547,15.826
1015,2021-02-12 07:00:00+00:00,28.925999,43.22678,15.176
1016,2021-02-12 08:00:00+00:00,29.075998,42.16967,14.926
1017,2021-02-12 09:00:00+00:00,28.776,42.90872,14.926
1018,2021-02-12 10:00:00+00:00,28.126,43.56659,14.576
1019,2021-02-12 11:00:00+00:00,26.876,48.876442,15.226
1020,2021-02-12 12:00:00+00:00,25.575998,57.532337,16.575998
1021,2021-02-12 13:00:00+00:00,23.476,67.55084,17.126
1022,2021-02-12 14:00:00+00:00,22.226,73.32814,17.226
1023,2021-02-12 15:00:00+00:00,21.175999,78.18813,17.226
1024,2021-02-12 16:00:00+00:00,20.126,82.36383,17.026
1025,2021-02-12 17:00:00+00:00,19.276,85.45939,16.776
1026,2021-02-12 18:00:00+00:00,18.726,87.32624,16.575998
1027,2021-02-12 19:00:00+00:00,18.675999,86.768074,16.425999
1028,2021-02-12 20:00:00+00:00,17.675999,90.93043,16.175999
1029,2021-02-12 21:00:00+00:00,16.925999,93.83541,15.926
1030,2021-02-12 22:00:00+00:00,16.376,95.63062,15.676
1031,2021-02-12 23:00:00+00:00,15.526,97.77948,15.176
1032,2021-02-13 00:00:00+00:00,16.425999,98.73455,16.226
1033,2021-02-13 01:00:00+00:00,16.976,99.05356,16.825998
1034,2021-02-13 02:00:00+00:00,19.075998,92.75939,17.876
1035,2021-02-13 03:00:00+00:00,22.776,75.05711,18.126
1036,2021-02-13 04:00:00+00:00,25.175999,60.43159,16.976
1037,2021-02-13 05:00:00+00:00,26.675999,53.397907,16.425999
1038,2021-02-13 06:00:00+00:00,27.976,47.623444,15.826
1039,2021-02-13 07:00:00+00:00,29.026,42.977253,15.176
1040,2021-02-13 08:00:00+00:00,29.675999,37.938183,13.826
1041,2021-02-13 09:00:00+00:00,29.675999,35.77762,12.926
1042,2021-02-13 10:00:00+00:00,29.075998,38.391556,13.476
1043,2021-02-13 11:00:00+00:00,27.925999,44.93834,14.876
1044,2021-02-13 12:00:00+00:00,25.726,58.860085,17.075998
1045,2021-02-13 13:00:00+00:00,23.376,70.36156,17.675999
1046,2021-02-13 14:00:00+00:00,22.126,77.348854,17.976
1047,2021-02-13 15:00:00+00:00,20.726,86.68781,18.425999
1048,2021-02-13 16:00:00+00:00,19.825998,91.931946,18.476
1049,2021-02-13 17:00:00+00:00,20.226,89.68372,18.476
1050,2021-02-13 18:00:00+00:00,21.026,88.35582,19.026
1051,2021-02-13 19:00:00+00:00,19.776,92.79656,18.575998
1052,2021-02-13 20:00:00+00:00,17.425999,98.4324,17.175999
1053,2021-02-13 21:00:00+00:00,17.226,100.0,17.226
1054,2021-02-13 22:00:00+00:00,17.226,100.0,17.226
1055,2021-02-13 23:00:00+00:00,16.675999,100.0,16.675999
1056,2021-02-14 00:00:00+00:00,16.925999,100.0,16.925999
1057,2021-02-14 01:00:00+00:00,16.925999,100.0,16.925999
1058,2021-02-14 02:00:00+00:00,19.175999,96.02173,18.526
1059,2021-02-14 03:00:00+00:00,22.675999,80.89133,19.226
1060,2021-02-14 04:00:00+00:00,25.276,64.79581,18.175999
1061,2021-02-14 05:00:00+00:00,27.026,54.34092,17.026
1062,2021-02-14 06:00:00+00:00,28.476,47.60483,16.276
1063,2021-02-14 07:00:00+00:00,29.626,42.45651,15.526
1064,2021-02-14 08:00:00+00:00,30.126,39.693707,14.926
1065,2021-02-14 09:00:00+00:00,29.825998,38.35088,14.126
1066,2021-02-14 10:00:00+00:00,29.075998,36.796963,12.826
1067,2021-02-14 11:00:00+00:00,27.976,39.353252,12.876
1068,2021-02-14 12:00:00+00:00,26.226,55.18403,16.526
1069,2021-02-14 13:00:00+00:00,23.976,70.4739,18.276
1070,2021-02-14 14:00:00+00:00,22.726,79.89607,19.075998
1071,2021-02-14 15:00:00+00:00,21.526,88.123055,19.476
1072,2021-02-14 16:00:00+00:00,21.126,90.02991,19.425999
1073,2021-02-14 17:00:00+00:00,20.376,92.53945,19.126
1074,2021-02-14 18:00:00+00:00,19.925999,93.09499,18.776
1075,2021-02-14 19:00:00+00:00,19.476,93.951126,18.476
1076,2021-02-14 20:00:00+00:00,18.575998,96.30615,17.976
1077,2021-02-14 21:00:00+00:00,18.675999,98.13923,18.376
1078,2021-02-14 22:00:00+00:00,17.476,99.37059,17.376
1079,2021-02-14 23:00:00+00:00,17.226,100.0,17.226
1080,2021-02-15 00:00:00+00:00,17.075998,100.0,17.075998
1081,2021-02-15 01:00:00+00:00,17.325998,100.0,17.325998
1082,2021-02-15 02:00:00+00:00,19.825998,96.04101,19.175999
1083,2021-02-15 03:00:00+00:00,23.126,81.95996,19.876
1084,2021-02-15 04:00:00+00:00,25.776,66.336136,19.026
1085,2021-02-15 05:00:00+00:00,28.026,53.06532,17.575998
1086,2021-02-15 06:00:00+00:00,29.925999,42.81136,15.926
1087,2021-02-15 07:00:00+00:00,31.226,37.034885,14.826
1088,2021-02-15 08:00:00+00:00,31.276,39.001125,15.676
1089,2021-02-15 09:00:00+00:00,30.575998,41.64159,16.075998
1090,2021-02-15 10:00:00+00:00,29.726,42.620094,15.676
1091,2021-02-15 11:00:00+00:00,28.526,48.689857,16.675999
1092,2021-02-15 12:00:00+00:00,26.425999,62.650017,18.726
1093,2021-02-15 13:00:00+00:00,23.925999,77.37808,19.726
1094,2021-02-15 14:00:00+00:00,22.626,86.06385,20.175999
1095,2021-02-15 15:00:00+00:00,21.925999,88.97959,20.026
1096,2021-02-15 16:00:00+00:00,21.575998,89.783485,19.825998
1097,2021-02-15 17:00:00+00:00,21.276,91.73219,19.876
1098,2021-02-15 18:00:00+00:00,20.675999,94.00448,19.675999
1099,2021-02-15 19:00:00+00:00,19.476,96.030624,18.825998
1100,2021-02-15 20:00:00+00:00,19.026,97.83779,18.675999
1101,2021-02-15 21:00:00+00:00,18.876,99.99999,18.876
1102,2021-02-15 22:00:00+00:00,18.325998,100.0,18.325998
1103,2021-02-15 23:00:00+00:00,17.626,100.0,17.626
1104,2021-02-16 00:00:00+00:00,18.276,100.0,18.276
1105,2021-02-16 01:00:00+00:00,18.825998,99.68812,18.776
1106,2021-02-16 02:00:00+00:00,21.126,94.60743,20.226
1107,2021-02-16 03:00:00+00:00,23.675999,82.53515,20.526
1108,2021-02-16 04:00:00+00:00,25.925999,70.61635,20.175999
1109,2021-02-16 05:00:00+00:00,27.825998,59.351902,19.175999
1110,2021-02-16 06:00:00+00:00,29.526,49.57346,17.876
1111,2021-02-16 07:00:00+00:00,30.825998,41.181854,16.126
1112,2021-02-16 08:00:00+00:00,31.526,36.998764,15.076
1113,2021-02-16 09:00:00+00:00,31.575998,35.03853,14.276
1114,2021-02-16 10:00:00+00:00,30.776,37.26967,14.526
1115,2021-02-16 11:00:00+00:00,28.825998,48.614697,16.925999
1116,2021-02-16 12:00:00+00:00,26.476,65.04949,19.376
1117,2021-02-16 13:00:00+00:00,24.425999,78.6577,20.476
1118,2021-02-16 14:00:00+00:00,23.476,85.0938,20.825998
1119,2021-02-16 15:00:00+00:00,22.626,89.86011,20.876
1120,2021-02-16 16:00:00+00:00,21.526,93.75227,20.476
1121,2021-02-16 17:00:00+00:00,20.925999,94.59947,20.026
1122,2021-02-16 18:00:00+00:00,20.276,96.05427,19.626
1123,2021-02-16 19:00:00+00:00,19.776,96.639725,19.226
1124,2021-02-16 20:00:00+00:00,19.526,96.032135,18.876
1125,2021-02-16 21:00:00+00:00,19.626,95.735886,18.925999
1126,2021-02-16 22:00:00+00:00,19.226,97.535995,18.825998
1127,2021-02-16 23:00:00+00:00,18.575998,100.0,18.575998
1128,2021-02-17 00:00:00+00:00,19.126,100.0,19.126
1129,2021-02-17 01:00:00+00:00,18.925999,100.0,18.925999
1130,2021-02-17 02:00:00+00:00,21.325998,94.323845,20.376
1131,2021-02-17 03:00:00+00:00,24.126,80.33238,20.526
1132,2021-02-17 04:00:00+00:00,26.675999,65.90454,19.776
1133,2021-02-17 05:00:00+00:00,28.075998,56.16567,18.526
1134,2021-02-17 06:00:00+00:00,28.925999,50.840004,17.726
1135,2021-02-17 07:00:00+00:00,29.376,48.605904,17.425999
1136,2021-02-17 08:00:00+00:00,29.376,47.995502,17.226
1137,2021-02-17 09:00:00+00:00,28.976,48.34708,16.976
1138,2021-02-17 10:00:00+00:00,28.376,49.901405,16.925999
1139,2021-02-17 11:00:00+00:00,27.425999,54.61296,17.476
1140,2021-02-17 12:00:00+00:00,26.325998,61.84859,18.425999
1141,2021-02-17 13:00:00+00:00,24.526,70.356224,18.776
1142,2021-02-17 14:00:00+00:00,23.325998,76.80754,19.026
1143,2021-02-17 15:00:00+00:00,22.575998,80.87832,19.126
1144,2021-02-17 16:00:00+00:00,22.175999,83.647514,19.276
1145,2021-02-17 17:00:00+00:00,22.075998,85.47742,19.526
1146,2021-02-17 18:00:00+00:00,21.675999,87.590004,19.526
1147,2021-02-17 19:00:00+00:00,21.376,88.11035,19.325998
1148,2021-02-17 20:00:00+00:00,21.126,88.36414,19.126
1149,2021-02-17 21:00:00+00:00,20.825998,88.892525,18.925999
1150,2021-02-17 22:00:00+00:00,20.726,88.60732,18.776
1151,2021-02-17 23:00:00+00:00,20.675999,88.32667,18.675999
1152,2021-02-18 00:00:00+00:00,21.026,87.80623,18.925999
1153,2021-02-18 01:00:00+00:00,21.276,85.39574,18.726
1154,2021-02-18 02:00:00+00:00,24.226,71.85608,18.825998
1155,2021-02-18 03:00:00+00:00,26.425999,59.024876,17.776
1156,2021-02-18 04:00:00+00:00,27.575998,50.48977,16.376
1157,2021-02-18 05:00:00+00:00,28.526,47.618145,16.325998
1158,2021-02-18 06:00:00+00:00,29.376,45.47577,16.376
1159,2021-02-18 07:00:00+00:00,29.376,45.47577,16.376
1160,2021-02-18 08:00:00+00:00,29.476,45.647636,16.526
1161,2021-02-18 09:00:00+00:00,29.276,45.739124,16.376
1162,2021-02-18 10:00:00+00:00,28.776,46.783092,16.276
1163,2021-02-18 11:00:00+00:00,27.876,50.407505,16.626
1164,2021-02-18 12:00:00+00:00,27.026,57.1563,17.825998
1165,2021-02-18 13:00:00+00:00,25.526,64.44364,18.325998
1166,2021-02-18 14:00:00+00:00,24.626,70.81555,18.976
1167,2021-02-18 15:00:00+00:00,24.476,71.900925,19.075998
1168,2021-02-18 16:00:00+00:00,24.325998,73.00333,19.175999
1169,2021-02-18 17:00:00+00:00,24.226,72.75874,19.026
1170,2021-02-18 18:00:00+00:00,23.925999,73.620255,18.925999
1171,2021-02-18 19:00:00+00:00,22.976,77.71905,18.876
1172,2021-02-18 20:00:00+00:00,23.126,77.016945,18.876
1173,2021-02-18 21:00:00+00:00,23.425999,75.870514,18.925999
1174,2021-02-18 22:00:00+00:00,22.825998,78.673546,18.925999
1175,2021-02-18 23:00:00+00:00,22.276,80.08486,18.675999
1176,2021-02-19 00:00:00+00:00,22.425999,81.873375,19.175999
1177,2021-02-19 01:00:00+00:00,22.026,83.89148,19.175999
1178,2021-02-19 02:00:00+00:00,24.226,75.52671,19.626
1179,2021-02-19 03:00:00+00:00,26.325998,66.655365,19.626
1180,2021-02-19 04:00:00+00:00,27.026,63.370518,19.476
1181,2021-02-19 05:00:00+00:00,27.876,59.920326,19.376
1182,2021-02-19 06:00:00+00:00,28.026,58.84637,19.226
1183,2021-02-19 07:00:00+00:00,28.325998,58.00755,19.276
1184,2021-02-19 08:00:00+00:00,28.575998,57.34905,19.325998
1185,2021-02-19 09:00:00+00:00,28.726,56.323505,19.175999
1186,2021-02-19 10:00:00+00:00,27.325998,61.30398,19.226
1187,2021-02-19 11:00:00+00:00,25.776,70.37047,19.976
1188,2021-02-19 12:00:00+00:00,24.376,75.083435,19.675999
1189,2021-02-19 13:00:00+00:00,23.626,81.265,20.226
1190,2021-02-19 14:00:00+00:00,23.026,85.30996,20.425999
1191,2021-02-19 15:00:00+00:00,23.226,82.48124,20.075998
1192,2021-02-19 16:00:00+00:00,22.425999,86.31107,20.026
1193,2021-02-19 17:00:00+00:00,21.876,93.480225,20.776
1194,2021-02-19 18:00:00+00:00,21.876,93.480225,20.776
1195,2021-02-19 19:00:00+00:00,21.226,95.78633,20.526
1196,2021-02-19 20:00:00+00:00,21.726,92.89867,20.526
1197,2021-02-19 21:00:00+00:00,21.726,92.042885,20.376
1198,2021-02-19 22:00:00+00:00,21.526,92.60186,20.276
1199,2021-02-19 23:00:00+00:00,21.876,90.642044,20.276
1200,2021-02-20 00:00:00+00:00,21.276,94.03088,20.276
1201,2021-02-20 01:00:00+00:00,21.776,92.04577,20.425999
1202,2021-02-20 02:00:00+00:00,22.376,91.23527,20.876
1203,2021-02-20 03:00:00+00:00,23.425999,86.93897,21.126
1204,2021-02-20 04:00:00+00:00,24.976,80.93883,21.476
1205,2021-02-20 05:00:00+00:00,25.675999,75.75722,21.075998
1206,2021-02-20 06:00:00+00:00,27.825998,63.740257,20.325998
1207,2021-02-20 07:00:00+00:00,26.776,67.16079,20.175999
1208,2021-02-20 08:00:00+00:00,26.925999,66.36546,20.126
1209,2021-02-20 09:00:00+00:00,27.575998,61.742695,19.575998
1210,2021-02-20 10:00:00+00:00,26.976,62.57598,19.226
1211,2021-02-20 11:00:00+00:00,25.075998,76.60075,20.675999
1212,2021-02-20 12:00:00+00:00,25.425999,72.742294,20.175999
1213,2021-02-20 13:00:00+00:00,24.325998,78.64347,20.376
1214,2021-02-20 14:00:00+00:00,23.575998,83.29018,20.575998
1215,2021-02-20 15:00:00+00:00,22.976,87.434265,20.776
1216,2021-02-20 16:00:00+00:00,22.825998,89.59904,21.026
1217,2021-02-20 17:00:00+00:00,22.575998,92.09179,21.226
1218,2021-02-20 18:00:00+00:00,22.276,94.65288,21.376
1219,2021-02-20 19:00:00+00:00,22.126,95.52131,21.376
1220,2021-02-20 20:00:00+00:00,22.075998,96.40139,21.476
1221,2021-02-20 21:00:00+00:00,21.825998,96.69074,21.276
1222,2021-02-20 22:00:00+00:00,21.476,97.27807,21.026
1223,2021-02-20 23:00:00+00:00,21.425999,97.277084,20.976
1224,2021-02-21 00:00:00+00:00,20.876,97.26584,20.425999
1225,2021-02-21 01:00:00+00:00,21.425999,96.68088,20.876
1226,2021-02-21 02:00:00+00:00,21.675999,96.687035,21.126
1227,2021-02-21 03:00:00+00:00,22.876,89.60274,21.075998
1228,2021-02-21 04:00:00+00:00,24.075998,87.53123,21.876
1229,2021-02-21 05:00:00+00:00,24.476,80.37872,20.876
1230,2021-02-21 06:00:00+00:00,25.626,76.215904,21.126
1231,2021-02-21 07:00:00+00:00,26.726,75.2312,21.976
1232,2021-02-21 08:00:00+00:00,27.325998,74.41718,22.376
1233,2021-02-21 09:00:00+00:00,27.425999,71.54422,21.825998
1234,2021-02-21 10:00:00+00:00,26.726,68.61831,20.476
1235,2021-02-21 11:00:00+00:00,26.726,67.35871,20.175999
1236,2021-02-21 12:00:00+00:00,25.325998,79.26918,21.476
1237,2021-02-21 13:00:00+00:00,23.226,90.455376,21.575998
1238,2021-02-21 14:00:00+00:00,22.976,90.994064,21.425999
1239,2021-02-21 15:00:00+00:00,23.026,89.61386,21.226
1240,2021-02-21 16:00:00+00:00,22.575998,91.80974,21.175999
1241,2021-02-21 17:00:00+00:00,22.825998,90.7058,21.226
1242,2021-02-21 18:00:00+00:00,22.226,94.07236,21.226
1243,2021-02-21 19:00:00+00:00,21.425999,95.792595,20.726
1244,2021-02-21 20:00:00+00:00,21.726,94.6312,20.825998
1245,2021-02-21 21:00:00+00:00,21.175999,96.67469,20.626
1246,2021-02-21 22:00:00+00:00,21.026,98.171906,20.726
1247,2021-02-21 23:00:00+00:00,20.476,100.0,20.476
1248,2021-02-22 00:00:00+00:00,21.026,100.0,21.026
1249,2021-02-22 01:00:00+00:00,21.376,99.38897,21.276
1250,2021-02-22 02:00:00+00:00,22.825998,94.385994,21.876
1251,2021-02-22 03:00:00+00:00,25.126,84.2327,22.276
1252,2021-02-22 04:00:00+00:00,26.726,73.86566,21.675999
1253,2021-02-22 05:00:00+00:00,27.726,66.12036,20.825998
1254,2021-02-22 06:00:00+00:00,28.626,61.028038,20.376
1255,2021-02-22 07:00:00+00:00,28.876,59.964283,20.325998
1256,2021-02-22 08:00:00+00:00,29.075998,59.457294,20.376
1257,2021-02-22 09:00:00+00:00,28.976,60.172543,20.476
1258,2021-02-22 10:00:00+00:00,28.526,62.337215,20.626
1259,2021-02-22 11:00:00+00:00,27.925999,65.35278,20.825998
1260,2021-02-22 12:00:00+00:00,26.825998,71.43654,21.226
1261,2021-02-22 13:00:00+00:00,24.776,82.16173,21.526
1262,2021-02-22 14:00:00+00:00,23.726,88.84822,21.776
1263,2021-02-22 15:00:00+00:00,22.876,93.52765,21.776
1264,2021-02-22 16:00:00+00:00,22.476,94.371574,21.526
1265,2021-02-22 17:00:00+00:00,22.075998,95.22734,21.276
1266,2021-02-22 18:00:00+00:00,22.075998,95.51966,21.325998
1267,2021-02-22 19:00:00+00:00,21.425999,96.68088,20.876
1268,2021-02-22 20:00:00+00:00,20.626,99.38548,20.526
1269,2021-02-22 21:00:00+00:00,20.575998,100.0,20.575998
1270,2021-02-22 22:00:00+00:00,20.026,100.0,20.026
1271,2021-02-22 23:00:00+00:00,20.175999,100.0,20.175999
1272,2021-02-23 00:00:00+00:00,20.226,100.0,20.226
1273,2021-02-23 01:00:00+00:00,21.325998,99.38875,21.226
1274,2021-02-23 02:00:00+00:00,22.026,98.18557,21.726
1275,2021-02-23 03:00:00+00:00,24.226,88.88764,22.276
1276,2021-02-23 04:00:00+00:00,26.325998,76.091644,21.776
1277,2021-02-23 05:00:00+00:00,27.925999,66.36478,21.075998
1278,2021-02-23 06:00:00+00:00,29.026,60.74289,20.675999
1279,2021-02-23 07:00:00+00:00,29.776,58.169796,20.675999
1280,2021-02-23 08:00:00+00:00,30.175999,57.023193,20.726
1281,2021-02-23 09:00:00+00:00,30.126,57.18707,20.726
1282,2021-02-23 10:00:00+00:00,29.575998,59.025215,20.726
1283,2021-02-23 11:00:00+00:00,28.425999,63.282337,20.776
1284,2021-02-23 12:00:00+00:00,27.175999,69.34152,21.075998
1285,2021-02-23 13:00:00+00:00,24.776,82.16173,21.526
1286,2021-02-23 14:00:00+00:00,23.425999,91.580215,21.976
1287,2021-02-23 15:00:00+00:00,22.476,95.24136,21.675999
1288,2021-02-23 16:00:00+00:00,22.425999,95.23963,21.626
1289,2021-02-23 17:00:00+00:00,22.726,94.381874,21.776
1290,2021-02-23 18:00:00+00:00,22.825998,94.385994,21.876
1291,2021-02-23 19:00:00+00:00,22.126,96.69808,21.575998
1292,2021-02-23 20:00:00+00:00,21.976,97.885185,21.626
1293,2021-02-23 21:00:00+00:00,21.575998,99.38989,21.476
1294,2021-02-23 22:00:00+00:00,21.175999,100.0,21.175999
1295,2021-02-23 23:00:00+00:00,20.376,100.0,20.376
1296,2021-02-24 00:00:00+00:00,21.325998,99.69397,21.276
1297,2021-02-24 01:00:00+00:00,20.925999,100.0,20.925999
1298,2021-02-24 02:00:00+00:00,22.476,96.70666,21.925999
1299,2021-02-24 03:00:00+00:00,24.226,87.54436,22.026
1300,2021-02-24 04:00:00+00:00,26.226,76.07605,21.675999
1301,2021-02-24 05:00:00+00:00,28.325998,62.4856,20.476
1302,2021-02-24 06:00:00+00:00,30.075998,50.65905,18.726
1303,2021-02-24 07:00:00+00:00,31.276,43.042812,17.226
1304,2021-02-24 08:00:00+00:00,31.675999,40.89274,16.776
1305,2021-02-24 09:00:00+00:00,31.175999,42.07206,16.776
1306,2021-02-24 10:00:00+00:00,30.175999,42.20101,15.926
1307,2021-02-24 11:00:00+00:00,28.726,49.83495,17.226
1308,2021-02-24 12:00:00+00:00,27.075998,61.438934,19.026
1309,2021-02-24 13:00:00+00:00,24.226,80.09843,20.575998
1310,2021-02-24 14:00:00+00:00,22.925999,89.60646,21.126
1311,2021-02-24 15:00:00+00:00,22.126,92.63412,20.876
1312,2021-02-24 16:00:00+00:00,21.476,94.6213,20.575998
1313,2021-02-24 17:00:00+00:00,20.726,96.067474,20.075998
1314,2021-02-24 18:00:00+00:00,20.526,96.65853,19.976
1315,2021-02-24 19:00:00+00:00,20.075998,98.158806,19.776
1316,2021-02-24 20:00:00+00:00,19.626,100.0,19.626
1317,2021-02-24 21:00:00+00:00,19.575998,100.0,19.575998
1318,2021-02-24 22:00:00+00:00,19.476,100.0,19.476
1319,2021-02-24 23:00:00+00:00,19.026,100.0,19.026
1320,2021-02-25 00:00:00+00:00,19.876,100.0,19.876
1321,2021-02-25 01:00:00+00:00,19.376,99.99999,19.376
1322,2021-02-25 02:00:00+00:00,21.925999,96.102356,21.276
1323,2021-02-25 03:00:00+00:00,24.126,84.90059,21.425999
1324,2021-02-25 04:00:00+00:00,26.526,70.509514,20.726
1325,2021-02-25 05:00:00+00:00,28.776,54.77613,18.776
1326,2021-02-25 06:00:00+00:00,30.425999,45.61389,17.376
1327,2021-02-25 07:00:00+00:00,31.425999,41.741615,16.876
1328,2021-02-25 08:00:00+00:00,32.026,39.709396,16.626
1329,2021-02-25 09:00:00+00:00,32.226,39.89058,16.876
1330,2021-02-25 10:00:00+00:00,31.726,42.623894,17.476
1331,2021-02-25 11:00:00+00:00,30.276,43.59503,16.526
1332,2021-02-25 12:00:00+00:00,27.626,56.232307,18.126
1333,2021-02-25 13:00:00+00:00,24.675999,79.42294,20.876
1334,2021-02-25 14:00:00+00:00,23.526,91.307556,22.026
1335,2021-02-25 15:00:00+00:00,23.075998,93.25222,21.925999
1336,2021-02-25 16:00:00+00:00,22.276,94.943214,21.425999
1337,2021-02-25 17:00:00+00:00,22.376,96.70421,21.825998
1338,2021-02-25 18:00:00+00:00,21.825998,97.882835,21.476
1339,2021-02-25 19:00:00+00:00,21.276,99.388504,21.175999
1340,2021-02-25 20:00:00+00:00,20.976,99.69313,20.925999
1341,2021-02-25 21:00:00+00:00,20.325998,100.0,20.325998
1342,2021-02-25 22:00:00+00:00,19.876,99.690575,19.825998
1343,2021-02-25 23:00:00+00:00,19.075998,99.37823,18.976
1344,2021-02-26 00:00:00+00:00,19.925999,99.38223,19.825998
1345,2021-02-26 01:00:00+00:00,18.976,99.067894,18.825998
1346,2021-02-26 02:00:00+00:00,21.325998,92.877914,20.126
1347,2021-02-26 03:00:00+00:00,24.226,77.6629,20.075998
1348,2021-02-26 04:00:00+00:00,27.476,59.27044,18.825998
1349,2021-02-26 05:00:00+00:00,30.126,45.677628,17.126
1350,2021-02-26 06:00:00+00:00,31.925999,39.180153,16.325998
1351,2021-02-26 07:00:00+00:00,33.076,35.45239,15.776
1352,2021-02-26 08:00:00+00:00,33.626,34.929134,16.026
1353,2021-02-26 09:00:00+00:00,33.476,38.619225,17.476
1354,2021-02-26 10:00:00+00:00,32.576,44.355003,18.876
1355,2021-02-26 11:00:00+00:00,31.276,44.70343,17.825998
1356,2021-02-26 12:00:00+00:00,29.026,54.6671,18.976
1357,2021-02-26 13:00:00+00:00,25.575998,74.58559,20.726
1358,2021-02-26 14:00:00+00:00,24.026,90.785385,22.425999
1359,2021-02-26 15:00:00+00:00,23.425999,93.83845,22.376
1360,2021-02-26 16:00:00+00:00,23.376,94.9839,22.526
1361,2021-02-26 17:00:00+00:00,23.226,94.40238,22.276
1362,2021-02-26 18:00:00+00:00,22.575998,95.82822,21.876
1363,2021-02-26 19:00:00+00:00,22.175999,97.5899,21.776
1364,2021-02-26 20:00:00+00:00,21.876,98.183525,21.575998
1365,2021-02-26 21:00:00+00:00,21.476,98.78212,21.276
1366,2021-02-26 22:00:00+00:00,21.126,96.67342,20.575998
1367,2021-02-26 23:00:00+00:00,20.476,94.28815,19.526
1368,2021-02-27 00:00:00+00:00,20.925999,96.66849,20.376
1369,2021-02-27 01:00:00+00:00,20.476,96.657265,19.925999
1370,2021-02-27 02:00:00+00:00,22.226,91.788956,20.825998
1371,2021-02-27 03:00:00+00:00,24.776,79.19293,20.925999
1372,2021-02-27 04:00:00+00:00,28.026,61.651913,19.976
1373,2021-02-27 05:00:00+00:00,30.825998,47.03297,18.226
1374,2021-02-27 06:00:00+00:00,32.726,39.15118,17.026
1375,2021-02-27 07:00:00+00:00,33.976,34.471714,16.126
1376,2021-02-27 08:00:00+00:00,34.526,33.32504,16.075998
1377,2021-02-27 09:00:00+00:00,34.326,36.94506,17.526
1378,2021-02-27 10:00:00+00:00,33.176003,44.65438,19.526
1379,2021-02-27 11:00:00+00:00,31.425999,50.847992,20.026
1380,2021-02-27 12:00:00+00:00,28.976,63.401108,21.325998
1381,2021-02-27 13:00:00+00:00,25.876,80.562485,22.276
1382,2021-02-27 14:00:00+00:00,24.925999,85.50265,22.325998
1383,2021-02-27 15:00:00+00:00,24.325998,94.732506,23.425999
1384,2021-02-27 16:00:00+00:00,24.175999,95.30038,23.376
1385,2021-02-27 17:00:00+00:00,23.876,95.867935,23.175999
1386,2021-02-27 18:00:00+00:00,23.476,96.73093,22.925999
1387,2021-02-27 19:00:00+00:00,23.175999,97.3123,22.726
1388,2021-02-27 20:00:00+00:00,22.526,99.092545,22.376
1389,2021-02-27 21:00:00+00:00,20.825998,100.0,20.825998
1390,2021-02-27 22:00:00+00:00,20.925999,100.0,20.925999
1391,2021-02-27 23:00:00+00:00,21.325998,100.0,21.325998
1392,2021-02-28 00:00:00+00:00,21.476,99.69429,21.425999
1393,2021-02-28 01:00:00+00:00,20.925999,99.38688,20.825998
1394,2021-02-28 02:00:00+00:00,22.126,94.937645,21.276
1395,2021-02-28 03:00:00+00:00,24.726,82.15567,21.476
1396,2021-02-28 04:00:00+00:00,27.976,62.989937,20.276
1397,2021-02-28 05:00:00+00:00,30.776,44.56866,17.325998
1398,2021-02-28 06:00:00+00:00,31.925999,39.305077,16.376
1399,2021-02-28 07:00:00+00:00,32.126,40.116814,16.876
1400,2021-02-28 08:00:00+00:00,32.126,39.485294,16.626
1401,2021-02-28 09:00:00+00:00,31.825998,38.77996,16.075998
1402,2021-02-28 10:00:00+00:00,31.026,42.4333,16.776
1403,2021-02-28 11:00:00+00:00,29.575998,51.167667,18.425999
1404,2021-02-28 12:00:00+00:00,27.675999,66.518135,20.876
1405,2021-02-28 13:00:00+00:00,25.226,85.014984,22.526
1406,2021-02-28 14:00:00+00:00,24.226,92.465034,22.925999
1407,2021-02-28 15:00:00+00:00,23.726,94.99674,22.876
1408,2021-02-28 16:00:00+00:00,23.126,96.722466,22.575998
1409,2021-02-28 17:00:00+00:00,23.026,97.014275,22.526
1410,2021-02-28 18:00:00+00:00,23.026,97.30929,22.575998
1411,2021-02-28 19:00:00+00:00,22.726,98.49386,22.476
1412,2021-02-28 20:00:00+00:00,22.276,100.0,22.276
1413,2021-02-28 21:00:00+00:00,21.825998,99.69512,21.776
1414,2021-02-28 22:00:00+00:00,21.175999,99.38805,21.075998
1415,2021-02-28 23:00:00+00:00,20.575998,99.38527,20.476
1416,2021-03-01 00:00:00+00:00,21.026,100.0,21.026
1417,2021-03-01 01:00:00+00:00,20.226,99.38363,20.126
1418,2021-03-01 02:00:00+00:00,21.776,94.92457,20.925999
1419,2021-03-01 03:00:00+00:00,24.075998,83.09193,21.026
1420,2021-03-01 04:00:00+00:00,27.325998,60.923244,19.126
1421,2021-03-01 05:00:00+00:00,30.476,44.912045,17.175999
1422,2021-03-01 06:00:00+00:00,32.526,37.156002,16.026
1423,2021-03-01 07:00:00+00:00,33.626,33.829983,15.526
1424,2021-03-01 08:00:00+00:00,33.726,35.97254,16.575998
1425,2021-03-01 09:00:00+00:00,33.226,36.87704,16.526
1426,2021-03-01 10:00:00+00:00,31.876,42.664642,17.626
1427,2021-03-01 11:00:00+00:00,29.925999,53.211277,19.376
1428,2021-03-01 12:00:00+00:00,27.575998,69.205215,21.425999
1429,2021-03-01 13:00:00+00:00,25.626,82.76596,22.476
1430,2021-03-01 14:00:00+00:00,24.776,90.28707,23.075998
1431,2021-03-01 15:00:00+00:00,24.376,94.16462,23.376
1432,2021-03-01 16:00:00+00:00,24.126,94.72483,23.226
1433,2021-03-01 17:00:00+00:00,23.476,96.438446,22.876
1434,2021-03-01 18:00:00+00:00,23.126,97.31127,22.675999
1435,2021-03-01 19:00:00+00:00,22.675999,98.19436,22.376
1436,2021-03-01 20:00:00+00:00,22.425999,99.09189,22.276
1437,2021-03-01 21:00:00+00:00,22.126,98.78805,21.925999
1438,2021-03-01 22:00:00+00:00,21.675999,97.88044,21.325998
1439,2021-03-01 23:00:00+00:00,20.476,98.77292,20.276
1440,2021-03-02 00:00:00+00:00,21.276,98.47741,21.026
1441,2021-03-02 01:00:00+00:00,21.175999,98.17398,20.876
1442,2021-03-02 02:00:00+00:00,22.626,93.51585,21.526
1443,2021-03-02 03:00:00+00:00,24.726,81.404236,21.325998
1444,2021-03-02 04:00:00+00:00,27.126,65.99727,20.226
1445,2021-03-02 05:00:00+00:00,29.526,54.281796,19.325998
1446,2021-03-02 06:00:00+00:00,31.626,44.23818,17.976
1447,2021-03-02 07:00:00+00:00,33.176003,34.91708,15.626
1448,2021-03-02 08:00:00+00:00,33.976,31.309439,14.626
1449,2021-03-02 09:00:00+00:00,33.926003,33.588436,15.676
1450,2021-03-02 10:00:00+00:00,33.226,36.410732,16.325998
1451,2021-03-02 11:00:00+00:00,31.626,43.00197,17.526
1452,2021-03-02 12:00:00+00:00,28.526,61.763386,20.476
1453,2021-03-02 13:00:00+00:00,25.825998,75.78089,21.226
1454,2021-03-02 14:00:00+00:00,24.526,84.167465,21.675999
1455,2021-03-02 15:00:00+00:00,23.976,92.45144,22.675999
1456,2021-03-02 16:00:00+00:00,23.726,93.85187,22.675999
1457,2021-03-02 17:00:00+00:00,22.776,94.961784,21.925999
1458,2021-03-02 18:00:00+00:00,21.726,97.58178,21.325998
1459,2021-03-02 19:00:00+00:00,21.075998,98.77846,20.876
1460,2021-03-02 20:00:00+00:00,20.825998,99.38644,20.726
1461,2021-03-02 21:00:00+00:00,21.075998,98.47511,20.825998
1462,2021-03-02 22:00:00+00:00,20.776,97.56456,20.376
1463,2021-03-02 23:00:00+00:00,19.876,97.85161,19.526
1464,2021-03-03 00:00:00+00:00,19.976,98.46243,19.726
1465,2021-03-03 01:00:00+00:00,19.226,98.14694,18.925999
1466,2021-03-03 02:00:00+00:00,21.776,90.91586,20.226
1467,2021-03-03 03:00:00+00:00,24.526,75.10778,19.825998
1468,2021-03-03 04:00:00+00:00,27.825998,54.540516,17.825998
1469,2021-03-03 05:00:00+00:00,30.726,38.600273,15.026
1470,2021-03-03 06:00:00+00:00,32.376,32.52391,13.826
1471,2021-03-03 07:00:00+00:00,33.226,30.504562,13.576
1472,2021-03-03 08:00:00+00:00,33.376,31.24699,14.076
1473,2021-03-03 09:00:00+00:00,32.726,34.238323,14.926
1474,2021-03-03 10:00:00+00:00,31.776,35.32116,14.576
1475,2021-03-03 11:00:00+00:00,30.175999,42.607048,16.075998
1476,2021-03-03 12:00:00+00:00,28.175999,55.839424,18.526
1477,2021-03-03 13:00:00+00:00,25.376,79.51899,21.575998
1478,2021-03-03 14:00:00+00:00,24.175999,91.34801,22.675999
1479,2021-03-03 15:00:00+00:00,23.825998,94.426865,22.876
1480,2021-03-03 16:00:00+00:00,23.425999,94.697784,22.526
1481,2021-03-03 17:00:00+00:00,22.726,96.41866,22.126
1482,2021-03-03 18:00:00+00:00,21.876,98.183525,21.575998
1483,2021-03-03 19:00:00+00:00,21.376,99.08467,21.226
1484,2021-03-03 20:00:00+00:00,21.075998,99.69338,21.026
1485,2021-03-03 21:00:00+00:00,21.075998,100.0,21.075998
1486,2021-03-03 22:00:00+00:00,21.175999,99.69361,21.126
1487,2021-03-03 23:00:00+00:00,21.126,97.570915,20.726
1488,2021-03-04 00:00:00+00:00,20.626,99.692314,20.575998
1489,2021-03-04 01:00:00+00:00,19.825998,99.69046,19.776
1490,2021-03-04 02:00:00+00:00,21.776,91.1972,20.276
1491,2021-03-04 03:00:00+00:00,24.825998,76.79886,20.476
1492,2021-03-04 04:00:00+00:00,27.425999,61.70917,19.425999
1493,2021-03-04 05:00:00+00:00,29.626,49.28855,17.876
1494,2021-03-04 06:00:00+00:00,31.226,39.8696,15.976
1495,2021-03-04 07:00:00+00:00,32.076,34.72589,14.576
1496,2021-03-04 08:00:00+00:00,32.276,32.921112,13.926
1497,2021-03-04 09:00:00+00:00,31.575998,35.380005,14.426
1498,2021-03-04 10:00:00+00:00,30.476,40.046543,15.376
1499,2021-03-04 11:00:00+00:00,29.226,46.903442,16.726
1500,2021-03-04 12:00:00+00:00,27.325998,60.544582,19.026
1501,2021-03-04 13:00:00+00:00,24.726,79.42981,20.925999
1502,2021-03-04 14:00:00+00:00,23.276,91.57109,21.825998
1503,2021-03-04 15:00:00+00:00,22.026,96.10524,21.376
1504,2021-03-04 16:00:00+00:00,21.476,96.08931,20.825998
1505,2021-03-04 17:00:00+00:00,21.026,95.48472,20.276
1506,2021-03-04 18:00:00+00:00,20.526,96.06162,19.876
1507,2021-03-04 19:00:00+00:00,19.776,98.4601,19.526
1508,2021-03-04 20:00:00+00:00,19.626,99.38081,19.526
1509,2021-03-04 21:00:00+00:00,18.825998,100.0,18.825998
1510,2021-03-04 22:00:00+00:00,18.376,99.68702,18.325998
1511,2021-03-04 23:00:00+00:00,18.276,100.0,18.276
1512,2021-03-05 00:00:00+00:00,19.175999,99.68893,19.126
1513,2021-03-05 01:00:00+00:00,19.626,100.0,19.626
1514,2021-03-05 02:00:00+00:00,21.376,96.08642,20.726
1515,2021-03-05 03:00:00+00:00,23.476,85.8823,20.976
1516,2021-03-05 04:00:00+00:00,26.575998,65.4761,19.575998
1517,2021-03-05 05:00:00+00:00,28.976,49.586094,17.376
1518,2021-03-05 06:00:00+00:00,30.825998,39.379055,15.426
1519,2021-03-05 07:00:00+00:00,32.176003,33.648544,14.176
1520,2021-03-05 08:00:00+00:00,32.976,30.935982,13.576
1521,2021-03-05 09:00:00+00:00,32.876,31.313421,13.676
1522,2021-03-05 10:00:00+00:00,32.076,30.790741,12.726
1523,2021-03-05 11:00:00+00:00,30.726,32.280857,12.276
1524,2021-03-05 12:00:00+00:00,28.376,48.805115,16.575998
1525,2021-03-05 13:00:00+00:00,25.376,71.838715,19.925999
1526,2021-03-05 14:00:00+00:00,24.226,82.854645,21.126
1527,2021-03-05 15:00:00+00:00,23.376,90.1896,21.675999
1528,2021-03-05 16:00:00+00:00,23.226,92.6927,21.976
1529,2021-03-05 17:00:00+00:00,22.526,92.93993,21.325998
1530,2021-03-05 18:00:00+00:00,21.425999,95.498085,20.675999
1531,2021-03-05 19:00:00+00:00,20.976,97.56817,20.575998
1532,2021-03-05 20:00:00+00:00,20.626,99.079475,20.476
1533,2021-03-05 21:00:00+00:00,20.526,99.078804,20.376
1534,2021-03-05 22:00:00+00:00,20.325998,99.07739,20.175999
1535,2021-03-05 23:00:00+00:00,20.476,98.16433,20.175999
1536,2021-03-06 00:00:00+00:00,20.575998,98.77386,20.376
1537,2021-03-06 01:00:00+00:00,19.776,98.7664,19.575998
1538,2021-03-06 02:00:00+00:00,22.726,91.537605,21.276
1539,2021-03-06 03:00:00+00:00,25.425999,79.76931,21.675999
1540,2021-03-06 04:00:00+00:00,27.825998,66.34444,20.976
1541,2021-03-06 05:00:00+00:00,30.175999,53.939087,19.825998
1542,2021-03-06 06:00:00+00:00,31.925999,46.447674,19.026
1543,2021-03-06 07:00:00+00:00,33.076,41.274902,18.175999
1544,2021-03-06 08:00:00+00:00,33.476,41.12535,18.476
1545,2021-03-06 09:00:00+00:00,33.376,42.404064,18.876
1546,2021-03-06 10:00:00+00:00,32.726,41.57002,17.976
1547,2021-03-06 11:00:00+00:00,30.976,45.188805,17.726
1548,2021-03-06 12:00:00+00:00,28.876,55.83589,19.175999
1549,2021-03-06 13:00:00+00:00,25.925999,76.02925,21.376
1550,2021-03-06 14:00:00+00:00,24.476,90.540276,22.825998
1551,2021-03-06 15:00:00+00:00,23.976,95.00588,23.126
1552,2021-03-06 16:00:00+00:00,23.726,95.57374,22.976
1553,2021-03-06 17:00:00+00:00,23.325998,96.43452,22.726
1554,2021-03-06 18:00:00+00:00,22.876,97.30628,22.425999
1555,2021-03-06 19:00:00+00:00,22.325998,99.09119,22.175999
1556,2021-03-06 20:00:00+00:00,21.626,100.0,21.626
1557,2021-03-06 21:00:00+00:00,21.526,100.0,21.526
1558,2021-03-06 22:00:00+00:00,21.876,99.391266,21.776
1559,2021-03-06 23:00:00+00:00,21.825998,99.087776,21.675999
1560,2021-03-07 00:00:00+00:00,22.175999,99.69592,22.126
1561,2021-03-07 01:00:00+00:00,22.325998,99.09119,22.175999
1562,2021-03-07 02:00:00+00:00,23.325998,93.264465,22.175999
1563,2021-03-07 03:00:00+00:00,25.376,80.49714,21.776
1564,2021-03-07 04:00:00+00:00,27.876,65.94807,20.925999
1565,2021-03-07 05:00:00+00:00,30.226,55.646057,20.376
1566,2021-03-07 06:00:00+00:00,32.126,47.671825,19.626
1567,2021-03-07 07:00:00+00:00,33.376,42.140007,18.776
1568,2021-03-07 08:00:00+00:00,33.576,42.7236,19.175999
1569,2021-03-07 09:00:00+00:00,32.976,45.299484,19.575998
1570,2021-03-07 10:00:00+00:00,32.176003,43.559383,18.226
1571,2021-03-07 11:00:00+00:00,30.675999,51.13048,19.425999
1572,2021-03-07 12:00:00+00:00,28.526,64.08682,21.075998
1573,2021-03-07 13:00:00+00:00,25.976,82.05717,22.675999
1574,2021-03-07 14:00:00+00:00,24.776,92.49485,23.476
1575,2021-03-07 15:00:00+00:00,24.276,95.59156,23.526
1576,2021-03-07 16:00:00+00:00,24.026,95.87249,23.325998
1577,2021-03-07 17:00:00+00:00,23.526,96.43976,22.925999
1578,2021-03-07 18:00:00+00:00,22.226,98.78897,22.026
1579,2021-03-07 19:00:00+00:00,22.425999,99.39378,22.325998
1580,2021-03-07 20:00:00+00:00,23.276,98.79844,23.075998
1581,2021-03-07 21:00:00+00:00,23.526,98.50283,23.276
1582,2021-03-07 22:00:00+00:00,23.726,97.912575,23.376
1583,2021-03-07 23:00:00+00:00,23.526,98.20577,23.226
1584,2021-03-08 00:00:00+00:00,23.726,97.32321,23.276
1585,2021-03-08 01:00:00+00:00,23.175999,98.20109,22.876
1586,2021-03-08 02:00:00+00:00,24.425999,92.19671,23.075998
1587,2021-03-08 03:00:00+00:00,26.425999,79.90394,22.675999
1588,2021-03-08 04:00:00+00:00,28.325998,66.8539,21.575998
1589,2021-03-08 05:00:00+00:00,29.925999,59.106354,21.075998
1590,2021-03-08 06:00:00+00:00,31.376,51.30927,20.126
1591,2021-03-08 07:00:00+00:00,31.976,47.780624,19.526
1592,2021-03-08 08:00:00+00:00,32.026,46.47421,19.126
1593,2021-03-08 09:00:00+00:00,31.575998,47.67543,19.126
1594,2021-03-08 10:00:00+00:00,30.776,51.315205,19.575998
1595,2021-03-08 11:00:00+00:00,29.575998,57.055836,20.175999
1596,2021-03-08 12:00:00+00:00,27.976,64.364975,20.626
1597,2021-03-08 13:00:00+00:00,25.876,76.958336,21.526
1598,2021-03-08 14:00:00+00:00,24.876,83.69355,21.925999
1599,2021-03-08 15:00:00+00:00,24.276,88.89158,22.325998
1600,2021-03-08 16:00:00+00:00,23.776,93.00372,22.575998
1601,2021-03-08 17:00:00+00:00,23.026,94.68223,22.126
1602,2021-03-08 18:00:00+00:00,22.276,95.818954,21.575998
1603,2021-03-08 19:00:00+00:00,21.976,96.99091,21.476
1604,2021-03-08 20:00:00+00:00,21.726,98.482544,21.476
1605,2021-03-08 21:00:00+00:00,21.575998,99.69454,21.526
1606,2021-03-08 22:00:00+00:00,21.276,100.0,21.276
1607,2021-03-08 23:00:00+00:00,21.276,100.0,21.276
1608,2021-03-09 00:00:00+00:00,22.325998,99.69626,22.276
1609,2021-03-09 01:00:00+00:00,22.376,99.393555,22.276
1610,2021-03-09 02:00:00+00:00,24.425999,91.3635,22.925999
1611,2021-03-09 03:00:00+00:00,26.776,75.93003,22.175999
1612,2021-03-09 04:00:00+00:00,28.776,64.93049,21.526
1613,2021-03-09 05:00:00+00:00,30.425999,54.00117,20.075998
1614,2021-03-09 06:00:00+00:00,31.776,47.284363,19.175999
1615,2021-03-09 07:00:00+00:00,32.376,47.14904,19.675999
1616,2021-03-09 08:00:00+00:00,32.076,51.014072,20.675999
1617,2021-03-09 09:00:00+00:00,31.425999,54.248497,21.075998
1618,2021-03-09 10:00:00+00:00,30.726,56.63066,21.126
1619,2021-03-09 11:00:00+00:00,29.825998,61.110004,21.526
1620,2021-03-09 12:00:00+00:00,28.476,67.29381,21.825998
1621,2021-03-09 13:00:00+00:00,26.675999,78.97439,22.726
1622,2021-03-09 14:00:00+00:00,25.925999,84.319046,23.075998
1623,2021-03-09 15:00:00+00:00,25.476,86.8621,23.126
1624,2021-03-09 16:00:00+00:00,25.026,89.489746,23.175999
1625,2021-03-09 17:00:00+00:00,24.276,93.028984,23.075998
1626,2021-03-09 18:00:00+00:00,23.425999,94.98575,22.575998
1627,2021-03-09 19:00:00+00:00,22.675999,96.711555,22.126
1628,2021-03-09 20:00:00+00:00,22.276,97.889915,21.925999
1629,2021-03-09 21:00:00+00:00,22.075998,98.48651,21.825998
1630,2021-03-09 22:00:00+00:00,21.776,99.39079,21.675999
1631,2021-03-09 23:00:00+00:00,21.675999,99.69477,21.626
1632,2021-03-10 00:00:00+00:00,22.876,98.79483,22.675999
1633,2021-03-10 01:00:00+00:00,23.026,98.19906,22.726
1634,2021-03-10 02:00:00+00:00,25.325998,88.43811,23.276
1635,2021-03-10 03:00:00+00:00,27.476,74.89514,22.626
1636,2021-03-10 04:00:00+00:00,29.376,62.715424,21.526
1637,2021-03-10 05:00:00+00:00,30.776,54.590607,20.575998
1638,2021-03-10 06:00:00+00:00,31.976,50.053284,20.276
1639,2021-03-10 07:00:00+00:00,32.576,48.2353,20.226
1640,2021-03-10 08:00:00+00:00,32.726,47.387634,20.075998
1641,2021-03-10 09:00:00+00:00,32.176003,49.48993,20.276
1642,2021-03-10 10:00:00+00:00,31.175999,53.194736,20.526
1643,2021-03-10 11:00:00+00:00,30.226,57.210865,20.825998
1644,2021-03-10 12:00:00+00:00,28.726,67.96156,22.226
1645,2021-03-10 13:00:00+00:00,26.876,78.287445,22.776
1646,2021-03-10 14:00:00+00:00,25.925999,84.57441,23.126
1647,2021-03-10 15:00:00+00:00,25.276,88.701546,23.276
1648,2021-03-10 16:00:00+00:00,24.776,91.93852,23.376
1649,2021-03-10 17:00:00+00:00,24.276,94.4451,23.325998
1650,2021-03-10 18:00:00+00:00,23.876,96.158066,23.226
1651,2021-03-10 19:00:00+00:00,23.425999,97.61221,23.026
1652,2021-03-10 20:00:00+00:00,23.776,97.3242,23.325998
1653,2021-03-10 21:00:00+00:00,24.075998,96.74539,23.526
1654,2021-03-10 22:00:00+00:00,24.376,95.02045,23.526
1655,2021-03-10 23:00:00+00:00,24.175999,95.58832,23.425999
1656,2021-03-11 00:00:00+00:00,24.626,90.55039,22.976
1657,2021-03-11 01:00:00+00:00,23.925999,93.860825,22.876
1658,2021-03-11 02:00:00+00:00,25.075998,89.22348,23.175999
1659,2021-03-11 03:00:00+00:00,27.075998,72.80495,21.776
1660,2021-03-11 04:00:00+00:00,29.226,58.580948,20.276
1661,2021-03-11 05:00:00+00:00,31.026,51.698383,19.925999
1662,2021-03-11 06:00:00+00:00,32.376,47.885593,19.925999
1663,2021-03-11 07:00:00+00:00,33.126,46.19022,20.026
1664,2021-03-11 08:00:00+00:00,32.976,48.788235,20.776
1665,2021-03-11 09:00:00+00:00,32.626,44.368412,18.925999
1666,2021-03-11 10:00:00+00:00,32.126,42.59825,17.825998
1667,2021-03-11 11:00:00+00:00,30.776,48.668007,18.726
1668,2021-03-11 12:00:00+00:00,28.776,60.31282,20.325998
1669,2021-03-11 13:00:00+00:00,26.526,73.83215,21.476
1670,2021-03-11 14:00:00+00:00,25.325998,83.23591,22.276
1671,2021-03-11 15:00:00+00:00,24.626,88.381,22.575998
1672,2021-03-11 16:00:00+00:00,24.226,91.35111,22.726
1673,2021-03-11 17:00:00+00:00,23.925999,93.5769,22.825998
1674,2021-03-11 18:00:00+00:00,23.526,95.277954,22.726
1675,2021-03-11 19:00:00+00:00,23.276,95.849686,22.575998
1676,2021-03-11 20:00:00+00:00,22.476,97.00207,21.976
1677,2021-03-11 21:00:00+00:00,22.026,98.18557,21.726
1678,2021-03-11 22:00:00+00:00,21.776,98.483116,21.526
1679,2021-03-11 23:00:00+00:00,21.425999,98.47913,21.175999
1680,2021-03-12 00:00:00+00:00,21.675999,98.18082,21.376
1681,2021-03-12 01:00:00+00:00,21.425999,98.1774,21.126
1682,2021-03-12 02:00:00+00:00,23.476,91.30442,21.976
1683,2021-03-12 03:00:00+00:00,25.825998,78.136475,21.726
1684,2021-03-12 04:00:00+00:00,28.226,62.46362,20.376
1685,2021-03-12 05:00:00+00:00,30.626,48.933887,18.675999
1686,2021-03-12 06:00:00+00:00,32.676003,32.0821,13.876
1687,2021-03-12 07:00:00+00:00,33.376,27.15162,11.926
1688,2021-03-12 08:00:00+00:00,33.126,28.83138,12.626
1689,2021-03-12 09:00:00+00:00,32.376,32.52391,13.826
1690,2021-03-12 10:00:00+00:00,31.526,37.117874,15.126
1691,2021-03-12 11:00:00+00:00,30.175999,45.259293,17.026
1692,2021-03-12 12:00:00+00:00,28.376,56.414497,18.876
1693,2021-03-12 13:00:00+00:00,25.675999,73.462265,20.575998
1694,2021-03-12 14:00:00+00:00,24.526,81.87991,21.226
1695,2021-03-12 15:00:00+00:00,23.226,89.35457,21.376
1696,2021-03-12 16:00:00+00:00,22.376,92.932236,21.175999
1697,2021-03-12 17:00:00+00:00,22.776,93.237465,21.626
1698,2021-03-12 18:00:00+00:00,22.726,94.670494,21.825998
1699,2021-03-12 19:00:00+00:00,20.976,97.56817,20.575998
1700,2021-03-12 20:00:00+00:00,20.376,99.69174,20.325998
1701,2021-03-12 21:00:00+00:00,19.776,99.69035,19.726
1702,2021-03-12 22:00:00+00:00,19.626,100.0,19.626
1703,2021-03-12 23:00:00+00:00,19.976,100.0,19.976
1704,2021-03-13 00:00:00+00:00,21.026,99.38734,20.925999
1705,2021-03-13 01:00:00+00:00,21.476,98.78212,21.276
1706,2021-03-13 02:00:00+00:00,22.876,91.2668,21.376
1707,2021-03-13 03:00:00+00:00,25.726,75.765114,21.126
1708,2021-03-13 04:00:00+00:00,27.976,61.070312,19.776
1709,2021-03-13 05:00:00+00:00,29.925999,51.097553,18.726
1710,2021-03-13 06:00:00+00:00,31.425999,45.737995,18.325998
1711,2021-03-13 07:00:00+00:00,32.426003,43.354355,18.376
1712,2021-03-13 08:00:00+00:00,32.726,43.43534,18.675999
1713,2021-03-13 09:00:00+00:00,32.326,41.592003,17.626
1714,2021-03-13 10:00:00+00:00,31.276,42.771374,17.126
1715,2021-03-13 11:00:00+00:00,30.026,46.96824,17.476
1716,2021-03-13 12:00:00+00:00,28.425999,54.347763,18.325998
1717,2021-03-13 13:00:00+00:00,26.226,68.94662,20.075998
1718,2021-03-13 14:00:00+00:00,24.976,79.2207,21.126
1719,2021-03-13 15:00:00+00:00,24.226,85.69364,21.675999
1720,2021-03-13 16:00:00+00:00,23.526,91.02959,21.976
1721,2021-03-13 17:00:00+00:00,22.925999,92.96046,21.726
1722,2021-03-13 18:00:00+00:00,22.126,94.937645,21.276
1723,2021-03-13 19:00:00+00:00,21.876,96.69195,21.325998
1724,2021-03-13 20:00:00+00:00,21.325998,98.17604,21.026
1725,2021-03-13 21:00:00+00:00,20.325998,99.691635,20.276
1726,2021-03-13 22:00:00+00:00,19.726,100.0,19.726
1727,2021-03-13 23:00:00+00:00,19.726,100.0,19.726
1728,2021-03-14 00:00:00+00:00,20.726,100.0,20.726
1729,2021-03-14 01:00:00+00:00,20.526,99.6921,20.476
1730,2021-03-14 02:00:00+00:00,23.276,90.182594,21.575998
1731,2021-03-14 03:00:00+00:00,25.876,75.55673,21.226
1732,2021-03-14 04:00:00+00:00,28.825998,57.945778,19.726
1733,2021-03-14 05:00:00+00:00,31.526,42.569496,17.276
1734,2021-03-14 06:00:00+00:00,33.426003,33.34406,15.126
1735,2021-03-14 07:00:00+00:00,34.126,31.85897,15.026
1736,2021-03-14 08:00:00+00:00,33.926003,33.481113,15.626
1737,2021-03-14 09:00:00+00:00,33.376,34.527466,15.626
1738,2021-03-14 10:00:00+00:00,32.226,38.890038,16.476
1739,2021-03-14 11:00:00+00:00,30.675999,47.43785,18.226
1740,2021-03-14 12:00:00+00:00,28.675999,61.60662,20.575998
1741,2021-03-14 13:00:00+00:00,26.526,77.056274,22.175999
1742,2021-03-14 14:00:00+00:00,25.526,84.02063,22.626
1743,2021-03-14 15:00:00+00:00,24.976,87.60973,22.776
1744,2021-03-14 16:00:00+00:00,24.376,91.91531,22.976
1745,2021-03-14 17:00:00+00:00,22.825998,95.253624,22.026
1746,2021-03-14 18:00:00+00:00,22.226,96.996506,21.726
1747,2021-03-14 19:00:00+00:00,22.026,98.78713,21.825998
1748,2021-03-14 20:00:00+00:00,22.226,99.09051,22.075998
1749,2021-03-14 21:00:00+00:00,22.075998,98.7876,21.876
1750,2021-03-14 22:00:00+00:00,22.126,98.1869,21.825998
1751,2021-03-14 23:00:00+00:00,21.126,99.08296,20.976
1752,2021-03-15 00:00:00+00:00,20.876,100.0,20.876
1753,2021-03-15 01:00:00+00:00,21.476,99.69429,21.425999
1754,2021-03-15 02:00:00+00:00,23.825998,91.048874,22.276
1755,2021-03-15 03:00:00+00:00,26.526,73.38135,21.376
1756,2021-03-15 04:00:00+00:00,29.276,57.872856,20.126
1757,2021-03-15 05:00:00+00:00,31.776,44.697456,18.276
1758,2021-03-15 06:00:00+00:00,33.376,40.07897,17.976
1759,2021-03-15 07:00:00+00:00,34.076,39.64447,18.425999
1760,2021-03-15 08:00:00+00:00,34.026,40.508698,18.726
1761,2021-03-15 09:00:00+00:00,33.076,45.326145,19.675999
1762,2021-03-15 10:00:00+00:00,31.925999,49.88598,20.175999
1763,2021-03-15 11:00:00+00:00,30.526,57.811756,21.276
1764,2021-03-15 12:00:00+00:00,28.526,67.71565,21.976
1765,2021-03-15 13:00:00+00:00,26.626,79.20728,22.726
1766,2021-03-15 14:00:00+00:00,25.876,83.804825,22.925999
1767,2021-03-15 15:00:00+00:00,25.425999,86.333534,22.976
1768,2021-03-15 16:00:00+00:00,24.476,91.6435,23.026
1769,2021-03-15 17:00:00+00:00,23.126,95.84508,22.425999
1770,2021-03-15 18:00:00+00:00,22.626,97.00542,22.126
1771,2021-03-15 19:00:00+00:00,22.376,98.79032,22.175999
1772,2021-03-15 20:00:00+00:00,21.526,100.0,21.526
1773,2021-03-15 21:00:00+00:00,20.876,100.0,20.876
1774,2021-03-15 22:00:00+00:00,21.126,100.0,21.126
1775,2021-03-15 23:00:00+00:00,21.126,100.0,21.126
1776,2021-03-16 00:00:00+00:00,22.675999,99.69707,22.626
1777,2021-03-16 01:00:00+00:00,22.876,99.697495,22.825998
1778,2021-03-16 02:00:00+00:00,25.175999,90.04269,23.425999
1779,2021-03-16 03:00:00+00:00,26.925999,75.95348,22.325998
1780,2021-03-16 04:00:00+00:00,29.226,60.6014,20.825998
1781,2021-03-16 05:00:00+00:00,31.626,48.587227,19.476
1782,2021-03-16 06:00:00+00:00,33.576,39.01375,17.726
1783,2021-03-16 07:00:00+00:00,34.526,36.077724,17.325998
1784,2021-03-16 08:00:00+00:00,34.676003,36.462166,17.626
1785,2021-03-16 09:00:00+00:00,33.826,37.513252,17.325998
1786,2021-03-16 10:00:00+00:00,32.476,41.632847,17.776
1787,2021-03-16 11:00:00+00:00,30.825998,52.454056,19.976
1788,2021-03-16 12:00:00+00:00,28.825998,68.395744,22.425999
1789,2021-03-16 13:00:00+00:00,27.026,80.225945,23.325998
1790,2021-03-16 14:00:00+00:00,26.175999,84.85646,23.425999
1791,2021-03-16 15:00:00+00:00,25.425999,88.179695,23.325998
1792,2021-03-16 16:00:00+00:00,24.175999,94.726746,23.276
1793,2021-03-16 17:00:00+00:00,23.425999,96.729744,22.876
1794,2021-03-16 18:00:00+00:00,22.825998,98.19639,22.526
1795,2021-03-16 19:00:00+00:00,22.575998,99.09289,22.425999
1796,2021-03-16 20:00:00+00:00,22.575998,98.79213,22.376
1797,2021-03-16 21:00:00+00:00,22.526,99.39422,22.425999
1798,2021-03-16 22:00:00+00:00,22.126,99.695786,22.075998
1799,2021-03-16 23:00:00+00:00,20.976,100.0,20.976
1800,2021-03-17 00:00:00+00:00,21.425999,100.0,21.425999
1801,2021-03-17 01:00:00+00:00,21.026,100.0,21.026
1802,2021-03-17 02:00:00+00:00,23.776,92.16007,22.425999
1803,2021-03-17 03:00:00+00:00,26.575998,77.7703,22.376
1804,2021-03-17 04:00:00+00:00,29.526,60.112926,20.976
1805,2021-03-17 05:00:00+00:00,31.575998,49.950157,19.876
1806,2021-03-17 06:00:00+00:00,32.776,45.528378,19.476
1807,2021-03-17 07:00:00+00:00,33.226,43.84223,19.276
1808,2021-03-17 08:00:00+00:00,33.076,42.989635,18.825998
1809,2021-03-17 09:00:00+00:00,32.776,42.64064,18.425999
1810,2021-03-17 10:00:00+00:00,32.126,44.09564,18.376
1811,2021-03-17 11:00:00+00:00,30.825998,50.22318,19.276
1812,2021-03-17 12:00:00+00:00,28.726,61.42818,20.575998
1813,2021-03-17 13:00:00+00:00,26.825998,75.247215,22.075998
1814,2021-03-17 14:00:00+00:00,26.026,82.56225,22.825998
1815,2021-03-17 15:00:00+00:00,25.276,87.63574,23.075998
1816,2021-03-17 16:00:00+00:00,24.825998,90.83793,23.226
1817,2021-03-17 17:00:00+00:00,24.325998,93.595535,23.226
1818,2021-03-17 18:00:00+00:00,24.026,95.00769,23.175999
1819,2021-03-17 19:00:00+00:00,23.575998,96.44108,22.976
1820,2021-03-17 20:00:00+00:00,23.126,97.31127,22.675999
1821,2021-03-17 21:00:00+00:00,22.976,98.19839,22.675999
1822,2021-03-17 22:00:00+00:00,22.726,98.49386,22.476
1823,2021-03-17 23:00:00+00:00,22.425999,98.490486,22.175999
1824,2021-03-18 00:00:00+00:00,23.376,97.611305,22.976
1825,2021-03-18 01:00:00+00:00,23.226,97.90479,22.876
1826,2021-03-18 02:00:00+00:00,25.075998,88.68563,23.075998
1827,2021-03-18 03:00:00+00:00,27.376,74.87898,22.526
1828,2021-03-18 04:00:00+00:00,29.626,60.878265,21.276
1829,2021-03-18 05:00:00+00:00,31.575998,49.181557,19.626
1830,2021-03-18 06:00:00+00:00,33.326,37.49478,16.876
1831,2021-03-18 07:00:00+00:00,34.126,32.68796,15.426
1832,2021-03-18 08:00:00+00:00,34.076,32.77925,15.426
1833,2021-03-18 09:00:00+00:00,33.126,36.615726,16.325998
1834,2021-03-18 10:00:00+00:00,32.276,37.564102,15.976
1835,2021-03-18 11:00:00+00:00,30.876,44.314842,17.325998
1836,2021-03-18 12:00:00+00:00,28.925999,58.329765,19.925999
1837,2021-03-18 13:00:00+00:00,27.075998,71.70058,21.526
1838,2021-03-18 14:00:00+00:00,26.075998,78.8906,22.126
1839,2021-03-18 15:00:00+00:00,25.175999,84.23811,22.325998
1840,2021-03-18 16:00:00+00:00,24.226,89.70223,22.425999
1841,2021-03-18 17:00:00+00:00,23.626,92.713844,22.376
1842,2021-03-18 18:00:00+00:00,22.876,94.67637,21.976
1843,2021-03-18 19:00:00+00:00,22.175999,96.40405,21.575998
1844,2021-03-18 20:00:00+00:00,22.325998,96.702995,21.776
1845,2021-03-18 21:00:00+00:00,22.075998,98.48651,21.825998
1846,2021-03-18 22:00:00+00:00,21.226,100.0,21.226
1847,2021-03-18 23:00:00+00:00,20.626,100.0,20.626
1848,2021-03-19 00:00:00+00:00,22.675999,97.89622,22.325998
1849,2021-03-19 01:00:00+00:00,22.675999,96.41734,22.075998
1850,2021-03-19 02:00:00+00:00,24.376,86.76084,22.026
1851,2021-03-19 03:00:00+00:00,26.976,73.233795,21.776
1852,2021-03-19 04:00:00+00:00,28.575998,63.509678,20.976
1853,2021-03-19 05:00:00+00:00,30.226,53.784565,19.825998
1854,2021-03-19 06:00:00+00:00,31.726,45.818092,18.626
1855,2021-03-19 07:00:00+00:00,32.576,41.2685,17.726
1856,2021-03-19 08:00:00+00:00,32.876,39.56576,17.325998
1857,2021-03-19 09:00:00+00:00,32.526,38.848988,16.726
1858,2021-03-19 10:00:00+00:00,31.675999,42.342007,17.325998
1859,2021-03-19 11:00:00+00:00,30.376,52.34036,19.526
1860,2021-03-19 12:00:00+00:00,28.575998,59.89545,20.026
1861,2021-03-19 13:00:00+00:00,26.876,69.071495,20.726
1862,2021-03-19 14:00:00+00:00,25.976,75.57261,21.325998
1863,2021-03-19 15:00:00+00:00,25.126,81.454506,21.726
1864,2021-03-19 16:00:00+00:00,24.075998,88.066925,21.976
1865,2021-03-19 17:00:00+00:00,23.026,93.53472,21.925999
1866,2021-03-19 18:00:00+00:00,22.526,95.243126,21.726
1867,2021-03-19 19:00:00+00:00,21.925999,96.98978,21.425999
1868,2021-03-19 20:00:00+00:00,21.476,97.57726,21.075998
1869,2021-03-19 21:00:00+00:00,21.376,97.87568,21.026
1870,2021-03-19 22:00:00+00:00,21.226,98.174644,20.925999
1871,2021-03-19 23:00:00+00:00,21.026,98.171906,20.726
1872,2021-03-20 00:00:00+00:00,20.675999,100.0,20.726
1873,2021-03-20 01:00:00+00:00,21.175999,99.083305,21.026
1874,2021-03-20 02:00:00+00:00,23.825998,90.22111,22.126
1875,2021-03-20 03:00:00+00:00,26.425999,77.51203,22.175999
1876,2021-03-20 04:00:00+00:00,29.175999,58.388515,20.175999
1877,2021-03-20 05:00:00+00:00,31.726,43.711994,17.876
1878,2021-03-20 06:00:00+00:00,33.526,35.46291,16.175999
1879,2021-03-20 07:00:00+00:00,34.276,35.219063,16.726
1880,2021-03-20 08:00:00+00:00,34.476,34.608696,16.626
1881,2021-03-20 09:00:00+00:00,34.076,31.43784,14.776
1882,2021-03-20 10:00:00+00:00,32.926003,36.32819,16.026
1883,2021-03-20 11:00:00+00:00,31.026,47.97843,18.726
1884,2021-03-20 12:00:00+00:00,28.675999,61.227905,20.476
1885,2021-03-20 13:00:00+00:00,26.575998,74.74918,21.726
1886,2021-03-20 14:00:00+00:00,25.526,83.00614,22.425999
1887,2021-03-20 15:00:00+00:00,24.876,86.80701,22.526
1888,2021-03-20 16:00:00+00:00,23.976,92.73227,22.726
1889,2021-03-20 17:00:00+00:00,22.876,95.54601,22.126
1890,2021-03-20 18:00:00+00:00,22.675999,97.3023,22.226
1891,2021-03-20 19:00:00+00:00,22.075998,99.08949,21.925999
1892,2021-03-20 20:00:00+00:00,21.626,99.69465,21.575998
1893,2021-03-20 21:00:00+00:00,21.026,100.0,21.026
1894,2021-03-20 22:00:00+00:00,21.226,99.693726,21.175999
1895,2021-03-20 23:00:00+00:00,21.825998,100.0,21.825998
1896,2021-03-21 00:00:00+00:00,22.526,99.39422,22.425999
1897,2021-03-21 01:00:00+00:00,22.925999,99.39605,22.825998
1898,2021-03-21 02:00:00+00:00,24.026,93.86527,22.976
1899,2021-03-21 03:00:00+00:00,26.276,80.37032,22.626
1900,2021-03-21 04:00:00+00:00,28.925999,63.196266,21.226
1901,2021-03-21 05:00:00+00:00,31.476,46.618813,18.675999
1902,2021-03-21 06:00:00+00:00,33.476,37.180832,16.876
1903,2021-03-21 07:00:00+00:00,34.526,33.007458,15.926
1904,2021-03-21 08:00:00+00:00,35.026,29.154665,14.426
1905,2021-03-21 09:00:00+00:00,34.526,28.926207,13.876
1906,2021-03-21 10:00:00+00:00,33.026,35.43861,15.726
1907,2021-03-21 11:00:00+00:00,31.425999,42.14029,17.026
1908,2021-03-21 12:00:00+00:00,29.425999,59.538017,20.726
1909,2021-03-21 13:00:00+00:00,27.425999,73.98253,22.376
1910,2021-03-21 14:00:00+00:00,26.526,82.87101,23.376
1911,2021-03-21 15:00:00+00:00,26.175999,84.85646,23.425999
1912,2021-03-21 16:00:00+00:00,25.825998,87.15643,23.526
1913,2021-03-21 17:00:00+00:00,25.425999,89.78955,23.626
1914,2021-03-21 18:00:00+00:00,24.925999,93.34209,23.776
1915,2021-03-21 19:00:00+00:00,24.476,95.59801,23.726
1916,2021-03-21 20:00:00+00:00,24.075998,96.74539,23.526
1917,2021-03-21 21:00:00+00:00,23.776,97.03081,23.276
1918,2021-03-21 22:00:00+00:00,23.325998,98.203094,23.026
1919,2021-03-21 23:00:00+00:00,23.026,98.49723,22.776
1920,2021-03-22 00:00:00+00:00,23.175999,99.39719,23.075998
1921,2021-03-22 01:00:00+00:00,23.476,98.50227,23.226
1922,2021-03-22 02:00:00+00:00,25.376,88.97753,23.425999
1923,2021-03-22 03:00:00+00:00,26.626,82.13582,23.325998
1924,2021-03-22 04:00:00+00:00,28.976,67.18831,22.276
1925,2021-03-22 05:00:00+00:00,31.876,48.95516,19.825998
1926,2021-03-22 06:00:00+00:00,33.776,37.856586,17.425999
1927,2021-03-22 07:00:00+00:00,34.426003,34.26659,16.425999
1928,2021-03-22 08:00:00+00:00,34.626,31.689024,15.376
1929,2021-03-22 09:00:00+00:00,33.926003,34.020782,15.876
1930,2021-03-22 10:00:00+00:00,32.826,37.955982,16.626
1931,2021-03-22 11:00:00+00:00,31.376,45.296146,18.126
1932,2021-03-22 12:00:00+00:00,29.425999,57.196667,20.075998
1933,2021-03-22 13:00:00+00:00,26.876,77.57836,22.626
1934,2021-03-22 14:00:00+00:00,25.776,86.62776,23.376
1935,2021-03-22 15:00:00+00:00,25.126,89.767815,23.325998
1936,2021-03-22 16:00:00+00:00,24.476,92.47861,23.175999
1937,2021-03-22 17:00:00+00:00,23.726,94.42279,22.776
1938,2021-03-22 18:00:00+00:00,23.026,95.55092,22.276
1939,2021-03-22 19:00:00+00:00,22.425999,97.00097,21.925999
1940,2021-03-22 20:00:00+00:00,21.776,98.78487,21.575998
1941,2021-03-22 21:00:00+00:00,21.425999,100.0,21.425999
1942,2021-03-22 22:00:00+00:00,21.226,100.0,21.226
1943,2021-03-22 23:00:00+00:00,21.325998,100.0,21.325998
1944,2021-03-23 00:00:00+00:00,22.876,100.0,22.876
1945,2021-03-23 01:00:00+00:00,23.825998,98.506165,23.575998
1946,2021-03-23 02:00:00+00:00,25.526,88.187965,23.425999
1947,2021-03-23 03:00:00+00:00,27.626,74.692566,22.726
1948,2021-03-23 04:00:00+00:00,29.376,64.85776,22.075998
1949,2021-03-23 05:00:00+00:00,31.126,56.380104,21.425999
1950,2021-03-23 06:00:00+00:00,32.726,47.977245,20.276
1951,2021-03-23 07:00:00+00:00,33.576,43.258854,19.376
1952,2021-03-23 08:00:00+00:00,33.576,41.28149,18.626
1953,2021-03-23 09:00:00+00:00,32.976,40.732246,17.876
1954,2021-03-23 10:00:00+00:00,31.876,45.00543,18.476
1955,2021-03-23 11:00:00+00:00,30.476,51.87996,19.476
1956,2021-03-23 12:00:00+00:00,29.126,59.652557,20.476
1957,2021-03-23 13:00:00+00:00,27.226,69.77787,21.226
1958,2021-03-23 14:00:00+00:00,26.175999,77.949036,22.026
1959,2021-03-23 15:00:00+00:00,25.325998,84.51066,22.526
1960,2021-03-23 16:00:00+00:00,24.476,91.36659,22.976
1961,2021-03-23 17:00:00+00:00,23.675999,95.28314,22.876
1962,2021-03-23 18:00:00+00:00,23.476,95.85578,22.776
1963,2021-03-23 19:00:00+00:00,22.976,97.013176,22.476
1964,2021-03-23 20:00:00+00:00,22.325998,98.48934,22.075998
1965,2021-03-23 21:00:00+00:00,21.726,99.39057,21.626
1966,2021-03-23 22:00:00+00:00,21.726,100.0,21.726
1967,2021-03-23 23:00:00+00:00,21.876,100.0,21.876
1968,2021-03-24 00:00:00+00:00,22.876,99.697495,22.825998
1969,2021-03-24 01:00:00+00:00,24.126,96.165115,23.476
1970,2021-03-24 02:00:00+00:00,25.825998,86.37144,23.376
1971,2021-03-24 03:00:00+00:00,27.825998,74.27374,22.825998
1972,2021-03-24 04:00:00+00:00,29.575998,64.309525,22.126
1973,2021-03-24 05:00:00+00:00,31.526,54.43985,21.226
1974,2021-03-24 06:00:00+00:00,33.226,46.936214,20.376
1975,2021-03-24 07:00:00+00:00,34.276,42.779415,19.825998
1976,2021-03-24 08:00:00+00:00,34.326,43.460365,20.126
1977,2021-03-24 09:00:00+00:00,33.526,45.58661,20.175999
1978,2021-03-24 10:00:00+00:00,32.576,46.475437,19.626
1979,2021-03-24 11:00:00+00:00,31.425999,50.534103,19.925999
1980,2021-03-24 12:00:00+00:00,29.626,62.38748,21.675999
1981,2021-03-24 13:00:00+00:00,27.476,76.039116,22.876
1982,2021-03-24 14:00:00+00:00,26.476,83.87107,23.526
1983,2021-03-24 15:00:00+00:00,25.776,89.00856,23.825998
1984,2021-03-24 16:00:00+00:00,24.626,95.029526,23.776
1985,2021-03-24 17:00:00+00:00,24.126,95.586716,23.376
1986,2021-03-24 18:00:00+00:00,24.075998,95.58509,23.325998
1987,2021-03-24 19:00:00+00:00,23.226,98.20172,22.925999
1988,2021-03-24 20:00:00+00:00,23.626,98.50394,23.376
1989,2021-03-24 21:00:00+00:00,22.526,99.39422,22.425999
1990,2021-03-24 22:00:00+00:00,21.776,100.0,21.776
1991,2021-03-24 23:00:00+00:00,21.526,100.0,21.526
1992,2021-03-25 00:00:00+00:00,23.575998,99.09965,23.425999
1993,2021-03-25 01:00:00+00:00,23.776,98.80292,23.575998
1994,2021-03-25 02:00:00+00:00,25.276,91.96737,23.876
1995,2021-03-25 03:00:00+00:00,27.776,78.17992,23.626
1996,2021-03-25 04:00:00+00:00,30.425999,60.686707,21.976
1997,2021-03-25 05:00:00+00:00,32.776,47.99032,20.325998
1998,2021-03-25 06:00:00+00:00,34.526,40.3921,19.126
1999,2021-03-25 07:00:00+00:00,35.526,36.237206,18.276
2000,2021-03-25 08:00:00+00:00,35.726,33.440216,17.175999
2001,2021-03-25 09:00:00+00:00,35.326,32.598194,16.425999
2002,2021-03-25 10:00:00+00:00,34.126,35.854313,16.876
2003,2021-03-25 11:00:00+00:00,32.276,42.3716,17.876
2004,2021-03-25 12:00:00+00:00,30.276,57.75279,21.026
2005,2021-03-25 13:00:00+00:00,28.075998,72.316,22.626
2006,2021-03-25 14:00:00+00:00,26.925999,81.67829,23.526
2007,2021-03-25 15:00:00+00:00,26.175999,87.450165,23.925999
2008,2021-03-25 16:00:00+00:00,25.726,90.89647,24.126
2009,2021-03-25 17:00:00+00:00,25.126,93.91403,24.075998
2010,2021-03-25 18:00:00+00:00,24.925999,95.04039,24.075998
2011,2021-03-25 19:00:00+00:00,24.175999,97.03956,23.675999
2012,2021-03-25 20:00:00+00:00,23.325998,99.09797,23.175999
2013,2021-03-25 21:00:00+00:00,22.726,100.0,22.726
2014,2021-03-25 22:00:00+00:00,22.925999,100.0,22.925999
2015,2021-03-25 23:00:00+00:00,22.776,100.0,22.776
2016,2021-03-26 00:00:00+00:00,24.575998,99.403465,24.476
2017,2021-03-26 01:00:00+00:00,24.776,95.60766,24.026
2018,2021-03-26 02:00:00+00:00,25.675999,89.53796,23.825998
2019,2021-03-26 03:00:00+00:00,27.626,75.603355,22.925999
2020,2021-03-26 04:00:00+00:00,30.175999,62.698288,22.276
2021,2021-03-26 05:00:00+00:00,32.526,51.443348,21.226
2022,2021-03-26 06:00:00+00:00,34.376,43.072216,20.026
2023,2021-03-26 07:00:00+00:00,35.176003,39.696156,19.425999
2024,2021-03-26 08:00:00+00:00,35.026,38.799595,18.925999
2025,2021-03-26 09:00:00+00:00,34.076,40.90371,18.925999
2026,2021-03-26 10:00:00+00:00,32.476,45.73232,19.276
2027,2021-03-26 11:00:00+00:00,31.575998,51.678265,20.425999
2028,2021-03-26 12:00:00+00:00,30.325998,63.497574,22.626
2029,2021-03-26 13:00:00+00:00,27.976,78.444046,23.876
2030,2021-03-26 14:00:00+00:00,26.825998,87.2455,24.526
2031,2021-03-26 15:00:00+00:00,26.226,91.47383,24.726
2032,2021-03-26 16:00:00+00:00,25.825998,94.5073,24.876
2033,2021-03-26 17:00:00+00:00,25.675999,95.06738,24.825998
2034,2021-03-26 18:00:00+00:00,25.276,95.9101,24.575998
2035,2021-03-26 19:00:00+00:00,25.276,96.48527,24.675999
2036,2021-03-26 20:00:00+00:00,25.126,97.642044,24.726
2037,2021-03-26 21:00:00+00:00,24.376,99.10502,24.226
2038,2021-03-26 22:00:00+00:00,24.325998,99.40236,24.226
2039,2021-03-26 23:00:00+00:00,24.276,99.402115,24.175999
2040,2021-03-27 00:00:00+00:00,25.276,98.81616,25.075998
2041,2021-03-27 01:00:00+00:00,25.075998,98.22628,24.776
2042,2021-03-27 02:00:00+00:00,26.425999,88.52705,24.376
2043,2021-03-27 03:00:00+00:00,28.276,74.57248,23.325998
2044,2021-03-27 04:00:00+00:00,30.726,58.930103,21.776
2045,2021-03-27 05:00:00+00:00,32.926003,48.177868,20.526
2046,2021-03-27 06:00:00+00:00,34.876,39.001614,18.876
2047,2021-03-27 07:00:00+00:00,36.026,35.36317,18.325998
2048,2021-03-27 08:00:00+00:00,36.376,35.90439,18.876
2049,2021-03-27 09:00:00+00:00,36.026,36.14681,18.675999
2050,2021-03-27 10:00:00+00:00,34.426003,39.24586,18.575998
2051,2021-03-27 11:00:00+00:00,32.126,50.86993,20.675999
2052,2021-03-27 12:00:00+00:00,30.226,62.709145,22.325998
2053,2021-03-27 13:00:00+00:00,27.976,76.577194,23.476
2054,2021-03-27 14:00:00+00:00,26.876,85.44008,24.226
2055,2021-03-27 15:00:00+00:00,26.175999,91.47081,24.675999
2056,2021-03-27 16:00:00+00:00,25.776,94.5053,24.825998
2057,2021-03-27 17:00:00+00:00,25.476,95.34475,24.675999
2058,2021-03-27 18:00:00+00:00,24.876,97.34585,24.425999
2059,2021-03-27 19:00:00+00:00,24.175999,98.51004,23.925999
2060,2021-03-27 20:00:00+00:00,24.276,98.80735,24.075998
2061,2021-03-27 21:00:00+00:00,24.175999,99.10368,24.026
2062,2021-03-27 22:00:00+00:00,23.876,98.2104,23.575998
2063,2021-03-27 23:00:00+00:00,23.425999,97.61221,23.026
2064,2021-03-28 00:00:00+00:00,23.325998,98.500595,23.075998
2065,2021-03-28 01:00:00+00:00,23.526,97.61398,23.126
2066,2021-03-28 02:00:00+00:00,25.726,87.4107,23.476
2067,2021-03-28 03:00:00+00:00,28.425999,70.85778,22.626
2068,2021-03-28 04:00:00+00:00,31.276,55.219437,21.226
2069,2021-03-28 05:00:00+00:00,33.626,44.63616,19.925999
2070,2021-03-28 06:00:00+00:00,35.376,37.58297,18.726
2071,2021-03-28 07:00:00+00:00,36.176003,35.626373,18.575998
2072,2021-03-28 08:00:00+00:00,36.126,35.948605,18.675999
2073,2021-03-28 09:00:00+00:00,35.676003,32.07617,16.476
2074,2021-03-28 10:00:00+00:00,34.376,35.358406,16.876
2075,2021-03-28 11:00:00+00:00,32.276,46.395927,19.325998
2076,2021-03-28 12:00:00+00:00,30.226,61.95029,22.126
2077,2021-03-28 13:00:00+00:00,28.476,75.50927,23.726
2078,2021-03-28 14:00:00+00:00,27.376,84.221436,24.476
2079,2021-03-28 15:00:00+00:00,26.776,86.980286,24.425999
2080,2021-03-28 16:00:00+00:00,26.325998,90.66391,24.675999
2081,2021-03-28 17:00:00+00:00,26.026,94.51523,25.075998
2082,2021-03-28 18:00:00+00:00,25.726,95.06918,24.876
2083,2021-03-28 19:00:00+00:00,25.276,96.48527,24.675999
2084,2021-03-28 20:00:00+00:00,24.925999,97.638565,24.526
2085,2021-03-28 21:00:00+00:00,24.626,98.51503,24.376
2086,2021-03-28 22:00:00+00:00,24.325998,98.807816,24.126
2087,2021-03-28 23:00:00+00:00,24.026,98.80513,23.825998
2088,2021-03-29 00:00:00+00:00,24.276,99.700676,24.226
2089,2021-03-29 01:00:00+00:00,24.425999,97.92338,24.075998
2090,2021-03-29 02:00:00+00:00,26.026,86.65097,23.626
2091,2021-03-29 03:00:00+00:00,28.126,72.764694,22.776
2092,2021-03-29 04:00:00+00:00,30.726,60.018692,22.075998
2093,2021-03-29 05:00:00+00:00,33.226,48.853092,21.026
2094,2021-03-29 06:00:00+00:00,35.326,38.639786,19.126
2095,2021-03-29 07:00:00+00:00,36.826,31.480343,17.175999
2096,2021-03-29 08:00:00+00:00,37.176003,31.376072,17.425999
2097,2021-03-29 09:00:00+00:00,36.376,37.04085,19.376
2098,2021-03-29 10:00:00+00:00,34.776,40.45996,19.376
2099,2021-03-29 11:00:00+00:00,33.076,48.06872,20.626
2100,2021-03-29 12:00:00+00:00,30.825998,61.51973,22.575998
2101,2021-03-29 13:00:00+00:00,28.425999,80.16937,24.675999
2102,2021-03-29 14:00:00+00:00,27.175999,90.45089,25.476
2103,2021-03-29 15:00:00+00:00,26.526,93.4184,25.376
2104,2021-03-29 16:00:00+00:00,26.126,94.5192,25.175999
2105,2021-03-29 17:00:00+00:00,25.726,93.660034,24.626
2106,2021-03-29 18:00:00+00:00,25.226,93.07662,24.026
2107,2021-03-29 19:00:00+00:00,24.726,94.17945,23.726
2108,2021-03-29 20:00:00+00:00,24.175999,93.58854,23.075998
2109,2021-03-29 21:00:00+00:00,23.526,92.14592,22.175999
2110,2021-03-29 22:00:00+00:00,23.276,88.54077,21.276
2111,2021-03-29 23:00:00+00:00,23.276,85.598694,20.726
2112,2021-03-30 00:00:00+00:00,23.276,90.45881,21.626
2113,2021-03-30 01:00:00+00:00,24.075998,87.26445,21.825998
2114,2021-03-30 02:00:00+00:00,26.476,79.91064,22.726
2115,2021-03-30 03:00:00+00:00,29.376,69.3356,23.175999
2116,2021-03-30 04:00:00+00:00,32.326,56.323944,22.526
2117,2021-03-30 05:00:00+00:00,34.776,42.649544,20.226
2118,2021-03-30 06:00:00+00:00,36.776,34.04432,18.376
2119,2021-03-30 07:00:00+00:00,38.476,27.094624,16.226
2120,2021-03-30 08:00:00+00:00,39.526,23.108452,14.626
2121,2021-03-30 09:00:00+00:00,39.726,20.606358,13.026
2122,2021-03-30 10:00:00+00:00,39.126,22.93362,14.176
2123,2021-03-30 11:00:00+00:00,36.176003,45.31269,22.476
2124,2021-03-30 12:00:00+00:00,32.476,57.56773,23.026
2125,2021-03-30 13:00:00+00:00,29.476,73.65567,24.276
2126,2021-03-30 14:00:00+00:00,28.226,82.08211,24.876
2127,2021-03-30 15:00:00+00:00,27.626,87.57608,25.376
2128,2021-03-30 16:00:00+00:00,27.325998,87.029854,24.976
2129,2021-03-30 17:00:00+00:00,26.976,84.68503,24.175999
2130,2021-03-30 18:00:00+00:00,26.876,79.24172,22.976
2131,2021-03-30 19:00:00+00:00,26.626,76.138275,22.075998
2132,2021-03-30 20:00:00+00:00,26.075998,77.697044,21.876
2133,2021-03-30 21:00:00+00:00,25.825998,78.37552,21.776
2134,2021-03-30 22:00:00+00:00,25.575998,78.1003,21.476
2135,2021-03-30 23:00:00+00:00,25.075998,78.02772,20.976
2136,2021-03-31 00:00:00+00:00,24.976,80.44463,21.376
2137,2021-03-31 01:00:00+00:00,25.726,76.46555,21.276
2138,2021-03-31 02:00:00+00:00,28.175999,67.02865,21.476
2139,2021-03-31 03:00:00+00:00,30.976,56.171593,21.226
2140,2021-03-31 04:00:00+00:00,34.176003,42.09391,19.476
2141,2021-03-31 05:00:00+00:00,36.826,31.480343,17.175999
2142,2021-03-31 06:00:00+00:00,38.776,27.43348,16.675999
2143,2021-03-31 07:00:00+00:00,40.376,24.079973,15.976
2144,2021-03-31 08:00:00+00:00,40.976,21.804949,14.926
2145,2021-03-31 09:00:00+00:00,39.676003,29.279846,18.476
2146,2021-03-31 10:00:00+00:00,36.976,45.24887,23.175999
2147,2021-03-31 11:00:00+00:00,35.076,48.293793,22.526
2148,2021-03-31 12:00:00+00:00,32.976,62.177864,24.776
2149,2021-03-31 13:00:00+00:00,30.476,72.73086,25.026
2150,2021-03-31 14:00:00+00:00,29.276,80.04258,25.476
2151,2021-03-31 15:00:00+00:00,28.726,83.61868,25.675999
2152,2021-03-31 16:00:00+00:00,27.976,85.04209,25.226
2153,2021-03-31 17:00:00+00:00,28.075998,81.08859,24.526
2154,2021-03-31 18:00:00+00:00,27.776,81.050674,24.226
2155,2021-03-31 19:00:00+00:00,27.276,82.46129,24.026
2156,2021-03-31 20:00:00+00:00,26.976,82.17798,23.675999
2157,2021-03-31 21:00:00+00:00,26.825998,80.92986,23.276
2158,2021-03-31 22:00:00+00:00,27.075998,76.67212,22.626
2159,2021-03-31 23:00:00+00:00,26.925999,75.95348,22.325998
2160,2021-04-01 00:00:00+00:00,25.675999,87.40629,23.425999
2161,2021-04-01 01:00:00+00:00,26.226,85.11788,23.526
2162,2021-04-01 02:00:00+00:00,28.876,72.01928,23.325998
2163,2021-04-01 03:00:00+00:00,32.226,47.402985,19.626
2164,2021-04-01 04:00:00+00:00,34.776,36.951794,17.925999
2165,2021-04-01 05:00:00+00:00,36.976,30.635635,16.876
2166,2021-04-01 06:00:00+00:00,38.876,25.600758,15.676
2167,2021-04-01 07:00:00+00:00,40.326,20.819279,13.676
2168,2021-04-01 08:00:00+00:00,41.076,17.548307,11.676
2169,2021-04-01 09:00:00+00:00,40.776,17.193008,11.126
2170,2021-04-01 10:00:00+00:00,37.076,44.0592,22.825998
2171,2021-04-01 11:00:00+00:00,34.626,48.619377,22.226
2172,2021-04-01 12:00:00+00:00,32.676003,59.021923,23.626
2173,2021-04-01 13:00:00+00:00,29.776,77.30713,25.376
2174,2021-04-01 14:00:00+00:00,28.776,81.17666,25.226
2175,2021-04-01 15:00:00+00:00,28.175999,83.80681,25.175999
2176,2021-04-01 16:00:00+00:00,27.925999,85.29049,25.226
2177,2021-04-01 17:00:00+00:00,27.675999,81.770386,24.276
2178,2021-04-01 18:00:00+00:00,27.425999,83.97517,24.476
2179,2021-04-01 19:00:00+00:00,27.376,84.221436,24.476
2180,2021-04-01 20:00:00+00:00,27.226,83.45138,24.175999
2181,2021-04-01 21:00:00+00:00,26.876,84.67453,24.075998
2182,2021-04-01 22:00:00+00:00,26.776,84.9187,24.026
2183,2021-04-01 23:00:00+00:00,26.526,85.404976,23.876
2184,2021-04-02 00:00:00+00:00,26.526,90.40692,24.825998
2185,2021-04-02 01:00:00+00:00,27.126,87.272026,24.825998
2186,2021-04-02 02:00:00+00:00,30.075998,62.29586,22.075998
2187,2021-04-02 03:00:00+00:00,32.926003,35.638435,15.726
2188,2021-04-02 04:00:00+00:00,34.726,34.13122,16.626
2189,2021-04-02 05:00:00+00:00,36.676003,31.43985,17.026
2190,2021-04-02 06:00:00+00:00,38.426003,27.691729,16.526
2191,2021-04-02 07:00:00+00:00,39.776,23.698689,15.226
2192,2021-04-02 08:00:00+00:00,40.626,20.959888,14.026
2193,2021-04-02 09:00:00+00:00,41.176003,19.136156,13.076
2194,2021-04-02 10:00:00+00:00,41.276,18.4828,12.626
2195,2021-04-02 11:00:00+00:00,40.276,19.049688,12.276
2196,2021-04-02 12:00:00+00:00,35.376,41.001377,20.126
2197,2021-04-02 13:00:00+00:00,31.126,60.29242,22.526
2198,2021-04-02 14:00:00+00:00,29.976,64.78601,22.626
2199,2021-04-02 15:00:00+00:00,29.425999,64.67089,22.075998
2200,2021-04-02 16:00:00+00:00,28.675999,69.62484,22.575998
2201,2021-04-02 17:00:00+00:00,27.976,74.07383,22.925999
2202,2021-04-02 18:00:00+00:00,26.526,75.659706,21.876
2203,2021-04-02 19:00:00+00:00,26.175999,75.37332,21.476
2204,2021-04-02 20:00:00+00:00,27.075998,69.32252,20.976
2205,2021-04-02 21:00:00+00:00,26.976,68.245094,20.626
2206,2021-04-02 22:00:00+00:00,26.575998,68.16678,20.226
2207,2021-04-02 23:00:00+00:00,26.776,65.517746,19.776
2208,2021-04-03 00:00:00+00:00,26.325998,72.22966,20.925999
2209,2021-04-03 01:00:00+00:00,26.976,71.24487,21.325998
2210,2021-04-03 02:00:00+00:00,29.376,64.66039,22.026
2211,2021-04-03 03:00:00+00:00,31.925999,57.090244,22.376
2212,2021-04-03 04:00:00+00:00,34.576,48.164234,22.026
2213,2021-04-03 05:00:00+00:00,36.876,39.78789,20.976
2214,2021-04-03 06:00:00+00:00,36.476,44.033913,22.276
2215,2021-04-03 07:00:00+00:00,36.326,49.948162,24.226
2216,2021-04-03 08:00:00+00:00,35.676003,53.18011,24.675999
2217,2021-04-03 09:00:00+00:00,35.226,53.069298,24.226
2218,2021-04-03 10:00:00+00:00,34.976,54.784725,24.526
2219,2021-04-03 11:00:00+00:00,33.526,57.640118,24.026
2220,2021-04-03 12:00:00+00:00,31.776,63.806175,24.075998
2221,2021-04-03 13:00:00+00:00,29.276,82.20769,25.925999
2222,2021-04-03 14:00:00+00:00,28.126,92.94554,26.876
2223,2021-04-03 15:00:00+00:00,27.825998,96.267334,27.175999
2224,2021-04-03 16:00:00+00:00,27.575998,97.684074,27.175999
2225,2021-04-03 17:00:00+00:00,27.126,98.25285,26.825998
2226,2021-04-03 18:00:00+00:00,27.325998,98.25543,27.026
2227,2021-04-03 19:00:00+00:00,27.026,98.541115,26.776
2228,2021-04-03 20:00:00+00:00,26.825998,98.53897,26.575998
2229,2021-04-03 21:00:00+00:00,26.726,98.537895,26.476
2230,2021-04-03 22:00:00+00:00,26.925999,98.25031,26.626
2231,2021-04-03 23:00:00+00:00,26.776,98.538414,26.526
2232,2021-04-04 00:00:00+00:00,27.376,93.73485,26.276
2233,2021-04-04 01:00:00+00:00,27.876,91.034134,26.276
2234,2021-04-04 02:00:00+00:00,29.376,81.97667,25.976
2235,2021-04-04 03:00:00+00:00,30.976,72.17005,25.376
2236,2021-04-04 04:00:00+00:00,32.426003,64.32643,24.825998
2237,2021-04-04 05:00:00+00:00,33.876,57.03393,24.175999
2238,2021-04-04 06:00:00+00:00,35.526,48.41007,22.976
2239,2021-04-04 07:00:00+00:00,36.526,44.857445,22.626
2240,2021-04-04 08:00:00+00:00,36.026,52.634357,24.825998
2241,2021-04-04 09:00:00+00:00,34.926003,58.31117,25.526
2242,2021-04-04 10:00:00+00:00,34.176003,59.187836,25.075998
2243,2021-04-04 11:00:00+00:00,33.326,58.64084,24.126
2244,2021-04-04 12:00:00+00:00,31.876,64.403946,24.325998
2245,2021-04-04 13:00:00+00:00,29.425999,79.58847,25.526
2246,2021-04-04 14:00:00+00:00,28.425999,87.64477,26.175999
2247,2021-04-04 15:00:00+00:00,28.075998,90.51128,26.376
2248,2021-04-04 16:00:00+00:00,27.776,91.0278,26.175999
2249,2021-04-04 17:00:00+00:00,27.425999,94.01417,26.376
2250,2021-04-04 18:00:00+00:00,27.376,93.73485,26.276
2251,2021-04-04 19:00:00+00:00,27.376,92.359795,26.026
2252,2021-04-04 20:00:00+00:00,27.126,93.44669,25.976
2253,2021-04-04 21:00:00+00:00,26.776,95.38853,25.976
2254,2021-04-04 22:00:00+00:00,26.425999,97.08811,25.925999
2255,2021-04-04 23:00:00+00:00,26.226,97.37207,25.776
2256,2021-04-05 00:00:00+00:00,26.976,92.337975,25.626
2257,2021-04-05 01:00:00+00:00,27.526,88.878525,25.526
2258,2021-04-05 02:00:00+00:00,28.825998,80.46119,25.126
2259,2021-04-05 03:00:00+00:00,30.726,69.79721,24.575998
2260,2021-04-05 04:00:00+00:00,32.376,62.047153,24.175999
2261,2021-04-05 05:00:00+00:00,33.476,55.416004,23.325998
2262,2021-04-05 06:00:00+00:00,34.576,49.954597,22.626
2263,2021-04-05 07:00:00+00:00,35.426003,44.976982,21.675999
2264,2021-04-05 08:00:00+00:00,35.876,41.39048,20.726
2265,2021-04-05 09:00:00+00:00,35.276,41.612724,20.276
2266,2021-04-05 10:00:00+00:00,34.076,45.3118,20.575998
2267,2021-04-05 11:00:00+00:00,32.626,52.583218,21.675999
2268,2021-04-05 12:00:00+00:00,30.526,65.88781,23.425999
2269,2021-04-05 13:00:00+00:00,28.925999,75.35365,24.126
2270,2021-04-05 14:00:00+00:00,27.976,83.03831,24.825998
2271,2021-04-05 15:00:00+00:00,27.425999,86.263885,24.925999
2272,2021-04-05 16:00:00+00:00,26.825998,89.355576,24.925999
2273,2021-04-05 17:00:00+00:00,25.976,94.51325,25.026
2274,2021-04-05 18:00:00+00:00,25.776,94.78777,24.876
2275,2021-04-05 19:00:00+00:00,25.175999,97.35172,24.726
2276,2021-04-05 20:00:00+00:00,24.626,99.40368,24.526
2277,2021-04-05 21:00:00+00:00,24.575998,99.701355,24.526
2278,2021-04-05 22:00:00+00:00,24.126,99.70032,24.075998
2279,2021-04-05 23:00:00+00:00,23.925999,99.69989,23.876
2280,2021-04-06 00:00:00+00:00,25.175999,98.521065,24.925999
2281,2021-04-06 01:00:00+00:00,25.925999,95.64437,25.175999
2282,2021-04-06 02:00:00+00:00,27.825998,81.30026,24.325998
2283,2021-04-06 03:00:00+00:00,29.626,70.01306,23.575998
2284,2021-04-06 04:00:00+00:00,31.126,61.214043,22.776
2285,2021-04-06 05:00:00+00:00,32.526,54.35287,22.126
2286,2021-04-06 06:00:00+00:00,33.776,48.696487,21.476
2287,2021-04-06 07:00:00+00:00,34.226,46.623505,21.175999
2288,2021-04-06 08:00:00+00:00,34.426003,40.239227,18.976
2289,2021-04-06 09:00:00+00:00,33.926003,41.247562,18.925999
2290,2021-04-06 10:00:00+00:00,32.826,44.008503,18.976
2291,2021-04-06 11:00:00+00:00,31.276,54.37836,20.976
2292,2021-04-06 12:00:00+00:00,29.626,68.54997,23.226
2293,2021-04-06 13:00:00+00:00,28.026,78.923874,24.026
2294,2021-04-06 14:00:00+00:00,27.276,83.958786,24.325998
2295,2021-04-06 15:00:00+00:00,26.776,86.20212,24.276
2296,2021-04-06 16:00:00+00:00,26.325998,87.989746,24.175999
2297,2021-04-06 17:00:00+00:00,25.325998,93.922844,24.276
2298,2021-04-06 18:00:00+00:00,24.776,96.183365,24.126
2299,2021-04-06 19:00:00+00:00,23.976,98.21174,23.675999
2300,2021-04-06 20:00:00+00:00,23.976,98.21174,23.675999
2301,2021-04-06 21:00:00+00:00,24.075998,97.62368,23.675999
2302,2021-04-06 22:00:00+00:00,23.925999,97.91567,23.575998
2303,2021-04-06 23:00:00+00:00,23.925999,98.21109,23.626
2304,2021-04-07 00:00:00+00:00,24.526,99.10602,24.376
2305,2021-04-07 01:00:00+00:00,24.925999,97.34684,24.476
2306,2021-04-07 02:00:00+00:00,26.575998,87.48508,24.325998
2307,2021-04-07 03:00:00+00:00,28.825998,71.14526,23.075998
2308,2021-04-07 04:00:00+00:00,30.976,58.094826,21.776
2309,2021-04-07 05:00:00+00:00,32.676003,50.85391,21.175999
2310,2021-04-07 06:00:00+00:00,33.876,47.68892,21.226
2311,2021-04-07 07:00:00+00:00,34.426003,47.54093,21.675999
2312,2021-04-07 08:00:00+00:00,34.576,44.613926,20.776
2313,2021-04-07 09:00:00+00:00,34.276,44.396816,20.425999
2314,2021-04-07 10:00:00+00:00,33.426003,45.27892,19.976
2315,2021-04-07 11:00:00+00:00,31.976,50.51902,20.425999
2316,2021-04-07 12:00:00+00:00,30.126,66.0056,23.075998
2317,2021-04-07 13:00:00+00:00,28.126,77.52772,23.825998
2318,2021-04-07 14:00:00+00:00,27.325998,84.21606,24.425999
2319,2021-04-07 15:00:00+00:00,26.876,87.24989,24.575998
2320,2021-04-07 16:00:00+00:00,26.476,88.26634,24.376
2321,2021-04-07 17:00:00+00:00,25.925999,89.28794,24.026
2322,2021-04-07 18:00:00+00:00,25.425999,91.15069,23.876
2323,2021-04-07 19:00:00+00:00,24.876,93.05913,23.675999
2324,2021-04-07 20:00:00+00:00,24.376,94.73442,23.476
2325,2021-04-07 21:00:00+00:00,24.075998,95.87403,23.376
2326,2021-04-07 22:00:00+00:00,23.925999,95.86949,23.226
2327,2021-04-07 23:00:00+00:00,23.825998,95.86645,23.126
2328,2021-04-08 00:00:00+00:00,24.126,96.165115,23.476
2329,2021-04-08 01:00:00+00:00,24.476,94.453186,23.526
2330,2021-04-08 02:00:00+00:00,26.276,84.86687,23.526
2331,2021-04-08 03:00:00+00:00,28.675999,69.41376,22.526
2332,2021-04-08 04:00:00+00:00,31.325998,54.057446,20.925999
2333,2021-04-08 05:00:00+00:00,33.626,42.87034,19.276
2334,2021-04-08 06:00:00+00:00,35.426003,35.870346,18.026
2335,2021-04-08 07:00:00+00:00,36.326,34.45921,18.175999
2336,2021-04-08 08:00:00+00:00,36.126,40.3251,20.526
2337,2021-04-08 09:00:00+00:00,35.226,47.89448,22.526
2338,2021-04-08 10:00:00+00:00,34.226,49.71359,22.226
2339,2021-04-08 11:00:00+00:00,32.726,52.12816,21.626
2340,2021-04-08 12:00:00+00:00,30.425999,63.518967,22.726
2341,2021-04-08 13:00:00+00:00,28.276,76.39254,23.726
2342,2021-04-08 14:00:00+00:00,27.425999,81.00629,23.876
2343,2021-04-08 15:00:00+00:00,26.876,84.67453,24.075998
2344,2021-04-08 16:00:00+00:00,26.575998,88.0107,24.425999
2345,2021-04-08 17:00:00+00:00,26.075998,91.46472,24.575998
2346,2021-04-08 18:00:00+00:00,25.575998,93.653175,24.476
2347,2021-04-08 19:00:00+00:00,25.126,95.047615,24.276
2348,2021-04-08 20:00:00+00:00,24.675999,96.759735,24.126
2349,2021-04-08 21:00:00+00:00,24.276,97.334076,23.825998
2350,2021-04-08 22:00:00+00:00,23.925999,97.32719,23.476
2351,2021-04-08 23:00:00+00:00,23.726,97.32321,23.276
2352,2021-04-09 00:00:00+00:00,24.276,97.62719,23.876
2353,2021-04-09 01:00:00+00:00,24.876,94.18578,23.876
2354,2021-04-09 02:00:00+00:00,26.675999,83.893074,23.726
2355,2021-04-09 03:00:00+00:00,28.776,68.38606,22.376
2356,2021-04-09 04:00:00+00:00,30.825998,55.279453,20.825998
2357,2021-04-09 05:00:00+00:00,32.776,47.25438,20.075998
2358,2021-04-09 06:00:00+00:00,34.426003,40.99866,19.276
2359,2021-04-09 07:00:00+00:00,34.976,41.531784,19.976
2360,2021-04-09 08:00:00+00:00,34.426003,49.163048,22.226
2361,2021-04-09 09:00:00+00:00,33.626,49.106773,21.476
2362,2021-04-09 10:00:00+00:00,33.126,43.67905,19.126
2363,2021-04-09 11:00:00+00:00,31.626,47.98649,19.276
2364,2021-04-09 12:00:00+00:00,29.575998,62.567516,21.675999
2365,2021-04-09 13:00:00+00:00,27.825998,72.71293,22.476
2366,2021-04-09 14:00:00+00:00,27.026,78.54631,22.976
2367,2021-04-09 15:00:00+00:00,26.626,81.149284,23.126
2368,2021-04-09 16:00:00+00:00,26.376,82.10563,23.075998
2369,2021-04-09 17:00:00+00:00,25.675999,86.88037,23.325998
2370,2021-04-09 18:00:00+00:00,24.825998,92.77672,23.575998
2371,2021-04-09 19:00:00+00:00,24.376,94.73442,23.476
2372,2021-04-09 20:00:00+00:00,23.626,97.02751,23.126
2373,2021-04-09 21:00:00+00:00,23.925999,97.32719,23.476
2374,2021-04-09 22:00:00+00:00,24.825998,96.18477,24.175999
2375,2021-04-09 23:00:00+00:00,24.825998,96.7633,24.276
2376,2021-04-10 00:00:00+00:00,24.925999,96.476234,24.325998
2377,2021-04-10 01:00:00+00:00,25.276,93.07912,24.075998
2378,2021-04-10 02:00:00+00:00,27.075998,83.18431,23.976
2379,2021-04-10 03:00:00+00:00,29.376,70.81604,23.526
2380,2021-04-10 04:00:00+00:00,31.175999,59.75671,22.425999
2381,2021-04-10 05:00:00+00:00,32.526,53.042416,21.726
2382,2021-04-10 06:00:00+00:00,33.376,49.495186,21.376
2383,2021-04-10 07:00:00+00:00,33.726,47.796227,21.126
2384,2021-04-10 08:00:00+00:00,33.726,46.49184,20.675999
2385,2021-04-10 09:00:00+00:00,33.126,49.887722,21.276
2386,2021-04-10 10:00:00+00:00,32.226,56.47134,22.476
2387,2021-04-10 11:00:00+00:00,30.976,62.303516,22.925999
2388,2021-04-10 12:00:00+00:00,29.675999,68.55959,23.276
2389,2021-04-10 13:00:00+00:00,28.226,77.77573,23.976
2390,2021-04-10 14:00:00+00:00,27.675999,82.015785,24.325998
2391,2021-04-10 15:00:00+00:00,27.376,83.969696,24.425999
2392,2021-04-10 16:00:00+00:00,27.126,85.72119,24.526
2393,2021-04-10 17:00:00+00:00,26.825998,87.2455,24.526
2394,2021-04-10 18:00:00+00:00,26.325998,89.31807,24.425999
2395,2021-04-10 19:00:00+00:00,25.575998,93.373245,24.425999
2396,2021-04-10 20:00:00+00:00,25.126,95.33286,24.325998
2397,2021-04-10 21:00:00+00:00,25.175999,95.334595,24.376
2398,2021-04-10 22:00:00+00:00,25.026,95.902626,24.325998
2399,2021-04-10 23:00:00+00:00,24.976,95.61408,24.226
2400,2021-04-11 00:00:00+00:00,25.325998,93.641716,24.226
2401,2021-04-11 01:00:00+00:00,26.476,86.69257,24.075998
2402,2021-04-11 02:00:00+00:00,28.026,76.12432,23.425999
2403,2021-04-11 03:00:00+00:00,29.776,67.346924,23.075998
2404,2021-04-11 04:00:00+00:00,31.175999,60.67084,22.675999
2405,2021-04-11 05:00:00+00:00,32.476,54.672653,22.175999
2406,2021-04-11 06:00:00+00:00,33.276,51.790688,22.026
2407,2021-04-11 07:00:00+00:00,33.526,50.914505,21.976
2408,2021-04-11 08:00:00+00:00,33.126,52.547886,22.126
2409,2021-04-11 09:00:00+00:00,32.776,54.2489,22.325998
2410,2021-04-11 10:00:00+00:00,32.176003,57.323082,22.675999
2411,2021-04-11 11:00:00+00:00,31.126,61.399834,22.825998
2412,2021-04-11 12:00:00+00:00,30.175999,64.435936,22.726
2413,2021-04-11 13:00:00+00:00,28.626,73.73532,23.476
2414,2021-04-11 14:00:00+00:00,27.976,78.91694,23.976
2415,2021-04-11 15:00:00+00:00,27.575998,82.00371,24.226
2416,2021-04-11 16:00:00+00:00,27.175999,84.705986,24.376
2417,2021-04-11 17:00:00+00:00,26.825998,87.2455,24.526
2418,2021-04-11 18:00:00+00:00,26.226,90.92876,24.626
2419,2021-04-11 19:00:00+00:00,25.575998,95.063805,24.726
2420,2021-04-11 20:00:00+00:00,25.325998,96.19871,24.675999
2421,2021-04-11 21:00:00+00:00,25.325998,96.486565,24.726
2422,2021-04-11 22:00:00+00:00,25.175999,97.06129,24.675999
2423,2021-04-11 23:00:00+00:00,24.726,97.92799,24.376
2424,2021-04-12 00:00:00+00:00,25.626,95.34984,24.825998
2425,2021-04-12 01:00:00+00:00,26.776,88.5551,24.726
2426,2021-04-12 02:00:00+00:00,28.175999,80.136475,24.425999
2427,2021-04-12 03:00:00+00:00,29.925999,70.49097,23.976
2428,2021-04-12 04:00:00+00:00,31.526,61.30294,23.175999
2429,2021-04-12 05:00:00+00:00,33.076,54.65301,22.726
2430,2021-04-12 06:00:00+00:00,33.826,51.61454,22.476
2431,2021-04-12 07:00:00+00:00,33.876,50.693874,22.226
2432,2021-04-12 08:00:00+00:00,33.676003,49.876247,21.776
2433,2021-04-12 09:00:00+00:00,33.176003,51.607773,21.876
2434,2021-04-12 10:00:00+00:00,32.426003,54.994335,22.226
2435,2021-04-12 11:00:00+00:00,31.376,60.166218,22.726
2436,2021-04-12 12:00:00+00:00,30.476,64.49891,23.026
2437,2021-04-12 13:00:00+00:00,28.876,74.894585,23.976
2438,2021-04-12 14:00:00+00:00,28.226,79.66463,24.376
2439,2021-04-12 15:00:00+00:00,27.825998,82.526215,24.575998
2440,2021-04-12 16:00:00+00:00,27.526,83.98604,24.575998
2441,2021-04-12 17:00:00+00:00,27.175999,86.49824,24.726
2442,2021-04-12 18:00:00+00:00,26.876,88.299095,24.776
2443,2021-04-12 19:00:00+00:00,26.575998,89.872185,24.776
2444,2021-04-12 20:00:00+00:00,26.075998,92.28855,24.726
2445,2021-04-12 21:00:00+00:00,25.476,94.77638,24.575998
2446,2021-04-12 22:00:00+00:00,24.825998,96.47367,24.226
2447,2021-04-12 23:00:00+00:00,24.776,97.05262,24.276
2448,2021-04-13 00:00:00+00:00,24.476,97.33801,24.026
2449,2021-04-13 01:00:00+00:00,26.026,91.18842,24.476
2450,2021-04-13 02:00:00+00:00,27.976,79.87021,24.175999
2451,2021-04-13 03:00:00+00:00,29.925999,67.37658,23.226
2452,2021-04-13 04:00:00+00:00,31.776,58.458885,22.626
2453,2021-04-13 05:00:00+00:00,33.326,51.01925,21.825998
2454,2021-04-13 06:00:00+00:00,34.326,47.369698,21.526
2455,2021-04-13 07:00:00+00:00,34.726,46.186245,21.476
2456,2021-04-13 08:00:00+00:00,34.526,45.710964,21.126
2457,2021-04-13 09:00:00+00:00,34.276,44.12358,20.325998
2458,2021-04-13 10:00:00+00:00,33.276,50.232838,21.526
2459,2021-04-13 11:00:00+00:00,31.776,57.928802,22.476
2460,2021-04-13 12:00:00+00:00,30.526,64.120224,22.976
2461,2021-04-13 13:00:00+00:00,28.976,74.2387,23.925999
2462,2021-04-13 14:00:00+00:00,28.526,78.05278,24.325998
2463,2021-04-13 15:00:00+00:00,28.175999,80.136475,24.425999
2464,2021-04-13 16:00:00+00:00,27.976,81.562706,24.526
2465,2021-04-13 17:00:00+00:00,27.575998,83.99151,24.626
2466,2021-04-13 18:00:00+00:00,27.325998,84.97543,24.575998
2467,2021-04-13 19:00:00+00:00,26.876,87.24989,24.575998
2468,2021-04-13 20:00:00+00:00,26.425999,89.861465,24.626
2469,2021-04-13 21:00:00+00:00,25.825998,92.82849,24.575998
2470,2021-04-13 22:00:00+00:00,25.376,95.05662,24.526
2471,2021-04-13 23:00:00+00:00,25.325998,95.054825,24.476
2472,2021-04-14 00:00:00+00:00,24.776,97.34389,24.325998
2473,2021-04-14 01:00:00+00:00,26.175999,91.19783,24.626
2474,2021-04-14 02:00:00+00:00,28.126,80.370186,24.425999
2475,2021-04-14 03:00:00+00:00,30.126,67.01035,23.325998
2476,2021-04-14 04:00:00+00:00,32.076,55.752583,22.126
2477,2021-04-14 05:00:00+00:00,33.676003,50.797585,22.075998
2478,2021-04-14 06:00:00+00:00,34.526,50.5515,22.776
2479,2021-04-14 07:00:00+00:00,32.376,57.718708,22.976
2480,2021-04-14 08:00:00+00:00,32.526,54.851547,22.276
2481,2021-04-14 09:00:00+00:00,31.976,55.558777,21.976
2482,2021-04-14 10:00:00+00:00,30.876,63.61502,23.175999
2483,2021-04-14 11:00:00+00:00,30.325998,68.47797,23.876
2484,2021-04-14 12:00:00+00:00,30.776,63.401634,23.026
2485,2021-04-14 13:00:00+00:00,29.526,71.05681,23.726
2486,2021-04-14 14:00:00+00:00,28.825998,77.16682,24.425999
2487,2021-04-14 15:00:00+00:00,28.425999,80.64979,24.776
2488,2021-04-14 16:00:00+00:00,28.175999,82.56736,24.925999
2489,2021-04-14 17:00:00+00:00,27.825998,85.28042,25.126
2490,2021-04-14 18:00:00+00:00,27.376,87.29407,25.075998
2491,2021-04-14 19:00:00+00:00,26.976,88.83564,24.976
2492,2021-04-14 20:00:00+00:00,26.626,90.14438,24.876
2493,2021-04-14 21:00:00+00:00,26.376,90.66721,24.726
2494,2021-04-14 22:00:00+00:00,26.026,91.46169,24.526
2495,2021-04-14 23:00:00+00:00,26.175999,89.30679,24.276
2496,2021-04-15 00:00:00+00:00,24.726,93.05161,23.526
2497,2021-04-15 01:00:00+00:00,24.575998,93.325226,23.425999
2498,2021-04-15 02:00:00+00:00,24.925999,87.6054,22.726
2499,2021-04-15 03:00:00+00:00,26.276,79.88383,22.526
2500,2021-04-15 04:00:00+00:00,27.776,72.483604,22.376
2501,2021-04-15 05:00:00+00:00,30.526,57.98922,21.325998
2502,2021-04-15 06:00:00+00:00,30.575998,57.11853,21.126
2503,2021-04-15 07:00:00+00:00,32.676003,49.314514,20.675999
2504,2021-04-15 08:00:00+00:00,33.026,49.40494,21.026
2505,2021-04-15 09:00:00+00:00,32.826,52.95537,21.976
2506,2021-04-15 10:00:00+00:00,32.176003,52.955143,21.376
2507,2021-04-15 11:00:00+00:00,31.726,50.76768,20.276
2508,2021-04-15 12:00:00+00:00,29.876,58.37261,20.825998
2509,2021-04-15 13:00:00+00:00,28.175999,67.2341,21.526
2510,2021-04-15 14:00:00+00:00,27.776,71.38905,22.126
2511,2021-04-15 15:00:00+00:00,27.425999,73.53387,22.276
2512,2021-04-15 16:00:00+00:00,27.026,79.74289,23.226
2513,2021-04-15 17:00:00+00:00,26.726,82.89422,23.575998
2514,2021-04-15 18:00:00+00:00,25.876,86.89863,23.526
2515,2021-04-15 19:00:00+00:00,25.526,87.39309,23.276
2516,2021-04-15 20:00:00+00:00,25.325998,87.90537,23.175999
2517,2021-04-15 21:00:00+00:00,24.976,89.48604,23.126
2518,2021-04-15 22:00:00+00:00,25.026,88.68163,23.026
2519,2021-04-15 23:00:00+00:00,24.976,87.60973,22.776
2520,2021-04-16 00:00:00+00:00,24.476,90.540276,22.825998
2521,2021-04-16 01:00:00+00:00,25.226,87.10255,22.925999
2522,2021-04-16 02:00:00+00:00,27.175999,77.15363,22.825998
2523,2021-04-16 03:00:00+00:00,29.425999,66.26437,22.476
2524,2021-04-16 04:00:00+00:00,31.675999,56.168137,21.876
2525,2021-04-16 05:00:00+00:00,33.676003,47.63666,21.026
2526,2021-04-16 06:00:00+00:00,35.076,42.467373,20.425999
2527,2021-04-16 07:00:00+00:00,35.526,40.66309,20.126
2528,2021-04-16 08:00:00+00:00,34.176003,49.3989,22.075998
2529,2021-04-16 09:00:00+00:00,33.476,51.526287,22.126
2530,2021-04-16 10:00:00+00:00,32.776,52.62074,21.825998
2531,2021-04-16 11:00:00+00:00,31.626,55.135662,21.526
2532,2021-04-16 12:00:00+00:00,30.675999,61.673584,22.476
2533,2021-04-16 13:00:00+00:00,29.075998,73.14752,23.776
2534,2021-04-16 14:00:00+00:00,28.626,76.2168,24.026
2535,2021-04-16 15:00:00+00:00,28.376,77.79749,24.126
2536,2021-04-16 16:00:00+00:00,28.175999,79.89688,24.376
2537,2021-04-16 17:00:00+00:00,27.876,82.03994,24.526
2538,2021-04-16 18:00:00+00:00,27.476,83.980606,24.526
2539,2021-04-16 19:00:00+00:00,27.126,85.46507,24.476
2540,2021-04-16 20:00:00+00:00,26.575998,88.27454,24.476
2541,2021-04-16 21:00:00+00:00,26.425999,88.79252,24.425999
2542,2021-04-16 22:00:00+00:00,26.126,90.37971,24.425999
2543,2021-04-16 23:00:00+00:00,25.526,93.650856,24.425999
2544,2021-04-17 00:00:00+00:00,25.226,95.90862,24.526
2545,2021-04-17 01:00:00+00:00,26.376,89.85785,24.575998
2546,2021-04-17 02:00:00+00:00,28.476,78.27984,24.325998
2547,2021-04-17 03:00:00+00:00,30.476,69.33395,24.226
2548,2021-04-17 04:00:00+00:00,32.576,59.894005,23.776
2549,2021-04-17 05:00:00+00:00,34.376,49.903465,22.425999
2550,2021-04-17 06:00:00+00:00,35.326,45.503437,21.776
2551,2021-04-17 07:00:00+00:00,34.626,49.81598,22.626
2552,2021-04-17 08:00:00+00:00,33.676003,56.81583,23.925999
2553,2021-04-17 09:00:00+00:00,33.126,57.720036,23.675999
2554,2021-04-17 10:00:00+00:00,32.776,57.98702,23.425999
2555,2021-04-17 11:00:00+00:00,31.825998,61.000355,23.376
2556,2021-04-17 12:00:00+00:00,30.976,64.215126,23.425999
2557,2021-04-17 13:00:00+00:00,29.425999,73.20685,24.126
2558,2021-04-17 14:00:00+00:00,28.675999,79.01387,24.675999
2559,2021-04-17 15:00:00+00:00,28.226,82.819756,25.026
2560,2021-04-17 16:00:00+00:00,27.776,85.52977,25.126
2561,2021-04-17 17:00:00+00:00,27.376,88.0774,25.226
2562,2021-04-17 18:00:00+00:00,26.825998,91.78266,25.376
2563,2021-04-17 19:00:00+00:00,26.325998,95.090614,25.476
2564,2021-04-17 20:00:00+00:00,26.026,96.50451,25.425999
2565,2021-04-17 21:00:00+00:00,25.925999,96.78933,25.376
2566,2021-04-17 22:00:00+00:00,25.776,97.07422,25.276
2567,2021-04-17 23:00:00+00:00,25.726,96.78461,25.175999
2568,2021-04-18 00:00:00+00:00,25.776,98.52762,25.526
2569,2021-04-18 01:00:00+00:00,26.325998,95.94134,25.626
2570,2021-04-18 02:00:00+00:00,28.126,84.05123,25.175999
2571,2021-04-18 03:00:00+00:00,30.526,67.90172,23.925999
2572,2021-04-18 04:00:00+00:00,33.126,53.515984,22.425999
2573,2021-04-18 05:00:00+00:00,35.076,44.473232,21.175999
2574,2021-04-18 06:00:00+00:00,36.226,41.23061,20.976
2575,2021-04-18 07:00:00+00:00,36.026,44.861694,22.175999
2576,2021-04-18 08:00:00+00:00,35.626,43.94222,21.476
2577,2021-04-18 09:00:00+00:00,34.876,44.96891,21.175999
2578,2021-04-18 10:00:00+00:00,33.876,48.87162,21.626
2579,2021-04-18 11:00:00+00:00,32.476,56.70262,22.776
2580,2021-04-18 12:00:00+00:00,30.925999,67.370804,24.175999
2581,2021-04-18 13:00:00+00:00,29.526,78.66196,25.425999
2582,2021-04-18 14:00:00+00:00,28.976,82.90627,25.776
2583,2021-04-18 15:00:00+00:00,28.526,85.857765,25.925999
2584,2021-04-18 16:00:00+00:00,28.175999,88.143555,26.026
2585,2021-04-18 17:00:00+00:00,27.675999,90.75265,26.026
2586,2021-04-18 18:00:00+00:00,27.325998,92.63077,26.026
2587,2021-04-18 19:00:00+00:00,26.876,94.54882,25.925999
2588,2021-04-18 20:00:00+00:00,26.626,94.53899,25.675999
2589,2021-04-18 21:00:00+00:00,26.376,94.52909,25.425999
2590,2021-04-18 22:00:00+00:00,25.976,95.64595,25.226
2591,2021-04-18 23:00:00+00:00,25.675999,96.208435,25.026
2592,2021-04-19 00:00:00+00:00,26.026,96.50451,25.425999
2593,2021-04-19 01:00:00+00:00,27.026,91.79433,25.575998
2594,2021-04-19 02:00:00+00:00,29.026,80.726746,25.376
2595,2021-04-19 03:00:00+00:00,31.575998,67.70006,24.876
2596,2021-04-19 04:00:00+00:00,33.976,56.716324,24.175999
2597,2021-04-19 05:00:00+00:00,36.276,44.927757,22.425999
2598,2021-04-19 06:00:00+00:00,37.576,39.976524,21.675999
2599,2021-04-19 07:00:00+00:00,37.326,47.574177,24.325998
2600,2021-04-19 08:00:00+00:00,36.776,48.877846,24.276
2601,2021-04-19 09:00:00+00:00,36.326,46.324608,22.976
2602,2021-04-19 10:00:00+00:00,35.426003,47.36787,22.526
2603,2021-04-19 11:00:00+00:00,33.726,54.15304,23.175999
2604,2021-04-19 12:00:00+00:00,31.976,64.0401,24.325998
2605,2021-04-19 13:00:00+00:00,30.276,76.24199,25.626
2606,2021-04-19 14:00:00+00:00,29.526,83.70691,26.476
2607,2021-04-19 15:00:00+00:00,28.976,87.95009,26.776
2608,2021-04-19 16:00:00+00:00,28.726,89.23344,26.776
2609,2021-04-19 17:00:00+00:00,28.526,89.48162,26.626
2610,2021-04-19 18:00:00+00:00,28.276,88.9366,26.276
2611,2021-04-19 19:00:00+00:00,27.925999,89.173134,25.976
2612,2021-04-19 20:00:00+00:00,27.876,85.53969,25.226
2613,2021-04-19 21:00:00+00:00,27.726,82.514435,24.476
2614,2021-04-19 22:00:00+00:00,27.325998,83.462616,24.276
2615,2021-04-19 23:00:00+00:00,26.825998,85.69169,24.226
2616,2021-04-20 00:00:00+00:00,27.075998,86.4889,24.626
2617,2021-04-20 01:00:00+00:00,27.876,83.02684,24.726
2618,2021-04-20 02:00:00+00:00,29.675999,75.69742,24.925999
2619,2021-04-20 03:00:00+00:00,31.526,66.88629,24.626
2620,2021-04-20 04:00:00+00:00,33.776,57.010357,24.075998
2621,2021-04-20 05:00:00+00:00,35.976,48.379883,23.376
2622,2021-04-20 06:00:00+00:00,37.876,40.42514,22.126
2623,2021-04-20 07:00:00+00:00,37.726,39.410095,21.575998
2624,2021-04-20 08:00:00+00:00,36.176003,50.968475,24.425999
2625,2021-04-20 09:00:00+00:00,35.376,53.106277,24.376
2626,2021-04-20 10:00:00+00:00,34.926003,54.282772,24.325998
2627,2021-04-20 11:00:00+00:00,33.626,58.010468,24.226
2628,2021-04-20 12:00:00+00:00,31.876,64.21124,24.276
2629,2021-04-20 13:00:00+00:00,29.976,74.847115,25.026
2630,2021-04-20 14:00:00+00:00,29.226,81.958595,25.825998
2631,2021-04-20 15:00:00+00:00,28.776,84.621155,25.925999
2632,2021-04-20 16:00:00+00:00,28.476,86.36279,25.976
2633,2021-04-20 17:00:00+00:00,28.075998,88.39659,25.976
2634,2021-04-20 18:00:00+00:00,27.776,90.22394,26.026
2635,2021-04-20 19:00:00+00:00,27.626,91.018295,26.026
2636,2021-04-20 20:00:00+00:00,27.226,93.17537,26.026
2637,2021-04-20 21:00:00+00:00,26.825998,94.26722,25.825998
2638,2021-04-20 22:00:00+00:00,26.626,94.53899,25.675999
2639,2021-04-20 23:00:00+00:00,26.425999,94.5311,25.476
2640,2021-04-21 00:00:00+00:00,26.976,94.83285,26.075998
2641,2021-04-21 01:00:00+00:00,27.626,90.48113,25.925999
2642,2021-04-21 02:00:00+00:00,29.226,80.27413,25.476
2643,2021-04-21 03:00:00+00:00,31.376,67.05686,24.526
2644,2021-04-21 04:00:00+00:00,33.476,57.801777,24.026
2645,2021-04-21 05:00:00+00:00,35.826,48.92845,23.425999
2646,2021-04-21 06:00:00+00:00,36.576,45.41801,22.876
2647,2021-04-21 07:00:00+00:00,35.276,53.88236,24.526
2648,2021-04-21 08:00:00+00:00,35.226,56.169067,25.175999
2649,2021-04-21 09:00:00+00:00,34.676003,56.206097,24.675999
2650,2021-04-21 10:00:00+00:00,33.926003,57.73348,24.425999
2651,2021-04-21 11:00:00+00:00,32.776,61.763695,24.476
2652,2021-04-21 12:00:00+00:00,31.626,65.71631,24.425999
2653,2021-04-21 13:00:00+00:00,29.825998,75.72078,25.075998
2654,2021-04-21 14:00:00+00:00,29.226,79.798454,25.376
2655,2021-04-21 15:00:00+00:00,28.825998,81.42475,25.325998
2656,2021-04-21 16:00:00+00:00,28.575998,84.85142,25.776
2657,2021-04-21 17:00:00+00:00,28.226,87.88733,26.026
2658,2021-04-21 18:00:00+00:00,27.925999,89.437386,26.026
2659,2021-04-21 19:00:00+00:00,27.575998,90.4778,25.876
2660,2021-04-21 20:00:00+00:00,27.276,90.189476,25.526
2661,2021-04-21 21:00:00+00:00,26.976,90.43739,25.276
2662,2021-04-21 22:00:00+00:00,26.876,89.35931,24.976
2663,2021-04-21 23:00:00+00:00,26.726,88.81606,24.726
2664,2021-04-22 00:00:00+00:00,26.626,90.4137,24.925999
2665,2021-04-22 01:00:00+00:00,27.376,86.25915,24.876
2666,2021-04-22 02:00:00+00:00,29.126,77.673744,24.825998
2667,2021-04-22 03:00:00+00:00,31.226,67.429726,24.476
2668,2021-04-22 04:00:00+00:00,33.126,59.480934,24.175999
2669,2021-04-22 05:00:00+00:00,35.126,51.78457,23.726
2670,2021-04-22 06:00:00+00:00,35.826,48.341217,23.226
2671,2021-04-22 07:00:00+00:00,35.176003,53.05695,24.175999
2672,2021-04-22 08:00:00+00:00,34.726,56.050247,24.675999
2673,2021-04-22 09:00:00+00:00,33.876,58.0685,24.476
2674,2021-04-22 10:00:00+00:00,33.476,58.499737,24.226
2675,2021-04-22 11:00:00+00:00,32.526,62.452854,24.425999
2676,2021-04-22 12:00:00+00:00,31.175999,68.845894,24.776
2677,2021-04-22 13:00:00+00:00,29.575998,77.97062,25.325998
2678,2021-04-22 14:00:00+00:00,29.126,82.18983,25.776
2679,2021-04-22 15:00:00+00:00,28.726,84.615944,25.876
2680,2021-04-22 16:00:00+00:00,28.425999,85.594055,25.776
2681,2021-04-22 17:00:00+00:00,28.276,86.344025,25.776
2682,2021-04-22 18:00:00+00:00,27.976,87.6062,25.726
2683,2021-04-22 19:00:00+00:00,27.626,88.62289,25.575998
2684,2021-04-22 20:00:00+00:00,27.325998,89.39286,25.425999
2685,2021-04-22 21:00:00+00:00,27.126,89.91135,25.325998
2686,2021-04-22 22:00:00+00:00,26.925999,90.9737,25.325998
2687,2021-04-22 23:00:00+00:00,26.626,92.04452,25.226
2688,2021-04-23 00:00:00+00:00,26.825998,90.15828,25.075998
2689,2021-04-23 01:00:00+00:00,27.476,87.04329,25.126
2690,2021-04-23 02:00:00+00:00,29.376,76.78874,24.876
2691,2021-04-23 03:00:00+00:00,31.626,65.12838,24.276
2692,2021-04-23 04:00:00+00:00,33.076,58.407295,23.825998
2693,2021-04-23 05:00:00+00:00,34.426003,53.5128,23.626
2694,2021-04-23 06:00:00+00:00,35.526,50.499813,23.675999
2695,2021-04-23 07:00:00+00:00,35.626,50.98295,23.925999
2696,2021-04-23 08:00:00+00:00,34.476,56.32684,24.526
2697,2021-04-23 09:00:00+00:00,34.826,53.7723,24.075998
2698,2021-04-23 10:00:00+00:00,32.926003,61.244507,24.476
2699,2021-04-23 11:00:00+00:00,32.476,62.068966,24.276
2700,2021-04-23 12:00:00+00:00,30.976,69.013954,24.626
2701,2021-04-23 13:00:00+00:00,29.425999,77.25559,25.026
2702,2021-04-23 14:00:00+00:00,29.276,83.92691,26.276
2703,2021-04-23 15:00:00+00:00,28.976,85.14378,26.226
2704,2021-04-23 16:00:00+00:00,28.726,86.897865,26.325998
2705,2021-04-23 17:00:00+00:00,28.526,87.65331,26.276
2706,2021-04-23 18:00:00+00:00,28.376,88.94433,26.376
2707,2021-04-23 19:00:00+00:00,28.175999,90.25137,26.425999
2708,2021-04-23 20:00:00+00:00,27.726,91.29406,26.175999
2709,2021-04-23 21:00:00+00:00,27.626,90.749374,25.976
2710,2021-04-23 22:00:00+00:00,27.325998,93.180275,26.126
2711,2021-04-23 23:00:00+00:00,27.226,93.17537,26.026
2712,2021-04-24 00:00:00+00:00,27.075998,94.83658,26.175999
2713,2021-04-24 01:00:00+00:00,27.825998,89.9609,26.026
2714,2021-04-24 02:00:00+00:00,29.575998,76.362206,24.976
2715,2021-04-24 03:00:00+00:00,31.575998,62.246346,23.476
2716,2021-04-24 04:00:00+00:00,33.376,54.231316,22.876
2717,2021-04-24 05:00:00+00:00,34.826,49.2659,22.626
2718,2021-04-24 06:00:00+00:00,35.676003,46.718777,22.526
2719,2021-04-24 07:00:00+00:00,34.326,56.46004,24.425999
2720,2021-04-24 08:00:00+00:00,34.026,56.051334,24.026
2721,2021-04-24 09:00:00+00:00,33.926003,55.191128,23.675999
2722,2021-04-24 10:00:00+00:00,33.376,57.605038,23.876
2723,2021-04-24 11:00:00+00:00,32.326,61.295547,23.925999
2724,2021-04-24 12:00:00+00:00,31.276,67.84412,24.626
2725,2021-04-24 13:00:00+00:00,29.776,77.53723,25.425999
2726,2021-04-24 14:00:00+00:00,29.075998,84.153656,26.126
2727,2021-04-24 15:00:00+00:00,28.726,85.87713,26.126
2728,2021-04-24 16:00:00+00:00,28.425999,87.90411,26.226
2729,2021-04-24 17:00:00+00:00,27.976,90.77217,26.325998
2730,2021-04-24 18:00:00+00:00,27.675999,92.92286,26.425999
2731,2021-04-24 19:00:00+00:00,27.476,93.73934,26.376
2732,2021-04-24 20:00:00+00:00,27.126,95.118965,26.276
2733,2021-04-24 21:00:00+00:00,26.925999,95.95902,26.226
2734,2021-04-24 22:00:00+00:00,26.726,96.52235,26.126
2735,2021-04-24 23:00:00+00:00,26.476,96.51599,25.876
2736,2021-04-25 00:00:00+00:00,26.626,97.66791,26.226
2737,2021-04-25 01:00:00+00:00,27.226,93.7281,26.126
2738,2021-04-25 02:00:00+00:00,29.026,80.48707,25.325998
2739,2021-04-25 03:00:00+00:00,31.226,64.46147,23.726
2740,2021-04-25 04:00:00+00:00,33.126,55.33151,22.976
2741,2021-04-25 05:00:00+00:00,34.776,48.9548,22.476
2742,2021-04-25 06:00:00+00:00,35.976,44.712036,22.075998
2743,2021-04-25 07:00:00+00:00,36.326,43.860264,22.075998
2744,2021-04-25 08:00:00+00:00,36.076,41.956657,21.126
2745,2021-04-25 09:00:00+00:00,35.426003,42.04029,20.575998
2746,2021-04-25 10:00:00+00:00,34.276,48.380917,21.825998
2747,2021-04-25 11:00:00+00:00,32.576,57.070953,22.976
2748,2021-04-25 12:00:00+00:00,30.925999,67.370804,24.175999
2749,2021-04-25 13:00:00+00:00,29.126,79.54808,25.226
2750,2021-04-25 14:00:00+00:00,28.526,84.34441,25.626
2751,2021-04-25 15:00:00+00:00,27.976,88.12706,25.825998
2752,2021-04-25 16:00:00+00:00,27.726,89.68786,25.876
2753,2021-04-25 17:00:00+00:00,27.476,91.00876,25.876
2754,2021-04-25 18:00:00+00:00,27.226,91.80599,25.776
2755,2021-04-25 19:00:00+00:00,27.276,90.45762,25.575998
2756,2021-04-25 20:00:00+00:00,27.276,89.389145,25.376
2757,2021-04-25 21:00:00+00:00,26.976,90.43739,25.276
2758,2021-04-25 22:00:00+00:00,26.325998,93.131195,25.126
2759,2021-04-25 23:00:00+00:00,25.675999,95.92206,24.976
2760,2021-04-26 00:00:00+00:00,25.675999,96.208435,25.026
2761,2021-04-26 01:00:00+00:00,26.526,91.219696,24.976
2762,2021-04-26 02:00:00+00:00,28.376,79.44669,24.476
2763,2021-04-26 03:00:00+00:00,30.476,66.27627,23.476
2764,2021-04-26 04:00:00+00:00,32.626,55.378437,22.526
2765,2021-04-26 05:00:00+00:00,34.626,45.457607,21.126
2766,2021-04-26 06:00:00+00:00,36.176003,39.96714,20.425999
2767,2021-04-26 07:00:00+00:00,36.176003,46.0056,22.726
2768,2021-04-26 08:00:00+00:00,35.676003,47.86597,22.925999
2769,2021-04-26 09:00:00+00:00,34.826,49.415596,22.675999
2770,2021-04-26 10:00:00+00:00,33.626,53.477207,22.876
2771,2021-04-26 11:00:00+00:00,32.176003,59.98398,23.425999
2772,2021-04-26 12:00:00+00:00,30.526,68.722244,24.126
2773,2021-04-26 13:00:00+00:00,28.876,78.33665,24.726
2774,2021-04-26 14:00:00+00:00,28.226,83.81231,25.226
2775,2021-04-26 15:00:00+00:00,27.825998,85.534744,25.175999
2776,2021-04-26 16:00:00+00:00,27.425999,87.819855,25.226
2777,2021-04-26 17:00:00+00:00,26.976,90.43739,25.276
2778,2021-04-26 18:00:00+00:00,26.626,92.04452,25.226
2779,2021-04-26 19:00:00+00:00,26.226,93.96222,25.175999
2780,2021-04-26 20:00:00+00:00,25.976,94.7953,25.075998
2781,2021-04-26 21:00:00+00:00,25.726,95.638016,24.976
2782,2021-04-26 22:00:00+00:00,25.575998,95.63324,24.825998
2783,2021-04-26 23:00:00+00:00,25.376,95.62687,24.626
2784,2021-04-27 00:00:00+00:00,25.626,96.207054,24.976
2785,2021-04-27 01:00:00+00:00,26.476,90.67383,24.825998
2786,2021-04-27 02:00:00+00:00,28.425999,77.10737,24.026
2787,2021-04-27 03:00:00+00:00,30.626,64.335594,23.126
2788,2021-04-27 04:00:00+00:00,32.826,52.633255,21.876
2789,2021-04-27 05:00:00+00:00,34.676003,43.823544,20.575998
2790,2021-04-27 06:00:00+00:00,35.926003,41.14979,20.675999
2791,2021-04-27 07:00:00+00:00,36.076,44.874924,22.226
2792,2021-04-27 08:00:00+00:00,35.576,44.334103,21.575998
2793,2021-04-27 09:00:00+00:00,35.226,40.960835,19.976
2794,2021-04-27 10:00:00+00:00,34.126,45.32507,20.626
2795,2021-04-27 11:00:00+00:00,32.576,54.530888,22.226
2796,2021-04-27 12:00:00+00:00,31.175999,63.678905,23.476
2797,2021-04-27 13:00:00+00:00,29.325998,76.78125,24.825998
2798,2021-04-27 14:00:00+00:00,28.526,83.59652,25.476
2799,2021-04-27 15:00:00+00:00,28.075998,87.09696,25.726
2800,2021-04-27 16:00:00+00:00,27.726,88.89404,25.726
2801,2021-04-27 17:00:00+00:00,27.425999,90.46771,25.726
2802,2021-04-27 18:00:00+00:00,27.026,93.16559,25.825998
2803,2021-04-27 19:00:00+00:00,26.626,95.38351,25.825998
2804,2021-04-27 20:00:00+00:00,26.325998,96.51217,25.726
2805,2021-04-27 21:00:00+00:00,26.126,97.37015,25.675999
2806,2021-04-27 22:00:00+00:00,26.026,97.36822,25.575998
2807,2021-04-27 23:00:00+00:00,25.925999,96.50197,25.325998
2808,2021-04-28 00:00:00+00:00,25.876,97.9455,25.526
2809,2021-04-28 01:00:00+00:00,26.776,91.50714,25.276
2810,2021-04-28 02:00:00+00:00,28.776,78.55691,24.675999
2811,2021-04-28 03:00:00+00:00,31.226,61.79496,23.026
2812,2021-04-28 04:00:00+00:00,33.526,51.06998,22.026
2813,2021-04-28 05:00:00+00:00,35.526,43.24743,21.126
2814,2021-04-28 06:00:00+00:00,36.826,40.26608,21.126
2815,2021-04-28 07:00:00+00:00,37.126,42.23788,22.175999
2816,2021-04-28 08:00:00+00:00,36.926003,42.055954,21.925999
2817,2021-04-28 09:00:00+00:00,36.476,39.31444,20.425999
2818,2021-04-28 10:00:00+00:00,35.476,39.901134,19.776
2819,2021-04-28 11:00:00+00:00,33.526,50.75945,21.925999
2820,2021-04-28 12:00:00+00:00,31.526,64.71819,24.075998
2821,2021-04-28 13:00:00+00:00,29.726,76.84121,25.226
2822,2021-04-28 14:00:00+00:00,28.925999,84.13754,25.976
2823,2021-04-28 15:00:00+00:00,28.526,87.65331,26.276
2824,2021-04-28 16:00:00+00:00,28.175999,89.72034,26.325998
2825,2021-04-28 17:00:00+00:00,27.776,91.56719,26.276
2826,2021-04-28 18:00:00+00:00,27.425999,93.460754,26.276
2827,2021-04-28 19:00:00+00:00,27.126,95.68219,26.376
2828,2021-04-28 20:00:00+00:00,26.925999,96.52741,26.325998
2829,2021-04-28 21:00:00+00:00,26.825998,95.95609,26.126
2830,2021-04-28 22:00:00+00:00,26.976,94.55277,26.026
2831,2021-04-28 23:00:00+00:00,26.825998,93.98828,25.776
2832,2021-04-29 00:00:00+00:00,27.075998,92.89246,25.825998
2833,2021-04-29 01:00:00+00:00,27.575998,89.41145,25.675999
2834,2021-04-29 02:00:00+00:00,29.175999,79.318474,25.226
2835,2021-04-29 03:00:00+00:00,31.425999,64.11665,23.825998
2836,2021-04-29 04:00:00+00:00,33.476,53.92824,22.876
2837,2021-04-29 05:00:00+00:00,35.376,45.935184,21.976
2838,2021-04-29 06:00:00+00:00,36.376,44.954166,22.526
2839,2021-04-29 07:00:00+00:00,35.876,51.50703,24.325998
2840,2021-04-29 08:00:00+00:00,36.026,47.956585,23.276
2841,2021-04-29 09:00:00+00:00,34.576,50.411198,22.776
2842,2021-04-29 10:00:00+00:00,34.176003,52.332565,23.026
2843,2021-04-29 11:00:00+00:00,32.626,59.725395,23.776
2844,2021-04-29 12:00:00+00:00,31.376,63.721386,23.675999
2845,2021-04-29 13:00:00+00:00,29.626,75.91574,24.925999
2846,2021-04-29 14:00:00+00:00,28.925999,81.92242,25.526
2847,2021-04-29 15:00:00+00:00,28.425999,84.584526,25.575998
2848,2021-04-29 16:00:00+00:00,27.925999,86.56794,25.476
2849,2021-04-29 17:00:00+00:00,27.476,89.66974,25.626
2850,2021-04-29 18:00:00+00:00,27.075998,93.16805,25.876
2851,2021-04-29 19:00:00+00:00,27.276,92.902626,26.026
2852,2021-04-29 20:00:00+00:00,26.925999,95.39356,26.126
2853,2021-04-29 21:00:00+00:00,26.825998,95.95609,26.126
2854,2021-04-29 22:00:00+00:00,26.575998,96.51855,25.976
2855,2021-04-29 23:00:00+00:00,26.726,96.23736,26.075998
2856,2021-04-30 00:00:00+00:00,25.726,99.40853,25.626
2857,2021-04-30 01:00:00+00:00,27.276,93.45374,26.126
2858,2021-04-30 02:00:00+00:00,29.126,81.46185,25.626
2859,2021-04-30 03:00:00+00:00,31.075998,70.699936,25.126
2860,2021-04-30 04:00:00+00:00,32.926003,61.61204,24.575998
2861,2021-04-30 05:00:00+00:00,34.426003,53.031178,23.476
2862,2021-04-30 06:00:00+00:00,35.326,48.21205,22.726
2863,2021-04-30 07:00:00+00:00,35.276,51.511326,23.776
2864,2021-04-30 08:00:00+00:00,34.926003,49.441227,22.776
2865,2021-04-30 09:00:00+00:00,34.276,49.87789,22.325998
2866,2021-04-30 10:00:00+00:00,33.226,54.855427,22.925999
2867,2021-04-30 11:00:00+00:00,32.076,59.96134,23.325998
2868,2021-04-30 12:00:00+00:00,30.776,66.137474,23.726
2869,2021-04-30 13:00:00+00:00,29.175999,76.30113,24.575998
2870,2021-04-30 14:00:00+00:00,28.626,79.24344,24.675999
2871,2021-04-30 15:00:00+00:00,28.226,81.350204,24.726
2872,2021-04-30 16:00:00+00:00,27.776,83.26386,24.675999
2873,2021-04-30 17:00:00+00:00,27.276,85.48004,24.626
2874,2021-04-30 18:00:00+00:00,26.575998,89.872185,24.776
2875,2021-04-30 19:00:00+00:00,25.925999,93.94916,24.876
2876,2021-04-30 20:00:00+00:00,25.526,95.91757,24.825998
2877,2021-04-30 21:00:00+00:00,25.626,96.207054,24.976
2878,2021-04-30 22:00:00+00:00,25.825998,95.64118,25.075998
2879,2021-04-30 23:00:00+00:00,26.175999,93.96005,25.126
2880,2021-05-01 00:00:00+00:00,26.526,91.219696,24.976
2881,2021-05-01 01:00:00+00:00,27.726,84.51085,24.876
2882,2021-05-01 02:00:00+00:00,29.026,76.50684,24.476
2883,2021-05-01 03:00:00+00:00,30.925999,66.367004,23.925999
2884,2021-05-01 04:00:00+00:00,32.476,58.798298,23.376
2885,2021-05-01 05:00:00+00:00,33.626,52.036682,22.425999
2886,2021-05-01 06:00:00+00:00,34.326,49.13731,22.126
2887,2021-05-01 07:00:00+00:00,34.676003,44.503445,20.825998
2888,2021-05-01 08:00:00+00:00,34.726,43.033115,20.325998
2889,2021-05-01 09:00:00+00:00,34.176003,46.61035,21.126
2890,2021-05-01 10:00:00+00:00,33.426003,51.044617,21.925999
2891,2021-05-01 11:00:00+00:00,32.026,58.33991,22.825998
2892,2021-05-01 12:00:00+00:00,30.526,64.90062,23.175999
2893,2021-05-01 13:00:00+00:00,29.276,73.62225,24.075998
2894,2021-05-01 14:00:00+00:00,28.925999,76.26285,24.325998
2895,2021-05-01 15:00:00+00:00,28.626,78.53581,24.526
2896,2021-05-01 16:00:00+00:00,28.276,80.63046,24.626
2897,2021-05-01 17:00:00+00:00,27.925999,83.03259,24.776
2898,2021-05-01 18:00:00+00:00,27.476,85.75551,24.876
2899,2021-05-01 19:00:00+00:00,27.026,88.83955,25.026
2900,2021-05-01 20:00:00+00:00,26.825998,89.62245,24.976
2901,2021-05-01 21:00:00+00:00,26.325998,91.75334,24.876
2902,2021-05-01 22:00:00+00:00,25.825998,93.94478,24.776
2903,2021-05-01 23:00:00+00:00,25.376,95.05662,24.526
2904,2021-05-02 00:00:00+00:00,25.776,93.94258,24.726
2905,2021-05-02 01:00:00+00:00,26.976,88.04411,24.825998
2906,2021-05-02 02:00:00+00:00,28.925999,77.181656,24.526
2907,2021-05-02 03:00:00+00:00,30.876,66.1577,23.825998
2908,2021-05-02 04:00:00+00:00,32.326,59.29841,23.376
2909,2021-05-02 05:00:00+00:00,33.026,56.490944,23.226
2910,2021-05-02 06:00:00+00:00,34.026,51.04129,22.476
2911,2021-05-02 07:00:00+00:00,34.426003,49.163048,22.226
2912,2021-05-02 08:00:00+00:00,34.576,48.75467,22.226
2913,2021-05-02 09:00:00+00:00,34.176003,50.309345,22.376
2914,2021-05-02 10:00:00+00:00,33.376,53.0921,22.526
2915,2021-05-02 11:00:00+00:00,32.226,58.740623,23.126
2916,2021-05-02 12:00:00+00:00,30.925999,63.62571,23.226
2917,2021-05-02 13:00:00+00:00,29.226,75.62708,24.476
2918,2021-05-02 14:00:00+00:00,28.626,80.675476,24.976
2919,2021-05-02 15:00:00+00:00,28.325998,82.83132,25.126
2920,2021-05-02 16:00:00+00:00,28.075998,84.79971,25.276
2921,2021-05-02 17:00:00+00:00,27.976,85.29552,25.276
2922,2021-05-02 18:00:00+00:00,27.675999,86.80267,25.276
2923,2021-05-02 19:00:00+00:00,27.376,88.603004,25.325998
2924,2021-05-02 20:00:00+00:00,27.075998,90.17561,25.325998
2925,2021-05-02 21:00:00+00:00,26.726,91.50413,25.226
2926,2021-05-02 22:00:00+00:00,26.376,93.13365,25.175999
2927,2021-05-02 23:00:00+00:00,25.825998,95.92651,25.126
2928,2021-05-03 00:00:00+00:00,26.126,95.08349,25.276
2929,2021-05-03 01:00:00+00:00,27.425999,87.298485,25.126
2930,2021-05-03 02:00:00+00:00,29.175999,76.98839,24.726
2931,2021-05-03 03:00:00+00:00,30.825998,66.34687,23.825998
2932,2021-05-03 04:00:00+00:00,32.476,57.220303,22.925999
2933,2021-05-03 05:00:00+00:00,33.476,52.635273,22.476
2934,2021-05-03 06:00:00+00:00,34.076,50.899128,22.476
2935,2021-05-03 07:00:00+00:00,34.376,49.903465,22.425999
2936,2021-05-03 08:00:00+00:00,34.026,51.04129,22.476
2937,2021-05-03 09:00:00+00:00,33.826,51.61454,22.476
2938,2021-05-03 10:00:00+00:00,32.976,54.96105,22.726
2939,2021-05-03 11:00:00+00:00,31.976,58.86081,22.925999
2940,2021-05-03 12:00:00+00:00,31.276,61.6193,23.026
2941,2021-05-03 13:00:00+00:00,29.726,70.454384,23.776
2942,2021-05-03 14:00:00+00:00,29.126,74.71031,24.175999
2943,2021-05-03 15:00:00+00:00,28.675999,77.14456,24.276
2944,2021-05-03 16:00:00+00:00,28.276,79.43313,24.376
2945,2021-05-03 17:00:00+00:00,27.825998,81.78873,24.425999
2946,2021-05-03 18:00:00+00:00,27.226,85.47503,24.575998
2947,2021-05-03 19:00:00+00:00,26.876,87.77312,24.675999
2948,2021-05-03 20:00:00+00:00,26.675999,89.077896,24.726
2949,2021-05-03 21:00:00+00:00,26.026,92.28578,24.675999
2950,2021-05-03 22:00:00+00:00,25.776,93.3828,24.626
2951,2021-05-03 23:00:00+00:00,26.376,90.126945,24.626
2952,2021-05-04 00:00:00+00:00,25.376,94.77261,24.476
2953,2021-05-04 01:00:00+00:00,27.075998,85.20457,24.376
2954,2021-05-04 02:00:00+00:00,29.126,74.04067,24.026
2955,2021-05-04 03:00:00+00:00,31.075998,60.464508,22.526
2956,2021-05-04 04:00:00+00:00,32.976,50.930298,21.476
2957,2021-05-04 05:00:00+00:00,34.526,44.600605,20.726
2958,2021-05-04 06:00:00+00:00,35.476,42.57479,20.825998
2959,2021-05-04 07:00:00+00:00,35.176003,46.163525,21.876
2960,2021-05-04 08:00:00+00:00,34.776,47.198315,21.876
2961,2021-05-04 09:00:00+00:00,33.776,51.445305,22.376
2962,2021-05-04 10:00:00+00:00,33.226,53.70353,22.575998
2963,2021-05-04 11:00:00+00:00,31.776,60.989193,23.325998
2964,2021-05-04 12:00:00+00:00,31.175999,63.10514,23.325998
2965,2021-05-04 13:00:00+00:00,29.776,71.53008,24.075998
2966,2021-05-04 14:00:00+00:00,29.325998,75.191505,24.476
2967,2021-05-04 15:00:00+00:00,28.976,77.4202,24.626
2968,2021-05-04 16:00:00+00:00,28.726,79.02076,24.726
2969,2021-05-04 17:00:00+00:00,28.575998,79.95004,24.776
2970,2021-05-04 18:00:00+00:00,28.325998,80.8782,24.726
2971,2021-05-04 19:00:00+00:00,28.126,81.82532,24.726
2972,2021-05-04 20:00:00+00:00,27.726,84.51085,24.876
2973,2021-05-04 21:00:00+00:00,27.325998,87.28968,25.026
2974,2021-05-04 22:00:00+00:00,26.876,90.161736,25.126
2975,2021-05-04 23:00:00+00:00,26.276,93.12872,25.075998
2976,2021-05-05 00:00:00+00:00,25.626,94.78209,24.726
2977,2021-05-05 01:00:00+00:00,27.376,84.72685,24.575998
2978,2021-05-05 02:00:00+00:00,29.376,71.02977,23.575998
2979,2021-05-05 03:00:00+00:00,31.425999,58.555344,22.325998
2980,2021-05-05 04:00:00+00:00,33.226,50.838257,21.675999
2981,2021-05-05 05:00:00+00:00,34.876,44.83113,21.126
2982,2021-05-05 06:00:00+00:00,35.826,43.59366,21.526
2983,2021-05-05 07:00:00+00:00,35.876,45.509766,22.276
2984,2021-05-05 08:00:00+00:00,35.426003,45.808464,21.976
2985,2021-05-05 09:00:00+00:00,34.776,47.63218,22.026
2986,2021-05-05 10:00:00+00:00,33.726,51.120663,22.226
2987,2021-05-05 11:00:00+00:00,32.476,57.220303,22.925999
2988,2021-05-05 12:00:00+00:00,31.075998,64.43007,23.575998
2989,2021-05-05 13:00:00+00:00,29.675999,73.03002,24.325998
2990,2021-05-05 14:00:00+00:00,29.175999,76.529625,24.626
2991,2021-05-05 15:00:00+00:00,28.976,78.117256,24.776
2992,2021-05-05 16:00:00+00:00,28.825998,79.50762,24.925999
2993,2021-05-05 17:00:00+00:00,28.626,80.43524,24.925999
2994,2021-05-05 18:00:00+00:00,28.476,80.897285,24.876
2995,2021-05-05 19:00:00+00:00,28.026,83.04404,24.876
2996,2021-05-05 20:00:00+00:00,27.675999,84.758156,24.876
2997,2021-05-05 21:00:00+00:00,26.976,88.307274,24.876
2998,2021-05-05 22:00:00+00:00,26.175999,92.846504,24.925999
2999,2021-05-05 23:00:00+00:00,25.825998,94.22566,24.825998
3000,2021-05-06 00:00:00+00:00,26.476,88.79644,24.476
3001,2021-05-06 01:00:00+00:00,27.575998,82.99239,24.425999
3002,2021-05-06 02:00:00+00:00,29.526,74.10659,24.425999
3003,2021-05-06 03:00:00+00:00,31.526,64.524185,24.026
3004,2021-05-06 04:00:00+00:00,32.826,57.82403,23.425999
3005,2021-05-06 05:00:00+00:00,33.876,53.863457,23.226
3006,2021-05-06 06:00:00+00:00,34.826,50.627632,23.075998
3007,2021-05-06 07:00:00+00:00,35.126,49.943634,23.126
3008,2021-05-06 08:00:00+00:00,34.926003,49.892612,22.925999
3009,2021-05-06 09:00:00+00:00,34.476,49.17591,22.276
3010,2021-05-06 10:00:00+00:00,33.526,53.290695,22.726
3011,2021-05-06 11:00:00+00:00,32.326,59.83735,23.526
3012,2021-05-06 12:00:00+00:00,31.075998,66.79684,24.175999
3013,2021-05-06 13:00:00+00:00,29.726,74.36138,24.675999
3014,2021-05-06 14:00:00+00:00,29.325998,77.47153,24.976
3015,2021-05-06 15:00:00+00:00,29.075998,79.304855,25.126
3016,2021-05-06 16:00:00+00:00,28.825998,81.42475,25.325998
3017,2021-05-06 17:00:00+00:00,28.626,83.11253,25.476
3018,2021-05-06 18:00:00+00:00,28.526,83.59652,25.476
3019,2021-05-06 19:00:00+00:00,28.425999,83.58543,25.376
3020,2021-05-06 20:00:00+00:00,28.126,85.05741,25.376
3021,2021-05-06 21:00:00+00:00,27.825998,86.04539,25.276
3022,2021-05-06 22:00:00+00:00,27.675999,86.80267,25.276
3023,2021-05-06 23:00:00+00:00,27.325998,88.33581,25.226
3024,2021-05-07 00:00:00+00:00,26.776,90.42384,25.075998
3025,2021-05-07 01:00:00+00:00,28.226,82.57323,24.976
3026,2021-05-07 02:00:00+00:00,29.876,72.627945,24.425999
3027,2021-05-07 03:00:00+00:00,31.325998,65.26221,24.026
3028,2021-05-07 04:00:00+00:00,32.976,57.511322,23.476
3029,2021-05-07 05:00:00+00:00,33.576,53.78973,22.925999
3030,2021-05-07 06:00:00+00:00,34.776,50.15736,22.876
3031,2021-05-07 07:00:00+00:00,33.776,53.514206,23.026
3032,2021-05-07 08:00:00+00:00,33.626,54.456837,23.175999
3033,2021-05-07 09:00:00+00:00,33.326,54.71392,22.976
3034,2021-05-07 10:00:00+00:00,32.926003,56.467136,23.126
3035,2021-05-07 11:00:00+00:00,31.876,61.75153,23.626
3036,2021-05-07 12:00:00+00:00,31.126,65.61431,23.925999
3037,2021-05-07 13:00:00+00:00,30.026,71.57443,24.325998
3038,2021-05-07 14:00:00+00:00,29.626,73.90157,24.476
3039,2021-05-07 15:00:00+00:00,29.425999,74.758736,24.476
3040,2021-05-07 16:00:00+00:00,29.226,75.40103,24.425999
3041,2021-05-07 17:00:00+00:00,28.526,82.85443,25.325998
3042,2021-05-07 18:00:00+00:00,28.026,85.30053,25.325998
3043,2021-05-07 19:00:00+00:00,27.726,87.0657,25.376
3044,2021-05-07 20:00:00+00:00,27.526,87.8283,25.325998
3045,2021-05-07 21:00:00+00:00,27.376,87.29407,25.075998
3046,2021-05-07 22:00:00+00:00,26.675999,91.22904,25.126
3047,2021-05-07 23:00:00+00:00,26.126,93.95785,25.075998
3048,2021-05-08 00:00:00+00:00,26.526,90.40692,24.825998
3049,2021-05-08 01:00:00+00:00,27.276,85.992455,24.726
3050,2021-05-08 02:00:00+00:00,29.075998,75.60359,24.325998
3051,2021-05-08 03:00:00+00:00,31.075998,64.81936,23.675999
3052,2021-05-08 04:00:00+00:00,33.076,56.16249,23.175999
3053,2021-05-08 05:00:00+00:00,33.876,53.05521,22.976
3054,2021-05-08 06:00:00+00:00,34.276,51.727695,22.925999
3055,2021-05-08 07:00:00+00:00,34.526,51.013023,22.925999
3056,2021-05-08 08:00:00+00:00,34.376,52.382458,23.226
3057,2021-05-08 09:00:00+00:00,33.526,55.261017,23.325998
3058,2021-05-08 10:00:00+00:00,33.026,57.349888,23.476
3059,2021-05-08 11:00:00+00:00,31.876,63.255238,24.026
3060,2021-05-08 12:00:00+00:00,30.876,66.356926,23.876
3061,2021-05-08 13:00:00+00:00,29.526,74.5515,24.526
3062,2021-05-08 14:00:00+00:00,29.175999,77.681046,24.876
3063,2021-05-08 15:00:00+00:00,29.026,79.06209,25.026
3064,2021-05-08 16:00:00+00:00,28.726,80.92903,25.126
3065,2021-05-08 17:00:00+00:00,28.425999,82.84289,25.226
3066,2021-05-08 18:00:00+00:00,28.075998,84.79971,25.276
3067,2021-05-08 19:00:00+00:00,27.726,86.54939,25.276
3068,2021-05-08 20:00:00+00:00,27.325998,88.33581,25.226
3069,2021-05-08 21:00:00+00:00,26.925999,90.16523,25.175999
3070,2021-05-08 22:00:00+00:00,26.675999,91.50111,25.175999
3071,2021-05-08 23:00:00+00:00,26.376,92.58053,25.075998
3072,2021-05-09 00:00:00+00:00,26.376,92.30507,25.026
3073,2021-05-09 01:00:00+00:00,27.626,85.006256,24.876
3074,2021-05-09 02:00:00+00:00,29.276,76.088646,24.626
3075,2021-05-09 03:00:00+00:00,31.276,65.056145,23.925999
3076,2021-05-09 04:00:00+00:00,32.976,56.993126,23.325998
3077,2021-05-09 05:00:00+00:00,34.476,51.155056,22.925999
3078,2021-05-09 06:00:00+00:00,35.276,49.232143,23.026
3079,2021-05-09 07:00:00+00:00,35.676003,48.1566,23.026
3080,2021-05-09 08:00:00+00:00,34.876,50.6403,23.126
3081,2021-05-09 09:00:00+00:00,34.476,51.777905,23.126
3082,2021-05-09 10:00:00+00:00,33.676003,55.13072,23.425999
3083,2021-05-09 11:00:00+00:00,32.526,59.52317,23.626
3084,2021-05-09 12:00:00+00:00,31.526,62.990314,23.626
3085,2021-05-09 13:00:00+00:00,30.175999,71.815575,24.526
3086,2021-05-09 14:00:00+00:00,29.675999,75.69742,24.925999
3087,2021-05-09 15:00:00+00:00,29.476,77.03305,25.026
3088,2021-05-09 16:00:00+00:00,29.226,78.854485,25.175999
3089,2021-05-09 17:00:00+00:00,28.925999,80.954384,25.325998
3090,2021-05-09 18:00:00+00:00,28.726,82.386566,25.425999
3091,2021-05-09 19:00:00+00:00,28.425999,84.333786,25.526
3092,2021-05-09 20:00:00+00:00,28.075998,86.069336,25.526
3093,2021-05-09 21:00:00+00:00,27.876,86.82087,25.476
3094,2021-05-09 22:00:00+00:00,27.626,88.09812,25.476
3095,2021-05-09 23:00:00+00:00,27.425999,89.135185,25.476
3096,2021-05-10 00:00:00+00:00,27.226,89.38541,25.325998
3097,2021-05-10 01:00:00+00:00,27.976,84.78932,25.175999
3098,2021-05-10 02:00:00+00:00,29.626,74.12304,24.526
3099,2021-05-10 03:00:00+00:00,31.476,62.601036,23.476
3100,2021-05-10 04:00:00+00:00,33.226,54.524124,22.825998
3101,2021-05-10 05:00:00+00:00,35.026,47.407757,22.175999
3102,2021-05-10 06:00:00+00:00,36.226,43.700184,21.925999
3103,2021-05-10 07:00:00+00:00,36.376,45.22794,22.626
3104,2021-05-10 08:00:00+00:00,35.826,46.900013,22.726
3105,2021-05-10 09:00:00+00:00,35.326,47.775208,22.575998
3106,2021-05-10 10:00:00+00:00,34.576,50.87144,22.925999
3107,2021-05-10 11:00:00+00:00,33.176003,57.040375,23.526
3108,2021-05-10 12:00:00+00:00,32.026,61.784504,23.776
3109,2021-05-10 13:00:00+00:00,30.425999,69.74153,24.276
3110,2021-05-10 14:00:00+00:00,29.726,76.38502,25.126
3111,2021-05-10 15:00:00+00:00,29.425999,78.414444,25.276
3112,2021-05-10 16:00:00+00:00,29.175999,79.79181,25.325998
3113,2021-05-10 17:00:00+00:00,28.876,82.16001,25.526
3114,2021-05-10 18:00:00+00:00,28.476,84.339096,25.575998
3115,2021-05-10 19:00:00+00:00,28.075998,85.81408,25.476
3116,2021-05-10 20:00:00+00:00,27.675999,87.58039,25.425999
3117,2021-05-10 21:00:00+00:00,27.226,88.59106,25.175999
3118,2021-05-10 22:00:00+00:00,26.925999,89.36305,25.026
3119,2021-05-10 23:00:00+00:00,26.776,90.1548,25.026
3120,2021-05-11 00:00:00+00:00,26.776,89.618774,24.925999
3121,2021-05-11 01:00:00+00:00,27.476,86.01172,24.925999
3122,2021-05-11 02:00:00+00:00,29.376,75.65055,24.626
3123,2021-05-11 03:00:00+00:00,31.726,64.954124,24.325998
3124,2021-05-11 04:00:00+00:00,34.276,54.124252,23.675999
3125,2021-05-11 05:00:00+00:00,36.576,44.463932,22.526
3126,2021-05-11 06:00:00+00:00,38.276,37.55551,21.276
3127,2021-05-11 07:00:00+00:00,38.976,36.3849,21.376
3128,2021-05-11 08:00:00+00:00,37.176003,46.827156,23.925999
3129,2021-05-11 09:00:00+00:00,36.376,47.47119,23.425999
3130,2021-05-11 10:00:00+00:00,35.726,50.39866,23.825998
3131,2021-05-11 11:00:00+00:00,34.276,54.94442,23.925999
3132,2021-05-11 12:00:00+00:00,32.376,61.122677,23.925999
3133,2021-05-11 13:00:00+00:00,30.825998,71.92958,25.175999
3134,2021-05-11 14:00:00+00:00,30.175999,77.13685,25.726
3135,2021-05-11 15:00:00+00:00,29.976,78.72466,25.876
3136,2021-05-11 16:00:00+00:00,29.675999,81.28903,26.126
3137,2021-05-11 17:00:00+00:00,29.425999,81.740486,25.976
3138,2021-05-11 18:00:00+00:00,29.276,81.72218,25.825998
3139,2021-05-11 19:00:00+00:00,28.825998,82.88902,25.626
3140,2021-05-11 20:00:00+00:00,28.575998,82.86021,25.376
3141,2021-05-11 21:00:00+00:00,28.276,84.06746,25.325998
3142,2021-05-11 22:00:00+00:00,28.075998,84.79971,25.276
3143,2021-05-11 23:00:00+00:00,27.825998,86.55868,25.376
3144,2021-05-12 00:00:00+00:00,27.175999,91.803085,25.726
3145,2021-05-12 01:00:00+00:00,27.825998,88.11469,25.675999
3146,2021-05-12 02:00:00+00:00,29.825998,75.94668,25.126
3147,2021-05-12 03:00:00+00:00,32.076,64.44576,24.526
3148,2021-05-12 04:00:00+00:00,34.276,54.61506,23.825998
3149,2021-05-12 05:00:00+00:00,36.126,45.853146,22.626
3150,2021-05-12 06:00:00+00:00,37.526,40.331123,21.776
3151,2021-05-12 07:00:00+00:00,38.476,37.956234,21.626
3152,2021-05-12 08:00:00+00:00,37.276,46.994015,24.075998
3153,2021-05-12 09:00:00+00:00,36.526,50.60081,24.626
3154,2021-05-12 10:00:00+00:00,35.676003,51.30273,24.075998
3155,2021-05-12 11:00:00+00:00,34.126,53.762383,23.425999
3156,2021-05-12 12:00:00+00:00,32.476,62.62928,24.425999
3157,2021-05-12 13:00:00+00:00,30.626,75.173615,25.726
3158,2021-05-12 14:00:00+00:00,30.026,80.37812,26.276
3159,2021-05-12 15:00:00+00:00,29.825998,81.54805,26.325998
3160,2021-05-12 16:00:00+00:00,29.575998,82.97506,26.376
3161,2021-05-12 17:00:00+00:00,29.476,83.20889,26.325998
3162,2021-05-12 18:00:00+00:00,29.226,82.689926,25.976
3163,2021-05-12 19:00:00+00:00,28.976,81.928444,25.575998
3164,2021-05-12 20:00:00+00:00,28.726,80.92903,25.126
3165,2021-05-12 21:00:00+00:00,28.425999,81.132706,24.876
3166,2021-05-12 22:00:00+00:00,28.175999,82.32141,24.876
3167,2021-05-12 23:00:00+00:00,28.075998,83.04977,24.925999
3168,2021-05-13 00:00:00+00:00,27.776,85.784836,25.175999
3169,2021-05-13 01:00:00+00:00,28.726,81.17038,25.175999
3170,2021-05-13 02:00:00+00:00,30.376,73.36695,25.075998
3171,2021-05-13 03:00:00+00:00,32.476,64.14515,24.825998
3172,2021-05-13 04:00:00+00:00,34.626,54.864285,24.226
3173,2021-05-13 05:00:00+00:00,36.276,48.02119,23.526
3174,2021-05-13 06:00:00+00:00,37.526,44.1782,23.276
3175,2021-05-13 07:00:00+00:00,37.426003,45.230587,23.575998
3176,2021-05-13 08:00:00+00:00,36.326,52.865627,25.175999
3177,2021-05-13 09:00:00+00:00,35.526,54.91745,25.075998
3178,2021-05-13 10:00:00+00:00,34.826,55.407776,24.575998
3179,2021-05-13 11:00:00+00:00,33.476,61.732597,25.126
3180,2021-05-13 12:00:00+00:00,32.526,65.50797,25.226
3181,2021-05-13 13:00:00+00:00,30.925999,74.998795,25.976
3182,2021-05-13 14:00:00+00:00,30.276,80.88569,26.626
3183,2021-05-13 15:00:00+00:00,29.976,82.776726,26.726
3184,2021-05-13 16:00:00+00:00,29.876,83.253975,26.726
3185,2021-05-13 17:00:00+00:00,29.526,84.45022,26.626
3186,2021-05-13 18:00:00+00:00,29.276,84.42387,26.376
3187,2021-05-13 19:00:00+00:00,28.925999,85.390656,26.226
3188,2021-05-13 20:00:00+00:00,28.626,86.121796,26.075998
3189,2021-05-13 21:00:00+00:00,28.526,84.84625,25.726
3190,2021-05-13 22:00:00+00:00,28.175999,85.5694,25.526
3191,2021-05-13 23:00:00+00:00,27.825998,86.30169,25.325998
3192,2021-05-14 00:00:00+00:00,27.925999,85.29049,25.226
3193,2021-05-14 01:00:00+00:00,28.776,81.17666,25.226
3194,2021-05-14 02:00:00+00:00,30.325998,72.922424,24.925999
3195,2021-05-14 03:00:00+00:00,32.326,62.973133,24.376
3196,2021-05-14 04:00:00+00:00,34.476,53.364147,23.626
3197,2021-05-14 05:00:00+00:00,36.376,44.81783,22.476
3198,2021-05-14 06:00:00+00:00,36.926003,44.287243,22.776
3199,2021-05-14 07:00:00+00:00,36.176003,52.51457,24.925999
3200,2021-05-14 08:00:00+00:00,35.176003,55.6574,24.976
3201,2021-05-14 09:00:00+00:00,34.926003,56.433483,24.976
3202,2021-05-14 10:00:00+00:00,34.176003,59.187836,25.075998
3203,2021-05-14 11:00:00+00:00,32.976,63.112293,25.026
3204,2021-05-14 12:00:00+00:00,31.575998,68.512314,25.075998
3205,2021-05-14 13:00:00+00:00,30.376,76.25725,25.726
3206,2021-05-14 14:00:00+00:00,30.026,78.266624,25.825998
3207,2021-05-14 15:00:00+00:00,29.925999,78.951256,25.876
3208,2021-05-14 16:00:00+00:00,30.026,78.266624,25.825998
3209,2021-05-14 17:00:00+00:00,29.876,78.47775,25.726
3210,2021-05-14 18:00:00+00:00,29.626,78.442604,25.476
3211,2021-05-14 19:00:00+00:00,29.075998,80.97338,25.476
3212,2021-05-14 20:00:00+00:00,29.175999,81.22672,25.626
3213,2021-05-14 21:00:00+00:00,29.175999,81.71001,25.726
3214,2021-05-14 22:00:00+00:00,28.876,83.387794,25.776
3215,2021-05-14 23:00:00+00:00,28.925999,83.640816,25.876
3216,2021-05-15 00:00:00+00:00,28.776,83.87248,25.776
3217,2021-05-15 01:00:00+00:00,29.726,79.628685,25.825998
3218,2021-05-15 02:00:00+00:00,31.276,69.69108,25.075998
3219,2021-05-15 03:00:00+00:00,32.476,63.763206,24.726
3220,2021-05-15 04:00:00+00:00,33.676003,54.96465,23.376
3221,2021-05-15 05:00:00+00:00,34.376,50.36029,22.575998
3222,2021-05-15 06:00:00+00:00,34.826,48.22906,22.276
3223,2021-05-15 07:00:00+00:00,34.226,49.261444,22.075998
3224,2021-05-15 08:00:00+00:00,33.626,53.315437,22.825998
3225,2021-05-15 09:00:00+00:00,33.076,56.16249,23.175999
3226,2021-05-15 10:00:00+00:00,33.226,54.855427,22.925999
3227,2021-05-15 11:00:00+00:00,31.976,60.85004,23.476
3228,2021-05-15 12:00:00+00:00,31.626,65.71631,24.425999
3229,2021-05-15 13:00:00+00:00,30.476,73.82184,25.276
3230,2021-05-15 14:00:00+00:00,30.276,75.56594,25.476
3231,2021-05-15 15:00:00+00:00,30.376,74.2459,25.276
3232,2021-05-15 16:00:00+00:00,30.325998,73.14023,24.976
3233,2021-05-15 17:00:00+00:00,30.325998,72.27245,24.776
3234,2021-05-15 18:00:00+00:00,30.026,73.08942,24.675999
3235,2021-05-15 19:00:00+00:00,29.925999,72.20294,24.376
3236,2021-05-15 20:00:00+00:00,29.575998,73.452,24.325998
3237,2021-05-15 21:00:00+00:00,29.325998,73.18992,24.026
3238,2021-05-15 22:00:00+00:00,29.226,72.29798,23.726
3239,2021-05-15 23:00:00+00:00,29.126,72.49856,23.675999
3240,2021-05-16 00:00:00+00:00,28.575998,71.74908,22.976
3241,2021-05-16 01:00:00+00:00,29.476,68.521126,23.075998
3242,2021-05-16 02:00:00+00:00,30.526,64.70476,23.126
3243,2021-05-16 03:00:00+00:00,32.326,57.706993,22.925999
3244,2021-05-16 04:00:00+00:00,34.126,50.911785,22.526
3245,2021-05-16 05:00:00+00:00,35.726,45.470226,22.126
3246,2021-05-16 06:00:00+00:00,36.976,42.58525,22.175999
3247,2021-05-16 07:00:00+00:00,34.626,56.70017,24.776
3248,2021-05-16 08:00:00+00:00,35.926003,48.36698,23.325998
3249,2021-05-16 09:00:00+00:00,33.226,57.917374,23.825998
3250,2021-05-16 10:00:00+00:00,33.876,54.35355,23.376
3251,2021-05-16 11:00:00+00:00,33.826,57.022163,24.126
3252,2021-05-16 12:00:00+00:00,31.675999,64.9438,24.276
3253,2021-05-16 13:00:00+00:00,30.675999,70.41677,24.675999
3254,2021-05-16 14:00:00+00:00,30.175999,77.82567,25.876
3255,2021-05-16 15:00:00+00:00,30.175999,76.22674,25.526
3256,2021-05-16 16:00:00+00:00,30.075998,76.21144,25.425999
3257,2021-05-16 17:00:00+00:00,29.876,78.24537,25.675999
3258,2021-05-16 18:00:00+00:00,29.726,77.99211,25.476
3259,2021-05-16 19:00:00+00:00,29.626,76.14248,24.976
3260,2021-05-16 20:00:00+00:00,29.376,76.33168,24.776
3261,2021-05-16 21:00:00+00:00,29.026,77.19646,24.626
3262,2021-05-16 22:00:00+00:00,28.776,77.390785,24.425999
3263,2021-05-16 23:00:00+00:00,28.476,78.5147,24.376
3264,2021-05-17 00:00:00+00:00,28.325998,84.32311,25.425999
3265,2021-05-17 01:00:00+00:00,29.226,82.689926,25.976
3266,2021-05-17 02:00:00+00:00,31.026,73.9126,25.825998
3267,2021-05-17 03:00:00+00:00,33.126,60.19836,24.376
3268,2021-05-17 04:00:00+00:00,34.376,53.985992,23.726
3269,2021-05-17 05:00:00+00:00,35.176003,51.797077,23.776
3270,2021-05-17 06:00:00+00:00,35.876,50.285324,23.925999
3271,2021-05-17 07:00:00+00:00,35.626,52.37829,24.376
3272,2021-05-17 08:00:00+00:00,36.176003,49.165863,23.825998
3273,2021-05-17 09:00:00+00:00,35.976,47.654743,23.126
3274,2021-05-17 10:00:00+00:00,34.576,51.959698,23.276
3275,2021-05-17 11:00:00+00:00,33.426003,56.92778,23.726
3276,2021-05-17 12:00:00+00:00,32.526,58.80982,23.425999
3277,2021-05-17 13:00:00+00:00,30.776,71.49353,25.026
3278,2021-05-17 14:00:00+00:00,30.175999,77.13685,25.726
3279,2021-05-17 15:00:00+00:00,29.876,80.12142,26.075998
3280,2021-05-17 16:00:00+00:00,29.675999,82.01275,26.276
3281,2021-05-17 17:00:00+00:00,29.526,82.48076,26.226
3282,2021-05-17 18:00:00+00:00,29.325998,83.43813,26.226
3283,2021-05-17 19:00:00+00:00,29.075998,84.90288,26.276
3284,2021-05-17 20:00:00+00:00,28.976,85.901276,26.376
3285,2021-05-17 21:00:00+00:00,28.876,85.38565,26.175999
3286,2021-05-17 22:00:00+00:00,28.825998,83.87795,25.825998
3287,2021-05-17 23:00:00+00:00,28.526,83.845184,25.526
3288,2021-05-18 00:00:00+00:00,28.226,82.819756,25.026
3289,2021-05-18 01:00:00+00:00,29.276,77.46418,24.925999
3290,2021-05-18 02:00:00+00:00,30.925999,68.79843,24.526
3291,2021-05-18 03:00:00+00:00,32.626,61.361866,24.226
3292,2021-05-18 04:00:00+00:00,34.526,54.185307,23.925999
3293,2021-05-18 05:00:00+00:00,36.326,46.18458,22.925999
3294,2021-05-18 06:00:00+00:00,36.926003,45.78566,23.325998
3295,2021-05-18 07:00:00+00:00,36.526,49.255314,24.175999
3296,2021-05-18 08:00:00+00:00,36.226,51.74894,24.726
3297,2021-05-18 09:00:00+00:00,35.726,54.802303,25.226
3298,2021-05-18 10:00:00+00:00,34.576,57.1984,24.876
3299,2021-05-18 11:00:00+00:00,33.376,60.07462,24.575998
3300,2021-05-18 12:00:00+00:00,31.825998,67.547165,25.075998
3301,2021-05-18 13:00:00+00:00,30.526,75.15779,25.626
3302,2021-05-18 14:00:00+00:00,29.925999,79.42013,25.976
3303,2021-05-18 15:00:00+00:00,29.776,81.783,26.325998
3304,2021-05-18 16:00:00+00:00,29.675999,81.28903,26.126
3305,2021-05-18 17:00:00+00:00,29.675999,78.21701,25.476
3306,2021-05-18 18:00:00+00:00,29.376,78.87527,25.325998
3307,2021-05-18 19:00:00+00:00,28.976,81.44332,25.476
3308,2021-05-18 20:00:00+00:00,28.626,83.35976,25.526
3309,2021-05-18 21:00:00+00:00,28.425999,83.83421,25.425999
3310,2021-05-18 22:00:00+00:00,28.276,83.817795,25.276
3311,2021-05-18 23:00:00+00:00,28.126,83.05549,24.976
3312,2021-05-19 00:00:00+00:00,28.325998,79.91683,24.526
3313,2021-05-19 01:00:00+00:00,29.126,77.21125,24.726
3314,2021-05-19 02:00:00+00:00,30.776,69.598076,24.575998
3315,2021-05-19 03:00:00+00:00,32.976,59.62554,24.075998
3316,2021-05-19 04:00:00+00:00,34.976,51.436012,23.476
3317,2021-05-19 05:00:00+00:00,36.826,44.80071,22.876
3318,2021-05-19 06:00:00+00:00,37.776,41.39407,22.425999
3319,2021-05-19 07:00:00+00:00,38.226,40.765858,22.575998
3320,2021-05-19 08:00:00+00:00,36.576,49.713017,24.376
3321,2021-05-19 09:00:00+00:00,35.176003,55.990158,25.075998
3322,2021-05-19 10:00:00+00:00,35.426003,53.437492,24.526
3323,2021-05-19 11:00:00+00:00,33.376,61.710712,25.026
3324,2021-05-19 12:00:00+00:00,32.376,65.86857,25.175999
3325,2021-05-19 13:00:00+00:00,30.976,73.4674,25.675999
3326,2021-05-19 14:00:00+00:00,30.276,79.46729,26.325998
3327,2021-05-19 15:00:00+00:00,30.026,81.8133,26.575998
3328,2021-05-19 16:00:00+00:00,29.925999,82.5276,26.626
3329,2021-05-19 17:00:00+00:00,28.575998,82.86021,25.376
3330,2021-05-19 18:00:00+00:00,27.675999,87.061226,25.325998
3331,2021-05-19 19:00:00+00:00,26.925999,88.30319,24.825998
3332,2021-05-19 20:00:00+00:00,26.526,90.94806,24.925999
3333,2021-05-19 21:00:00+00:00,26.276,93.96441,25.226
3334,2021-05-19 22:00:00+00:00,25.925999,96.21537,25.276
3335,2021-05-19 23:00:00+00:00,26.175999,95.652275,25.425999
3336,2021-05-20 00:00:00+00:00,26.376,86.42329,23.925999
3337,2021-05-20 01:00:00+00:00,27.726,81.28775,24.226
3338,2021-05-20 02:00:00+00:00,29.675999,70.87041,23.825998
3339,2021-05-20 03:00:00+00:00,32.076,59.062283,23.075998
3340,2021-05-20 04:00:00+00:00,34.226,49.71359,22.226
3341,2021-05-20 05:00:00+00:00,36.326,43.064747,21.776
3342,2021-05-20 06:00:00+00:00,37.576,39.61144,21.526
3343,2021-05-20 07:00:00+00:00,37.726,38.93049,21.376
3344,2021-05-20 08:00:00+00:00,35.576,48.716778,23.126
3345,2021-05-20 09:00:00+00:00,33.426003,58.488182,24.175999
3346,2021-05-20 10:00:00+00:00,34.326,54.791656,23.925999
3347,2021-05-20 11:00:00+00:00,32.976,59.98445,24.175999
3348,2021-05-20 12:00:00+00:00,32.876,59.067787,23.825998
3349,2021-05-20 13:00:00+00:00,30.825998,67.35111,24.075998
3350,2021-05-20 14:00:00+00:00,30.976,66.97761,24.126
3351,2021-05-20 15:00:00+00:00,30.726,69.38085,24.476
3352,2021-05-20 16:00:00+00:00,30.925999,66.16783,23.876
3353,2021-05-20 17:00:00+00:00,30.825998,63.79692,23.175999
3354,2021-05-20 18:00:00+00:00,30.575998,66.49649,23.626
3355,2021-05-20 19:00:00+00:00,30.026,68.21439,23.526
3356,2021-05-20 20:00:00+00:00,30.175999,62.128273,22.126
3357,2021-05-20 21:00:00+00:00,29.376,64.66039,22.026
3358,2021-05-20 22:00:00+00:00,29.026,67.4029,22.376
3359,2021-05-20 23:00:00+00:00,28.776,69.22218,22.575998
3360,2021-05-21 00:00:00+00:00,27.776,77.01029,23.376
3361,2021-05-21 01:00:00+00:00,28.675999,73.3003,23.425999
3362,2021-05-21 02:00:00+00:00,30.726,64.16244,23.175999
3363,2021-05-21 03:00:00+00:00,32.726,55.570976,22.675999
3364,2021-05-21 04:00:00+00:00,34.426003,49.46313,22.325998
3365,2021-05-21 05:00:00+00:00,35.726,45.331898,22.075998
3366,2021-05-21 06:00:00+00:00,37.176003,41.866966,22.075998
3367,2021-05-21 07:00:00+00:00,33.776,57.010357,24.075998
3368,2021-05-21 08:00:00+00:00,34.026,52.136913,22.825998
3369,2021-05-21 09:00:00+00:00,35.026,48.13435,22.425999
3370,2021-05-21 10:00:00+00:00,36.626,41.719616,21.526
3371,2021-05-21 11:00:00+00:00,36.176003,41.98349,21.226
3372,2021-05-21 12:00:00+00:00,30.376,69.94158,24.276
3373,2021-05-21 13:00:00+00:00,30.075998,70.51833,24.126
3374,2021-05-21 14:00:00+00:00,29.776,71.74509,24.126
3375,2021-05-21 15:00:00+00:00,29.075998,76.743645,24.575998
3376,2021-05-21 16:00:00+00:00,28.776,77.390785,24.425999
3377,2021-05-21 17:00:00+00:00,28.425999,77.10737,24.026
3378,2021-05-21 18:00:00+00:00,28.075998,79.64444,24.226
3379,2021-05-21 19:00:00+00:00,28.075998,80.604675,24.425999
3380,2021-05-21 20:00:00+00:00,28.075998,80.36368,24.376
3381,2021-05-21 21:00:00+00:00,27.876,79.617455,24.026
3382,2021-05-21 22:00:00+00:00,27.726,80.31791,24.026
3383,2021-05-21 23:00:00+00:00,27.626,81.031654,24.075998
3384,2021-05-22 00:00:00+00:00,26.776,87.24105,24.476
3385,2021-05-22 01:00:00+00:00,27.276,84.46322,24.425999
3386,2021-05-22 02:00:00+00:00,28.226,78.47941,24.126
3387,2021-05-22 03:00:00+00:00,29.075998,74.03245,23.976
3388,2021-05-22 04:00:00+00:00,29.776,70.67572,23.876
3389,2021-05-22 05:00:00+00:00,31.075998,63.65764,23.376
3390,2021-05-22 06:00:00+00:00,31.825998,58.648113,22.726
3391,2021-05-22 07:00:00+00:00,32.526,52.71916,21.626
3392,2021-05-22 08:00:00+00:00,31.075998,62.703506,23.126
3393,2021-05-22 09:00:00+00:00,30.075998,67.60982,23.425999
3394,2021-05-22 10:00:00+00:00,30.825998,63.79692,23.175999
3395,2021-05-22 11:00:00+00:00,30.376,66.0564,23.325998
3396,2021-05-22 12:00:00+00:00,32.076,49.46406,20.175999
3397,2021-05-22 13:00:00+00:00,30.226,66.828316,23.376
3398,2021-05-22 14:00:00+00:00,29.376,70.60287,23.476
3399,2021-05-22 15:00:00+00:00,29.276,71.011734,23.476
3400,2021-05-22 16:00:00+00:00,28.476,77.57899,24.175999
3401,2021-05-22 17:00:00+00:00,28.026,78.687195,23.976
3402,2021-05-22 18:00:00+00:00,27.825998,81.05701,24.276
3403,2021-05-22 19:00:00+00:00,27.575998,82.99239,24.425999
3404,2021-05-22 20:00:00+00:00,27.476,83.47942,24.425999
3405,2021-05-22 21:00:00+00:00,26.976,86.221176,24.476
3406,2021-05-22 22:00:00+00:00,26.925999,85.95865,24.376
3407,2021-05-22 23:00:00+00:00,26.976,82.92318,23.825998
3408,2021-05-23 00:00:00+00:00,26.776,89.886444,24.976
3409,2021-05-23 01:00:00+00:00,27.626,85.77018,25.026
3410,2021-05-23 02:00:00+00:00,29.876,70.6939,23.976
3411,2021-05-23 03:00:00+00:00,32.026,56.423557,22.276
3412,2021-05-23 04:00:00+00:00,33.726,50.041573,21.876
3413,2021-05-23 05:00:00+00:00,35.026,45.14681,21.376
3414,2021-05-23 06:00:00+00:00,36.476,40.544033,20.925999
3415,2021-05-23 07:00:00+00:00,37.376,37.891956,20.626
3416,2021-05-23 08:00:00+00:00,38.176003,35.39598,20.226
3417,2021-05-23 09:00:00+00:00,37.726,36.158833,20.175999
3418,2021-05-23 10:00:00+00:00,36.026,40.29808,20.425999
3419,2021-05-23 11:00:00+00:00,35.726,41.86259,20.776
3420,2021-05-23 12:00:00+00:00,34.576,49.50163,22.476
3421,2021-05-23 13:00:00+00:00,32.326,59.1197,23.325998
3422,2021-05-23 14:00:00+00:00,30.675999,70.62748,24.726
3423,2021-05-23 15:00:00+00:00,30.226,71.60985,24.526
3424,2021-05-23 16:00:00+00:00,30.276,69.29633,24.026
3425,2021-05-23 17:00:00+00:00,30.226,68.45873,23.776
3426,2021-05-23 18:00:00+00:00,29.976,68.410645,23.526
3427,2021-05-23 19:00:00+00:00,29.575998,68.33352,23.126
3428,2021-05-23 20:00:00+00:00,29.325998,69.53606,23.175999
3429,2021-05-23 21:00:00+00:00,28.925999,72.02808,23.376
3430,2021-05-23 22:00:00+00:00,28.226,76.38489,23.675999
3431,2021-05-23 23:00:00+00:00,28.425999,73.47964,23.226
3432,2021-05-24 00:00:00+00:00,28.376,75.72117,23.675999
3433,2021-05-24 01:00:00+00:00,29.626,67.31725,22.925999
3434,2021-05-24 02:00:00+00:00,30.675999,64.15192,23.126
3435,2021-05-24 03:00:00+00:00,31.925999,59.92732,23.175999
3436,2021-05-24 04:00:00+00:00,33.226,54.68956,22.876
3437,2021-05-24 05:00:00+00:00,34.326,50.347576,22.526
3438,2021-05-24 06:00:00+00:00,35.526,45.279083,21.876
3439,2021-05-24 07:00:00+00:00,36.576,40.571003,21.026
3440,2021-05-24 08:00:00+00:00,37.176003,36.913864,20.026
3441,2021-05-24 09:00:00+00:00,37.426003,36.981617,20.276
3442,2021-05-24 10:00:00+00:00,36.876,36.83249,19.726
3443,2021-05-24 11:00:00+00:00,36.176003,39.598682,20.276
3444,2021-05-24 12:00:00+00:00,34.626,45.877853,21.276
3445,2021-05-24 13:00:00+00:00,33.926003,46.259068,20.776
3446,2021-05-24 14:00:00+00:00,33.176003,49.443645,21.175999
3447,2021-05-24 15:00:00+00:00,32.926003,50.143177,21.175999
3448,2021-05-24 16:00:00+00:00,32.826,51.048298,21.376
3449,2021-05-24 17:00:00+00:00,32.176003,53.936344,21.675999
3450,2021-05-24 18:00:00+00:00,32.076,55.245132,21.976
3451,2021-05-24 19:00:00+00:00,31.276,58.52047,22.175999
3452,2021-05-24 20:00:00+00:00,30.675999,60.742954,22.226
3453,2021-05-24 21:00:00+00:00,30.925999,59.518116,22.126
3454,2021-05-24 22:00:00+00:00,30.626,61.288696,22.325998
3455,2021-05-24 23:00:00+00:00,30.425999,61.618237,22.226
3456,2021-05-25 00:00:00+00:00,30.925999,58.61765,21.876
3457,2021-05-25 01:00:00+00:00,30.876,58.964813,21.925999
3458,2021-05-25 02:00:00+00:00,31.325998,59.24855,22.425999
3459,2021-05-25 03:00:00+00:00,32.676003,54.555344,22.325998
3460,2021-05-25 04:00:00+00:00,34.326,48.541786,21.925999
3461,2021-05-25 05:00:00+00:00,35.376,44.826447,21.575998
3462,2021-05-25 06:00:00+00:00,36.226,42.2551,21.376
3463,2021-05-25 07:00:00+00:00,36.826,40.019577,21.026
3464,2021-05-25 08:00:00+00:00,37.826,36.635456,20.476
3465,2021-05-25 09:00:00+00:00,37.826,32.25157,18.425999
3466,2021-05-25 10:00:00+00:00,37.576,35.563076,19.776
3467,2021-05-25 11:00:00+00:00,37.326,36.387188,19.925999
3468,2021-05-25 12:00:00+00:00,36.176003,34.31039,17.976
3469,2021-05-25 13:00:00+00:00,34.176003,38.205753,17.925999
3470,2021-05-25 14:00:00+00:00,32.376,43.750202,18.476
3471,2021-05-25 15:00:00+00:00,32.426003,46.291573,19.425999
3472,2021-05-25 16:00:00+00:00,32.126,49.783607,20.325998
3473,2021-05-25 17:00:00+00:00,32.226,49.809402,20.425999
3474,2021-05-25 18:00:00+00:00,31.825998,51.107685,20.476
3475,2021-05-25 19:00:00+00:00,31.276,53.21972,20.626
3476,2021-05-25 20:00:00+00:00,30.776,55.097412,20.726
3477,2021-05-25 21:00:00+00:00,30.376,56.895702,20.876
3478,2021-05-25 22:00:00+00:00,30.026,58.948322,21.126
3479,2021-05-25 23:00:00+00:00,29.976,59.847603,21.325998
3480,2021-05-26 00:00:00+00:00,29.476,62.354595,21.526
3481,2021-05-26 01:00:00+00:00,29.876,62.062244,21.825998
3482,2021-05-26 02:00:00+00:00,31.026,58.10653,21.825998
3483,2021-05-26 03:00:00+00:00,32.526,53.042416,21.726
3484,2021-05-26 04:00:00+00:00,34.376,47.093662,21.476
3485,2021-05-26 05:00:00+00:00,35.726,43.300873,21.325998
3486,2021-05-26 06:00:00+00:00,37.526,37.699696,20.675999
3487,2021-05-26 07:00:00+00:00,38.676003,33.401558,19.726
3488,2021-05-26 08:00:00+00:00,38.826,31.034765,18.675999
3489,2021-05-26 09:00:00+00:00,38.776,29.409725,17.776
3490,2021-05-26 10:00:00+00:00,38.626,29.277407,17.575998
3491,2021-05-26 11:00:00+00:00,38.326,28.648582,16.976
3492,2021-05-26 12:00:00+00:00,37.576,29.743921,16.925999
3493,2021-05-26 13:00:00+00:00,36.526,31.101961,16.726
3494,2021-05-26 14:00:00+00:00,35.026,34.75912,17.175999
3495,2021-05-26 15:00:00+00:00,33.926003,38.37836,17.776
3496,2021-05-26 16:00:00+00:00,33.526,39.743523,17.976
3497,2021-05-26 17:00:00+00:00,33.176003,39.523064,17.575998
3498,2021-05-26 18:00:00+00:00,32.676003,41.165962,17.776
3499,2021-05-26 19:00:00+00:00,32.676003,41.165962,17.776
3500,2021-05-26 20:00:00+00:00,32.326,42.518677,17.976
3501,2021-05-26 21:00:00+00:00,31.675999,46.817818,18.925999
3502,2021-05-26 22:00:00+00:00,30.976,51.525745,19.825998
3503,2021-05-26 23:00:00+00:00,30.276,55.145092,20.276
3504,2021-05-27 00:00:00+00:00,30.126,57.89508,20.925999
3505,2021-05-27 01:00:00+00:00,30.075998,59.322693,21.276
3506,2021-05-27 02:00:00+00:00,30.575998,58.1789,21.425999
3507,2021-05-27 03:00:00+00:00,32.126,51.184105,20.776
3508,2021-05-27 04:00:00+00:00,33.826,43.326107,19.626
3509,2021-05-27 05:00:00+00:00,35.426003,38.188,19.026
3510,2021-05-27 06:00:00+00:00,36.826,34.59508,18.675999
3511,2021-05-27 07:00:00+00:00,38.026,31.014952,17.976
3512,2021-05-27 08:00:00+00:00,38.926003,28.266958,17.276
3513,2021-05-27 09:00:00+00:00,39.226,27.291124,16.976
3514,2021-05-27 10:00:00+00:00,39.226,26.861837,16.726
3515,2021-05-27 11:00:00+00:00,38.626,27.744387,16.726
3516,2021-05-27 12:00:00+00:00,34.576,37.956165,18.175999
3517,2021-05-27 13:00:00+00:00,34.026,38.64804,17.976
3518,2021-05-27 14:00:00+00:00,33.576,39.757187,18.026
3519,2021-05-27 15:00:00+00:00,33.176003,40.786766,18.075998
3520,2021-05-27 16:00:00+00:00,32.476,42.425888,18.075998
3521,2021-05-27 17:00:00+00:00,32.126,42.732506,17.876
3522,2021-05-27 18:00:00+00:00,31.026,46.64528,18.276
3523,2021-05-27 19:00:00+00:00,31.126,45.801414,18.075998
3524,2021-05-27 20:00:00+00:00,30.825998,45.57739,17.726
3525,2021-05-27 21:00:00+00:00,30.376,50.263565,18.876
3526,2021-05-27 22:00:00+00:00,30.226,53.951504,19.876
3527,2021-05-27 23:00:00+00:00,29.675999,55.512062,19.825998
3528,2021-05-28 00:00:00+00:00,29.126,55.89677,19.425999
3529,2021-05-28 01:00:00+00:00,29.376,55.09521,19.425999
3530,2021-05-28 02:00:00+00:00,30.476,51.718937,19.425999
3531,2021-05-28 03:00:00+00:00,31.976,47.632393,19.476
3532,2021-05-28 04:00:00+00:00,33.676003,43.963,19.726
3533,2021-05-28 05:00:00+00:00,35.376,40.371666,19.876
3534,2021-05-28 06:00:00+00:00,36.926003,36.731964,19.726
3535,2021-05-28 07:00:00+00:00,38.176003,33.37048,19.276
3536,2021-05-28 08:00:00+00:00,38.826,31.034765,18.675999
3537,2021-05-28 09:00:00+00:00,39.276,28.991125,17.976
3538,2021-05-28 10:00:00+00:00,39.576,27.469389,17.376
3539,2021-05-28 11:00:00+00:00,39.176003,27.801071,17.226
3540,2021-05-28 12:00:00+00:00,36.426003,37.169815,19.476
3541,2021-05-28 13:00:00+00:00,32.776,55.246838,22.626
3542,2021-05-28 14:00:00+00:00,31.026,59.360012,22.175999
3543,2021-05-28 15:00:00+00:00,30.776,63.7863,23.126
3544,2021-05-28 16:00:00+00:00,30.425999,65.867455,23.325998
3545,2021-05-28 17:00:00+00:00,29.876,61.873035,21.776
3546,2021-05-28 18:00:00+00:00,29.626,63.154316,21.876
3547,2021-05-28 19:00:00+00:00,29.325998,63.67072,21.726
3548,2021-05-28 20:00:00+00:00,29.026,62.447105,21.126
3549,2021-05-28 21:00:00+00:00,29.325998,59.514977,20.626
3550,2021-05-28 22:00:00+00:00,29.325998,57.70599,20.126
3551,2021-05-28 23:00:00+00:00,28.925999,58.329765,19.925999
3552,2021-05-29 00:00:00+00:00,29.026,58.897278,20.175999
3553,2021-05-29 01:00:00+00:00,30.376,59.573692,21.626
3554,2021-05-29 02:00:00+00:00,32.126,55.089035,21.976
3555,2021-05-29 03:00:00+00:00,33.526,51.38218,22.126
3556,2021-05-29 04:00:00+00:00,35.226,46.176678,21.925999
3557,2021-05-29 05:00:00+00:00,36.876,40.776535,21.376
3558,2021-05-29 06:00:00+00:00,37.976,36.67603,20.626
3559,2021-05-29 07:00:00+00:00,39.126,33.5227,20.175999
3560,2021-05-29 08:00:00+00:00,39.776,31.777632,19.876
3561,2021-05-29 09:00:00+00:00,40.026,30.396954,19.376
3562,2021-05-29 10:00:00+00:00,38.576,33.374615,19.626
3563,2021-05-29 11:00:00+00:00,34.976,52.689953,23.876
3564,2021-05-29 12:00:00+00:00,33.076,55.992996,23.126
3565,2021-05-29 13:00:00+00:00,31.825998,60.086052,23.126
3566,2021-05-29 14:00:00+00:00,31.175999,66.616745,24.226
3567,2021-05-29 15:00:00+00:00,30.476,66.67701,23.575998
3568,2021-05-29 16:00:00+00:00,30.376,67.87253,23.776
3569,2021-05-29 17:00:00+00:00,30.175999,67.62943,23.526
3570,2021-05-29 18:00:00+00:00,30.175999,65.02445,22.876
3571,2021-05-29 19:00:00+00:00,29.925999,63.219063,22.175999
3572,2021-05-29 20:00:00+00:00,29.575998,63.72419,21.976
3573,2021-05-29 21:00:00+00:00,29.776,60.354683,21.276
3574,2021-05-29 22:00:00+00:00,30.626,54.553688,20.425999
3575,2021-05-29 23:00:00+00:00,30.976,50.7326,19.575998
3576,2021-05-30 00:00:00+00:00,29.476,61.784496,21.376
3577,2021-05-30 01:00:00+00:00,31.226,56.059845,21.425999
3578,2021-05-30 02:00:00+00:00,32.426003,54.494164,22.075998
3579,2021-05-30 03:00:00+00:00,33.726,50.965267,22.175999
3580,2021-05-30 04:00:00+00:00,35.226,46.600983,22.075998
3581,2021-05-30 05:00:00+00:00,36.926003,41.6726,21.776
3582,2021-05-30 06:00:00+00:00,38.176003,37.759415,21.276
3583,2021-05-30 07:00:00+00:00,39.276,34.40119,20.726
3584,2021-05-30 08:00:00+00:00,40.376,32.13547,20.575998
3585,2021-05-30 09:00:00+00:00,40.826,30.046263,19.876
3586,2021-05-30 10:00:00+00:00,39.876,30.9289,19.526
3587,2021-05-30 11:00:00+00:00,37.226,41.880356,22.126
3588,2021-05-30 12:00:00+00:00,35.876,45.64842,22.325998
3589,2021-05-30 13:00:00+00:00,32.276,61.284466,23.876
3590,2021-05-30 14:00:00+00:00,31.325998,64.871284,23.925999
3591,2021-05-30 15:00:00+00:00,31.476,67.27741,24.675999
3592,2021-05-30 16:00:00+00:00,30.876,66.356926,23.876
3593,2021-05-30 17:00:00+00:00,30.776,69.806496,24.626
3594,2021-05-30 18:00:00+00:00,30.976,64.60356,23.526
3595,2021-05-30 19:00:00+00:00,31.325998,59.068726,22.376
3596,2021-05-30 20:00:00+00:00,31.075998,57.94112,21.825998
3597,2021-05-30 21:00:00+00:00,30.776,57.16609,21.325998
3598,2021-05-30 22:00:00+00:00,30.376,57.070885,20.925999
3599,2021-05-30 23:00:00+00:00,29.825998,59.630024,21.126
3600,2021-05-31 00:00:00+00:00,30.575998,58.000988,21.376
3601,2021-05-31 01:00:00+00:00,31.325998,56.7741,21.726
3602,2021-05-31 02:00:00+00:00,32.376,53.657047,21.776
3603,2021-05-31 03:00:00+00:00,33.876,49.32172,21.776
3604,2021-05-31 04:00:00+00:00,35.576,44.60604,21.675999
3605,2021-05-31 05:00:00+00:00,37.176003,40.236954,21.425999
3606,2021-05-31 06:00:00+00:00,38.526,36.37513,20.976
3607,2021-05-31 07:00:00+00:00,39.526,33.217896,20.376
3608,2021-05-31 08:00:00+00:00,40.076,31.36872,19.925999
3609,2021-05-31 09:00:00+00:00,41.026,29.820957,19.925999
3610,2021-05-31 10:00:00+00:00,40.376,30.774845,19.876
3611,2021-05-31 11:00:00+00:00,36.826,44.665188,22.825998
3612,2021-05-31 12:00:00+00:00,33.976,54.21418,23.425999
3613,2021-05-31 13:00:00+00:00,32.576,60.255344,23.876
3614,2021-05-31 14:00:00+00:00,31.626,63.201717,23.776
3615,2021-05-31 15:00:00+00:00,31.075998,67.6025,24.376
3616,2021-05-31 16:00:00+00:00,30.726,71.271805,24.925999
3617,2021-05-31 17:00:00+00:00,30.376,73.80528,25.175999
3618,2021-05-31 18:00:00+00:00,30.425999,71.00564,24.575998
3619,2021-05-31 19:00:00+00:00,30.876,64.58266,23.425999
3620,2021-05-31 20:00:00+00:00,29.825998,70.2611,23.825998
3621,2021-05-31 21:00:00+00:00,30.075998,67.20302,23.325998
3622,2021-05-31 22:00:00+00:00,30.126,61.739708,21.976
3623,2021-05-31 23:00:00+00:00,29.925999,61.507248,21.726
3624,2021-06-01 00:00:00+00:00,29.726,63.95067,22.175999
3625,2021-06-01 01:00:00+00:00,30.575998,62.027344,22.476
3626,2021-06-01 02:00:00+00:00,31.925999,57.438324,22.476
3627,2021-06-01 03:00:00+00:00,33.526,52.647736,22.526
3628,2021-06-01 04:00:00+00:00,35.326,47.34183,22.425999
3629,2021-06-01 05:00:00+00:00,36.976,42.326603,22.075998
3630,2021-06-01 06:00:00+00:00,38.426003,38.17549,21.675999
3631,2021-06-01 07:00:00+00:00,39.476,35.856197,21.575998
3632,2021-06-01 08:00:00+00:00,39.276,36.1327,21.526
3633,2021-06-01 09:00:00+00:00,37.676003,42.384655,22.726
3634,2021-06-01 10:00:00+00:00,35.776,51.020714,24.075998
3635,2021-06-01 11:00:00+00:00,35.576,50.97037,23.876
3636,2021-06-01 12:00:00+00:00,34.626,56.026436,24.575998
3637,2021-06-01 13:00:00+00:00,32.526,65.703186,25.276
3638,2021-06-01 14:00:00+00:00,31.376,68.06651,24.776
3639,2021-06-01 15:00:00+00:00,31.026,71.964516,25.376
3640,2021-06-01 16:00:00+00:00,30.526,73.610825,25.276
3641,2021-06-01 17:00:00+00:00,30.175999,74.434616,25.126
3642,2021-06-01 18:00:00+00:00,30.126,74.20504,25.026
3643,2021-06-01 19:00:00+00:00,30.026,72.8713,24.626
3644,2021-06-01 20:00:00+00:00,29.126,76.29347,24.526
3645,2021-06-01 21:00:00+00:00,28.026,84.04038,25.075998
3646,2021-06-01 22:00:00+00:00,27.226,85.47503,24.575998
3647,2021-06-01 23:00:00+00:00,26.976,86.221176,24.476
3648,2021-06-02 00:00:00+00:00,29.026,69.059906,22.776
3649,2021-06-02 01:00:00+00:00,29.575998,68.1272,23.075998
3650,2021-06-02 02:00:00+00:00,31.026,62.126083,22.925999
3651,2021-06-02 03:00:00+00:00,32.726,55.909027,22.776
3652,2021-06-02 04:00:00+00:00,34.676003,49.52726,22.575998
3653,2021-06-02 05:00:00+00:00,36.376,44.410976,22.325998
3654,2021-06-02 06:00:00+00:00,37.876,39.935204,21.925999
3655,2021-06-02 07:00:00+00:00,38.576,38.099396,21.776
3656,2021-06-02 08:00:00+00:00,37.626,40.97796,22.126
3657,2021-06-02 09:00:00+00:00,36.526,46.799034,23.325998
3658,2021-06-02 10:00:00+00:00,35.226,51.96561,23.876
3659,2021-06-02 11:00:00+00:00,35.226,52.122036,23.925999
3660,2021-06-02 12:00:00+00:00,33.576,55.775475,23.526
3661,2021-06-02 13:00:00+00:00,31.925999,65.777336,24.726
3662,2021-06-02 14:00:00+00:00,30.825998,73.66072,25.575998
3663,2021-06-02 15:00:00+00:00,30.425999,76.94565,25.925999
3664,2021-06-02 16:00:00+00:00,30.126,78.7455,26.026
3665,2021-06-02 17:00:00+00:00,30.276,77.84004,25.976
3666,2021-06-02 18:00:00+00:00,29.976,77.566376,25.626
3667,2021-06-02 19:00:00+00:00,29.825998,74.60009,24.825998
3668,2021-06-02 20:00:00+00:00,29.476,73.87672,24.325998
3669,2021-06-02 21:00:00+00:00,29.126,74.48651,24.126
3670,2021-06-02 22:00:00+00:00,28.876,73.77702,23.726
3671,2021-06-02 23:00:00+00:00,28.526,75.06395,23.675999
3672,2021-06-03 00:00:00+00:00,28.376,77.33183,24.026
3673,2021-06-03 01:00:00+00:00,29.175999,72.071945,23.626
3674,2021-06-03 02:00:00+00:00,30.276,66.43613,23.325998
3675,2021-06-03 03:00:00+00:00,31.876,59.73507,23.075998
3676,2021-06-03 04:00:00+00:00,33.376,53.90366,22.776
3677,2021-06-03 05:00:00+00:00,34.726,48.79336,22.376
3678,2021-06-03 06:00:00+00:00,36.576,43.527454,22.175999
3679,2021-06-03 07:00:00+00:00,37.576,40.591564,21.925999
3680,2021-06-03 08:00:00+00:00,37.176003,42.122807,22.175999
3681,2021-06-03 09:00:00+00:00,34.276,56.61746,24.425999
3682,2021-06-03 10:00:00+00:00,34.026,57.069225,24.325998
3683,2021-06-03 11:00:00+00:00,33.076,60.548733,24.425999
3684,2021-06-03 12:00:00+00:00,31.925999,63.07628,24.026
3685,2021-06-03 13:00:00+00:00,30.876,69.20171,24.575998
3686,2021-06-03 14:00:00+00:00,30.226,74.88715,25.276
3687,2021-06-03 15:00:00+00:00,29.976,77.33652,25.575998
3688,2021-06-03 16:00:00+00:00,29.726,78.92366,25.675999
3689,2021-06-03 17:00:00+00:00,29.376,80.29369,25.626
3690,2021-06-03 18:00:00+00:00,28.825998,83.1353,25.675999
3691,2021-06-03 19:00:00+00:00,28.626,84.35503,25.726
3692,2021-06-03 20:00:00+00:00,28.476,85.09306,25.726
3693,2021-06-03 21:00:00+00:00,28.276,84.06746,25.325998
3694,2021-06-03 22:00:00+00:00,27.976,85.29552,25.276
3695,2021-06-03 23:00:00+00:00,27.425999,89.932625,25.626
3696,2021-06-04 00:00:00+00:00,27.075998,95.11721,26.226
3697,2021-06-04 01:00:00+00:00,27.226,90.45426,25.526
3698,2021-06-04 02:00:00+00:00,27.825998,85.534744,25.175999
3699,2021-06-04 03:00:00+00:00,29.675999,75.92351,24.976
3700,2021-06-04 04:00:00+00:00,31.776,64.38306,24.226
3701,2021-06-04 05:00:00+00:00,33.476,57.111122,23.825998
3702,2021-06-04 06:00:00+00:00,34.876,52.823803,23.825998
3703,2021-06-04 07:00:00+00:00,33.876,52.734905,22.876
3704,2021-06-04 08:00:00+00:00,33.626,58.35924,24.325998
3705,2021-06-04 09:00:00+00:00,33.426003,57.96394,24.026
3706,2021-06-04 10:00:00+00:00,32.876,60.503975,24.226
3707,2021-06-04 11:00:00+00:00,32.026,65.01611,24.626
3708,2021-06-04 12:00:00+00:00,31.726,65.540276,24.476
3709,2021-06-04 13:00:00+00:00,30.175999,74.879166,25.226
3710,2021-06-04 14:00:00+00:00,29.575998,79.84503,25.726
3711,2021-06-04 15:00:00+00:00,29.276,82.20769,25.925999
3712,2021-06-04 16:00:00+00:00,29.175999,82.92926,25.976
3713,2021-06-04 17:00:00+00:00,28.876,84.13214,25.925999
3714,2021-06-04 18:00:00+00:00,28.126,85.56444,25.476
3715,2021-06-04 19:00:00+00:00,26.476,92.31056,25.126
3716,2021-06-04 20:00:00+00:00,25.825998,91.44949,24.325998
3717,2021-06-04 21:00:00+00:00,25.575998,91.70907,24.126
3718,2021-06-04 22:00:00+00:00,25.425999,93.36609,24.276
3719,2021-06-04 23:00:00+00:00,25.575998,93.93383,24.526
3720,2021-06-05 00:00:00+00:00,25.325998,93.36129,24.175999
3721,2021-06-05 01:00:00+00:00,26.526,87.21888,24.226
3722,2021-06-05 02:00:00+00:00,28.425999,75.957214,23.776
3723,2021-06-05 03:00:00+00:00,30.376,66.45626,23.425999
3724,2021-06-05 04:00:00+00:00,32.376,57.544243,22.925999
3725,2021-06-05 05:00:00+00:00,34.076,52.14945,22.876
3726,2021-06-05 06:00:00+00:00,35.126,49.943634,23.126
3727,2021-06-05 07:00:00+00:00,34.576,52.27435,23.376
3728,2021-06-05 08:00:00+00:00,32.676003,59.021923,23.626
3729,2021-06-05 09:00:00+00:00,33.276,56.21027,23.376
3730,2021-06-05 10:00:00+00:00,33.276,56.380104,23.425999
3731,2021-06-05 11:00:00+00:00,32.276,59.82599,23.476
3732,2021-06-05 12:00:00+00:00,31.526,63.180283,23.675999
3733,2021-06-05 13:00:00+00:00,30.276,70.97865,24.425999
3734,2021-06-05 14:00:00+00:00,29.726,76.612816,25.175999
3735,2021-06-05 15:00:00+00:00,29.175999,80.02942,25.376
3736,2021-06-05 16:00:00+00:00,28.876,81.67332,25.425999
3737,2021-06-05 17:00:00+00:00,28.776,81.418564,25.276
3738,2021-06-05 18:00:00+00:00,28.626,81.88608,25.226
3739,2021-06-05 19:00:00+00:00,28.126,83.05549,24.976
3740,2021-06-05 20:00:00+00:00,27.526,83.98604,24.575998
3741,2021-06-05 21:00:00+00:00,27.026,84.69027,24.226
3742,2021-06-05 22:00:00+00:00,26.575998,87.74756,24.376
3743,2021-06-05 23:00:00+00:00,26.226,91.47383,24.726
3744,2021-06-06 00:00:00+00:00,25.925999,92.5566,24.626
3745,2021-06-06 01:00:00+00:00,26.675999,89.344345,24.776
3746,2021-06-06 02:00:00+00:00,28.175999,78.00247,23.976
3747,2021-06-06 03:00:00+00:00,30.026,67.80425,23.425999
3748,2021-06-06 04:00:00+00:00,31.925999,58.493725,22.776
3749,2021-06-06 05:00:00+00:00,33.476,52.475567,22.425999
3750,2021-06-06 06:00:00+00:00,34.876,47.94933,22.226
3751,2021-06-06 07:00:00+00:00,36.076,44.46679,22.075998
3752,2021-06-06 08:00:00+00:00,35.726,44.919147,21.925999
3753,2021-06-06 09:00:00+00:00,33.576,53.78973,22.925999
3754,2021-06-06 10:00:00+00:00,32.626,62.474518,24.526
3755,2021-06-06 11:00:00+00:00,31.075998,68.2123,24.526
3756,2021-06-06 12:00:00+00:00,30.976,66.576706,24.026
3757,2021-06-06 13:00:00+00:00,29.675999,71.94312,24.075998
3758,2021-06-06 14:00:00+00:00,29.626,73.68069,24.425999
3759,2021-06-06 15:00:00+00:00,29.276,77.46418,24.925999
3760,2021-06-06 16:00:00+00:00,28.825998,81.42475,25.325998
3761,2021-06-06 17:00:00+00:00,28.575998,83.10684,25.425999
3762,2021-06-06 18:00:00+00:00,28.325998,83.823265,25.325998
3763,2021-06-06 19:00:00+00:00,28.175999,81.34396,24.675999
3764,2021-06-06 20:00:00+00:00,27.925999,83.03259,24.776
3765,2021-06-06 21:00:00+00:00,27.675999,84.25366,24.776
3766,2021-06-06 22:00:00+00:00,27.276,85.22482,24.575998
3767,2021-06-06 23:00:00+00:00,27.075998,85.973145,24.526
3768,2021-06-07 00:00:00+00:00,26.825998,88.0316,24.675999
3769,2021-06-07 01:00:00+00:00,28.325998,80.396255,24.626
3770,2021-06-07 02:00:00+00:00,30.626,67.109604,23.825998
3771,2021-06-07 03:00:00+00:00,32.676003,54.555344,22.325998
3772,2021-06-07 04:00:00+00:00,34.326,48.393898,21.876
3773,2021-06-07 05:00:00+00:00,35.726,44.782295,21.876
3774,2021-06-07 06:00:00+00:00,36.826,42.28651,21.925999
3775,2021-06-07 07:00:00+00:00,37.776,39.786644,21.776
3776,2021-06-07 08:00:00+00:00,38.276,38.36907,21.626
3777,2021-06-07 09:00:00+00:00,38.126,38.21145,21.425999
3778,2021-06-07 10:00:00+00:00,37.326,38.82253,20.976
3779,2021-06-07 11:00:00+00:00,35.476,43.366985,21.126
3780,2021-06-07 12:00:00+00:00,32.876,63.468277,25.026
3781,2021-06-07 13:00:00+00:00,31.075998,70.48964,25.075998
3782,2021-06-07 14:00:00+00:00,30.376,70.78453,24.476
3783,2021-06-07 15:00:00+00:00,30.325998,68.89078,23.976
3784,2021-06-07 16:00:00+00:00,30.126,70.73927,24.226
3785,2021-06-07 17:00:00+00:00,29.675999,75.69742,24.925999
3786,2021-06-07 18:00:00+00:00,29.226,80.03597,25.425999
3787,2021-06-07 19:00:00+00:00,28.876,79.751755,25.026
3788,2021-06-07 20:00:00+00:00,28.476,79.6982,24.626
3789,2021-06-07 21:00:00+00:00,28.276,80.63046,24.626
3790,2021-06-07 22:00:00+00:00,28.026,81.813126,24.626
3791,2021-06-07 23:00:00+00:00,27.876,81.0633,24.325998
3792,2021-06-08 00:00:00+00:00,27.626,81.51942,24.175999
3793,2021-06-08 01:00:00+00:00,29.075998,65.59083,21.976
3794,2021-06-08 02:00:00+00:00,30.925999,52.968334,20.226
3795,2021-06-08 03:00:00+00:00,32.526,49.275696,20.526
3796,2021-06-08 04:00:00+00:00,34.226,44.796146,20.526
3797,2021-06-08 05:00:00+00:00,35.776,39.735695,19.976
3798,2021-06-08 06:00:00+00:00,36.626,36.7646,19.476
3799,2021-06-08 07:00:00+00:00,37.626,33.221935,18.726
3800,2021-06-08 08:00:00+00:00,38.226,31.362371,18.325998
3801,2021-06-08 09:00:00+00:00,38.626,29.093275,17.476
3802,2021-06-08 10:00:00+00:00,38.676003,27.581896,16.675999
3803,2021-06-08 11:00:00+00:00,38.376,26.810545,15.976
3804,2021-06-08 12:00:00+00:00,35.976,33.93373,17.626
3805,2021-06-08 13:00:00+00:00,32.426003,59.142624,23.425999
3806,2021-06-08 14:00:00+00:00,30.575998,68.5259,24.126
3807,2021-06-08 15:00:00+00:00,30.526,67.29197,23.776
3808,2021-06-08 16:00:00+00:00,30.376,72.2811,24.825998
3809,2021-06-08 17:00:00+00:00,30.026,76.20379,25.376
3810,2021-06-08 18:00:00+00:00,29.675999,75.24702,24.825998
3811,2021-06-08 19:00:00+00:00,29.526,73.66401,24.325998
3812,2021-06-08 20:00:00+00:00,29.575998,67.51152,22.925999
3813,2021-06-08 21:00:00+00:00,29.075998,64.59738,21.726
3814,2021-06-08 22:00:00+00:00,28.876,61.65118,20.776
3815,2021-06-08 23:00:00+00:00,28.976,59.802364,20.376
3816,2021-06-09 00:00:00+00:00,28.026,61.46128,19.925999
3817,2021-06-09 01:00:00+00:00,29.175999,58.208263,20.126
3818,2021-06-09 02:00:00+00:00,30.726,53.082138,20.075998
3819,2021-06-09 03:00:00+00:00,32.126,49.02017,20.075998
3820,2021-06-09 04:00:00+00:00,33.726,44.387154,19.925999
3821,2021-06-09 05:00:00+00:00,35.126,40.807125,19.825998
3822,2021-06-09 06:00:00+00:00,36.226,38.884247,20.026
3823,2021-06-09 07:00:00+00:00,37.176003,36.799778,19.976
3824,2021-06-09 08:00:00+00:00,38.076,34.18356,19.575998
3825,2021-06-09 09:00:00+00:00,37.976,34.36941,19.575998
3826,2021-06-09 10:00:00+00:00,37.376,35.07017,19.376
3827,2021-06-09 11:00:00+00:00,36.676003,37.58566,19.876
3828,2021-06-09 12:00:00+00:00,36.376,37.97263,19.776
3829,2021-06-09 13:00:00+00:00,34.176003,43.285862,19.925999
3830,2021-06-09 14:00:00+00:00,32.576,53.7065,21.976
3831,2021-06-09 15:00:00+00:00,32.526,48.82177,20.376
3832,2021-06-09 16:00:00+00:00,32.076,51.014072,20.675999
3833,2021-06-09 17:00:00+00:00,31.726,54.32236,21.376
3834,2021-06-09 18:00:00+00:00,31.175999,56.912067,21.626
3835,2021-06-09 19:00:00+00:00,30.776,58.047935,21.575998
3836,2021-06-09 20:00:00+00:00,30.575998,57.823544,21.325998
3837,2021-06-09 21:00:00+00:00,30.376,57.77639,21.126
3838,2021-06-09 22:00:00+00:00,30.126,57.363354,20.776
3839,2021-06-09 23:00:00+00:00,29.726,57.979107,20.575998
3840,2021-06-10 00:00:00+00:00,29.126,59.285576,20.376
3841,2021-06-10 01:00:00+00:00,29.526,58.470566,20.526
3842,2021-06-10 02:00:00+00:00,30.226,57.210865,20.825998
3843,2021-06-10 03:00:00+00:00,31.575998,53.13095,20.876
3844,2021-06-10 04:00:00+00:00,32.876,48.762264,20.675999
3845,2021-06-10 05:00:00+00:00,34.426003,43.75667,20.325998
3846,2021-06-10 06:00:00+00:00,35.576,40.05213,19.925999
3847,2021-06-10 07:00:00+00:00,36.426003,37.517788,19.626
3848,2021-06-10 08:00:00+00:00,36.926003,35.16684,19.026
3849,2021-06-10 09:00:00+00:00,36.876,35.70538,19.226
3850,2021-06-10 10:00:00+00:00,36.426003,37.169815,19.476
3851,2021-06-10 11:00:00+00:00,35.426003,39.640793,19.626
3852,2021-06-10 12:00:00+00:00,35.326,39.12406,19.325998
3853,2021-06-10 13:00:00+00:00,34.276,40.957977,19.126
3854,2021-06-10 14:00:00+00:00,33.476,43.637268,19.425999
3855,2021-06-10 15:00:00+00:00,32.926003,46.28044,19.876
3856,2021-06-10 16:00:00+00:00,32.126,48.86872,20.026
3857,2021-06-10 17:00:00+00:00,31.476,51.33475,20.226
3858,2021-06-10 18:00:00+00:00,31.675999,50.91195,20.276
3859,2021-06-10 19:00:00+00:00,31.425999,50.534103,19.925999
3860,2021-06-10 20:00:00+00:00,30.876,53.28408,20.276
3861,2021-06-10 21:00:00+00:00,30.325998,55.4989,20.425999
3862,2021-06-10 22:00:00+00:00,30.126,55.793777,20.325998
3863,2021-06-10 23:00:00+00:00,29.675999,56.72805,20.175999
3864,2021-06-11 00:00:00+00:00,29.726,54.500393,19.575998
3865,2021-06-11 01:00:00+00:00,29.726,54.839825,19.675999
3866,2021-06-11 02:00:00+00:00,30.126,54.430347,19.925999
3867,2021-06-11 03:00:00+00:00,30.976,52.168076,20.026
3868,2021-06-11 04:00:00+00:00,32.226,48.29316,19.925999
3869,2021-06-11 05:00:00+00:00,33.426003,44.58272,19.726
3870,2021-06-11 06:00:00+00:00,34.476,41.654613,19.575998
3871,2021-06-11 07:00:00+00:00,34.826,40.97963,19.626
3872,2021-06-11 08:00:00+00:00,34.576,40.6581,19.276
3873,2021-06-11 09:00:00+00:00,34.876,39.491364,19.075998
3874,2021-06-11 10:00:00+00:00,35.476,36.56595,18.376
3875,2021-06-11 11:00:00+00:00,36.176003,33.77479,17.726
3876,2021-06-11 12:00:00+00:00,35.126,35.340008,17.526
3877,2021-06-11 13:00:00+00:00,34.176003,37.13772,17.476
3878,2021-06-11 14:00:00+00:00,33.626,40.14719,18.226
3879,2021-06-11 15:00:00+00:00,32.976,42.031574,18.376
3880,2021-06-11 16:00:00+00:00,31.776,46.118847,18.776
3881,2021-06-11 17:00:00+00:00,32.276,44.831635,18.776
3882,2021-06-11 18:00:00+00:00,32.926003,43.353664,18.825998
3883,2021-06-11 19:00:00+00:00,32.176003,45.51015,18.925999
3884,2021-06-11 20:00:00+00:00,31.526,47.960224,19.175999
3885,2021-06-11 21:00:00+00:00,30.876,50.23608,19.325998
3886,2021-06-11 22:00:00+00:00,30.425999,51.867252,19.425999
3887,2021-06-11 23:00:00+00:00,29.876,53.697334,19.476
3888,2021-06-12 00:00:00+00:00,29.526,55.3035,19.626
3889,2021-06-12 01:00:00+00:00,29.675999,56.204086,20.026
3890,2021-06-12 02:00:00+00:00,29.925999,56.438526,20.325998
3891,2021-06-12 03:00:00+00:00,31.026,53.651478,20.526
3892,2021-06-12 04:00:00+00:00,32.976,47.747143,20.425999
3893,2021-06-12 05:00:00+00:00,34.426003,42.819794,19.976
3894,2021-06-12 06:00:00+00:00,36.126,37.90472,19.526
3895,2021-06-12 07:00:00+00:00,37.326,35.8275,19.675999
3896,2021-06-12 08:00:00+00:00,37.076,36.886757,19.925999
3897,2021-06-12 09:00:00+00:00,36.426003,38.459747,20.026
3898,2021-06-12 10:00:00+00:00,35.676003,40.203415,20.075998
3899,2021-06-12 11:00:00+00:00,34.526,43.379787,20.276
3900,2021-06-12 12:00:00+00:00,34.876,42.41358,20.226
3901,2021-06-12 13:00:00+00:00,33.726,47.503628,21.026
3902,2021-06-12 14:00:00+00:00,33.376,48.44375,21.026
3903,2021-06-12 15:00:00+00:00,33.026,49.253403,20.976
3904,2021-06-12 16:00:00+00:00,32.376,51.090504,20.976
3905,2021-06-12 17:00:00+00:00,31.476,54.2608,21.126
3906,2021-06-12 18:00:00+00:00,30.976,56.171593,21.226
3907,2021-06-12 19:00:00+00:00,30.425999,58.5012,21.376
3908,2021-06-12 20:00:00+00:00,30.026,59.85905,21.376
3909,2021-06-12 21:00:00+00:00,29.825998,60.923267,21.476
3910,2021-06-12 22:00:00+00:00,29.626,62.007137,21.575998
3911,2021-06-12 23:00:00+00:00,29.526,62.365566,21.575998
3912,2021-06-13 00:00:00+00:00,29.376,59.71005,20.726
3913,2021-06-13 01:00:00+00:00,29.626,59.584038,20.925999
3914,2021-06-13 02:00:00+00:00,30.276,57.75279,21.026
3915,2021-06-13 03:00:00+00:00,30.976,54.137394,20.626
3916,2021-06-13 04:00:00+00:00,32.526,49.275696,20.526
3917,2021-06-13 05:00:00+00:00,34.626,43.00627,20.226
3918,2021-06-13 06:00:00+00:00,35.076,41.946068,20.226
3919,2021-06-13 07:00:00+00:00,34.526,43.112507,20.175999
3920,2021-06-13 08:00:00+00:00,34.976,41.78965,20.075998
3921,2021-06-13 09:00:00+00:00,35.826,39.74925,20.026
3922,2021-06-13 10:00:00+00:00,36.076,39.206116,20.026
3923,2021-06-13 11:00:00+00:00,36.026,37.995472,19.476
3924,2021-06-13 12:00:00+00:00,35.326,39.12406,19.325998
3925,2021-06-13 13:00:00+00:00,34.026,42.978096,19.675999
3926,2021-06-13 14:00:00+00:00,33.376,46.113686,20.226
3927,2021-06-13 15:00:00+00:00,32.326,49.835197,20.526
3928,2021-06-13 16:00:00+00:00,31.575998,52.15857,20.575998
3929,2021-06-13 17:00:00+00:00,31.026,54.82042,20.876
3930,2021-06-13 18:00:00+00:00,30.626,55.74319,20.776
3931,2021-06-13 19:00:00+00:00,30.276,56.697018,20.726
3932,2021-06-13 20:00:00+00:00,29.876,58.014454,20.726
3933,2021-06-13 21:00:00+00:00,29.526,58.65108,20.575998
3934,2021-06-13 22:00:00+00:00,29.376,58.79714,20.476
3935,2021-06-13 23:00:00+00:00,29.226,59.126034,20.425999
3936,2021-06-14 00:00:00+00:00,29.026,58.35328,20.026
3937,2021-06-14 01:00:00+00:00,29.476,57.563393,20.226
3938,2021-06-14 02:00:00+00:00,30.325998,55.670376,20.476
3939,2021-06-14 03:00:00+00:00,31.575998,52.15857,20.575998
3940,2021-06-14 04:00:00+00:00,32.326,50.143337,20.626
3941,2021-06-14 05:00:00+00:00,34.126,45.185608,20.575998
3942,2021-06-14 06:00:00+00:00,35.576,41.30963,20.425999
3943,2021-06-14 07:00:00+00:00,35.626,41.19582,20.425999
3944,2021-06-14 08:00:00+00:00,36.176003,39.598682,20.276
3945,2021-06-14 09:00:00+00:00,35.826,39.138306,19.776
3946,2021-06-14 10:00:00+00:00,34.876,41.376343,19.825998
3947,2021-06-14 11:00:00+00:00,34.976,40.01366,19.376
3948,2021-06-14 12:00:00+00:00,35.476,37.727856,18.876
3949,2021-06-14 13:00:00+00:00,34.126,42.4745,19.575998
3950,2021-06-14 14:00:00+00:00,33.126,46.476906,20.126
3951,2021-06-14 15:00:00+00:00,32.576,49.136944,20.526
3952,2021-06-14 16:00:00+00:00,32.326,49.072117,20.276
3953,2021-06-14 17:00:00+00:00,31.526,51.031105,20.175999
3954,2021-06-14 18:00:00+00:00,31.026,52.666996,20.226
3955,2021-06-14 19:00:00+00:00,30.726,52.59147,19.925999
3956,2021-06-14 20:00:00+00:00,30.075998,54.58684,19.925999
3957,2021-06-14 21:00:00+00:00,29.675999,57.433346,20.376
3958,2021-06-14 22:00:00+00:00,29.425999,58.267063,20.376
3959,2021-06-14 23:00:00+00:00,29.476,57.563393,20.226
3960,2021-06-15 00:00:00+00:00,29.976,56.10301,20.276
3961,2021-06-15 01:00:00+00:00,30.276,54.805317,20.175999
3962,2021-06-15 02:00:00+00:00,30.675999,53.730183,20.226
3963,2021-06-15 03:00:00+00:00,31.175999,52.218636,20.226
3964,2021-06-15 04:00:00+00:00,32.026,50.22097,20.376
3965,2021-06-15 05:00:00+00:00,34.026,45.43836,20.575998
3966,2021-06-15 06:00:00+00:00,35.276,41.228657,20.126
3967,2021-06-15 07:00:00+00:00,36.776,35.45646,19.026
3968,2021-06-15 08:00:00+00:00,37.076,35.648655,19.376
3969,2021-06-15 09:00:00+00:00,35.476,38.56035,19.226
3970,2021-06-15 10:00:00+00:00,34.376,40.9851,19.226
3971,2021-06-15 11:00:00+00:00,33.926003,43.352978,19.726
3972,2021-06-15 12:00:00+00:00,34.176003,43.96077,20.175999
3973,2021-06-15 13:00:00+00:00,33.276,46.516544,20.276
3974,2021-06-15 14:00:00+00:00,32.226,49.9633,20.476
3975,2021-06-15 15:00:00+00:00,31.626,52.980286,20.876
3976,2021-06-15 16:00:00+00:00,31.976,49.28542,20.026
3977,2021-06-15 17:00:00+00:00,32.576,44.772163,19.026
3978,2021-06-15 18:00:00+00:00,31.575998,48.272953,19.325998
3979,2021-06-15 19:00:00+00:00,31.126,50.144547,19.526
3980,2021-06-15 20:00:00+00:00,30.825998,51.327984,19.626
3981,2021-06-15 21:00:00+00:00,30.325998,53.311516,19.776
3982,2021-06-15 22:00:00+00:00,29.976,54.562157,19.825998
3983,2021-06-15 23:00:00+00:00,29.726,55.01024,19.726
3984,2021-06-16 00:00:00+00:00,29.476,55.463192,19.626
3985,2021-06-16 01:00:00+00:00,29.925999,54.549828,19.776
3986,2021-06-16 02:00:00+00:00,31.026,51.37901,19.825998
3987,2021-06-16 03:00:00+00:00,32.176003,48.280094,19.876
3988,2021-06-16 04:00:00+00:00,33.276,45.23898,19.825998
3989,2021-06-16 05:00:00+00:00,34.176003,42.224903,19.526
3990,2021-06-16 06:00:00+00:00,36.326,36.912212,19.276
3991,2021-06-16 07:00:00+00:00,37.326,35.05663,19.325998
3992,2021-06-16 08:00:00+00:00,37.276,33.127285,18.376
3993,2021-06-16 09:00:00+00:00,36.576,37.32624,19.675999
3994,2021-06-16 10:00:00+00:00,35.926003,38.086525,19.425999
3995,2021-06-16 11:00:00+00:00,33.726,47.35792,20.976
3996,2021-06-16 12:00:00+00:00,35.526,38.215218,19.126
3997,2021-06-16 13:00:00+00:00,34.776,42.91385,20.325998
3998,2021-06-16 14:00:00+00:00,33.576,48.79399,21.325998
3999,2021-06-16 15:00:00+00:00,32.976,48.488766,20.675999
4000,2021-06-16 16:00:00+00:00,32.526,48.222225,20.175999
4001,2021-06-16 17:00:00+00:00,31.976,49.43816,20.075998
4002,2021-06-16 18:00:00+00:00,31.425999,51.4809,20.226
4003,2021-06-16 19:00:00+00:00,30.976,52.98085,20.276
4004,2021-06-16 20:00:00+00:00,30.325998,54.987255,20.276
4005,2021-06-16 21:00:00+00:00,29.876,56.252403,20.226
4006,2021-06-16 22:00:00+00:00,29.526,57.220516,20.175999
4007,2021-06-16 23:00:00+00:00,29.276,58.05207,20.175999
4008,2021-06-17 00:00:00+00:00,29.325998,57.70599,20.126
4009,2021-06-17 01:00:00+00:00,29.976,55.92994,20.226
4010,2021-06-17 02:00:00+00:00,31.075998,52.193367,20.126
4011,2021-06-17 03:00:00+00:00,32.176003,48.580097,19.976
4012,2021-06-17 04:00:00+00:00,33.176003,45.776382,19.925999
4013,2021-06-17 05:00:00+00:00,34.476,41.654613,19.575998
4014,2021-06-17 06:00:00+00:00,35.776,38.522026,19.476
4015,2021-06-17 07:00:00+00:00,36.426003,37.054447,19.425999
4016,2021-06-17 08:00:00+00:00,37.026,35.52435,19.276
4017,2021-06-17 09:00:00+00:00,36.076,38.127308,19.575998
4018,2021-06-17 10:00:00+00:00,36.526,37.19698,19.575998
4019,2021-06-17 11:00:00+00:00,35.926003,39.286938,19.925999
4020,2021-06-17 12:00:00+00:00,35.426003,39.02967,19.376
4021,2021-06-17 13:00:00+00:00,35.126,39.68258,19.376
4022,2021-06-17 14:00:00+00:00,34.826,37.668533,18.276
4023,2021-06-17 15:00:00+00:00,33.626,41.554035,18.776
4024,2021-06-17 16:00:00+00:00,32.976,42.828514,18.675999
4025,2021-06-17 17:00:00+00:00,32.876,42.801468,18.575998
4026,2021-06-17 18:00:00+00:00,32.476,45.448402,19.175999
4027,2021-06-17 19:00:00+00:00,31.675999,47.70176,19.226
4028,2021-06-17 20:00:00+00:00,30.925999,50.092922,19.325998
4029,2021-06-17 21:00:00+00:00,30.325998,52.32773,19.476
4030,2021-06-17 22:00:00+00:00,29.876,54.200035,19.626
4031,2021-06-17 23:00:00+00:00,29.626,55.327988,19.726
4032,2021-06-18 00:00:00+00:00,29.325998,56.64391,19.825998
4033,2021-06-18 01:00:00+00:00,29.876,55.73302,20.075998
4034,2021-06-18 02:00:00+00:00,31.026,52.666996,20.226
4035,2021-06-18 03:00:00+00:00,32.126,50.24666,20.476
4036,2021-06-18 04:00:00+00:00,33.426003,46.2696,20.325998
4037,2021-06-18 05:00:00+00:00,35.276,40.595455,19.876
4038,2021-06-18 06:00:00+00:00,36.876,36.718388,19.675999
4039,2021-06-18 07:00:00+00:00,38.026,33.747723,19.325998
4040,2021-06-18 08:00:00+00:00,38.876,31.14532,18.776
4041,2021-06-18 09:00:00+00:00,39.276,30.29201,18.675999
4042,2021-06-18 10:00:00+00:00,39.276,30.103086,18.575998
4043,2021-06-18 11:00:00+00:00,37.576,31.882347,18.026
4044,2021-06-18 12:00:00+00:00,33.326,53.565422,22.626
4045,2021-06-18 13:00:00+00:00,32.476,58.621098,23.325998
4046,2021-06-18 14:00:00+00:00,31.376,65.27247,24.075998
4047,2021-06-18 15:00:00+00:00,30.726,69.17347,24.425999
4048,2021-06-18 16:00:00+00:00,31.075998,67.6025,24.376
4049,2021-06-18 17:00:00+00:00,31.776,54.334652,21.425999
4050,2021-06-18 18:00:00+00:00,32.076,46.198654,19.075998
4051,2021-06-18 19:00:00+00:00,31.526,48.10983,19.226
4052,2021-06-18 20:00:00+00:00,30.825998,50.379726,19.325998
4053,2021-06-18 21:00:00+00:00,30.526,50.77486,19.175999
4054,2021-06-18 22:00:00+00:00,30.075998,51.93981,19.126
4055,2021-06-18 23:00:00+00:00,29.526,53.77718,19.175999
4056,2021-06-19 00:00:00+00:00,28.925999,56.19684,19.325998
4057,2021-06-19 01:00:00+00:00,29.675999,54.997963,19.675999
4058,2021-06-19 02:00:00+00:00,31.075998,51.23275,19.825998
4059,2021-06-19 03:00:00+00:00,32.276,47.85937,19.825998
4060,2021-06-19 04:00:00+00:00,33.776,43.44734,19.626
4061,2021-06-19 05:00:00+00:00,35.176003,39.083256,19.175999
4062,2021-06-19 06:00:00+00:00,36.626,35.08534,18.726
4063,2021-06-19 07:00:00+00:00,37.626,32.50198,18.376
4064,2021-06-19 08:00:00+00:00,38.526,30.377151,18.075998
4065,2021-06-19 09:00:00+00:00,38.726,30.526144,18.325998
4066,2021-06-19 10:00:00+00:00,38.326,29.849989,17.626
4067,2021-06-19 11:00:00+00:00,37.376,30.260643,17.026
4068,2021-06-19 12:00:00+00:00,36.876,31.593544,17.276
4069,2021-06-19 13:00:00+00:00,35.376,35.74413,17.925999
4070,2021-06-19 14:00:00+00:00,34.076,40.522312,18.776
4071,2021-06-19 15:00:00+00:00,33.026,42.574932,18.626
4072,2021-06-19 16:00:00+00:00,32.126,46.06812,19.075998
4073,2021-06-19 17:00:00+00:00,31.476,50.234783,19.876
4074,2021-06-19 18:00:00+00:00,30.825998,53.933655,20.425999
4075,2021-06-19 19:00:00+00:00,30.175999,57.37523,20.825998
4076,2021-06-19 20:00:00+00:00,29.776,59.253418,20.976
4077,2021-06-19 21:00:00+00:00,29.425999,60.460674,20.976
4078,2021-06-19 22:00:00+00:00,29.425999,59.35497,20.675999
4079,2021-06-19 23:00:00+00:00,29.376,57.361935,20.075998
4080,2021-06-20 00:00:00+00:00,29.276,56.807705,19.825998
4081,2021-06-20 01:00:00+00:00,29.626,56.716026,20.126
4082,2021-06-20 02:00:00+00:00,30.626,53.717724,20.175999
4083,2021-06-20 03:00:00+00:00,31.825998,49.860176,20.075998
4084,2021-06-20 04:00:00+00:00,32.726,46.659565,19.825998
4085,2021-06-20 05:00:00+00:00,33.576,44.347046,19.776
4086,2021-06-20 06:00:00+00:00,35.176003,39.32741,19.276
4087,2021-06-20 07:00:00+00:00,36.076,37.65626,19.376
4088,2021-06-20 08:00:00+00:00,36.776,35.67821,19.126
4089,2021-06-20 09:00:00+00:00,36.076,36.844208,19.026
4090,2021-06-20 10:00:00+00:00,35.826,37.588245,19.126
4091,2021-06-20 11:00:00+00:00,36.076,37.306335,19.226
4092,2021-06-20 12:00:00+00:00,34.376,42.1479,19.675999
4093,2021-06-20 13:00:00+00:00,33.076,50.02806,21.276
4094,2021-06-20 14:00:00+00:00,30.876,64.388115,23.376
4095,2021-06-20 15:00:00+00:00,29.726,68.98424,23.425999
4096,2021-06-20 16:00:00+00:00,29.776,69.20206,23.526
4097,2021-06-20 17:00:00+00:00,28.726,74.87046,23.825998
4098,2021-06-20 18:00:00+00:00,28.325998,74.80597,23.425999
4099,2021-06-20 19:00:00+00:00,29.376,61.762318,21.276
4100,2021-06-20 20:00:00+00:00,30.575998,50.4723,19.126
4101,2021-06-20 21:00:00+00:00,30.026,53.568157,19.575998
4102,2021-06-20 22:00:00+00:00,29.376,56.48062,19.825998
4103,2021-06-20 23:00:00+00:00,28.776,59.204437,20.026
4104,2021-06-21 00:00:00+00:00,28.726,60.115406,20.226
4105,2021-06-21 01:00:00+00:00,29.226,59.49189,20.526
4106,2021-06-21 02:00:00+00:00,30.175999,56.84788,20.675999
4107,2021-06-21 03:00:00+00:00,31.575998,52.15857,20.575998
4108,2021-06-21 04:00:00+00:00,33.326,45.95815,20.126
4109,2021-06-21 05:00:00+00:00,35.026,40.653725,19.675999
4110,2021-06-21 06:00:00+00:00,36.476,35.708008,18.876
4111,2021-06-21 07:00:00+00:00,36.676003,34.446312,18.476
4112,2021-06-21 08:00:00+00:00,37.976,31.39369,18.126
4113,2021-06-21 09:00:00+00:00,38.726,29.58213,17.825998
4114,2021-06-21 10:00:00+00:00,38.726,28.214174,17.075998
4115,2021-06-21 11:00:00+00:00,38.326,29.944206,17.675999
4116,2021-06-21 12:00:00+00:00,36.876,32.096306,17.526
4117,2021-06-21 13:00:00+00:00,34.726,44.107746,20.726
4118,2021-06-21 14:00:00+00:00,32.076,57.47368,22.626
4119,2021-06-21 15:00:00+00:00,30.425999,62.752598,22.526
4120,2021-06-21 16:00:00+00:00,30.626,57.83531,21.376
4121,2021-06-21 17:00:00+00:00,30.675999,60.928093,22.276
4122,2021-06-21 18:00:00+00:00,30.376,61.41982,22.126
4123,2021-06-21 19:00:00+00:00,30.126,60.249496,21.575998
4124,2021-06-21 20:00:00+00:00,29.876,61.68432,21.726
4125,2021-06-21 21:00:00+00:00,29.876,61.308395,21.626
4126,2021-06-21 22:00:00+00:00,30.175999,57.023193,20.726
4127,2021-06-21 23:00:00+00:00,30.026,56.987366,20.575998
4128,2021-06-22 00:00:00+00:00,30.526,55.89076,20.726
4129,2021-06-22 01:00:00+00:00,30.476,56.919586,20.976
4130,2021-06-22 02:00:00+00:00,31.026,55.668983,21.126
4131,2021-06-22 03:00:00+00:00,32.376,51.090504,20.976
4132,2021-06-22 04:00:00+00:00,33.776,46.79212,20.825998
4133,2021-06-22 05:00:00+00:00,35.176003,42.625427,20.575998
4134,2021-06-22 06:00:00+00:00,36.226,39.612213,20.325998
4135,2021-06-22 07:00:00+00:00,37.326,36.387188,19.925999
4136,2021-06-22 08:00:00+00:00,38.476,33.451397,19.575998
4137,2021-06-22 09:00:00+00:00,38.776,32.005188,19.126
4138,2021-06-22 10:00:00+00:00,38.776,31.608423,18.925999
4139,2021-06-22 11:00:00+00:00,36.876,34.392887,18.626
4140,2021-06-22 12:00:00+00:00,32.426003,53.50578,21.776
4141,2021-06-22 13:00:00+00:00,31.075998,64.04284,23.476
4142,2021-06-22 14:00:00+00:00,30.376,67.46521,23.675999
4143,2021-06-22 15:00:00+00:00,30.126,71.80677,24.476
4144,2021-06-22 16:00:00+00:00,29.925999,71.55673,24.226
4145,2021-06-22 17:00:00+00:00,29.976,68.20472,23.476
4146,2021-06-22 18:00:00+00:00,29.675999,66.9207,22.876
4147,2021-06-22 19:00:00+00:00,29.226,67.85301,22.675999
4148,2021-06-22 20:00:00+00:00,28.925999,68.20759,22.476
4149,2021-06-22 21:00:00+00:00,28.575998,68.555725,22.226
4150,2021-06-22 22:00:00+00:00,28.526,67.50943,21.925999
4151,2021-06-22 23:00:00+00:00,28.726,65.7192,21.675999
4152,2021-06-23 00:00:00+00:00,28.726,65.7192,21.675999
4153,2021-06-23 01:00:00+00:00,29.175999,63.25032,21.476
4154,2021-06-23 02:00:00+00:00,30.876,56.666576,21.276
4155,2021-06-23 03:00:00+00:00,32.676003,50.698097,21.126
4156,2021-06-23 04:00:00+00:00,33.976,47.13325,21.126
4157,2021-06-23 05:00:00+00:00,35.276,43.313503,20.925999
4158,2021-06-23 06:00:00+00:00,36.726,39.38206,20.675999
4159,2021-06-23 07:00:00+00:00,37.676003,36.821465,20.425999
4160,2021-06-23 08:00:00+00:00,37.976,35.78179,20.226
4161,2021-06-23 09:00:00+00:00,38.426003,34.812546,20.175999
4162,2021-06-23 10:00:00+00:00,38.376,33.21724,19.376
4163,2021-06-23 11:00:00+00:00,31.825998,63.625523,24.075998
4164,2021-06-23 12:00:00+00:00,31.976,60.66679,23.425999
4165,2021-06-23 13:00:00+00:00,30.726,71.912056,25.075998
4166,2021-06-23 14:00:00+00:00,30.075998,71.36919,24.325998
4167,2021-06-23 15:00:00+00:00,29.376,71.67436,23.726
4168,2021-06-23 16:00:00+00:00,30.276,62.15022,22.226
4169,2021-06-23 17:00:00+00:00,29.976,62.84594,22.126
4170,2021-06-23 18:00:00+00:00,28.675999,73.521706,23.476
4171,2021-06-23 19:00:00+00:00,27.925999,79.147446,23.976
4172,2021-06-23 20:00:00+00:00,27.876,80.57884,24.226
4173,2021-06-23 21:00:00+00:00,28.126,75.45401,23.376
4174,2021-06-23 22:00:00+00:00,28.075998,69.93703,22.075998
4175,2021-06-23 23:00:00+00:00,27.626,69.63962,21.575998
4176,2021-06-24 00:00:00+00:00,28.825998,58.850647,19.976
4177,2021-06-24 01:00:00+00:00,28.976,62.436134,21.075998
4178,2021-06-24 02:00:00+00:00,28.976,64.37914,21.575998
4179,2021-06-24 03:00:00+00:00,30.325998,60.66418,21.876
4180,2021-06-24 04:00:00+00:00,31.825998,55.353188,21.776
4181,2021-06-24 05:00:00+00:00,33.426003,48.605724,21.126
4182,2021-06-24 06:00:00+00:00,35.076,42.598583,20.476
4183,2021-06-24 07:00:00+00:00,36.026,38.83,19.825998
4184,2021-06-24 08:00:00+00:00,36.426003,37.401478,19.575998
4185,2021-06-24 09:00:00+00:00,36.926003,35.830288,19.325998
4186,2021-06-24 10:00:00+00:00,36.926003,34.839176,18.876
4187,2021-06-24 11:00:00+00:00,36.676003,34.446312,18.476
4188,2021-06-24 12:00:00+00:00,34.576,41.68166,19.675999
4189,2021-06-24 13:00:00+00:00,33.976,41.39003,19.026
4190,2021-06-24 14:00:00+00:00,30.925999,59.699646,22.175999
4191,2021-06-24 15:00:00+00:00,30.325998,67.25249,23.575998
4192,2021-06-24 16:00:00+00:00,29.226,72.95335,23.876
4193,2021-06-24 17:00:00+00:00,29.276,67.2479,22.575998
4194,2021-06-24 18:00:00+00:00,29.175999,72.72574,23.776
4195,2021-06-24 19:00:00+00:00,29.126,67.0141,22.376
4196,2021-06-24 20:00:00+00:00,29.226,61.351124,21.026
4197,2021-06-24 21:00:00+00:00,28.976,61.48405,20.825998
4198,2021-06-24 22:00:00+00:00,28.575998,63.509678,20.976
4199,2021-06-24 23:00:00+00:00,28.476,64.07618,21.026
4200,2021-06-25 00:00:00+00:00,28.575998,61.58431,20.476
4201,2021-06-25 01:00:00+00:00,28.876,59.964283,20.325998
4202,2021-06-25 02:00:00+00:00,29.376,59.526474,20.675999
4203,2021-06-25 03:00:00+00:00,30.376,56.19964,20.675999
4204,2021-06-25 04:00:00+00:00,31.026,54.31674,20.726
4205,2021-06-25 05:00:00+00:00,31.925999,50.818844,20.476
4206,2021-06-25 06:00:00+00:00,32.476,47.32187,19.825998
4207,2021-06-25 07:00:00+00:00,31.925999,49.88598,20.175999
4208,2021-06-25 08:00:00+00:00,33.276,45.661377,19.976
4209,2021-06-25 09:00:00+00:00,34.376,39.602196,18.675999
4210,2021-06-25 10:00:00+00:00,34.926003,37.69582,18.376
4211,2021-06-25 11:00:00+00:00,34.676003,38.10277,18.325998
4212,2021-06-25 12:00:00+00:00,35.126,36.128,17.876
4213,2021-06-25 13:00:00+00:00,33.826,39.45222,18.126
4214,2021-06-25 14:00:00+00:00,32.676003,41.95011,18.075998
4215,2021-06-25 15:00:00+00:00,31.626,47.24475,19.026
4216,2021-06-25 16:00:00+00:00,31.526,47.218323,18.925999
4217,2021-06-25 17:00:00+00:00,30.726,48.960026,18.776
4218,2021-06-25 18:00:00+00:00,29.726,52.50227,18.976
4219,2021-06-25 19:00:00+00:00,29.325998,54.401382,19.175999
4220,2021-06-25 20:00:00+00:00,29.675999,55.512062,19.825998
4221,2021-06-25 21:00:00+00:00,28.675999,61.417007,20.526
4222,2021-06-25 22:00:00+00:00,29.175999,58.028492,20.075998
4223,2021-06-25 23:00:00+00:00,29.175999,57.670425,19.976
4224,2021-06-26 00:00:00+00:00,26.376,80.14001,22.675999
4225,2021-06-26 01:00:00+00:00,28.026,71.869415,22.476
4226,2021-06-26 02:00:00+00:00,30.226,58.634075,21.226
4227,2021-06-26 03:00:00+00:00,31.575998,51.360218,20.325998
4228,2021-06-26 04:00:00+00:00,32.476,48.358448,20.175999
4229,2021-06-26 05:00:00+00:00,34.026,44.4673,20.226
4230,2021-06-26 06:00:00+00:00,34.476,42.700848,19.976
4231,2021-06-26 07:00:00+00:00,35.326,40.108624,19.726
4232,2021-06-26 08:00:00+00:00,35.226,39.957237,19.575998
4233,2021-06-26 09:00:00+00:00,35.576,38.828335,19.425999
4234,2021-06-26 10:00:00+00:00,35.526,38.096294,19.075998
4235,2021-06-26 11:00:00+00:00,35.226,39.096863,19.226
4236,2021-06-26 12:00:00+00:00,33.826,45.94868,20.575998
4237,2021-06-26 13:00:00+00:00,32.326,55.982742,22.425999
4238,2021-06-26 14:00:00+00:00,31.376,54.737938,21.175999
4239,2021-06-26 15:00:00+00:00,30.476,61.442036,22.226
4240,2021-06-26 16:00:00+00:00,29.726,66.32512,22.776
4241,2021-06-26 17:00:00+00:00,29.325998,65.842354,22.276
4242,2021-06-26 18:00:00+00:00,28.325998,66.64969,21.526
4243,2021-06-26 19:00:00+00:00,27.825998,69.89034,21.825998
4244,2021-06-26 20:00:00+00:00,27.075998,75.058495,22.276
4245,2021-06-26 21:00:00+00:00,26.325998,82.84773,23.175999
4246,2021-06-26 22:00:00+00:00,25.575998,90.88676,23.976
4247,2021-06-26 23:00:00+00:00,25.675999,89.53796,23.825998
4248,2021-06-27 00:00:00+00:00,27.626,73.344376,22.425999
4249,2021-06-27 01:00:00+00:00,27.476,74.89514,22.626
4250,2021-06-27 02:00:00+00:00,27.726,74.25726,22.726
4251,2021-06-27 03:00:00+00:00,28.876,68.19785,22.425999
4252,2021-06-27 04:00:00+00:00,30.626,60.91687,22.226
4253,2021-06-27 05:00:00+00:00,31.575998,57.706055,22.226
4254,2021-06-27 06:00:00+00:00,29.626,68.34314,23.175999
4255,2021-06-27 07:00:00+00:00,30.026,62.85678,22.175999
4256,2021-06-27 08:00:00+00:00,31.526,57.870193,22.226
4257,2021-06-27 09:00:00+00:00,31.876,56.21613,22.075998
4258,2021-06-27 10:00:00+00:00,32.426003,53.017498,21.626
4259,2021-06-27 11:00:00+00:00,31.675999,54.811398,21.476
4260,2021-06-27 12:00:00+00:00,30.526,61.453148,22.276
4261,2021-06-27 13:00:00+00:00,29.825998,63.583683,22.175999
4262,2021-06-27 14:00:00+00:00,29.075998,65.59083,21.976
4263,2021-06-27 15:00:00+00:00,28.776,67.14848,22.075998
4264,2021-06-27 16:00:00+00:00,28.325998,69.559044,22.226
4265,2021-06-27 17:00:00+00:00,28.026,71.00067,22.276
4266,2021-06-27 18:00:00+00:00,27.675999,72.24601,22.226
4267,2021-06-27 19:00:00+00:00,27.526,73.10468,22.276
4268,2021-06-27 20:00:00+00:00,27.276,74.18297,22.276
4269,2021-06-27 21:00:00+00:00,27.175999,74.619286,22.276
4270,2021-06-27 22:00:00+00:00,26.726,76.38599,22.226
4271,2021-06-27 23:00:00+00:00,26.325998,77.97081,22.175999
4272,2021-06-28 00:00:00+00:00,25.825998,82.03896,22.526
4273,2021-06-28 01:00:00+00:00,27.126,75.75422,22.476
4274,2021-06-28 02:00:00+00:00,28.776,67.14848,22.075998
4275,2021-06-28 03:00:00+00:00,30.276,60.83831,21.876
4276,2021-06-28 04:00:00+00:00,32.026,54.230057,21.626
4277,2021-06-28 05:00:00+00:00,33.176003,49.292152,21.126
4278,2021-06-28 06:00:00+00:00,34.276,44.947742,20.626
4279,2021-06-28 07:00:00+00:00,34.926003,42.689857,20.376
4280,2021-06-28 08:00:00+00:00,34.776,43.179592,20.425999
4281,2021-06-28 09:00:00+00:00,34.176003,46.897236,21.226
4282,2021-06-28 10:00:00+00:00,32.826,57.82403,23.425999
4283,2021-06-28 11:00:00+00:00,31.126,65.220985,23.825998
4284,2021-06-28 12:00:00+00:00,30.476,65.28364,23.226
4285,2021-06-28 13:00:00+00:00,29.925999,67.989624,23.376
4286,2021-06-28 14:00:00+00:00,29.026,75.36948,24.226
4287,2021-06-28 15:00:00+00:00,28.425999,79.93012,24.626
4288,2021-06-28 16:00:00+00:00,28.226,80.624016,24.575998
4289,2021-06-28 17:00:00+00:00,28.026,79.63769,24.175999
4290,2021-06-28 18:00:00+00:00,27.925999,80.1035,24.175999
4291,2021-06-28 19:00:00+00:00,27.825998,78.89609,23.825998
4292,2021-06-28 20:00:00+00:00,27.776,78.17992,23.626
4293,2021-06-28 21:00:00+00:00,27.675999,77.69561,23.425999
4294,2021-06-28 22:00:00+00:00,27.575998,76.98029,23.175999
4295,2021-06-28 23:00:00+00:00,27.776,75.17075,22.976
4296,2021-06-29 00:00:00+00:00,27.126,77.38032,22.825998
4297,2021-06-29 01:00:00+00:00,27.925999,74.51543,22.976
4298,2021-06-29 02:00:00+00:00,29.976,66.17509,22.976
4299,2021-06-29 03:00:00+00:00,32.176003,55.43804,22.126
4300,2021-06-29 04:00:00+00:00,33.826,48.709454,21.526
4301,2021-06-29 05:00:00+00:00,35.076,44.201077,21.075998
4302,2021-06-29 06:00:00+00:00,36.176003,40.964436,20.825998
4303,2021-06-29 07:00:00+00:00,37.076,38.635803,20.675999
4304,2021-06-29 08:00:00+00:00,37.226,37.968258,20.526
4305,2021-06-29 09:00:00+00:00,35.176003,49.655224,23.075998
4306,2021-06-29 10:00:00+00:00,33.876,55.17906,23.626
4307,2021-06-29 11:00:00+00:00,33.376,56.915962,23.675999
4308,2021-06-29 12:00:00+00:00,32.476,61.69787,24.175999
4309,2021-06-29 13:00:00+00:00,30.376,73.36695,25.075998
4310,2021-06-29 14:00:00+00:00,29.575998,76.59019,25.026
4311,2021-06-29 15:00:00+00:00,29.376,76.33168,24.776
4312,2021-06-29 16:00:00+00:00,29.126,75.61143,24.376
4313,2021-06-29 17:00:00+00:00,28.976,75.36156,24.175999
4314,2021-06-29 18:00:00+00:00,28.776,75.32991,23.976
4315,2021-06-29 19:00:00+00:00,28.575998,74.846306,23.675999
4316,2021-06-29 20:00:00+00:00,28.476,74.15645,23.425999
4317,2021-06-29 21:00:00+00:00,28.425999,74.372246,23.425999
4318,2021-06-29 22:00:00+00:00,28.175999,75.68984,23.476
4319,2021-06-29 23:00:00+00:00,28.126,75.681984,23.425999
4320,2021-06-30 00:00:00+00:00,27.776,77.24297,23.425999
4321,2021-06-30 01:00:00+00:00,28.626,74.854355,23.726
4322,2021-06-30 02:00:00+00:00,30.526,67.29197,23.776
4323,2021-06-30 03:00:00+00:00,32.626,58.832863,23.526
4324,2021-06-30 04:00:00+00:00,34.826,49.415596,22.675999
4325,2021-06-30 05:00:00+00:00,35.976,43.76717,21.726
4326,2021-06-30 06:00:00+00:00,37.176003,39.868797,21.276
4327,2021-06-30 07:00:00+00:00,38.276,36.870255,20.976
4328,2021-06-30 08:00:00+00:00,38.126,36.603737,20.726
4329,2021-06-30 09:00:00+00:00,37.176003,38.662834,20.776
4330,2021-06-30 10:00:00+00:00,35.926003,45.10921,22.175999
4331,2021-06-30 11:00:00+00:00,35.026,51.75954,23.626
4332,2021-06-30 12:00:00+00:00,33.676003,56.9868,23.976
4333,2021-06-30 13:00:00+00:00,32.026,66.58737,25.026
4334,2021-06-30 14:00:00+00:00,31.126,74.14821,25.976
4335,2021-06-30 15:00:00+00:00,30.276,76.92332,25.776
4336,2021-06-30 16:00:00+00:00,29.825998,77.77521,25.526
4337,2021-06-30 17:00:00+00:00,29.626,80.08863,25.825998
4338,2021-06-30 18:00:00+00:00,29.476,79.12385,25.476
4339,2021-06-30 19:00:00+00:00,29.425999,76.111755,24.776
4340,2021-06-30 20:00:00+00:00,29.376,73.41838,24.126
4341,2021-06-30 21:00:00+00:00,28.876,76.71351,24.376
4342,2021-06-30 22:00:00+00:00,28.626,78.77106,24.575998
4343,2021-06-30 23:00:00+00:00,28.526,77.81924,24.276
4344,2021-07-01 00:00:00+00:00,28.276,78.48647,24.175999
4345,2021-07-01 01:00:00+00:00,28.726,76.92111,24.276
4346,2021-07-01 02:00:00+00:00,30.675999,68.135086,24.126
4347,2021-07-01 03:00:00+00:00,33.176003,54.3469,22.726
4348,2021-07-01 04:00:00+00:00,34.976,46.53542,21.825998
4349,2021-07-01 05:00:00+00:00,36.076,43.660275,21.776
4350,2021-07-01 06:00:00+00:00,37.626,40.11232,21.776
4351,2021-07-01 07:00:00+00:00,38.876,37.259285,21.675999
4352,2021-07-01 08:00:00+00:00,38.226,38.473064,21.626
4353,2021-07-01 09:00:00+00:00,35.076,54.156918,24.425999
4354,2021-07-01 10:00:00+00:00,35.826,48.48744,23.276
4355,2021-07-01 11:00:00+00:00,34.376,59.941906,25.476
4356,2021-07-01 12:00:00+00:00,33.226,55.859943,23.226
4357,2021-07-01 13:00:00+00:00,31.325998,72.230736,25.726
4358,2021-07-01 14:00:00+00:00,30.276,79.233025,26.276
4359,2021-07-01 15:00:00+00:00,29.825998,81.54805,26.325998
4360,2021-07-01 16:00:00+00:00,29.226,84.66809,26.376
4361,2021-07-01 17:00:00+00:00,27.726,90.48785,26.026
4362,2021-07-01 18:00:00+00:00,27.226,93.45137,26.075998
4363,2021-07-01 19:00:00+00:00,26.976,93.43964,25.825998
4364,2021-07-01 20:00:00+00:00,26.825998,91.78266,25.376
4365,2021-07-01 21:00:00+00:00,26.325998,92.30233,24.976
4366,2021-07-01 22:00:00+00:00,26.425999,90.94164,24.825998
4367,2021-07-01 23:00:00+00:00,26.425999,88.79252,24.425999
4368,2021-07-02 00:00:00+00:00,27.526,74.6763,22.626
4369,2021-07-02 01:00:00+00:00,28.175999,72.7733,22.825998
4370,2021-07-02 02:00:00+00:00,29.425999,68.098045,22.925999
4371,2021-07-02 03:00:00+00:00,30.976,61.92723,22.825998
4372,2021-07-02 04:00:00+00:00,32.776,55.58304,22.726
4373,2021-07-02 05:00:00+00:00,34.076,51.520958,22.675999
4374,2021-07-02 06:00:00+00:00,34.426003,50.220367,22.575998
4375,2021-07-02 07:00:00+00:00,35.626,47.853016,22.876
4376,2021-07-02 08:00:00+00:00,35.426003,48.678143,22.976
4377,2021-07-02 09:00:00+00:00,32.276,64.87373,24.825998
4378,2021-07-02 10:00:00+00:00,31.075998,71.33412,25.276
4379,2021-07-02 11:00:00+00:00,31.876,67.15556,25.026
4380,2021-07-02 12:00:00+00:00,32.176003,64.85306,24.726
4381,2021-07-02 13:00:00+00:00,29.476,79.35921,25.526
4382,2021-07-02 14:00:00+00:00,28.276,85.072716,25.526
4383,2021-07-02 15:00:00+00:00,26.476,95.09594,25.626
4384,2021-07-02 16:00:00+00:00,25.825998,96.212585,25.175999
4385,2021-07-02 17:00:00+00:00,25.776,94.78777,24.876
4386,2021-07-02 18:00:00+00:00,25.476,95.34475,24.675999
4387,2021-07-02 19:00:00+00:00,25.376,96.2001,24.726
4388,2021-07-02 20:00:00+00:00,25.276,97.644646,24.876
4389,2021-07-02 21:00:00+00:00,25.325998,97.645515,24.925999
4390,2021-07-02 22:00:00+00:00,25.175999,98.521065,24.925999
4391,2021-07-02 23:00:00+00:00,25.226,99.110634,25.075998
4392,2021-07-03 00:00:00+00:00,25.976,94.7953,25.075998
4393,2021-07-03 01:00:00+00:00,26.425999,92.859314,25.175999
4394,2021-07-03 02:00:00+00:00,27.376,86.51686,24.925999
4395,2021-07-03 03:00:00+00:00,28.675999,76.68333,24.175999
4396,2021-07-03 04:00:00+00:00,31.175999,62.9149,23.276
4397,2021-07-03 05:00:00+00:00,32.726,56.419464,22.925999
4398,2021-07-03 06:00:00+00:00,33.676003,52.685116,22.675999
4399,2021-07-03 07:00:00+00:00,34.876,49.728973,22.825998
4400,2021-07-03 08:00:00+00:00,35.626,47.998146,22.925999
4401,2021-07-03 09:00:00+00:00,35.826,47.471905,22.925999
4402,2021-07-03 10:00:00+00:00,34.726,49.690598,22.675999
4403,2021-07-03 11:00:00+00:00,32.276,65.45696,24.976
4404,2021-07-03 12:00:00+00:00,33.076,56.502853,23.276
4405,2021-07-03 13:00:00+00:00,30.126,76.90097,25.626
4406,2021-07-03 14:00:00+00:00,28.825998,81.9103,25.425999
4407,2021-07-03 15:00:00+00:00,28.976,78.117256,24.776
4408,2021-07-03 16:00:00+00:00,28.675999,81.164116,25.126
4409,2021-07-03 17:00:00+00:00,28.325998,83.07834,25.175999
4410,2021-07-03 18:00:00+00:00,28.075998,83.54649,25.026
4411,2021-07-03 19:00:00+00:00,27.876,84.52667,25.026
4412,2021-07-03 20:00:00+00:00,27.626,85.77018,25.026
4413,2021-07-03 21:00:00+00:00,27.726,79.8368,23.925999
4414,2021-07-03 22:00:00+00:00,27.675999,73.352875,22.476
4415,2021-07-03 23:00:00+00:00,27.325998,74.64374,22.425999
4416,2021-07-04 00:00:00+00:00,27.126,79.27611,23.226
4417,2021-07-04 01:00:00+00:00,28.126,75.681984,23.425999
4418,2021-07-04 02:00:00+00:00,29.575998,68.33352,23.126
4419,2021-07-04 03:00:00+00:00,30.726,63.19931,22.925999
4420,2021-07-04 04:00:00+00:00,31.925999,59.56607,23.075998
4421,2021-07-04 05:00:00+00:00,33.176003,55.847923,23.175999
4422,2021-07-04 06:00:00+00:00,34.076,53.750126,23.376
4423,2021-07-04 07:00:00+00:00,35.076,50.690956,23.325998
4424,2021-07-04 08:00:00+00:00,34.576,53.068287,23.626
4425,2021-07-04 09:00:00+00:00,33.326,61.516064,24.925999
4426,2021-07-04 10:00:00+00:00,32.926003,62.35294,24.776
4427,2021-07-04 11:00:00+00:00,31.325998,69.70038,25.126
4428,2021-07-04 12:00:00+00:00,33.726,52.69757,22.726
4429,2021-07-04 13:00:00+00:00,31.976,68.7926,25.526
4430,2021-07-04 14:00:00+00:00,30.825998,70.23414,24.776
4431,2021-07-04 15:00:00+00:00,30.126,75.54248,25.325998
4432,2021-07-04 16:00:00+00:00,29.626,78.90984,25.575998
4433,2021-07-04 17:00:00+00:00,29.376,81.49271,25.876
4434,2021-07-04 18:00:00+00:00,28.976,82.66086,25.726
4435,2021-07-04 19:00:00+00:00,27.575998,88.618935,25.526
4436,2021-07-04 20:00:00+00:00,27.075998,91.253914,25.526
4437,2021-07-04 21:00:00+00:00,26.925999,93.437294,25.776
4438,2021-07-04 22:00:00+00:00,25.976,94.51325,25.026
4439,2021-07-04 23:00:00+00:00,25.925999,93.94916,24.876
4440,2021-07-05 00:00:00+00:00,26.126,89.0356,24.175999
4441,2021-07-05 01:00:00+00:00,26.976,82.42573,23.726
4442,2021-07-05 02:00:00+00:00,28.175999,75.23459,23.376
4443,2021-07-05 03:00:00+00:00,29.825998,68.79555,23.476
4444,2021-07-05 04:00:00+00:00,31.425999,62.590202,23.425999
4445,2021-07-05 05:00:00+00:00,33.026,56.83315,23.325998
4446,2021-07-05 06:00:00+00:00,34.376,52.382458,23.226
4447,2021-07-05 07:00:00+00:00,35.376,48.96074,23.026
4448,2021-07-05 08:00:00+00:00,36.276,46.733864,23.075998
4449,2021-07-05 09:00:00+00:00,36.776,45.19625,22.976
4450,2021-07-05 10:00:00+00:00,35.726,47.878925,22.976
4451,2021-07-05 11:00:00+00:00,33.576,58.3477,24.276
4452,2021-07-05 12:00:00+00:00,35.426003,45.52982,21.876
4453,2021-07-05 13:00:00+00:00,32.526,58.987457,23.476
4454,2021-07-05 14:00:00+00:00,30.476,74.041725,25.325998
4455,2021-07-05 15:00:00+00:00,29.575998,76.13481,24.925999
4456,2021-07-05 16:00:00+00:00,28.776,84.370964,25.876
4457,2021-07-05 17:00:00+00:00,28.226,91.32479,26.675999
4458,2021-07-05 18:00:00+00:00,27.925999,93.7595,26.825998
4459,2021-07-05 19:00:00+00:00,27.876,90.23081,26.126
4460,2021-07-05 20:00:00+00:00,27.026,93.441986,25.876
4461,2021-07-05 21:00:00+00:00,26.626,94.819756,25.726
4462,2021-07-05 22:00:00+00:00,26.526,93.97527,25.476
4463,2021-07-05 23:00:00+00:00,25.675999,96.78343,25.126
4464,2021-07-06 00:00:00+00:00,26.626,93.97961,25.575998
4465,2021-07-06 01:00:00+00:00,27.126,90.716644,25.476
4466,2021-07-06 02:00:00+00:00,28.425999,83.58543,25.376
4467,2021-07-06 03:00:00+00:00,30.175999,72.2464,24.626
4468,2021-07-06 04:00:00+00:00,31.825998,62.67683,23.825998
4469,2021-07-06 05:00:00+00:00,33.426003,56.415806,23.575998
4470,2021-07-06 06:00:00+00:00,34.476,53.043533,23.526
4471,2021-07-06 07:00:00+00:00,35.326,49.9946,23.325998
4472,2021-07-06 08:00:00+00:00,35.826,48.04991,23.126
4473,2021-07-06 09:00:00+00:00,35.876,47.19822,22.876
4474,2021-07-06 10:00:00+00:00,35.526,47.68231,22.726
4475,2021-07-06 11:00:00+00:00,34.076,56.91027,24.325998
4476,2021-07-06 12:00:00+00:00,31.325998,69.90824,25.175999
4477,2021-07-06 13:00:00+00:00,30.226,75.55811,25.425999
4478,2021-07-06 14:00:00+00:00,29.575998,79.137566,25.575998
4479,2021-07-06 15:00:00+00:00,29.325998,80.765076,25.675999
4480,2021-07-06 16:00:00+00:00,29.026,82.17792,25.675999
4481,2021-07-06 17:00:00+00:00,28.925999,81.437126,25.425999
4482,2021-07-06 18:00:00+00:00,28.526,81.387535,25.026
4483,2021-07-06 19:00:00+00:00,28.325998,81.362656,24.825998
4484,2021-07-06 20:00:00+00:00,27.825998,83.02112,24.675999
4485,2021-07-06 21:00:00+00:00,27.476,86.52616,25.026
4486,2021-07-06 22:00:00+00:00,27.126,82.69169,23.925999
4487,2021-07-06 23:00:00+00:00,26.476,85.39994,23.825998
4488,2021-07-07 00:00:00+00:00,27.276,83.20709,24.175999
4489,2021-07-07 01:00:00+00:00,27.776,82.02787,24.425999
4490,2021-07-07 02:00:00+00:00,29.075998,73.58882,23.876
4491,2021-07-07 03:00:00+00:00,30.776,64.36712,23.276
4492,2021-07-07 04:00:00+00:00,32.426003,58.256493,23.175999
4493,2021-07-07 05:00:00+00:00,33.976,53.24073,23.126
4494,2021-07-07 06:00:00+00:00,35.226,50.42379,23.376
4495,2021-07-07 07:00:00+00:00,35.876,49.089054,23.526
4496,2021-07-07 08:00:00+00:00,34.226,55.596386,24.075998
4497,2021-07-07 09:00:00+00:00,32.226,68.02796,25.575998
4498,2021-07-07 10:00:00+00:00,32.426003,66.46917,25.376
4499,2021-07-07 11:00:00+00:00,31.876,69.59538,25.626
4500,2021-07-07 12:00:00+00:00,32.726,62.49616,24.626
4501,2021-07-07 13:00:00+00:00,31.526,68.707184,25.075998
4502,2021-07-07 14:00:00+00:00,30.276,78.99936,26.226
4503,2021-07-07 15:00:00+00:00,29.575998,85.20432,26.825998
4504,2021-07-07 16:00:00+00:00,29.925999,81.56032,26.425999
4505,2021-07-07 17:00:00+00:00,28.825998,87.420906,26.526
4506,2021-07-07 18:00:00+00:00,28.825998,81.18293,25.276
4507,2021-07-07 19:00:00+00:00,27.075998,87.26762,24.776
4508,2021-07-07 20:00:00+00:00,26.825998,89.0894,24.876
4509,2021-07-07 21:00:00+00:00,26.526,92.31332,25.175999
4510,2021-07-07 22:00:00+00:00,26.626,92.5938,25.325998
4511,2021-07-07 23:00:00+00:00,26.425999,93.97094,25.376
4512,2021-07-08 00:00:00+00:00,26.425999,92.03317,25.026
4513,2021-07-08 01:00:00+00:00,27.226,90.186,25.476
4514,2021-07-08 02:00:00+00:00,28.075998,86.83906,25.675999
4515,2021-07-08 03:00:00+00:00,29.626,72.367485,24.126
4516,2021-07-08 04:00:00+00:00,31.026,64.80895,23.626
4517,2021-07-08 05:00:00+00:00,32.676003,58.844383,23.575998
4518,2021-07-08 06:00:00+00:00,33.876,56.184147,23.925999
4519,2021-07-08 07:00:00+00:00,34.526,54.348362,23.976
4520,2021-07-08 08:00:00+00:00,32.576,62.4637,24.476
4521,2021-07-08 09:00:00+00:00,34.076,53.58814,23.325998
4522,2021-07-08 10:00:00+00:00,34.376,52.224407,23.175999
4523,2021-07-08 11:00:00+00:00,33.476,55.248947,23.276
4524,2021-07-08 12:00:00+00:00,33.426003,53.590084,22.726
4525,2021-07-08 13:00:00+00:00,31.425999,64.11665,23.825998
4526,2021-07-08 14:00:00+00:00,30.026,75.7519,25.276
4527,2021-07-08 15:00:00+00:00,29.376,81.01123,25.776
4528,2021-07-08 16:00:00+00:00,29.026,84.647255,26.175999
4529,2021-07-08 17:00:00+00:00,28.675999,86.126595,26.126
4530,2021-07-08 18:00:00+00:00,28.425999,86.87078,26.026
4531,2021-07-08 19:00:00+00:00,27.925999,86.56794,25.476
4532,2021-07-08 20:00:00+00:00,27.526,85.50494,24.876
4533,2021-07-08 21:00:00+00:00,26.726,89.615135,24.876
4534,2021-07-08 22:00:00+00:00,26.075998,93.955696,25.026
4535,2021-07-08 23:00:00+00:00,25.726,95.06918,24.876
4536,2021-07-09 00:00:00+00:00,25.675999,95.92206,24.976
4537,2021-07-09 01:00:00+00:00,26.075998,94.51723,25.126
4538,2021-07-09 02:00:00+00:00,27.276,86.76612,24.876
4539,2021-07-09 03:00:00+00:00,28.976,74.2387,23.925999
4540,2021-07-09 04:00:00+00:00,30.825998,64.57223,23.376
4541,2021-07-09 05:00:00+00:00,32.976,56.64996,23.226
4542,2021-07-09 06:00:00+00:00,33.426003,55.739456,23.376
4543,2021-07-09 07:00:00+00:00,33.776,54.98887,23.476
4544,2021-07-09 08:00:00+00:00,34.326,51.74027,22.976
4545,2021-07-09 09:00:00+00:00,34.976,49.45404,22.825998
4546,2021-07-09 10:00:00+00:00,34.776,49.55288,22.675999
4547,2021-07-09 11:00:00+00:00,34.076,50.43707,22.325998
4548,2021-07-09 12:00:00+00:00,31.026,71.537766,25.276
4549,2021-07-09 13:00:00+00:00,30.376,73.58583,25.126
4550,2021-07-09 14:00:00+00:00,29.376,77.71004,25.075998
4551,2021-07-09 15:00:00+00:00,28.276,86.08844,25.726
4552,2021-07-09 16:00:00+00:00,27.526,91.011925,25.925999
4553,2021-07-09 17:00:00+00:00,27.126,89.644325,25.276
4554,2021-07-09 18:00:00+00:00,26.626,91.22591,25.075998
4555,2021-07-09 19:00:00+00:00,25.825998,91.175865,24.276
4556,2021-07-09 20:00:00+00:00,25.376,93.925026,24.325998
4557,2021-07-09 21:00:00+00:00,25.575998,91.434235,24.075998
4558,2021-07-09 22:00:00+00:00,25.626,91.437294,24.126
4559,2021-07-09 23:00:00+00:00,25.626,91.71203,24.175999
4560,2021-07-10 00:00:00+00:00,25.325998,93.36129,24.175999
4561,2021-07-10 01:00:00+00:00,25.626,93.37564,24.476
4562,2021-07-10 02:00:00+00:00,25.876,92.2775,24.526
4563,2021-07-10 03:00:00+00:00,26.376,92.30507,25.026
4564,2021-07-10 04:00:00+00:00,27.575998,84.74774,24.776
4565,2021-07-10 05:00:00+00:00,28.976,74.2387,23.925999
4566,2021-07-10 06:00:00+00:00,30.425999,65.867455,23.325998
4567,2021-07-10 07:00:00+00:00,31.425999,61.46636,23.126
4568,2021-07-10 08:00:00+00:00,31.976,60.119976,23.276
4569,2021-07-10 09:00:00+00:00,32.126,59.79192,23.325998
4570,2021-07-10 10:00:00+00:00,32.026,59.409042,23.126
4571,2021-07-10 11:00:00+00:00,31.876,61.380527,23.526
4572,2021-07-10 12:00:00+00:00,31.675999,62.833244,23.726
4573,2021-07-10 13:00:00+00:00,29.726,75.47976,24.925999
4574,2021-07-10 14:00:00+00:00,28.425999,80.16937,24.675999
4575,2021-07-10 15:00:00+00:00,28.126,80.61113,24.476
4576,2021-07-10 16:00:00+00:00,27.675999,81.03801,24.126
4577,2021-07-10 17:00:00+00:00,26.675999,86.451485,24.226
4578,2021-07-10 18:00:00+00:00,26.276,87.4589,24.026
4579,2021-07-10 19:00:00+00:00,26.175999,87.450165,23.925999
4580,2021-07-10 20:00:00+00:00,26.126,87.44578,23.876
4581,2021-07-10 21:00:00+00:00,25.976,88.49076,23.925999
4582,2021-07-10 22:00:00+00:00,26.425999,81.61652,23.026
4583,2021-07-10 23:00:00+00:00,26.126,77.46764,21.876
4584,2021-07-11 00:00:00+00:00,27.126,70.83682,21.376
4585,2021-07-11 01:00:00+00:00,26.976,74.359634,22.026
4586,2021-07-11 02:00:00+00:00,26.925999,77.350685,22.626
4587,2021-07-11 03:00:00+00:00,26.876,79.24172,22.976
4588,2021-07-11 04:00:00+00:00,27.476,77.432045,23.175999
4589,2021-07-11 05:00:00+00:00,28.425999,73.03685,23.126
4590,2021-07-11 06:00:00+00:00,30.376,59.573692,21.626
4591,2021-07-11 07:00:00+00:00,31.726,53.495872,21.126
4592,2021-07-11 08:00:00+00:00,31.376,56.267788,21.626
4593,2021-07-11 09:00:00+00:00,30.575998,62.97585,22.726
4594,2021-07-11 10:00:00+00:00,30.226,66.025925,23.175999
4595,2021-07-11 11:00:00+00:00,29.575998,70.63934,23.675999
4596,2021-07-11 12:00:00+00:00,30.575998,63.358784,22.825998
4597,2021-07-11 13:00:00+00:00,29.126,68.661545,22.776
4598,2021-07-11 14:00:00+00:00,28.526,70.44725,22.626
4599,2021-07-11 15:00:00+00:00,28.175999,72.333466,22.726
4600,2021-07-11 16:00:00+00:00,27.825998,75.40651,23.075998
4601,2021-07-11 17:00:00+00:00,26.825998,82.65654,23.626
4602,2021-07-11 18:00:00+00:00,25.776,91.996086,24.376
4603,2021-07-11 19:00:00+00:00,25.675999,93.09903,24.476
4604,2021-07-11 20:00:00+00:00,25.675999,92.82076,24.425999
4605,2021-07-11 21:00:00+00:00,25.376,94.77261,24.476
4606,2021-07-11 22:00:00+00:00,25.276,95.05301,24.425999
4607,2021-07-11 23:00:00+00:00,25.226,95.33626,24.425999
4608,2021-07-12 00:00:00+00:00,25.425999,93.086624,24.226
4609,2021-07-12 01:00:00+00:00,26.126,89.303024,24.226
4610,2021-07-12 02:00:00+00:00,26.976,84.17832,24.075998
4611,2021-07-12 03:00:00+00:00,27.925999,76.56958,23.425999
4612,2021-07-12 04:00:00+00:00,28.976,70.52978,23.075998
4613,2021-07-12 05:00:00+00:00,29.376,67.47207,22.726
4614,2021-07-12 06:00:00+00:00,30.175999,63.85209,22.575998
4615,2021-07-12 07:00:00+00:00,30.325998,62.730885,22.425999
4616,2021-07-12 08:00:00+00:00,30.276,62.529575,22.325998
4617,2021-07-12 09:00:00+00:00,30.425999,62.943424,22.575998
4618,2021-07-12 10:00:00+00:00,30.626,63.947617,23.026
4619,2021-07-12 11:00:00+00:00,30.776,64.17301,23.226
4620,2021-07-12 12:00:00+00:00,30.526,64.31455,23.026
4621,2021-07-12 13:00:00+00:00,29.726,66.52642,22.825998
4622,2021-07-12 14:00:00+00:00,29.126,68.661545,22.776
4623,2021-07-12 15:00:00+00:00,28.075998,75.902794,23.425999
4624,2021-07-12 16:00:00+00:00,27.675999,79.3514,23.776
4625,2021-07-12 17:00:00+00:00,26.976,82.92318,23.825998
4626,2021-07-12 18:00:00+00:00,26.575998,84.38871,23.726
4627,2021-07-12 19:00:00+00:00,26.476,84.63248,23.675999
4628,2021-07-12 20:00:00+00:00,26.825998,80.68581,23.226
4629,2021-07-12 21:00:00+00:00,27.276,72.17575,21.825998
4630,2021-07-12 22:00:00+00:00,26.726,76.618805,22.276
4631,2021-07-12 23:00:00+00:00,26.425999,79.17968,22.526
4632,2021-07-13 00:00:00+00:00,27.026,70.385475,21.175999
4633,2021-07-13 01:00:00+00:00,27.276,72.17575,21.825998
4634,2021-07-13 02:00:00+00:00,28.526,67.71565,21.976
4635,2021-07-13 03:00:00+00:00,29.376,64.46355,21.976
4636,2021-07-13 04:00:00+00:00,30.776,60.21317,22.175999
4637,2021-07-13 05:00:00+00:00,31.675999,57.72957,22.325998
4638,2021-07-13 06:00:00+00:00,32.926003,53.956707,22.376
4639,2021-07-13 07:00:00+00:00,32.776,54.74588,22.476
4640,2021-07-13 08:00:00+00:00,31.175999,61.78395,22.976
4641,2021-07-13 09:00:00+00:00,31.626,57.893646,22.325998
4642,2021-07-13 10:00:00+00:00,31.226,58.866238,22.226
4643,2021-07-13 11:00:00+00:00,30.276,66.0361,23.226
4644,2021-07-13 12:00:00+00:00,30.325998,63.497574,22.626
4645,2021-07-13 13:00:00+00:00,29.976,63.615765,22.325998
4646,2021-07-13 14:00:00+00:00,29.675999,64.13508,22.175999
4647,2021-07-13 15:00:00+00:00,28.976,66.17295,22.026
4648,2021-07-13 16:00:00+00:00,28.075998,71.66027,22.476
4649,2021-07-13 17:00:00+00:00,27.226,78.10092,23.075998
4650,2021-07-13 18:00:00+00:00,26.626,82.63302,23.425999
4651,2021-07-13 19:00:00+00:00,26.126,85.3647,23.476
4652,2021-07-13 20:00:00+00:00,25.976,85.607544,23.376
4653,2021-07-13 21:00:00+00:00,25.825998,86.37144,23.376
4654,2021-07-13 22:00:00+00:00,25.776,86.10633,23.276
4655,2021-07-13 23:00:00+00:00,25.976,82.556335,22.776
4656,2021-07-14 00:00:00+00:00,24.526,93.04156,23.325998
4657,2021-07-14 01:00:00+00:00,24.876,92.77932,23.626
4658,2021-07-14 02:00:00+00:00,25.325998,91.14436,23.776
4659,2021-07-14 03:00:00+00:00,26.276,85.89549,23.726
4660,2021-07-14 04:00:00+00:00,27.925999,75.42235,23.175999
4661,2021-07-14 05:00:00+00:00,28.925999,69.46087,22.776
4662,2021-07-14 06:00:00+00:00,28.776,70.2799,22.825998
4663,2021-07-14 07:00:00+00:00,29.226,69.938866,23.175999
4664,2021-07-14 08:00:00+00:00,28.526,75.74464,23.825998
4665,2021-07-14 09:00:00+00:00,28.226,79.66463,24.376
4666,2021-07-14 10:00:00+00:00,28.976,75.58791,24.226
4667,2021-07-14 11:00:00+00:00,28.925999,76.03466,24.276
4668,2021-07-14 12:00:00+00:00,29.226,74.27968,24.175999
4669,2021-07-14 13:00:00+00:00,28.175999,82.56736,24.925999
4670,2021-07-14 14:00:00+00:00,27.226,89.65158,25.376
4671,2021-07-14 15:00:00+00:00,25.425999,95.05841,24.575998
4672,2021-07-14 16:00:00+00:00,25.075998,95.61728,24.325998
4673,2021-07-14 17:00:00+00:00,25.075998,95.33118,24.276
4674,2021-07-14 18:00:00+00:00,25.276,94.48533,24.325998
4675,2021-07-14 19:00:00+00:00,25.325998,94.770706,24.425999
4676,2021-07-14 20:00:00+00:00,25.376,94.20683,24.376
4677,2021-07-14 21:00:00+00:00,25.376,94.20683,24.376
4678,2021-07-14 22:00:00+00:00,25.276,93.920654,24.226
4679,2021-07-14 23:00:00+00:00,25.325998,91.69424,23.876
4680,2021-07-15 00:00:00+00:00,24.876,95.03858,24.026
4681,2021-07-15 01:00:00+00:00,25.026,94.1921,24.026
4682,2021-07-15 02:00:00+00:00,25.276,94.48533,24.325998
4683,2021-07-15 03:00:00+00:00,26.726,85.16895,24.026
4684,2021-07-15 04:00:00+00:00,28.726,70.48396,22.825998
4685,2021-07-15 05:00:00+00:00,30.526,60.524456,22.026
4686,2021-07-15 06:00:00+00:00,31.825998,55.862396,21.925999
4687,2021-07-15 07:00:00+00:00,32.776,52.94291,21.925999
4688,2021-07-15 08:00:00+00:00,33.526,50.914505,21.976
4689,2021-07-15 09:00:00+00:00,34.176003,50.77006,22.526
4690,2021-07-15 10:00:00+00:00,34.376,50.975082,22.776
4691,2021-07-15 11:00:00+00:00,32.626,55.71569,22.626
4692,2021-07-15 12:00:00+00:00,30.126,69.68568,23.976
4693,2021-07-15 13:00:00+00:00,28.425999,80.64979,24.776
4694,2021-07-15 14:00:00+00:00,27.476,82.48494,24.226
4695,2021-07-15 15:00:00+00:00,27.526,81.997635,24.175999
4696,2021-07-15 16:00:00+00:00,26.575998,87.22331,24.276
4697,2021-07-15 17:00:00+00:00,25.976,90.91265,24.376
4698,2021-07-15 18:00:00+00:00,25.925999,90.3661,24.226
4699,2021-07-15 19:00:00+00:00,25.825998,89.8184,24.026
4700,2021-07-15 20:00:00+00:00,25.776,89.2766,23.876
4701,2021-07-15 21:00:00+00:00,25.776,88.20867,23.675999
4702,2021-07-15 22:00:00+00:00,25.626,86.352486,23.175999
4703,2021-07-15 23:00:00+00:00,25.526,86.60449,23.126
4704,2021-07-16 00:00:00+00:00,25.425999,86.333534,22.976
4705,2021-07-16 01:00:00+00:00,25.925999,84.830414,23.175999
4706,2021-07-16 02:00:00+00:00,27.226,79.52948,23.376
4707,2021-07-16 03:00:00+00:00,28.675999,73.521706,23.476
4708,2021-07-16 04:00:00+00:00,30.075998,66.39584,23.126
4709,2021-07-16 05:00:00+00:00,31.026,62.126083,22.925999
4710,2021-07-16 06:00:00+00:00,31.526,62.04794,23.376
4711,2021-07-16 07:00:00+00:00,32.326,59.65723,23.476
4712,2021-07-16 08:00:00+00:00,31.726,61.53267,23.425999
4713,2021-07-16 09:00:00+00:00,32.326,60.199024,23.626
4714,2021-07-16 10:00:00+00:00,30.476,71.22719,24.675999
4715,2021-07-16 11:00:00+00:00,30.575998,69.14521,24.276
4716,2021-07-16 12:00:00+00:00,29.575998,72.57632,24.126
4717,2021-07-16 13:00:00+00:00,28.325998,83.823265,25.325998
4718,2021-07-16 14:00:00+00:00,27.325998,86.77069,24.925999
4719,2021-07-16 15:00:00+00:00,26.876,86.98933,24.526
4720,2021-07-16 16:00:00+00:00,26.726,90.42048,25.026
4721,2021-07-16 17:00:00+00:00,26.425999,91.759224,24.976
4722,2021-07-16 18:00:00+00:00,26.126,92.567245,24.825998
4723,2021-07-16 19:00:00+00:00,25.675999,93.9382,24.626
4724,2021-07-16 20:00:00+00:00,25.476,94.77638,24.575998
4725,2021-07-16 21:00:00+00:00,25.476,95.63005,24.726
4726,2021-07-16 22:00:00+00:00,25.726,94.22148,24.726
4727,2021-07-16 23:00:00+00:00,25.925999,92.83365,24.675999
4728,2021-07-17 00:00:00+00:00,25.276,93.35889,24.126
4729,2021-07-17 01:00:00+00:00,25.776,90.89971,24.175999
4730,2021-07-17 02:00:00+00:00,27.126,84.447296,24.276
4731,2021-07-17 03:00:00+00:00,28.476,75.055954,23.626
4732,2021-07-17 04:00:00+00:00,29.825998,69.00326,23.526
4733,2021-07-17 05:00:00+00:00,31.126,63.09438,23.276
4734,2021-07-17 06:00:00+00:00,31.726,60.427814,23.126
4735,2021-07-17 07:00:00+00:00,31.976,61.402668,23.626
4736,2021-07-17 08:00:00+00:00,32.126,61.435818,23.776
4737,2021-07-17 09:00:00+00:00,30.976,66.576706,24.026
4738,2021-07-17 10:00:00+00:00,29.925999,71.77156,24.276
4739,2021-07-17 11:00:00+00:00,29.226,76.7662,24.726
4740,2021-07-17 12:00:00+00:00,29.675999,74.131256,24.575998
4741,2021-07-17 13:00:00+00:00,28.276,83.817795,25.276
4742,2021-07-17 14:00:00+00:00,27.376,86.00209,24.825998
4743,2021-07-17 15:00:00+00:00,27.126,87.7944,24.925999
4744,2021-07-17 16:00:00+00:00,26.776,92.05302,25.376
4745,2021-07-17 17:00:00+00:00,26.226,94.80473,25.325998
4746,2021-07-17 18:00:00+00:00,25.526,95.631645,24.776
4747,2021-07-17 19:00:00+00:00,25.325998,96.486565,24.726
4748,2021-07-17 20:00:00+00:00,25.226,96.48398,24.626
4749,2021-07-17 21:00:00+00:00,25.376,93.64399,24.276
4750,2021-07-17 22:00:00+00:00,25.226,93.07662,24.026
4751,2021-07-17 23:00:00+00:00,25.175999,91.96162,23.776
4752,2021-07-18 00:00:00+00:00,25.276,93.07912,24.075998
4753,2021-07-18 01:00:00+00:00,25.925999,90.3661,24.226
4754,2021-07-18 02:00:00+00:00,27.026,84.69027,24.226
4755,2021-07-18 03:00:00+00:00,28.376,77.09992,23.976
4756,2021-07-18 04:00:00+00:00,29.325998,72.3154,23.825998
4757,2021-07-18 05:00:00+00:00,29.575998,72.14191,24.026
4758,2021-07-18 06:00:00+00:00,30.425999,71.21828,24.626
4759,2021-07-18 07:00:00+00:00,30.376,70.57296,24.425999
4760,2021-07-18 08:00:00+00:00,29.276,75.18354,24.425999
4761,2021-07-18 09:00:00+00:00,30.575998,70.60933,24.626
4762,2021-07-18 10:00:00+00:00,31.425999,68.07619,24.825998
4763,2021-07-18 11:00:00+00:00,29.276,77.00327,24.825998
4764,2021-07-18 12:00:00+00:00,30.226,70.969666,24.376
4765,2021-07-18 13:00:00+00:00,29.126,74.04067,24.026
4766,2021-07-18 14:00:00+00:00,28.126,78.229965,23.976
4767,2021-07-18 15:00:00+00:00,27.476,81.50082,24.026
4768,2021-07-18 16:00:00+00:00,26.626,85.92953,24.075998
4769,2021-07-18 17:00:00+00:00,26.175999,89.03948,24.226
4770,2021-07-18 18:00:00+00:00,27.026,79.74289,23.226
4771,2021-07-18 19:00:00+00:00,27.026,73.466225,21.876
4772,2021-07-18 20:00:00+00:00,26.776,72.75304,21.476
4773,2021-07-18 21:00:00+00:00,26.575998,72.94158,21.325998
4774,2021-07-18 22:00:00+00:00,26.425999,74.04179,21.425999
4775,2021-07-18 23:00:00+00:00,26.325998,74.70843,21.476
4776,2021-07-19 00:00:00+00:00,24.575998,91.92694,23.175999
4777,2021-07-19 01:00:00+00:00,25.376,87.90963,23.226
4778,2021-07-19 02:00:00+00:00,27.226,78.33745,23.126
4779,2021-07-19 03:00:00+00:00,29.175999,66.82067,22.376
4780,2021-07-19 04:00:00+00:00,30.526,61.266415,22.226
4781,2021-07-19 05:00:00+00:00,31.776,57.753036,22.425999
4782,2021-07-19 06:00:00+00:00,32.476,54.506413,22.126
4783,2021-07-19 07:00:00+00:00,33.026,54.14552,22.526
4784,2021-07-19 08:00:00+00:00,33.526,53.452503,22.776
4785,2021-07-19 09:00:00+00:00,33.376,52.93108,22.476
4786,2021-07-19 10:00:00+00:00,33.176003,54.018177,22.626
4787,2021-07-19 11:00:00+00:00,33.126,54.4997,22.726
4788,2021-07-19 12:00:00+00:00,32.276,58.397987,23.075998
4789,2021-07-19 13:00:00+00:00,30.776,61.883224,22.626
4790,2021-07-19 14:00:00+00:00,29.925999,63.99317,22.376
4791,2021-07-19 15:00:00+00:00,29.626,62.38748,21.675999
4792,2021-07-19 16:00:00+00:00,29.825998,62.431293,21.876
4793,2021-07-19 17:00:00+00:00,29.876,62.25198,21.876
4794,2021-07-19 18:00:00+00:00,29.476,63.315014,21.776
4795,2021-07-19 19:00:00+00:00,28.526,67.50943,21.925999
4796,2021-07-19 20:00:00+00:00,28.226,67.45002,21.626
4797,2021-07-19 21:00:00+00:00,28.226,64.61632,20.925999
4798,2021-07-19 22:00:00+00:00,27.825998,66.34444,20.976
4799,2021-07-19 23:00:00+00:00,27.575998,67.32081,20.976
4800,2021-07-20 00:00:00+00:00,26.226,76.30889,21.726
4801,2021-07-20 01:00:00+00:00,26.776,73.87404,21.726
4802,2021-07-20 02:00:00+00:00,27.675999,70.72099,21.876
4803,2021-07-20 03:00:00+00:00,29.075998,64.203705,21.626
4804,2021-07-20 04:00:00+00:00,30.126,60.619057,21.675999
4805,2021-07-20 05:00:00+00:00,30.876,58.785168,21.876
4806,2021-07-20 06:00:00+00:00,30.925999,58.97639,21.976
4807,2021-07-20 07:00:00+00:00,31.476,55.60752,21.526
4808,2021-07-20 08:00:00+00:00,31.976,56.069107,22.126
4809,2021-07-20 09:00:00+00:00,32.326,56.323944,22.526
4810,2021-07-20 10:00:00+00:00,32.876,53.944405,22.325998
4811,2021-07-20 11:00:00+00:00,31.876,57.426514,22.425999
4812,2021-07-20 12:00:00+00:00,32.126,56.619293,22.425999
4813,2021-07-20 13:00:00+00:00,31.526,56.475975,21.825998
4814,2021-07-20 14:00:00+00:00,30.825998,59.133415,21.925999
4815,2021-07-20 15:00:00+00:00,30.126,62.687405,22.226
4816,2021-07-20 16:00:00+00:00,30.026,63.04843,22.226
4817,2021-07-20 17:00:00+00:00,29.726,63.17591,21.976
4818,2021-07-20 18:00:00+00:00,29.476,62.737217,21.626
4819,2021-07-20 19:00:00+00:00,29.376,62.142025,21.376
4820,2021-07-20 20:00:00+00:00,28.976,62.436134,21.075998
4821,2021-07-20 21:00:00+00:00,28.575998,63.31478,20.925999
4822,2021-07-20 22:00:00+00:00,28.175999,64.804695,20.925999
4823,2021-07-20 23:00:00+00:00,27.776,66.74314,21.026
4824,2021-07-21 00:00:00+00:00,25.075998,88.41777,23.026
4825,2021-07-21 01:00:00+00:00,25.575998,84.53726,22.776
4826,2021-07-21 02:00:00+00:00,26.226,80.36375,22.575998
4827,2021-07-21 03:00:00+00:00,27.226,77.161095,22.876
4828,2021-07-21 04:00:00+00:00,27.575998,76.28515,23.026
4829,2021-07-21 05:00:00+00:00,27.526,78.61691,23.476
4830,2021-07-21 06:00:00+00:00,29.126,70.13204,23.126
4831,2021-07-21 07:00:00+00:00,30.126,64.81732,22.776
4832,2021-07-21 08:00:00+00:00,29.726,66.72828,22.876
4833,2021-07-21 09:00:00+00:00,29.126,69.28841,22.925999
4834,2021-07-21 10:00:00+00:00,28.575998,73.06244,23.276
4835,2021-07-21 11:00:00+00:00,28.325998,74.355865,23.325998
4836,2021-07-21 12:00:00+00:00,27.126,78.79838,23.126
4837,2021-07-21 13:00:00+00:00,26.876,79.9641,23.126
4838,2021-07-21 14:00:00+00:00,26.476,84.1242,23.575998
4839,2021-07-21 15:00:00+00:00,25.976,87.960304,23.825998
4840,2021-07-21 16:00:00+00:00,25.526,90.06737,23.776
4841,2021-07-21 17:00:00+00:00,25.226,91.412796,23.726
4842,2021-07-21 18:00:00+00:00,25.026,92.23028,23.675999
4843,2021-07-21 19:00:00+00:00,24.925999,90.57058,23.276
4844,2021-07-21 20:00:00+00:00,24.726,89.738754,22.925999
4845,2021-07-21 21:00:00+00:00,24.575998,88.64567,22.575998
4846,2021-07-21 22:00:00+00:00,24.376,88.36049,22.325998
4847,2021-07-21 23:00:00+00:00,24.276,88.89158,22.325998
4848,2021-07-22 00:00:00+00:00,24.276,88.35229,22.226
4849,2021-07-22 01:00:00+00:00,24.726,86.79318,22.376
4850,2021-07-22 02:00:00+00:00,26.126,81.08586,22.626
4851,2021-07-22 03:00:00+00:00,27.325998,76.015816,22.726
4852,2021-07-22 04:00:00+00:00,27.526,74.903206,22.675999
4853,2021-07-22 05:00:00+00:00,27.776,75.398575,23.026
4854,2021-07-22 06:00:00+00:00,28.026,75.89501,23.376
4855,2021-07-22 07:00:00+00:00,26.675999,84.90836,23.925999
4856,2021-07-22 08:00:00+00:00,26.626,85.92953,24.075998
4857,2021-07-22 09:00:00+00:00,26.325998,87.20107,24.026
4858,2021-07-22 10:00:00+00:00,26.175999,87.450165,23.925999
4859,2021-07-22 11:00:00+00:00,26.075998,87.44141,23.825998
4860,2021-07-22 12:00:00+00:00,25.526,86.866646,23.175999
4861,2021-07-22 13:00:00+00:00,25.526,87.65734,23.325998
4862,2021-07-22 14:00:00+00:00,25.276,88.43405,23.226
4863,2021-07-22 15:00:00+00:00,25.226,88.429955,23.175999
4864,2021-07-22 16:00:00+00:00,25.075998,87.88416,22.925999
4865,2021-07-22 17:00:00+00:00,24.876,88.133934,22.776
4866,2021-07-22 18:00:00+00:00,24.726,88.121414,22.626
4867,2021-07-22 19:00:00+00:00,24.526,88.64164,22.526
4868,2021-07-22 20:00:00+00:00,24.726,85.22249,22.075998
4869,2021-07-22 21:00:00+00:00,24.925999,81.92907,21.626
4870,2021-07-22 22:00:00+00:00,25.226,78.771065,21.276
4871,2021-07-22 23:00:00+00:00,25.476,77.134094,21.175999
4872,2021-07-23 00:00:00+00:00,25.026,78.50136,21.026
4873,2021-07-23 01:00:00+00:00,25.626,76.92051,21.276
4874,2021-07-23 02:00:00+00:00,26.726,73.640205,21.626
4875,2021-07-23 03:00:00+00:00,27.925999,68.84978,21.675999
4876,2021-07-23 04:00:00+00:00,27.626,72.67833,22.276
4877,2021-07-23 05:00:00+00:00,27.776,76.778206,23.325998
4878,2021-07-23 06:00:00+00:00,28.376,77.09992,23.976
4879,2021-07-23 07:00:00+00:00,30.476,67.07987,23.675999
4880,2021-07-23 08:00:00+00:00,31.675999,62.833244,23.726
4881,2021-07-23 09:00:00+00:00,32.076,57.999004,22.776
4882,2021-07-23 10:00:00+00:00,32.026,58.516922,22.876
4883,2021-07-23 11:00:00+00:00,31.226,63.11589,23.376
4884,2021-07-23 12:00:00+00:00,31.026,60.269794,22.425999
4885,2021-07-23 13:00:00+00:00,30.126,61.36416,21.876
4886,2021-07-23 14:00:00+00:00,28.526,68.54608,22.175999
4887,2021-07-23 15:00:00+00:00,27.526,75.587585,22.825998
4888,2021-07-23 16:00:00+00:00,27.175999,78.80537,23.175999
4889,2021-07-23 17:00:00+00:00,27.126,79.27611,23.226
4890,2021-07-23 18:00:00+00:00,27.376,75.335,22.626
4891,2021-07-23 19:00:00+00:00,27.325998,73.96589,22.276
4892,2021-07-23 20:00:00+00:00,27.126,73.93253,22.075998
4893,2021-07-23 21:00:00+00:00,26.925999,75.034355,22.126
4894,2021-07-23 22:00:00+00:00,26.675999,75.914406,22.075998
4895,2021-07-23 23:00:00+00:00,26.626,75.44503,21.925999
4896,2021-07-24 00:00:00+00:00,26.075998,79.13122,22.175999
4897,2021-07-24 01:00:00+00:00,26.726,75.69126,22.075998
4898,2021-07-24 02:00:00+00:00,27.276,74.40897,22.325998
4899,2021-07-24 03:00:00+00:00,28.776,69.4326,22.626
4900,2021-07-24 04:00:00+00:00,30.425999,63.13476,22.626
4901,2021-07-24 05:00:00+00:00,31.276,59.23705,22.376
4902,2021-07-24 06:00:00+00:00,32.376,54.648228,22.075998
4903,2021-07-24 07:00:00+00:00,33.626,50.16893,21.825998
4904,2021-07-24 08:00:00+00:00,33.576,52.024147,22.376
4905,2021-07-24 09:00:00+00:00,34.176003,50.00425,22.276
4906,2021-07-24 10:00:00+00:00,34.026,51.196564,22.526
4907,2021-07-24 11:00:00+00:00,33.626,53.96508,23.026
4908,2021-07-24 12:00:00+00:00,33.176003,56.526627,23.376
4909,2021-07-24 13:00:00+00:00,31.776,58.105026,22.526
4910,2021-07-24 14:00:00+00:00,30.726,61.31095,22.425999
4911,2021-07-24 15:00:00+00:00,29.476,67.69657,22.876
4912,2021-07-24 16:00:00+00:00,28.626,72.630974,23.226
4913,2021-07-24 17:00:00+00:00,28.776,72.00173,23.226
4914,2021-07-24 18:00:00+00:00,28.876,70.93942,23.075998
4915,2021-07-24 19:00:00+00:00,28.925999,69.67169,22.825998
4916,2021-07-24 20:00:00+00:00,28.825998,68.6039,22.476
4917,2021-07-24 21:00:00+00:00,28.626,67.73531,22.075998
4918,2021-07-24 22:00:00+00:00,28.325998,67.26397,21.675999
4919,2021-07-24 23:00:00+00:00,27.925999,67.80462,21.425999
4920,2021-07-25 00:00:00+00:00,27.626,69.63962,21.575998
4921,2021-07-25 01:00:00+00:00,27.825998,69.67726,21.776
4922,2021-07-25 02:00:00+00:00,28.726,68.16871,22.276
4923,2021-07-25 03:00:00+00:00,29.876,63.98254,22.325998
4924,2021-07-25 04:00:00+00:00,31.026,60.637123,22.526
4925,2021-07-25 05:00:00+00:00,32.226,56.64313,22.526
4926,2021-07-25 06:00:00+00:00,33.226,54.030457,22.675999
4927,2021-07-25 07:00:00+00:00,34.126,51.690018,22.776
4928,2021-07-25 08:00:00+00:00,34.826,48.376,22.325998
4929,2021-07-25 09:00:00+00:00,34.726,48.05655,22.126
4930,2021-07-25 10:00:00+00:00,34.376,50.51338,22.626
4931,2021-07-25 11:00:00+00:00,34.276,49.57529,22.226
4932,2021-07-25 12:00:00+00:00,33.576,57.134686,23.925999
4933,2021-07-25 13:00:00+00:00,31.626,62.445137,23.575998
4934,2021-07-25 14:00:00+00:00,30.325998,69.51408,24.126
4935,2021-07-25 15:00:00+00:00,29.376,73.86015,24.226
4936,2021-07-25 16:00:00+00:00,28.876,79.041435,24.876
4937,2021-07-25 17:00:00+00:00,28.726,77.6155,24.425999
4938,2021-07-25 18:00:00+00:00,28.675999,75.314064,23.876
4939,2021-07-25 19:00:00+00:00,27.925999,79.147446,23.976
4940,2021-07-25 20:00:00+00:00,27.575998,80.53998,23.925999
4941,2021-07-25 21:00:00+00:00,27.476,79.08536,23.526
4942,2021-07-25 22:00:00+00:00,27.825998,72.93413,22.526
4943,2021-07-25 23:00:00+00:00,28.075998,67.00861,21.376
4944,2021-07-26 00:00:00+00:00,27.476,68.55264,21.175999
4945,2021-07-26 01:00:00+00:00,27.526,69.407936,21.425999
4946,2021-07-26 02:00:00+00:00,28.425999,67.69596,21.876
4947,2021-07-26 03:00:00+00:00,29.526,63.519375,21.876
4948,2021-07-26 04:00:00+00:00,30.825998,59.133415,21.925999
4949,2021-07-26 05:00:00+00:00,32.226,55.113354,22.075998
4950,2021-07-26 06:00:00+00:00,33.376,51.658226,22.075998
4951,2021-07-26 07:00:00+00:00,33.926003,50.861065,22.325998
4952,2021-07-26 08:00:00+00:00,34.126,49.839504,22.175999
4953,2021-07-26 09:00:00+00:00,34.676003,47.89737,22.026
4954,2021-07-26 10:00:00+00:00,35.176003,45.602993,21.675999
4955,2021-07-26 11:00:00+00:00,34.676003,46.314667,21.476
4956,2021-07-26 12:00:00+00:00,33.976,54.706734,23.575998
4957,2021-07-26 13:00:00+00:00,32.126,59.97266,23.376
4958,2021-07-26 14:00:00+00:00,31.175999,66.01986,24.075998
4959,2021-07-26 15:00:00+00:00,30.126,65.60741,22.976
4960,2021-07-26 16:00:00+00:00,28.925999,74.45395,23.925999
4961,2021-07-26 17:00:00+00:00,28.476,77.11481,24.075998
4962,2021-07-26 18:00:00+00:00,28.476,74.830185,23.575998
4963,2021-07-26 19:00:00+00:00,29.075998,66.3952,22.175999
4964,2021-07-26 20:00:00+00:00,29.575998,59.939922,20.976
4965,2021-07-26 21:00:00+00:00,28.876,62.991844,21.126
4966,2021-07-26 22:00:00+00:00,28.476,62.904808,20.726
4967,2021-07-26 23:00:00+00:00,27.925999,64.15629,20.526
4968,2021-07-27 00:00:00+00:00,27.526,65.67333,20.526
4969,2021-07-27 01:00:00+00:00,27.776,65.12068,20.626
4970,2021-07-27 02:00:00+00:00,28.526,63.498894,20.925999
4971,2021-07-27 03:00:00+00:00,29.526,59.378056,20.776
4972,2021-07-27 04:00:00+00:00,30.526,56.2358,20.825998
4973,2021-07-27 05:00:00+00:00,31.526,53.446133,20.925999
4974,2021-07-27 06:00:00+00:00,32.476,51.273087,21.126
4975,2021-07-27 07:00:00+00:00,32.976,50.619328,21.376
4976,2021-07-27 08:00:00+00:00,33.926003,46.259068,20.776
4977,2021-07-27 09:00:00+00:00,34.526,43.112507,20.175999
4978,2021-07-27 10:00:00+00:00,34.226,44.11023,20.276
4979,2021-07-27 11:00:00+00:00,33.676003,46.478664,20.626
4980,2021-07-27 12:00:00+00:00,33.126,48.3787,20.776
4981,2021-07-27 13:00:00+00:00,31.726,51.716293,20.575998
4982,2021-07-27 14:00:00+00:00,30.776,54.08791,20.425999
4983,2021-07-27 15:00:00+00:00,29.726,59.607037,21.026
4984,2021-07-27 16:00:00+00:00,28.376,69.35706,22.226
4985,2021-07-27 17:00:00+00:00,28.026,77.04769,23.626
4986,2021-07-27 18:00:00+00:00,27.526,81.50701,24.075998
4987,2021-07-27 19:00:00+00:00,29.325998,60.99777,21.026
4988,2021-07-27 20:00:00+00:00,29.526,58.470566,20.526
4989,2021-07-27 21:00:00+00:00,28.925999,60.161125,20.425999
4990,2021-07-27 22:00:00+00:00,28.325998,61.71885,20.276
4991,2021-07-27 23:00:00+00:00,27.825998,63.152187,20.175999
4992,2021-07-28 00:00:00+00:00,27.325998,64.825676,20.126
4993,2021-07-28 01:00:00+00:00,27.476,65.86579,20.526
4994,2021-07-28 02:00:00+00:00,28.626,63.13126,20.925999
4995,2021-07-28 03:00:00+00:00,29.876,59.45876,21.126
4996,2021-07-28 04:00:00+00:00,30.976,55.999554,21.175999
4997,2021-07-28 05:00:00+00:00,32.326,51.86811,21.175999
4998,2021-07-28 06:00:00+00:00,33.526,48.18604,21.075998
4999,2021-07-28 07:00:00+00:00,34.326,45.238724,20.776
5000,2021-07-28 08:00:00+00:00,34.876,42.940697,20.425999
5001,2021-07-28 09:00:00+00:00,34.776,42.25576,20.075998
5002,2021-07-28 10:00:00+00:00,34.976,41.02022,19.776
5003,2021-07-28 11:00:00+00:00,34.876,41.376343,19.825998
5004,2021-07-28 12:00:00+00:00,33.976,43.771465,19.925999
5005,2021-07-28 13:00:00+00:00,32.376,48.183033,20.026
5006,2021-07-28 14:00:00+00:00,31.226,52.07013,20.226
5007,2021-07-28 15:00:00+00:00,30.226,56.85984,20.726
5008,2021-07-28 16:00:00+00:00,29.476,60.286507,20.976
5009,2021-07-28 17:00:00+00:00,30.925999,52.968334,20.226
5010,2021-07-28 18:00:00+00:00,30.825998,52.943245,20.126
5011,2021-07-28 19:00:00+00:00,30.476,53.68039,20.026
5012,2021-07-28 20:00:00+00:00,29.925999,55.745197,20.126
5013,2021-07-28 21:00:00+00:00,29.276,57.694122,20.075998
5014,2021-07-28 22:00:00+00:00,28.675999,59.91842,20.126
5015,2021-07-28 23:00:00+00:00,28.075998,62.0458,20.126
5016,2021-07-29 00:00:00+00:00,27.976,62.795624,20.226
5017,2021-07-29 01:00:00+00:00,28.026,63.39096,20.425999
5018,2021-07-29 02:00:00+00:00,28.626,62.74419,20.825998
5019,2021-07-29 03:00:00+00:00,29.325998,60.252365,20.825998
5020,2021-07-29 04:00:00+00:00,30.675999,55.927074,20.876
5021,2021-07-29 05:00:00+00:00,32.026,51.316418,20.726
5022,2021-07-29 06:00:00+00:00,33.026,48.951534,20.876
5023,2021-07-29 07:00:00+00:00,34.076,43.798286,20.026
5024,2021-07-29 08:00:00+00:00,34.376,42.4102,19.776
5025,2021-07-29 09:00:00+00:00,34.976,41.14759,19.825998
5026,2021-07-29 10:00:00+00:00,34.876,42.676422,20.325998
5027,2021-07-29 11:00:00+00:00,34.076,45.45165,20.626
5028,2021-07-29 12:00:00+00:00,33.326,47.545074,20.675999
5029,2021-07-29 13:00:00+00:00,32.376,50.31084,20.726
5030,2021-07-29 14:00:00+00:00,31.825998,50.793274,20.376
5031,2021-07-29 15:00:00+00:00,31.825998,49.860176,20.075998
5032,2021-07-29 16:00:00+00:00,31.675999,50.59826,20.175999
5033,2021-07-29 17:00:00+00:00,31.276,52.24388,20.325998
5034,2021-07-29 18:00:00+00:00,31.026,52.829967,20.276
5035,2021-07-29 19:00:00+00:00,30.376,53.988758,20.026
5036,2021-07-29 20:00:00+00:00,29.726,55.86927,19.976
5037,2021-07-29 21:00:00+00:00,29.175999,57.136936,19.825998
5038,2021-07-29 22:00:00+00:00,28.626,58.986507,19.825998
5039,2021-07-29 23:00:00+00:00,28.226,60.561455,19.876
5040,2021-07-30 00:00:00+00:00,28.325998,60.5842,19.976
5041,2021-07-30 01:00:00+00:00,28.325998,61.528458,20.226
5042,2021-07-30 02:00:00+00:00,28.976,60.358383,20.526
5043,2021-07-30 03:00:00+00:00,29.976,57.327705,20.626
5044,2021-07-30 04:00:00+00:00,30.976,54.80815,20.825998
5045,2021-07-30 05:00:00+00:00,32.176003,51.354538,20.876
5046,2021-07-30 06:00:00+00:00,33.626,47.77012,21.026
5047,2021-07-30 07:00:00+00:00,34.776,43.9855,20.726
5048,2021-07-30 08:00:00+00:00,34.676003,43.15277,20.325998
5049,2021-07-30 09:00:00+00:00,34.676003,44.503445,20.825998
5050,2021-07-30 10:00:00+00:00,34.226,45.212173,20.675999
5051,2021-07-30 11:00:00+00:00,34.176003,45.47815,20.726
5052,2021-07-30 12:00:00+00:00,33.726,47.796227,21.126
5053,2021-07-30 13:00:00+00:00,32.376,52.040054,21.276
5054,2021-07-30 14:00:00+00:00,31.675999,52.9928,20.925999
5055,2021-07-30 15:00:00+00:00,30.925999,55.81589,21.075998
5056,2021-07-30 16:00:00+00:00,30.425999,57.43455,21.075998
5057,2021-07-30 17:00:00+00:00,31.126,53.51118,20.575998
5058,2021-07-30 18:00:00+00:00,31.026,52.666996,20.226
5059,2021-07-30 19:00:00+00:00,30.425999,55.011765,20.376
5060,2021-07-30 20:00:00+00:00,29.726,57.622692,20.476
5061,2021-07-30 21:00:00+00:00,29.175999,59.664078,20.526
5062,2021-07-30 22:00:00+00:00,28.675999,61.227905,20.476
5063,2021-07-30 23:00:00+00:00,28.175999,63.0335,20.476
5064,2021-07-31 00:00:00+00:00,28.575998,61.205444,20.376
5065,2021-07-31 01:00:00+00:00,28.575998,61.394615,20.425999
5066,2021-07-31 02:00:00+00:00,28.925999,61.28398,20.726
5067,2021-07-31 03:00:00+00:00,29.626,59.40114,20.876
5068,2021-07-31 04:00:00+00:00,30.976,55.827976,21.126
5069,2021-07-31 05:00:00+00:00,32.726,50.400528,21.075998
5070,2021-07-31 06:00:00+00:00,33.526,48.631676,21.226
5071,2021-07-31 07:00:00+00:00,34.676003,45.054016,21.026
5072,2021-07-31 08:00:00+00:00,35.526,42.457417,20.825998
5073,2021-07-31 09:00:00+00:00,35.226,43.16716,20.825998
5074,2021-07-31 10:00:00+00:00,35.026,43.647762,20.825998
5075,2021-07-31 11:00:00+00:00,34.226,44.796146,20.526
5076,2021-07-31 12:00:00+00:00,33.176003,49.14107,21.075998
5077,2021-07-31 13:00:00+00:00,32.276,52.174633,21.226
5078,2021-07-31 14:00:00+00:00,32.126,51.499985,20.876
5079,2021-07-31 15:00:00+00:00,31.526,53.282074,20.876
5080,2021-07-31 16:00:00+00:00,31.376,53.90387,20.925999
5081,2021-07-31 17:00:00+00:00,31.126,54.17445,20.776
5082,2021-07-31 18:00:00+00:00,30.376,56.372955,20.726
5083,2021-07-31 19:00:00+00:00,29.825998,58.72108,20.876
5084,2021-07-31 20:00:00+00:00,29.726,58.33746,20.675999
5085,2021-07-31 21:00:00+00:00,29.425999,58.808807,20.526
5086,2021-07-31 22:00:00+00:00,28.976,60.172543,20.476
5087,2021-07-31 23:00:00+00:00,28.425999,61.931957,20.425999
5088,2021-08-01 00:00:00+00:00,28.075998,63.011734,20.376
5089,2021-08-01 01:00:00+00:00,28.126,63.412582,20.526
5090,2021-08-01 02:00:00+00:00,29.075998,60.38116,20.626
5091,2021-08-01 03:00:00+00:00,30.175999,56.673054,20.626
5092,2021-08-01 04:00:00+00:00,31.575998,51.837936,20.476
5093,2021-08-01 05:00:00+00:00,33.176003,45.634796,19.876
5094,2021-08-01 06:00:00+00:00,34.576,40.531723,19.226
5095,2021-08-01 07:00:00+00:00,34.676003,39.93216,19.075998
5096,2021-08-01 08:00:00+00:00,35.076,38.451443,18.825998
5097,2021-08-01 09:00:00+00:00,35.676003,35.825985,18.226
5098,2021-08-01 10:00:00+00:00,35.076,38.21191,18.726
5099,2021-08-01 11:00:00+00:00,35.026,38.19827,18.675999
5100,2021-08-01 12:00:00+00:00,34.476,40.504562,19.126
5101,2021-08-01 13:00:00+00:00,33.576,42.458153,19.075998
5102,2021-08-01 14:00:00+00:00,32.476,46.448936,19.526
5103,2021-08-01 15:00:00+00:00,31.726,48.61335,19.575998
5104,2021-08-01 16:00:00+00:00,30.825998,52.13013,19.876
5105,2021-08-01 17:00:00+00:00,29.776,56.576965,20.226
5106,2021-08-01 18:00:00+00:00,29.325998,58.604366,20.376
5107,2021-08-01 19:00:00+00:00,28.976,59.987198,20.425999
5108,2021-08-01 20:00:00+00:00,29.626,56.540867,20.075998
5109,2021-08-01 21:00:00+00:00,29.575998,56.354134,19.976
5110,2021-08-01 22:00:00+00:00,28.976,57.801834,19.825998
5111,2021-08-01 23:00:00+00:00,28.376,59.479458,19.726
5112,2021-08-02 00:00:00+00:00,27.976,60.31695,19.575998
5113,2021-08-02 01:00:00+00:00,28.075998,60.715324,19.776
5114,2021-08-02 02:00:00+00:00,28.976,58.703766,20.075998
5115,2021-08-02 03:00:00+00:00,30.126,55.62173,20.276
5116,2021-08-02 04:00:00+00:00,31.476,51.812595,20.376
5117,2021-08-02 05:00:00+00:00,33.276,45.3794,19.876
5118,2021-08-02 06:00:00+00:00,34.276,42.251892,19.626
5119,2021-08-02 07:00:00+00:00,34.326,42.660477,19.825998
5120,2021-08-02 08:00:00+00:00,35.076,41.43038,20.026
5121,2021-08-02 09:00:00+00:00,35.626,39.941784,19.925999
5122,2021-08-02 10:00:00+00:00,35.876,38.549194,19.575998
5123,2021-08-02 11:00:00+00:00,35.626,38.00492,19.126
5124,2021-08-02 12:00:00+00:00,35.276,37.7913,18.726
5125,2021-08-02 13:00:00+00:00,33.676003,42.485165,19.175999
5126,2021-08-02 14:00:00+00:00,32.976,42.561405,18.575998
5127,2021-08-02 15:00:00+00:00,30.726,58.392323,21.626
5128,2021-08-02 16:00:00+00:00,29.876,62.25198,21.876
5129,2021-08-02 17:00:00+00:00,29.575998,62.37654,21.626
5130,2021-08-02 18:00:00+00:00,30.526,53.859177,20.126
5131,2021-08-02 19:00:00+00:00,31.175999,50.783928,19.776
5132,2021-08-02 20:00:00+00:00,30.425999,53.50201,19.925999
5133,2021-08-02 21:00:00+00:00,29.626,56.01823,19.925999
5134,2021-08-02 22:00:00+00:00,29.026,58.172928,19.976
5135,2021-08-02 23:00:00+00:00,28.476,60.244358,20.026
5136,2021-08-03 00:00:00+00:00,28.226,60.74935,19.925999
5137,2021-08-03 01:00:00+00:00,28.175999,62.067966,20.226
5138,2021-08-03 02:00:00+00:00,29.226,59.49189,20.526
5139,2021-08-03 03:00:00+00:00,30.425999,55.69466,20.575998
5140,2021-08-03 04:00:00+00:00,31.825998,51.582516,20.626
5141,2021-08-03 05:00:00+00:00,33.326,45.81621,20.075998
5142,2021-08-03 06:00:00+00:00,34.676003,40.939,19.476
5143,2021-08-03 07:00:00+00:00,36.076,36.387108,18.825998
5144,2021-08-03 08:00:00+00:00,35.576,37.403187,18.825998
5145,2021-08-03 09:00:00+00:00,35.676003,37.19742,18.825998
5146,2021-08-03 10:00:00+00:00,35.626,38.72136,19.425999
5147,2021-08-03 11:00:00+00:00,35.326,39.12406,19.325998
5148,2021-08-03 12:00:00+00:00,34.626,41.05286,19.476
5149,2021-08-03 13:00:00+00:00,33.526,43.786545,19.526
5150,2021-08-03 14:00:00+00:00,32.376,47.442463,19.776
5151,2021-08-03 15:00:00+00:00,31.526,50.55976,20.026
5152,2021-08-03 16:00:00+00:00,31.075998,52.354996,20.175999
5153,2021-08-03 17:00:00+00:00,29.876,58.37261,20.825998
5154,2021-08-03 18:00:00+00:00,30.675999,53.23409,20.075998
5155,2021-08-03 19:00:00+00:00,30.675999,53.399002,20.126
5156,2021-08-03 20:00:00+00:00,29.876,57.127472,20.476
5157,2021-08-03 21:00:00+00:00,29.425999,59.72155,20.776
5158,2021-08-03 22:00:00+00:00,29.075998,61.506386,20.925999
5159,2021-08-03 23:00:00+00:00,28.675999,63.14213,20.976
5160,2021-08-04 00:00:00+00:00,28.425999,64.46029,21.075998
5161,2021-08-04 01:00:00+00:00,28.626,64.30505,21.226
5162,2021-08-04 02:00:00+00:00,29.776,60.725735,21.376
5163,2021-08-04 03:00:00+00:00,31.126,56.380104,21.425999
5164,2021-08-04 04:00:00+00:00,32.626,51.62663,21.376
5165,2021-08-04 05:00:00+00:00,34.376,45.811806,21.026
5166,2021-08-04 06:00:00+00:00,35.526,42.719337,20.925999
5167,2021-08-04 07:00:00+00:00,36.526,39.9386,20.726
5168,2021-08-04 08:00:00+00:00,37.126,38.293808,20.575998
5169,2021-08-04 09:00:00+00:00,36.576,39.341507,20.526
5170,2021-08-04 10:00:00+00:00,35.776,40.230473,20.175999
5171,2021-08-04 11:00:00+00:00,35.726,40.216946,20.126
5172,2021-08-04 12:00:00+00:00,35.076,42.206013,20.325998
5173,2021-08-04 13:00:00+00:00,32.376,53.167385,21.626
5174,2021-08-04 14:00:00+00:00,32.226,51.84284,21.075998
5175,2021-08-04 15:00:00+00:00,32.276,49.97617,20.526
5176,2021-08-04 16:00:00+00:00,31.825998,51.4238,20.575998
5177,2021-08-04 17:00:00+00:00,32.176003,49.64301,20.325998
5178,2021-08-04 18:00:00+00:00,31.526,51.825256,20.425999
5179,2021-08-04 19:00:00+00:00,31.075998,53.33403,20.476
5180,2021-08-04 20:00:00+00:00,30.476,55.535397,20.575998
5181,2021-08-04 21:00:00+00:00,29.825998,57.82431,20.626
5182,2021-08-04 22:00:00+00:00,29.276,59.50342,20.575998
5183,2021-08-04 23:00:00+00:00,28.776,61.06182,20.526
5184,2021-08-05 00:00:00+00:00,28.376,63.07699,20.675999
5185,2021-08-05 01:00:00+00:00,28.476,63.29315,20.825998
5186,2021-08-05 02:00:00+00:00,29.425999,60.275135,20.925999
5187,2021-08-05 03:00:00+00:00,30.726,55.939148,20.925999
5188,2021-08-05 04:00:00+00:00,32.226,51.52535,20.976
5189,2021-08-05 05:00:00+00:00,34.326,44.822773,20.626
5190,2021-08-05 06:00:00+00:00,34.526,43.64852,20.376
5191,2021-08-05 07:00:00+00:00,35.926003,40.89702,20.575998
5192,2021-08-05 08:00:00+00:00,36.676003,39.489986,20.675999
5193,2021-08-05 09:00:00+00:00,36.926003,38.59521,20.526
5194,2021-08-05 10:00:00+00:00,36.826,38.094704,20.226
5195,2021-08-05 11:00:00+00:00,36.326,38.551826,19.976
5196,2021-08-05 12:00:00+00:00,35.726,39.111156,19.675999
5197,2021-08-05 13:00:00+00:00,34.226,43.031906,19.876
5198,2021-08-05 14:00:00+00:00,32.376,50.777374,20.876
5199,2021-08-05 15:00:00+00:00,30.476,68.50672,24.026
5200,2021-08-05 16:00:00+00:00,29.976,70.07777,23.925999
5201,2021-08-05 17:00:00+00:00,29.925999,63.02683,22.126
5202,2021-08-05 18:00:00+00:00,29.376,65.25409,22.175999
5203,2021-08-05 19:00:00+00:00,29.226,64.62889,21.876
5204,2021-08-05 20:00:00+00:00,28.825998,66.344536,21.925999
5205,2021-08-05 21:00:00+00:00,28.925999,64.76356,21.626
5206,2021-08-05 22:00:00+00:00,28.925999,63.9757,21.425999
5207,2021-08-05 23:00:00+00:00,28.876,62.79877,21.075998
5208,2021-08-06 00:00:00+00:00,28.476,65.26662,21.325998
5209,2021-08-06 01:00:00+00:00,28.626,64.89909,21.376
5210,2021-08-06 02:00:00+00:00,29.626,61.440422,21.425999
5211,2021-08-06 03:00:00+00:00,31.175999,56.219727,21.425999
5212,2021-08-06 04:00:00+00:00,32.776,50.72361,21.226
5213,2021-08-06 05:00:00+00:00,34.626,45.17932,21.026
5214,2021-08-06 06:00:00+00:00,35.676003,43.28752,21.276
5215,2021-08-06 07:00:00+00:00,36.676003,40.847805,21.226
5216,2021-08-06 08:00:00+00:00,37.126,39.007713,20.876
5217,2021-08-06 09:00:00+00:00,37.376,38.243587,20.776
5218,2021-08-06 10:00:00+00:00,37.076,38.874416,20.776
5219,2021-08-06 11:00:00+00:00,36.876,38.820316,20.575998
5220,2021-08-06 12:00:00+00:00,36.376,37.97263,19.776
5221,2021-08-06 13:00:00+00:00,34.226,42.36976,19.626
5222,2021-08-06 14:00:00+00:00,31.876,55.19651,21.776
5223,2021-08-06 15:00:00+00:00,30.476,67.68816,23.825998
5224,2021-08-06 16:00:00+00:00,29.976,67.79449,23.376
5225,2021-08-06 17:00:00+00:00,29.675999,68.35284,23.226
5226,2021-08-06 18:00:00+00:00,29.376,70.178215,23.376
5227,2021-08-06 19:00:00+00:00,29.376,69.3356,23.175999
5228,2021-08-06 20:00:00+00:00,29.776,59.253418,20.976
5229,2021-08-06 21:00:00+00:00,29.226,61.91873,21.175999
5230,2021-08-06 22:00:00+00:00,28.825998,64.15064,21.376
5231,2021-08-06 23:00:00+00:00,28.825998,64.34742,21.425999
5232,2021-08-07 00:00:00+00:00,29.026,63.997005,21.526
5233,2021-08-07 01:00:00+00:00,29.226,63.261093,21.526
5234,2021-08-07 02:00:00+00:00,30.175999,59.345737,21.376
5235,2021-08-07 03:00:00+00:00,31.376,55.41331,21.376
5236,2021-08-07 04:00:00+00:00,32.976,50.156,21.226
5237,2021-08-07 05:00:00+00:00,34.376,45.112965,20.776
5238,2021-08-07 06:00:00+00:00,35.326,41.883987,20.425999
5239,2021-08-07 07:00:00+00:00,36.276,39.018307,20.126
5240,2021-08-07 08:00:00+00:00,36.926003,37.190212,19.925999
5241,2021-08-07 09:00:00+00:00,37.726,35.165,19.726
5242,2021-08-07 10:00:00+00:00,37.326,35.605747,19.575998
5243,2021-08-07 11:00:00+00:00,36.176003,37.333527,19.325998
5244,2021-08-07 12:00:00+00:00,34.076,49.222843,21.925999
5245,2021-08-07 13:00:00+00:00,31.526,67.0865,24.675999
5246,2021-08-07 14:00:00+00:00,30.325998,68.68409,23.925999
5247,2021-08-07 15:00:00+00:00,30.626,65.5119,23.425999
5248,2021-08-07 16:00:00+00:00,30.476,67.892,23.876
5249,2021-08-07 17:00:00+00:00,30.276,68.262695,23.776
5250,2021-08-07 18:00:00+00:00,30.376,65.85726,23.276
5251,2021-08-07 19:00:00+00:00,29.476,73.87672,24.325998
5252,2021-08-07 20:00:00+00:00,29.476,71.26199,23.726
5253,2021-08-07 21:00:00+00:00,29.026,65.780846,21.976
5254,2021-08-07 22:00:00+00:00,28.476,68.32794,22.075998
5255,2021-08-07 23:00:00+00:00,28.175999,70.38284,22.276
5256,2021-08-08 00:00:00+00:00,28.726,68.37639,22.325998
5257,2021-08-08 01:00:00+00:00,29.325998,66.85072,22.526
5258,2021-08-08 02:00:00+00:00,30.526,61.640373,22.325998
5259,2021-08-08 03:00:00+00:00,31.876,56.55965,22.175999
5260,2021-08-08 04:00:00+00:00,33.376,51.658226,22.075998
5261,2021-08-08 05:00:00+00:00,34.876,47.080624,21.925999
5262,2021-08-08 06:00:00+00:00,36.276,43.315166,21.825998
5263,2021-08-08 07:00:00+00:00,37.426003,40.551266,21.776
5264,2021-08-08 08:00:00+00:00,37.576,40.467896,21.876
5265,2021-08-08 09:00:00+00:00,34.926003,52.83618,23.876
5266,2021-08-08 10:00:00+00:00,34.376,53.018784,23.425999
5267,2021-08-08 11:00:00+00:00,34.326,53.649616,23.575998
5268,2021-08-08 12:00:00+00:00,33.076,58.407295,23.825998
5269,2021-08-08 13:00:00+00:00,30.876,67.36095,24.126
5270,2021-08-08 14:00:00+00:00,30.325998,72.70521,24.876
5271,2021-08-08 15:00:00+00:00,29.876,77.55183,25.526
5272,2021-08-08 16:00:00+00:00,29.575998,79.137566,25.575998
5273,2021-08-08 17:00:00+00:00,29.526,77.7318,25.226
5274,2021-08-08 18:00:00+00:00,29.376,77.018166,24.925999
5275,2021-08-08 19:00:00+00:00,28.575998,80.18909,24.825998
5276,2021-08-08 20:00:00+00:00,28.075998,81.81922,24.675999
5277,2021-08-08 21:00:00+00:00,27.626,82.99814,24.476
5278,2021-08-08 22:00:00+00:00,27.075998,84.44199,24.226
5279,2021-08-08 23:00:00+00:00,26.925999,85.44509,24.276
5280,2021-08-09 00:00:00+00:00,27.126,84.447296,24.276
5281,2021-08-09 01:00:00+00:00,28.626,76.44596,24.075998
5282,2021-08-09 02:00:00+00:00,30.376,63.701168,22.726
5283,2021-08-09 03:00:00+00:00,31.626,58.60174,22.526
5284,2021-08-09 04:00:00+00:00,33.126,53.35356,22.376
5285,2021-08-09 05:00:00+00:00,34.426003,49.013603,22.175999
5286,2021-08-09 06:00:00+00:00,35.776,45.06958,22.026
5287,2021-08-09 07:00:00+00:00,37.126,41.726177,21.976
5288,2021-08-09 08:00:00+00:00,38.126,39.157658,21.825998
5289,2021-08-09 09:00:00+00:00,38.276,38.840855,21.825998
5290,2021-08-09 10:00:00+00:00,35.776,47.172173,22.776
5291,2021-08-09 11:00:00+00:00,33.976,55.703598,23.876
5292,2021-08-09 12:00:00+00:00,33.476,59.73889,24.575998
5293,2021-08-09 13:00:00+00:00,31.526,67.48851,24.776
5294,2021-08-09 14:00:00+00:00,30.526,72.956406,25.126
5295,2021-08-09 15:00:00+00:00,30.126,76.219086,25.476
5296,2021-08-09 16:00:00+00:00,29.425999,81.017555,25.825998
5297,2021-08-09 17:00:00+00:00,28.126,88.13944,25.976
5298,2021-08-09 18:00:00+00:00,27.526,92.367935,26.175999
5299,2021-08-09 19:00:00+00:00,27.126,95.68219,26.376
5300,2021-08-09 20:00:00+00:00,26.925999,93.71459,25.825998
5301,2021-08-09 21:00:00+00:00,26.776,93.43021,25.626
5302,2021-08-09 22:00:00+00:00,26.325998,94.52714,25.376
5303,2021-08-09 23:00:00+00:00,26.126,95.36671,25.325998
5304,2021-08-10 00:00:00+00:00,26.425999,92.859314,25.175999
5305,2021-08-10 01:00:00+00:00,26.675999,88.547104,24.626
5306,2021-08-10 02:00:00+00:00,27.876,81.0633,24.325998
5307,2021-08-10 03:00:00+00:00,29.575998,71.06583,23.776
5308,2021-08-10 04:00:00+00:00,31.425999,61.839005,23.226
5309,2021-08-10 05:00:00+00:00,33.376,54.89186,23.075998
5310,2021-08-10 06:00:00+00:00,34.626,50.576885,22.876
5311,2021-08-10 07:00:00+00:00,35.676003,46.860844,22.575998
5312,2021-08-10 08:00:00+00:00,36.526,44.315823,22.425999
5313,2021-08-10 09:00:00+00:00,37.126,42.625267,22.325998
5314,2021-08-10 10:00:00+00:00,36.926003,43.093388,22.325998
5315,2021-08-10 11:00:00+00:00,35.926003,45.24675,22.226
5316,2021-08-10 12:00:00+00:00,33.326,52.91866,22.425999
5317,2021-08-10 13:00:00+00:00,32.726,54.401882,22.325998
5318,2021-08-10 14:00:00+00:00,32.076,56.264103,22.276
5319,2021-08-10 15:00:00+00:00,31.325998,59.068726,22.376
5320,2021-08-10 16:00:00+00:00,30.925999,60.61463,22.425999
5321,2021-08-10 17:00:00+00:00,29.776,67.96041,23.226
5322,2021-08-10 18:00:00+00:00,29.075998,74.03245,23.976
5323,2021-08-10 19:00:00+00:00,29.276,70.3719,23.325998
5324,2021-08-10 20:00:00+00:00,29.476,65.67309,22.376
5325,2021-08-10 21:00:00+00:00,29.476,62.929295,21.675999
5326,2021-08-10 22:00:00+00:00,29.276,64.050186,21.776
5327,2021-08-10 23:00:00+00:00,28.825998,66.954155,22.075998
5328,2021-08-11 00:00:00+00:00,29.276,65.23335,22.075998
5329,2021-08-11 01:00:00+00:00,29.175999,66.82067,22.376
5330,2021-08-11 02:00:00+00:00,30.126,63.647827,22.476
5331,2021-08-11 03:00:00+00:00,30.976,60.441925,22.425999
5332,2021-08-11 04:00:00+00:00,32.276,55.970715,22.376
5333,2021-08-11 05:00:00+00:00,33.826,50.681168,22.175999
5334,2021-08-11 06:00:00+00:00,34.926003,47.38168,22.075998
5335,2021-08-11 07:00:00+00:00,35.676003,45.318703,22.026
5336,2021-08-11 08:00:00+00:00,36.026,45.135628,22.276
5337,2021-08-11 09:00:00+00:00,36.626,44.342304,22.526
5338,2021-08-11 10:00:00+00:00,36.826,44.260784,22.675999
5339,2021-08-11 11:00:00+00:00,34.326,53.327175,23.476
5340,2021-08-11 12:00:00+00:00,32.726,57.279274,23.175999
5341,2021-08-11 13:00:00+00:00,31.575998,68.30846,25.026
5342,2021-08-11 14:00:00+00:00,30.626,68.53547,24.175999
5343,2021-08-11 15:00:00+00:00,30.075998,75.759674,25.325998
5344,2021-08-11 16:00:00+00:00,29.675999,77.984955,25.425999
5345,2021-08-11 17:00:00+00:00,29.325998,77.47153,24.976
5346,2021-08-11 18:00:00+00:00,28.476,77.812004,24.226
5347,2021-08-11 19:00:00+00:00,27.726,81.04433,24.175999
5348,2021-08-11 20:00:00+00:00,27.425999,81.98553,24.075998
5349,2021-08-11 21:00:00+00:00,27.276,83.20709,24.175999
5350,2021-08-11 22:00:00+00:00,26.976,82.67412,23.776
5351,2021-08-11 23:00:00+00:00,26.976,81.193504,23.476
5352,2021-08-12 00:00:00+00:00,28.976,70.104294,22.976
5353,2021-08-12 01:00:00+00:00,29.075998,69.06942,22.825998
5354,2021-08-12 02:00:00+00:00,29.726,65.326546,22.526
5355,2021-08-12 03:00:00+00:00,30.526,61.266415,22.226
5356,2021-08-12 04:00:00+00:00,31.726,57.042816,22.175999
5357,2021-08-12 05:00:00+00:00,32.426003,55.330013,22.325998
5358,2021-08-12 06:00:00+00:00,32.026,57.636562,22.626
5359,2021-08-12 07:00:00+00:00,32.626,55.54684,22.575998
5360,2021-08-12 08:00:00+00:00,33.626,51.407448,22.226
5361,2021-08-12 09:00:00+00:00,34.426003,49.013603,22.175999
5362,2021-08-12 10:00:00+00:00,34.126,50.143837,22.276
5363,2021-08-12 11:00:00+00:00,32.476,58.268127,23.226
5364,2021-08-12 12:00:00+00:00,33.126,52.228603,22.026
5365,2021-08-12 13:00:00+00:00,31.425999,61.46636,23.126
5366,2021-08-12 14:00:00+00:00,30.226,74.00061,25.075998
5367,2021-08-12 15:00:00+00:00,30.126,73.10637,24.776
5368,2021-08-12 16:00:00+00:00,29.726,70.666626,23.825998
5369,2021-08-12 17:00:00+00:00,27.425999,81.00629,23.876
5370,2021-08-12 18:00:00+00:00,26.575998,88.27454,24.476
5371,2021-08-12 19:00:00+00:00,26.026,90.64404,24.376
5372,2021-08-12 20:00:00+00:00,25.976,92.55925,24.675999
5373,2021-08-12 21:00:00+00:00,25.925999,93.111435,24.726
5374,2021-08-12 22:00:00+00:00,25.825998,92.55126,24.526
5375,2021-08-12 23:00:00+00:00,25.726,92.26921,24.376
5376,2021-08-13 00:00:00+00:00,25.925999,90.09549,24.175999
5377,2021-08-13 01:00:00+00:00,26.226,88.24578,24.126
5378,2021-08-13 02:00:00+00:00,27.325998,82.96361,24.175999
5379,2021-08-13 03:00:00+00:00,29.075998,70.97563,23.276
5380,2021-08-13 04:00:00+00:00,30.626,63.561687,22.925999
5381,2021-08-13 05:00:00+00:00,31.825998,59.363262,22.925999
5382,2021-08-13 06:00:00+00:00,33.276,55.367764,23.126
5383,2021-08-13 07:00:00+00:00,34.426003,52.553352,23.325998
5384,2021-08-13 08:00:00+00:00,34.976,49.304394,22.776
5385,2021-08-13 09:00:00+00:00,31.675999,65.334145,24.376
5386,2021-08-13 10:00:00+00:00,28.876,80.70754,25.226
5387,2021-08-13 11:00:00+00:00,28.976,79.29123,25.026
5388,2021-08-13 12:00:00+00:00,31.276,61.24742,22.925999
5389,2021-08-13 13:00:00+00:00,29.476,69.14531,23.226
5390,2021-08-13 14:00:00+00:00,28.776,70.06724,22.776
5391,2021-08-13 15:00:00+00:00,28.175999,75.918365,23.526
5392,2021-08-13 16:00:00+00:00,27.575998,81.26895,24.075998
5393,2021-08-13 17:00:00+00:00,26.825998,89.0894,24.876
5394,2021-08-13 18:00:00+00:00,26.776,87.764595,24.575998
5395,2021-08-13 19:00:00+00:00,26.126,93.95785,25.075998
5396,2021-08-13 20:00:00+00:00,26.276,91.20408,24.726
5397,2021-08-13 21:00:00+00:00,26.476,89.329315,24.575998
5398,2021-08-13 22:00:00+00:00,26.876,78.05046,22.726
5399,2021-08-13 23:00:00+00:00,26.976,75.271194,22.226
5400,2021-08-14 00:00:00+00:00,27.425999,73.7579,22.325998
5401,2021-08-14 01:00:00+00:00,27.476,73.99083,22.425999
5402,2021-08-14 02:00:00+00:00,28.276,71.69582,22.675999
5403,2021-08-14 03:00:00+00:00,29.425999,66.870735,22.626
5404,2021-08-14 04:00:00+00:00,30.575998,61.83914,22.425999
5405,2021-08-14 05:00:00+00:00,31.626,57.542416,22.226
5406,2021-08-14 06:00:00+00:00,32.776,54.08413,22.276
5407,2021-08-14 07:00:00+00:00,33.126,52.228603,22.026
5408,2021-08-14 08:00:00+00:00,33.426003,50.11775,21.626
5409,2021-08-14 09:00:00+00:00,33.626,48.80694,21.376
5410,2021-08-14 10:00:00+00:00,33.326,48.579784,21.026
5411,2021-08-14 11:00:00+00:00,33.226,47.81256,20.675999
5412,2021-08-14 12:00:00+00:00,32.376,52.5206,21.425999
5413,2021-08-14 13:00:00+00:00,30.876,57.717354,21.575998
5414,2021-08-14 14:00:00+00:00,29.925999,61.31957,21.675999
5415,2021-08-14 15:00:00+00:00,29.175999,64.22491,21.726
5416,2021-08-14 16:00:00+00:00,28.726,66.934135,21.976
5417,2021-08-14 17:00:00+00:00,28.476,68.32794,22.075998
5418,2021-08-14 18:00:00+00:00,27.976,70.7758,22.175999
5419,2021-08-14 19:00:00+00:00,27.626,74.240776,22.626
5420,2021-08-14 20:00:00+00:00,27.526,74.44998,22.575998
5421,2021-08-14 21:00:00+00:00,27.425999,74.4336,22.476
5422,2021-08-14 22:00:00+00:00,27.425999,73.53387,22.276
5423,2021-08-14 23:00:00+00:00,27.925999,67.184235,21.276
5424,2021-08-15 00:00:00+00:00,27.376,70.88246,21.626
5425,2021-08-15 01:00:00+00:00,27.825998,69.89034,21.825998
5426,2021-08-15 02:00:00+00:00,28.425999,67.48963,21.825998
5427,2021-08-15 03:00:00+00:00,29.026,63.997005,21.526
5428,2021-08-15 04:00:00+00:00,29.976,59.66445,21.276
5429,2021-08-15 05:00:00+00:00,29.876,60.008446,21.276
5430,2021-08-15 06:00:00+00:00,30.075998,59.141068,21.226
5431,2021-08-15 07:00:00+00:00,30.976,55.65686,21.075998
5432,2021-08-15 08:00:00+00:00,31.026,56.356102,21.325998
5433,2021-08-15 09:00:00+00:00,30.925999,55.81589,21.075998
5434,2021-08-15 10:00:00+00:00,30.776,55.779552,20.925999
5435,2021-08-15 11:00:00+00:00,30.675999,55.927074,20.876
5436,2021-08-15 12:00:00+00:00,30.976,56.344097,21.276
5437,2021-08-15 13:00:00+00:00,30.075998,60.979412,21.726
5438,2021-08-15 14:00:00+00:00,28.675999,68.57501,22.325998
5439,2021-08-15 15:00:00+00:00,28.376,68.93598,22.126
5440,2021-08-15 16:00:00+00:00,28.276,69.33815,22.126
5441,2021-08-15 17:00:00+00:00,28.175999,69.53079,22.075998
5442,2021-08-15 18:00:00+00:00,28.126,68.67817,21.825998
5443,2021-08-15 19:00:00+00:00,27.626,70.71182,21.825998
5444,2021-08-15 20:00:00+00:00,27.276,72.83948,21.976
5445,2021-08-15 21:00:00+00:00,26.626,78.72819,22.626
5446,2021-08-15 22:00:00+00:00,25.876,85.33946,23.226
5447,2021-08-15 23:00:00+00:00,25.376,90.60073,23.726
5448,2021-08-16 00:00:00+00:00,25.425999,90.06034,23.675999
5449,2021-08-16 01:00:00+00:00,25.825998,88.212814,23.726
5450,2021-08-16 02:00:00+00:00,26.376,84.62194,23.575998
5451,2021-08-16 03:00:00+00:00,27.776,75.17075,22.976
5452,2021-08-16 04:00:00+00:00,28.976,66.984146,22.226
5453,2021-08-16 05:00:00+00:00,30.425999,60.50189,21.925999
5454,2021-08-16 06:00:00+00:00,31.776,56.021008,21.925999
5455,2021-08-16 07:00:00+00:00,32.726,52.93045,21.876
5456,2021-08-16 08:00:00+00:00,32.826,52.153305,21.726
5457,2021-08-16 09:00:00+00:00,32.976,51.242935,21.575998
5458,2021-08-16 10:00:00+00:00,32.526,51.91857,21.376
5459,2021-08-16 11:00:00+00:00,31.876,54.525795,21.575998
5460,2021-08-16 12:00:00+00:00,29.026,69.47969,22.876
5461,2021-08-16 13:00:00+00:00,28.226,74.33949,23.226
5462,2021-08-16 14:00:00+00:00,27.425999,79.317215,23.526
5463,2021-08-16 15:00:00+00:00,27.325998,79.30351,23.425999
5464,2021-08-16 16:00:00+00:00,27.075998,79.99075,23.325998
5465,2021-08-16 17:00:00+00:00,26.925999,79.97077,23.175999
5466,2021-08-16 18:00:00+00:00,26.726,79.70243,22.925999
5467,2021-08-16 19:00:00+00:00,26.476,79.91064,22.726
5468,2021-08-16 20:00:00+00:00,26.325998,80.37688,22.675999
5469,2021-08-16 21:00:00+00:00,26.376,80.14001,22.675999
5470,2021-08-16 22:00:00+00:00,25.976,82.80691,22.825998
5471,2021-08-16 23:00:00+00:00,26.026,83.06392,22.925999
5472,2021-08-17 00:00:00+00:00,26.126,82.57407,22.925999
5473,2021-08-17 01:00:00+00:00,26.075998,84.846054,23.325998
5474,2021-08-17 02:00:00+00:00,26.026,90.372894,24.325998
5475,2021-08-17 03:00:00+00:00,25.976,92.00749,24.575998
5476,2021-08-17 04:00:00+00:00,26.575998,89.872185,24.776
5477,2021-08-17 05:00:00+00:00,27.876,80.33754,24.175999
5478,2021-08-17 06:00:00+00:00,28.175999,77.0701,23.776
5479,2021-08-17 07:00:00+00:00,28.825998,72.665474,23.425999
5480,2021-08-17 08:00:00+00:00,30.476,63.145515,22.675999
5481,2021-08-17 09:00:00+00:00,32.176003,56.631218,22.476
5482,2021-08-17 10:00:00+00:00,32.726,53.580055,22.075998
5483,2021-08-17 11:00:00+00:00,32.326,52.50808,21.376
5484,2021-08-17 12:00:00+00:00,32.376,52.5206,21.425999
5485,2021-08-17 13:00:00+00:00,30.075998,65.39881,22.876
5486,2021-08-17 14:00:00+00:00,29.226,66.02254,22.226
5487,2021-08-17 15:00:00+00:00,28.776,67.558815,22.175999
5488,2021-08-17 16:00:00+00:00,27.825998,72.49231,22.425999
5489,2021-08-17 17:00:00+00:00,27.376,80.99992,23.825998
5490,2021-08-17 18:00:00+00:00,27.126,82.94053,23.976
5491,2021-08-17 19:00:00+00:00,26.976,84.939384,24.226
5492,2021-08-17 20:00:00+00:00,26.476,88.26634,24.376
5493,2021-08-17 21:00:00+00:00,26.226,89.31053,24.325998
5494,2021-08-17 22:00:00+00:00,26.276,85.37983,23.626
5495,2021-08-17 23:00:00+00:00,25.726,84.553185,22.925999
5496,2021-08-18 00:00:00+00:00,25.976,81.56065,22.575998
5497,2021-08-18 01:00:00+00:00,26.825998,76.401375,22.325998
5498,2021-08-18 02:00:00+00:00,28.876,66.15259,21.925999
5499,2021-08-18 03:00:00+00:00,30.526,57.98922,21.325998
5500,2021-08-18 04:00:00+00:00,32.026,52.91768,21.226
5501,2021-08-18 05:00:00+00:00,33.426003,48.755108,21.175999
5502,2021-08-18 06:00:00+00:00,34.676003,45.61054,21.226
5503,2021-08-18 07:00:00+00:00,35.976,42.708782,21.325998
5504,2021-08-18 08:00:00+00:00,36.626,40.709236,21.126
5505,2021-08-18 09:00:00+00:00,36.526,40.30895,20.876
5506,2021-08-18 10:00:00+00:00,34.276,46.0676,21.026
5507,2021-08-18 11:00:00+00:00,30.175999,70.32534,24.175999
5508,2021-08-18 12:00:00+00:00,30.626,63.177803,22.825998
5509,2021-08-18 13:00:00+00:00,30.476,68.30128,23.976
5510,2021-08-18 14:00:00+00:00,29.325998,74.96676,24.425999
5511,2021-08-18 15:00:00+00:00,28.675999,76.91365,24.226
5512,2021-08-18 16:00:00+00:00,28.325998,76.63034,23.825998
5513,2021-08-18 17:00:00+00:00,27.825998,77.48365,23.526
5514,2021-08-18 18:00:00+00:00,27.476,76.039116,22.876
5515,2021-08-18 19:00:00+00:00,26.976,77.358086,22.675999
5516,2021-08-18 20:00:00+00:00,26.726,78.742256,22.726
5517,2021-08-18 21:00:00+00:00,26.825998,78.04324,22.675999
5518,2021-08-18 22:00:00+00:00,26.776,78.036,22.626
5519,2021-08-18 23:00:00+00:00,26.925999,75.49269,22.226
5520,2021-08-19 00:00:00+00:00,27.575998,67.94388,21.126
5521,2021-08-19 01:00:00+00:00,27.825998,67.16425,21.175999
5522,2021-08-19 02:00:00+00:00,28.776,64.14001,21.325998
5523,2021-08-19 03:00:00+00:00,29.776,60.53995,21.325998
5524,2021-08-19 04:00:00+00:00,31.126,56.380104,21.425999
5525,2021-08-19 05:00:00+00:00,32.476,52.22494,21.425999
5526,2021-08-19 06:00:00+00:00,33.626,48.508713,21.276
5527,2021-08-19 07:00:00+00:00,34.326,45.798607,20.976
5528,2021-08-19 08:00:00+00:00,34.726,44.243713,20.776
5529,2021-08-19 09:00:00+00:00,34.626,44.21704,20.675999
5530,2021-08-19 10:00:00+00:00,34.576,44.34008,20.675999
5531,2021-08-19 11:00:00+00:00,34.676003,44.094402,20.675999
5532,2021-08-19 12:00:00+00:00,33.526,50.75945,21.925999
5533,2021-08-19 13:00:00+00:00,30.976,61.180637,22.626
5534,2021-08-19 14:00:00+00:00,29.075998,76.28584,24.476
5535,2021-08-19 15:00:00+00:00,28.876,75.79926,24.175999
5536,2021-08-19 16:00:00+00:00,28.226,83.81231,25.226
5537,2021-08-19 17:00:00+00:00,28.126,82.070076,24.776
5538,2021-08-19 18:00:00+00:00,28.126,79.174934,24.175999
5539,2021-08-19 19:00:00+00:00,27.226,81.715195,23.825998
5540,2021-08-19 20:00:00+00:00,26.175999,87.97715,24.026
5541,2021-08-19 21:00:00+00:00,25.626,90.88999,24.026
5542,2021-08-19 22:00:00+00:00,25.376,92.24978,24.026
5543,2021-08-19 23:00:00+00:00,25.376,92.24978,24.026
5544,2021-08-20 00:00:00+00:00,25.425999,93.086624,24.226
5545,2021-08-20 01:00:00+00:00,25.726,92.26921,24.376
5546,2021-08-20 02:00:00+00:00,26.876,85.95377,24.325998
5547,2021-08-20 03:00:00+00:00,29.075998,71.19024,23.325998
5548,2021-08-20 04:00:00+00:00,31.075998,58.295864,21.925999
5549,2021-08-20 05:00:00+00:00,32.476,53.518154,21.825998
5550,2021-08-20 06:00:00+00:00,33.776,50.207268,21.976
5551,2021-08-20 07:00:00+00:00,34.376,47.9656,21.776
5552,2021-08-20 08:00:00+00:00,34.776,46.625217,21.675999
5553,2021-08-20 09:00:00+00:00,35.726,44.238533,21.675999
5554,2021-08-20 10:00:00+00:00,35.326,44.8132,21.526
5555,2021-08-20 11:00:00+00:00,33.326,52.4381,22.276
5556,2021-08-20 12:00:00+00:00,30.575998,67.504524,23.876
5557,2021-08-20 13:00:00+00:00,28.376,77.79749,24.126
5558,2021-08-20 14:00:00+00:00,27.825998,79.61073,23.976
5559,2021-08-20 15:00:00+00:00,27.425999,83.47385,24.376
5560,2021-08-20 16:00:00+00:00,27.376,84.72685,24.575998
5561,2021-08-20 17:00:00+00:00,27.476,85.24507,24.776
5562,2021-08-20 18:00:00+00:00,27.126,88.05662,24.976
5563,2021-08-20 19:00:00+00:00,27.075998,88.843445,25.075998
5564,2021-08-20 20:00:00+00:00,26.876,89.62608,25.026
5565,2021-08-20 21:00:00+00:00,26.776,89.618774,24.925999
5566,2021-08-20 22:00:00+00:00,26.626,88.01488,24.476
5567,2021-08-20 23:00:00+00:00,26.376,87.73043,24.175999
5568,2021-08-21 00:00:00+00:00,26.825998,83.909546,23.876
5569,2021-08-21 01:00:00+00:00,27.325998,82.219986,24.026
5570,2021-08-21 02:00:00+00:00,28.476,76.423096,23.925999
5571,2021-08-21 03:00:00+00:00,28.075998,76.36192,23.526
5572,2021-08-21 04:00:00+00:00,27.726,78.40859,23.626
5573,2021-08-21 05:00:00+00:00,28.825998,71.360725,23.126
5574,2021-08-21 06:00:00+00:00,30.476,64.69431,23.075998
5575,2021-08-21 07:00:00+00:00,32.026,58.516922,22.876
5576,2021-08-21 08:00:00+00:00,33.126,55.499207,23.026
5577,2021-08-21 09:00:00+00:00,32.426003,57.90532,23.075998
5578,2021-08-21 10:00:00+00:00,31.476,65.8829,24.325998
5579,2021-08-21 11:00:00+00:00,30.325998,67.65883,23.675999
5580,2021-08-21 12:00:00+00:00,29.476,69.98527,23.425999
5581,2021-08-21 13:00:00+00:00,28.276,79.91018,24.476
5582,2021-08-21 14:00:00+00:00,27.325998,87.029854,24.976
5583,2021-08-21 15:00:00+00:00,26.876,88.82782,24.876
5584,2021-08-21 16:00:00+00:00,26.925999,87.25436,24.626
5585,2021-08-21 17:00:00+00:00,26.976,86.99835,24.626
5586,2021-08-21 18:00:00+00:00,26.476,89.06254,24.526
5587,2021-08-21 19:00:00+00:00,26.175999,90.11299,24.425999
5588,2021-08-21 20:00:00+00:00,25.876,91.45256,24.376
5589,2021-08-21 21:00:00+00:00,25.425999,94.20892,24.425999
5590,2021-08-21 22:00:00+00:00,24.925999,97.05588,24.425999
5591,2021-08-21 23:00:00+00:00,24.876,97.34585,24.425999
5592,2021-08-22 00:00:00+00:00,25.075998,96.19176,24.425999
5593,2021-08-22 01:00:00+00:00,25.376,95.62687,24.626
5594,2021-08-22 02:00:00+00:00,27.726,83.258194,24.626
5595,2021-08-22 03:00:00+00:00,29.825998,71.11078,24.026
5596,2021-08-22 04:00:00+00:00,31.376,62.39075,23.325998
5597,2021-08-22 05:00:00+00:00,32.326,57.35847,22.825998
5598,2021-08-22 06:00:00+00:00,32.676003,59.19992,23.675999
5599,2021-08-22 07:00:00+00:00,31.376,66.856514,24.476
5600,2021-08-22 08:00:00+00:00,31.175999,66.41726,24.175999
5601,2021-08-22 09:00:00+00:00,32.226,59.814632,23.425999
5602,2021-08-22 10:00:00+00:00,31.626,60.955723,23.175999
5603,2021-08-22 11:00:00+00:00,30.776,62.25981,22.726
5604,2021-08-22 12:00:00+00:00,29.675999,67.7358,23.075998
5605,2021-08-22 13:00:00+00:00,28.575998,72.40315,23.126
5606,2021-08-22 14:00:00+00:00,28.026,77.51304,23.726
5607,2021-08-22 15:00:00+00:00,27.675999,82.508545,24.425999
5608,2021-08-22 16:00:00+00:00,27.376,86.25915,24.876
5609,2021-08-22 17:00:00+00:00,27.226,85.98762,24.675999
5610,2021-08-22 18:00:00+00:00,26.925999,86.47489,24.476
5611,2021-08-22 19:00:00+00:00,26.575998,87.22331,24.276
5612,2021-08-22 20:00:00+00:00,26.276,88.24991,24.175999
5613,2021-08-22 21:00:00+00:00,25.925999,90.3661,24.226
5614,2021-08-22 22:00:00+00:00,25.675999,91.99035,24.276
5615,2021-08-22 23:00:00+00:00,25.325998,94.48736,24.376
5616,2021-08-23 00:00:00+00:00,25.126,92.23586,23.776
5617,2021-08-23 01:00:00+00:00,25.876,88.48268,23.825998
5618,2021-08-23 02:00:00+00:00,27.476,80.043915,23.726
5619,2021-08-23 03:00:00+00:00,29.226,71.863945,23.626
5620,2021-08-23 04:00:00+00:00,30.825998,64.76733,23.425999
5621,2021-08-23 05:00:00+00:00,32.426003,57.55599,22.976
5622,2021-08-23 06:00:00+00:00,33.626,55.787457,23.575998
5623,2021-08-23 07:00:00+00:00,33.676003,58.37081,24.376
5624,2021-08-23 08:00:00+00:00,30.726,69.38085,24.476
5625,2021-08-23 09:00:00+00:00,32.026,63.287308,24.175999
5626,2021-08-23 10:00:00+00:00,31.175999,66.01986,24.075998
5627,2021-08-23 11:00:00+00:00,31.075998,65.2107,23.776
5628,2021-08-23 12:00:00+00:00,30.175999,71.17356,24.376
5629,2021-08-23 13:00:00+00:00,28.925999,78.34375,24.776
5630,2021-08-23 14:00:00+00:00,28.476,81.138985,24.925999
5631,2021-08-23 15:00:00+00:00,28.226,81.837494,24.825998
5632,2021-08-23 16:00:00+00:00,27.876,84.02412,24.925999
5633,2021-08-23 17:00:00+00:00,27.675999,84.758156,24.876
5634,2021-08-23 18:00:00+00:00,27.626,84.50028,24.776
5635,2021-08-23 19:00:00+00:00,27.276,85.48004,24.626
5636,2021-08-23 20:00:00+00:00,26.825998,86.72483,24.425999
5637,2021-08-23 21:00:00+00:00,25.776,93.10398,24.575998
5638,2021-08-23 22:00:00+00:00,25.526,93.93162,24.476
5639,2021-08-23 23:00:00+00:00,25.276,93.920654,24.226
5640,2021-08-24 00:00:00+00:00,25.626,91.71203,24.175999
5641,2021-08-24 01:00:00+00:00,26.075998,91.19157,24.526
5642,2021-08-24 02:00:00+00:00,27.526,84.995995,24.776
5643,2021-08-24 03:00:00+00:00,29.675999,68.35284,23.226
5644,2021-08-24 04:00:00+00:00,31.425999,59.451775,22.575998
5645,2021-08-24 05:00:00+00:00,32.926003,53.46653,22.226
5646,2021-08-24 06:00:00+00:00,33.876,49.927494,21.976
5647,2021-08-24 07:00:00+00:00,34.376,48.112278,21.825998
5648,2021-08-24 08:00:00+00:00,34.226,48.6642,21.876
5649,2021-08-24 09:00:00+00:00,33.376,56.064774,23.425999
5650,2021-08-24 10:00:00+00:00,31.925999,64.60759,24.425999
5651,2021-08-24 11:00:00+00:00,31.825998,63.81677,24.126
5652,2021-08-24 12:00:00+00:00,31.226,65.8321,24.075998
5653,2021-08-24 13:00:00+00:00,29.626,75.91574,24.925999
5654,2021-08-24 14:00:00+00:00,28.776,80.93537,25.175999
5655,2021-08-24 15:00:00+00:00,28.476,84.58977,25.626
5656,2021-08-24 16:00:00+00:00,28.226,87.368645,25.925999
5657,2021-08-24 17:00:00+00:00,28.175999,87.88313,25.976
5658,2021-08-24 18:00:00+00:00,28.026,88.131195,25.876
5659,2021-08-24 19:00:00+00:00,27.726,87.584694,25.476
5660,2021-08-24 20:00:00+00:00,26.825998,92.32978,25.476
5661,2021-08-24 21:00:00+00:00,26.325998,93.96659,25.276
5662,2021-08-24 22:00:00+00:00,25.925999,94.511284,24.976
5663,2021-08-24 23:00:00+00:00,26.026,91.73566,24.575998
5664,2021-08-25 00:00:00+00:00,25.425999,91.425064,23.925999
5665,2021-08-25 01:00:00+00:00,25.876,88.48268,23.825998
5666,2021-08-25 02:00:00+00:00,26.726,84.91354,23.976
5667,2021-08-25 03:00:00+00:00,28.075998,77.05517,23.675999
5668,2021-08-25 04:00:00+00:00,30.425999,66.266174,23.425999
5669,2021-08-25 05:00:00+00:00,32.276,59.286938,23.325998
5670,2021-08-25 06:00:00+00:00,33.726,54.645966,23.325998
5671,2021-08-25 07:00:00+00:00,34.576,51.490837,23.126
5672,2021-08-25 08:00:00+00:00,35.026,49.918133,23.026
5673,2021-08-25 09:00:00+00:00,35.376,48.22497,22.776
5674,2021-08-25 10:00:00+00:00,35.576,47.120068,22.575998
5675,2021-08-25 11:00:00+00:00,35.176003,47.158985,22.226
5676,2021-08-25 12:00:00+00:00,34.176003,59.89692,25.276
5677,2021-08-25 13:00:00+00:00,31.675999,63.593662,23.925999
5678,2021-08-25 14:00:00+00:00,30.526,68.928734,24.175999
5679,2021-08-25 15:00:00+00:00,29.376,79.818436,25.526
5680,2021-08-25 16:00:00+00:00,28.825998,83.62975,25.776
5681,2021-08-25 17:00:00+00:00,28.075998,84.296455,25.175999
5682,2021-08-25 18:00:00+00:00,26.526,89.600494,24.675999
5683,2021-08-25 19:00:00+00:00,26.026,93.3947,24.876
5684,2021-08-25 20:00:00+00:00,25.626,93.09654,24.425999
5685,2021-08-25 21:00:00+00:00,25.276,93.07912,24.075998
5686,2021-08-25 22:00:00+00:00,25.276,93.35889,24.126
5687,2021-08-25 23:00:00+00:00,25.075998,94.76121,24.175999
5688,2021-08-26 00:00:00+00:00,26.726,82.64478,23.526
5689,2021-08-26 01:00:00+00:00,27.325998,80.507515,23.675999
5690,2021-08-26 02:00:00+00:00,28.325998,73.90816,23.226
5691,2021-08-26 03:00:00+00:00,29.276,68.48262,22.876
5692,2021-08-26 04:00:00+00:00,30.476,63.52964,22.776
5693,2021-08-26 05:00:00+00:00,31.226,61.05106,22.825998
5694,2021-08-26 06:00:00+00:00,31.976,58.86081,22.925999
5695,2021-08-26 07:00:00+00:00,32.826,55.93304,22.876
5696,2021-08-26 08:00:00+00:00,33.576,52.820293,22.626
5697,2021-08-26 09:00:00+00:00,34.076,50.131077,22.226
5698,2021-08-26 10:00:00+00:00,34.176003,49.098648,21.976
5699,2021-08-26 11:00:00+00:00,33.826,49.30885,21.726
5700,2021-08-26 12:00:00+00:00,32.676003,70.98732,26.726
5701,2021-08-26 13:00:00+00:00,30.726,68.14474,24.175999
5702,2021-08-26 14:00:00+00:00,29.425999,79.35243,25.476
5703,2021-08-26 15:00:00+00:00,29.425999,80.30023,25.675999
5704,2021-08-26 16:00:00+00:00,29.126,81.94654,25.726
5705,2021-08-26 17:00:00+00:00,28.876,82.16001,25.526
5706,2021-08-26 18:00:00+00:00,28.575998,81.39373,25.075998
5707,2021-08-26 19:00:00+00:00,28.526,77.35397,24.175999
5708,2021-08-26 20:00:00+00:00,27.776,81.050674,24.226
5709,2021-08-26 21:00:00+00:00,27.126,85.97796,24.575998
5710,2021-08-26 22:00:00+00:00,26.925999,87.25436,24.626
5711,2021-08-26 23:00:00+00:00,26.976,85.450066,24.325998
5712,2021-08-27 00:00:00+00:00,25.976,92.83622,24.726
5713,2021-08-27 01:00:00+00:00,26.325998,92.02747,24.925999
5714,2021-08-27 02:00:00+00:00,27.575998,85.255196,24.876
5715,2021-08-27 03:00:00+00:00,29.575998,70.85231,23.726
5716,2021-08-27 04:00:00+00:00,30.626,65.11772,23.325998
5717,2021-08-27 05:00:00+00:00,31.976,59.218197,23.026
5718,2021-08-27 06:00:00+00:00,33.376,55.058098,23.126
5719,2021-08-27 07:00:00+00:00,34.426003,51.45308,22.976
5720,2021-08-27 08:00:00+00:00,33.426003,59.01656,24.325998
5721,2021-08-27 09:00:00+00:00,34.676003,53.413414,23.825998
5722,2021-08-27 10:00:00+00:00,34.576,53.068287,23.626
5723,2021-08-27 11:00:00+00:00,31.226,68.65011,24.776
5724,2021-08-27 12:00:00+00:00,31.026,66.18802,23.976
5725,2021-08-27 13:00:00+00:00,29.925999,72.85424,24.526
5726,2021-08-27 14:00:00+00:00,29.226,84.1697,26.276
5727,2021-08-27 15:00:00+00:00,28.925999,83.640816,25.876
5728,2021-08-27 16:00:00+00:00,28.126,86.58643,25.675999
5729,2021-08-27 17:00:00+00:00,27.976,89.705925,26.126
5730,2021-08-27 18:00:00+00:00,27.425999,88.606995,25.376
5731,2021-08-27 19:00:00+00:00,26.175999,92.846504,24.925999
5732,2021-08-27 20:00:00+00:00,25.925999,94.22984,24.925999
5733,2021-08-27 21:00:00+00:00,25.325998,96.19871,24.675999
5734,2021-08-27 22:00:00+00:00,25.376,94.48934,24.425999
5735,2021-08-27 23:00:00+00:00,25.425999,93.92726,24.376
5736,2021-08-28 00:00:00+00:00,25.075998,93.349304,23.925999
5737,2021-08-28 01:00:00+00:00,25.175999,93.916245,24.126
5738,2021-08-28 02:00:00+00:00,26.226,89.31053,24.325998
5739,2021-08-28 03:00:00+00:00,27.325998,82.96361,24.175999
5740,2021-08-28 04:00:00+00:00,29.075998,73.58882,23.876
5741,2021-08-28 05:00:00+00:00,30.575998,68.5259,24.126
5742,2021-08-28 06:00:00+00:00,31.226,66.4273,24.226
5743,2021-08-28 07:00:00+00:00,31.976,63.466743,24.175999
5744,2021-08-28 08:00:00+00:00,32.226,62.200844,24.075998
5745,2021-08-28 09:00:00+00:00,29.276,75.40893,24.476
5746,2021-08-28 10:00:00+00:00,28.776,79.26395,24.825998
5747,2021-08-28 11:00:00+00:00,28.175999,86.07889,25.626
5748,2021-08-28 12:00:00+00:00,29.876,66.75833,23.026
5749,2021-08-28 13:00:00+00:00,28.575998,73.06244,23.276
5750,2021-08-28 14:00:00+00:00,27.776,78.88912,23.776
5751,2021-08-28 15:00:00+00:00,27.425999,80.27859,23.726
5752,2021-08-28 16:00:00+00:00,26.976,82.42573,23.726
5753,2021-08-28 17:00:00+00:00,26.476,85.14344,23.776
5754,2021-08-28 18:00:00+00:00,26.226,87.192154,23.925999
5755,2021-08-28 19:00:00+00:00,26.175999,88.24168,24.075998
5756,2021-08-28 20:00:00+00:00,25.476,93.92942,24.425999
5757,2021-08-28 21:00:00+00:00,24.925999,96.18757,24.276
5758,2021-08-28 22:00:00+00:00,24.726,95.89363,24.026
5759,2021-08-28 23:00:00+00:00,24.776,96.183365,24.126
5760,2021-08-29 00:00:00+00:00,25.026,94.759285,24.126
5761,2021-08-29 01:00:00+00:00,25.226,94.20052,24.226
5762,2021-08-29 02:00:00+00:00,25.675999,93.09903,24.476
5763,2021-08-29 03:00:00+00:00,26.526,88.535065,24.476
5764,2021-08-29 04:00:00+00:00,27.626,78.86823,23.626
5765,2021-08-29 05:00:00+00:00,29.276,71.226135,23.526
5766,2021-08-29 06:00:00+00:00,30.175999,67.02031,23.376
5767,2021-08-29 07:00:00+00:00,30.325998,64.66298,22.925999
5768,2021-08-29 08:00:00+00:00,30.925999,62.860916,23.026
5769,2021-08-29 09:00:00+00:00,30.075998,67.40616,23.376
5770,2021-08-29 10:00:00+00:00,30.276,64.26189,22.776
5771,2021-08-29 11:00:00+00:00,30.575998,61.83914,22.425999
5772,2021-08-29 12:00:00+00:00,29.825998,68.175674,23.325998
5773,2021-08-29 13:00:00+00:00,28.425999,74.14822,23.376
5774,2021-08-29 14:00:00+00:00,28.026,76.81593,23.575998
5775,2021-08-29 15:00:00+00:00,27.876,76.56197,23.376
5776,2021-08-29 16:00:00+00:00,27.575998,75.82476,22.925999
5777,2021-08-29 17:00:00+00:00,27.226,78.33745,23.126
5778,2021-08-29 18:00:00+00:00,27.026,79.98409,23.276
5779,2021-08-29 19:00:00+00:00,27.175999,78.80537,23.175999
5780,2021-08-29 20:00:00+00:00,26.776,80.43582,23.126
5781,2021-08-29 21:00:00+00:00,26.526,80.15989,22.825998
5782,2021-08-29 22:00:00+00:00,25.925999,83.81037,22.976
5783,2021-08-29 23:00:00+00:00,25.626,86.09188,23.126
5784,2021-08-30 00:00:00+00:00,25.726,86.88495,23.376
5785,2021-08-30 01:00:00+00:00,26.126,84.086174,23.226
5786,2021-08-30 02:00:00+00:00,26.976,80.21937,23.276
5787,2021-08-30 03:00:00+00:00,27.626,75.603355,22.925999
5788,2021-08-30 04:00:00+00:00,28.476,71.08213,22.726
5789,2021-08-30 05:00:00+00:00,30.425999,62.56228,22.476
5790,2021-08-30 06:00:00+00:00,31.226,59.768116,22.476
5791,2021-08-30 07:00:00+00:00,32.026,56.767822,22.376
5792,2021-08-30 08:00:00+00:00,32.476,55.0065,22.276
5793,2021-08-30 09:00:00+00:00,32.826,53.76823,22.226
5794,2021-08-30 10:00:00+00:00,33.076,51.58254,21.776
5795,2021-08-30 11:00:00+00:00,32.676003,51.48136,21.376
5796,2021-08-30 12:00:00+00:00,30.626,60.731697,22.175999
5797,2021-08-30 13:00:00+00:00,29.575998,61.99612,21.526
5798,2021-08-30 14:00:00+00:00,28.126,69.52137,22.026
5799,2021-08-30 15:00:00+00:00,27.575998,73.113235,22.325998
5800,2021-08-30 16:00:00+00:00,27.626,73.79139,22.526
5801,2021-08-30 17:00:00+00:00,27.226,80.98085,23.675999
5802,2021-08-30 18:00:00+00:00,26.575998,82.8768,23.425999
5803,2021-08-30 19:00:00+00:00,25.776,92.271965,24.425999
5804,2021-08-30 20:00:00+00:00,25.526,92.81301,24.276
5805,2021-08-30 21:00:00+00:00,25.126,95.33286,24.325998
5806,2021-08-30 22:00:00+00:00,24.976,97.34782,24.526
5807,2021-08-30 23:00:00+00:00,25.075998,94.76121,24.175999
5808,2021-08-31 00:00:00+00:00,25.526,94.77829,24.626
5809,2021-08-31 01:00:00+00:00,25.825998,93.38517,24.675999
5810,2021-08-31 02:00:00+00:00,27.075998,84.69551,24.276
5811,2021-08-31 03:00:00+00:00,28.675999,73.74368,23.526
5812,2021-08-31 04:00:00+00:00,30.126,63.84145,22.526
5813,2021-08-31 05:00:00+00:00,31.376,58.1884,22.175999
5814,2021-08-31 06:00:00+00:00,32.126,55.089035,21.976
5815,2021-08-31 07:00:00+00:00,32.876,52.325382,21.825998
5816,2021-08-31 08:00:00+00:00,33.176003,51.29362,21.776
5817,2021-08-31 09:00:00+00:00,32.976,51.71505,21.726
5818,2021-08-31 10:00:00+00:00,32.026,59.409042,23.126
5819,2021-08-31 11:00:00+00:00,30.476,70.38023,24.476
5820,2021-08-31 12:00:00+00:00,29.526,72.56767,24.075998
5821,2021-08-31 13:00:00+00:00,28.925999,75.807076,24.226
5822,2021-08-31 14:00:00+00:00,28.325998,79.4399,24.425999
5823,2021-08-31 15:00:00+00:00,27.925999,82.291664,24.626
5824,2021-08-31 16:00:00+00:00,27.675999,84.758156,24.876
5825,2021-08-31 17:00:00+00:00,27.425999,86.52153,24.976
5826,2021-08-31 18:00:00+00:00,27.026,90.44075,25.325998
5827,2021-08-31 19:00:00+00:00,26.925999,89.89714,25.126
5828,2021-08-31 20:00:00+00:00,26.675999,91.22904,25.126
5829,2021-08-31 21:00:00+00:00,26.575998,90.95128,24.976
5830,2021-08-31 22:00:00+00:00,26.325998,90.9352,24.726
5831,2021-08-31 23:00:00+00:00,25.976,93.11391,24.776
5832,2021-09-01 00:00:00+00:00,26.175999,90.38314,24.476
5833,2021-09-01 01:00:00+00:00,26.675999,89.077896,24.726
5834,2021-09-01 02:00:00+00:00,27.776,84.51613,24.925999
5835,2021-09-01 03:00:00+00:00,29.075998,77.203865,24.675999
5836,2021-09-01 04:00:00+00:00,30.476,69.12632,24.175999
5837,2021-09-01 05:00:00+00:00,31.726,65.14901,24.376
5838,2021-09-01 06:00:00+00:00,32.526,62.8278,24.526
5839,2021-09-01 07:00:00+00:00,32.326,58.586426,23.175999
5840,2021-09-01 08:00:00+00:00,28.526,78.521736,24.425999
5841,2021-09-01 09:00:00+00:00,30.226,71.82434,24.575998
5842,2021-09-01 10:00:00+00:00,29.226,77.456856,24.876
5843,2021-09-01 11:00:00+00:00,29.476,75.666176,24.726
5844,2021-09-01 12:00:00+00:00,29.226,75.1756,24.376
5845,2021-09-01 13:00:00+00:00,28.276,81.84358,24.876
5846,2021-09-01 14:00:00+00:00,27.675999,85.51985,25.026
5847,2021-09-01 15:00:00+00:00,27.075998,89.907814,25.276
5848,2021-09-01 16:00:00+00:00,27.026,90.71007,25.376
5849,2021-09-01 17:00:00+00:00,26.626,93.70102,25.526
5850,2021-09-01 18:00:00+00:00,26.575998,93.14352,25.376
5851,2021-09-01 19:00:00+00:00,26.276,95.65546,25.526
5852,2021-09-01 20:00:00+00:00,26.175999,96.795204,25.626
5853,2021-09-01 21:00:00+00:00,25.526,91.15698,23.976
5854,2021-09-01 22:00:00+00:00,24.925999,96.476234,24.325998
5855,2021-09-01 23:00:00+00:00,24.876,96.18618,24.226
5856,2021-09-02 00:00:00+00:00,25.726,92.26921,24.376
5857,2021-09-02 01:00:00+00:00,26.276,92.29957,24.925999
5858,2021-09-02 02:00:00+00:00,27.075998,86.4889,24.626
5859,2021-09-02 03:00:00+00:00,28.526,75.06395,23.675999
5860,2021-09-02 04:00:00+00:00,30.175999,67.83355,23.575998
5861,2021-09-02 05:00:00+00:00,31.325998,64.09559,23.726
5862,2021-09-02 06:00:00+00:00,32.376,60.75628,23.825998
5863,2021-09-02 07:00:00+00:00,32.976,58.560078,23.776
5864,2021-09-02 08:00:00+00:00,30.226,70.545654,24.276
5865,2021-09-02 09:00:00+00:00,30.825998,70.02468,24.726
5866,2021-09-02 10:00:00+00:00,31.075998,68.416626,24.575998
5867,2021-09-02 11:00:00+00:00,30.226,72.68805,24.776
5868,2021-09-02 12:00:00+00:00,29.675999,74.131256,24.575998
5869,2021-09-02 13:00:00+00:00,28.276,84.317795,25.376
5870,2021-09-02 14:00:00+00:00,27.626,88.360176,25.526
5871,2021-09-02 15:00:00+00:00,27.226,90.186,25.476
5872,2021-09-02 16:00:00+00:00,27.276,89.922,25.476
5873,2021-09-02 17:00:00+00:00,27.175999,91.53125,25.675999
5874,2021-09-02 18:00:00+00:00,26.526,92.86443,25.276
5875,2021-09-02 19:00:00+00:00,25.376,97.35561,24.925999
5876,2021-09-02 20:00:00+00:00,25.175999,97.06129,24.675999
5877,2021-09-02 21:00:00+00:00,24.925999,95.89966,24.226
5878,2021-09-02 22:00:00+00:00,24.976,95.04219,24.126
5879,2021-09-02 23:00:00+00:00,24.776,94.74975,23.876
5880,2021-09-03 00:00:00+00:00,25.376,91.97313,23.976
5881,2021-09-03 01:00:00+00:00,25.575998,90.34214,23.876
5882,2021-09-03 02:00:00+00:00,26.575998,84.898,23.825998
5883,2021-09-03 03:00:00+00:00,28.026,77.04769,23.626
5884,2021-09-03 04:00:00+00:00,29.776,68.99375,23.476
5885,2021-09-03 05:00:00+00:00,31.075998,63.465794,23.325998
5886,2021-09-03 06:00:00+00:00,31.776,62.666008,23.776
5887,2021-09-03 07:00:00+00:00,32.526,61.894123,24.276
5888,2021-09-03 08:00:00+00:00,32.426003,61.317657,24.026
5889,2021-09-03 09:00:00+00:00,31.476,67.47873,24.726
5890,2021-09-03 10:00:00+00:00,31.376,67.661064,24.675999
5891,2021-09-03 11:00:00+00:00,29.026,80.24804,25.276
5892,2021-09-03 12:00:00+00:00,29.876,71.97818,24.276
5893,2021-09-03 13:00:00+00:00,28.675999,79.48735,24.776
5894,2021-09-03 14:00:00+00:00,27.776,85.52977,25.126
5895,2021-09-03 15:00:00+00:00,27.175999,89.64795,25.325998
5896,2021-09-03 16:00:00+00:00,27.175999,85.72609,24.575998
5897,2021-09-03 17:00:00+00:00,26.675999,84.14589,23.776
5898,2021-09-03 18:00:00+00:00,25.825998,90.08846,24.075998
5899,2021-09-03 19:00:00+00:00,25.476,94.21101,24.476
5900,2021-09-03 20:00:00+00:00,25.376,95.62687,24.626
5901,2021-09-03 21:00:00+00:00,25.226,95.05122,24.376
5902,2021-09-03 22:00:00+00:00,25.075998,94.76121,24.175999
5903,2021-09-03 23:00:00+00:00,25.075998,94.47734,24.126
5904,2021-09-04 00:00:00+00:00,25.425999,91.15069,23.876
5905,2021-09-04 01:00:00+00:00,25.726,89.27282,23.825998
5906,2021-09-04 02:00:00+00:00,26.425999,85.91011,23.876
5907,2021-09-04 03:00:00+00:00,27.226,81.715195,23.825998
5908,2021-09-04 04:00:00+00:00,28.675999,72.63961,23.276
5909,2021-09-04 05:00:00+00:00,29.876,66.55662,22.976
5910,2021-09-04 06:00:00+00:00,30.876,62.470642,22.876
5911,2021-09-04 07:00:00+00:00,31.026,61.0064,22.626
5912,2021-09-04 08:00:00+00:00,31.425999,59.6325,22.626
5913,2021-09-04 09:00:00+00:00,30.376,66.25607,23.376
5914,2021-09-04 10:00:00+00:00,31.526,60.749363,23.026
5915,2021-09-04 11:00:00+00:00,30.925999,63.2423,23.126
5916,2021-09-04 12:00:00+00:00,29.276,72.74291,23.876
5917,2021-09-04 13:00:00+00:00,28.175999,75.00786,23.325998
5918,2021-09-04 14:00:00+00:00,27.675999,78.8752,23.675999
5919,2021-09-04 15:00:00+00:00,27.026,84.18372,24.126
5920,2021-09-04 16:00:00+00:00,26.575998,87.74756,24.376
5921,2021-09-04 17:00:00+00:00,26.325998,90.12345,24.575998
5922,2021-09-04 18:00:00+00:00,26.325998,90.9352,24.726
5923,2021-09-04 19:00:00+00:00,25.876,92.83107,24.626
5924,2021-09-04 20:00:00+00:00,25.575998,93.373245,24.425999
5925,2021-09-04 21:00:00+00:00,25.575998,93.653175,24.476
5926,2021-09-04 22:00:00+00:00,25.476,90.88026,23.876
5927,2021-09-04 23:00:00+00:00,25.425999,88.98144,23.476
5928,2021-09-05 00:00:00+00:00,25.476,86.59983,23.075998
5929,2021-09-05 01:00:00+00:00,26.026,84.32978,23.175999
5930,2021-09-05 02:00:00+00:00,27.476,78.373055,23.376
5931,2021-09-05 03:00:00+00:00,29.175999,69.29788,22.976
5932,2021-09-05 04:00:00+00:00,30.526,63.54032,22.825998
5933,2021-09-05 05:00:00+00:00,31.776,58.814632,22.726
5934,2021-09-05 06:00:00+00:00,33.176003,54.677364,22.825998
5935,2021-09-05 07:00:00+00:00,33.676003,53.48954,22.925999
5936,2021-09-05 08:00:00+00:00,33.726,53.01801,22.825998
5937,2021-09-05 09:00:00+00:00,33.426003,54.408012,22.976
5938,2021-09-05 10:00:00+00:00,29.925999,73.07247,24.575998
5939,2021-09-05 11:00:00+00:00,29.925999,70.702995,24.026
5940,2021-09-05 12:00:00+00:00,31.575998,58.058285,22.325998
5941,2021-09-05 13:00:00+00:00,30.226,62.3287,22.226
5942,2021-09-05 14:00:00+00:00,29.075998,71.19024,23.325998
5943,2021-09-05 15:00:00+00:00,28.325998,79.678055,24.476
5944,2021-09-05 16:00:00+00:00,27.825998,81.30026,24.325998
5945,2021-09-05 17:00:00+00:00,27.476,82.48494,24.226
5946,2021-09-05 18:00:00+00:00,27.376,80.99992,23.825998
5947,2021-09-05 19:00:00+00:00,26.575998,83.88209,23.626
5948,2021-09-05 20:00:00+00:00,26.175999,83.58507,23.175999
5949,2021-09-05 21:00:00+00:00,25.976,83.05816,22.876
5950,2021-09-05 22:00:00+00:00,25.876,81.79629,22.526
5951,2021-09-05 23:00:00+00:00,25.675999,82.2704,22.425999
5952,2021-09-06 00:00:00+00:00,26.175999,79.14509,22.276
5953,2021-09-06 01:00:00+00:00,26.425999,78.22293,22.325998
5954,2021-09-06 02:00:00+00:00,26.776,78.273125,22.675999
5955,2021-09-06 03:00:00+00:00,27.175999,77.85777,22.976
5956,2021-09-06 04:00:00+00:00,27.976,75.887215,23.325998
5957,2021-09-06 05:00:00+00:00,29.425999,69.13583,23.175999
5958,2021-09-06 06:00:00+00:00,29.825998,66.34535,22.876
5959,2021-09-06 07:00:00+00:00,29.675999,66.51638,22.776
5960,2021-09-06 08:00:00+00:00,29.825998,65.545784,22.675999
5961,2021-09-06 09:00:00+00:00,30.175999,64.2408,22.675999
5962,2021-09-06 10:00:00+00:00,31.075998,59.37151,22.226
5963,2021-09-06 11:00:00+00:00,30.726,60.385452,22.175999
5964,2021-09-06 12:00:00+00:00,30.226,63.862713,22.626
5965,2021-09-06 13:00:00+00:00,29.276,66.032745,22.276
5966,2021-09-06 14:00:00+00:00,28.976,66.17295,22.026
5967,2021-09-06 15:00:00+00:00,28.626,68.14923,22.175999
5968,2021-09-06 16:00:00+00:00,28.276,70.40125,22.376
5969,2021-09-06 17:00:00+00:00,27.726,72.91692,22.425999
5970,2021-09-06 18:00:00+00:00,27.026,76.20027,22.476
5971,2021-09-06 19:00:00+00:00,26.476,79.427284,22.626
5972,2021-09-06 20:00:00+00:00,26.075998,81.32598,22.626
5973,2021-09-06 21:00:00+00:00,25.726,82.02678,22.425999
5974,2021-09-06 22:00:00+00:00,25.476,82.49702,22.276
5975,2021-09-06 23:00:00+00:00,25.376,82.2343,22.126
5976,2021-09-07 00:00:00+00:00,24.776,87.85861,22.626
5977,2021-09-07 01:00:00+00:00,25.276,84.7624,22.526
5978,2021-09-07 02:00:00+00:00,26.476,79.66863,22.675999
5979,2021-09-07 03:00:00+00:00,28.276,69.54963,22.175999
5980,2021-09-07 04:00:00+00:00,29.575998,61.99612,21.526
5981,2021-09-07 05:00:00+00:00,30.925999,56.159565,21.175999
5982,2021-09-07 06:00:00+00:00,32.126,52.136856,21.075998
5983,2021-09-07 07:00:00+00:00,33.276,47.973064,20.776
5984,2021-09-07 08:00:00+00:00,33.776,46.50502,20.726
5985,2021-09-07 09:00:00+00:00,33.926003,45.271946,20.425999
5986,2021-09-07 10:00:00+00:00,33.376,46.831036,20.476
5987,2021-09-07 11:00:00+00:00,32.826,51.519333,21.526
5988,2021-09-07 12:00:00+00:00,32.726,50.400528,21.075998
5989,2021-09-07 13:00:00+00:00,31.476,51.972736,20.425999
5990,2021-09-07 14:00:00+00:00,31.226,52.392815,20.325998
5991,2021-09-07 15:00:00+00:00,29.925999,58.384346,20.876
5992,2021-09-07 16:00:00+00:00,28.526,66.0812,21.575998
5993,2021-09-07 17:00:00+00:00,27.825998,71.615715,22.226
5994,2021-09-07 18:00:00+00:00,27.726,70.94619,21.976
5995,2021-09-07 19:00:00+00:00,27.876,69.89968,21.876
5996,2021-09-07 20:00:00+00:00,27.325998,71.52632,21.726
5997,2021-09-07 21:00:00+00:00,26.776,73.87404,21.726
5998,2021-09-07 22:00:00+00:00,26.175999,76.76885,21.776
5999,2021-09-07 23:00:00+00:00,26.226,75.61226,21.575998
6000,2021-09-08 00:00:00+00:00,25.675999,79.55996,21.876
6001,2021-09-08 01:00:00+00:00,26.425999,75.875244,21.825998
6002,2021-09-08 02:00:00+00:00,28.175999,68.061455,21.726
6003,2021-09-08 03:00:00+00:00,30.126,59.3342,21.325998
6004,2021-09-08 04:00:00+00:00,31.675999,53.48346,21.075998
6005,2021-09-08 05:00:00+00:00,32.776,50.72361,21.226
6006,2021-09-08 06:00:00+00:00,33.876,47.25192,21.075998
6007,2021-09-08 07:00:00+00:00,34.776,45.080544,21.126
6008,2021-09-08 08:00:00+00:00,35.226,43.835606,21.075998
6009,2021-09-08 09:00:00+00:00,34.676003,45.891052,21.325998
6010,2021-09-08 10:00:00+00:00,34.676003,46.173077,21.425999
6011,2021-09-08 11:00:00+00:00,34.576,46.715466,21.526
6012,2021-09-08 12:00:00+00:00,33.226,52.413067,22.175999
6013,2021-09-08 13:00:00+00:00,30.376,67.6686,23.726
6014,2021-09-08 14:00:00+00:00,29.325998,78.63405,25.226
6015,2021-09-08 15:00:00+00:00,29.075998,77.43488,24.726
6016,2021-09-08 16:00:00+00:00,28.825998,77.6301,24.526
6017,2021-09-08 17:00:00+00:00,28.276,79.91018,24.476
6018,2021-09-08 18:00:00+00:00,27.976,80.59175,24.325998
6019,2021-09-08 19:00:00+00:00,27.675999,82.26186,24.376
6020,2021-09-08 20:00:00+00:00,27.376,83.969696,24.425999
6021,2021-09-08 21:00:00+00:00,26.925999,86.993835,24.575998
6022,2021-09-08 22:00:00+00:00,26.675999,87.49379,24.425999
6023,2021-09-08 23:00:00+00:00,27.476,71.1176,21.776
6024,2021-09-09 00:00:00+00:00,27.325998,66.447,20.526
6025,2021-09-09 01:00:00+00:00,27.526,66.898125,20.825998
6026,2021-09-09 02:00:00+00:00,28.925999,63.002712,21.175999
6027,2021-09-09 03:00:00+00:00,30.276,58.645725,21.276
6028,2021-09-09 04:00:00+00:00,31.876,53.533123,21.276
6029,2021-09-09 05:00:00+00:00,33.326,49.17986,21.226
6030,2021-09-09 06:00:00+00:00,34.576,45.584095,21.126
6031,2021-09-09 07:00:00+00:00,35.376,44.552956,21.476
6032,2021-09-09 08:00:00+00:00,36.276,42.13924,21.376
6033,2021-09-09 09:00:00+00:00,36.526,40.18516,20.825998
6034,2021-09-09 10:00:00+00:00,36.326,39.639275,20.425999
6035,2021-09-09 11:00:00+00:00,35.326,41.369843,20.226
6036,2021-09-09 12:00:00+00:00,33.626,45.472458,20.226
6037,2021-09-09 13:00:00+00:00,32.276,48.00792,19.876
6038,2021-09-09 14:00:00+00:00,31.476,51.176327,20.175999
6039,2021-09-09 15:00:00+00:00,29.876,59.641495,21.175999
6040,2021-09-09 16:00:00+00:00,29.325998,63.67072,21.726
6041,2021-09-09 17:00:00+00:00,28.925999,66.16277,21.976
6042,2021-09-09 18:00:00+00:00,28.325998,69.3476,22.175999
6043,2021-09-09 19:00:00+00:00,28.476,67.088646,21.776
6044,2021-09-09 20:00:00+00:00,29.276,61.3623,21.075998
6045,2021-09-09 21:00:00+00:00,29.876,59.641495,21.175999
6046,2021-09-09 22:00:00+00:00,29.476,61.59547,21.325998
6047,2021-09-09 23:00:00+00:00,28.825998,63.563457,21.226
6048,2021-09-10 00:00:00+00:00,28.325998,65.035545,21.126
6049,2021-09-10 01:00:00+00:00,28.226,65.81772,21.226
6050,2021-09-10 02:00:00+00:00,28.976,63.401108,21.325998
6051,2021-09-10 03:00:00+00:00,30.276,58.82575,21.325998
6052,2021-09-10 04:00:00+00:00,31.626,54.464424,21.325998
6053,2021-09-10 05:00:00+00:00,32.676003,51.32386,21.325998
6054,2021-09-10 06:00:00+00:00,33.626,47.91704,21.075998
6055,2021-09-10 07:00:00+00:00,34.776,43.179592,20.425999
6056,2021-09-10 08:00:00+00:00,35.576,39.19198,19.575998
6057,2021-09-10 09:00:00+00:00,35.376,39.016083,19.325998
6058,2021-09-10 10:00:00+00:00,34.976,40.263252,19.476
6059,2021-09-10 11:00:00+00:00,34.576,41.68166,19.675999
6060,2021-09-10 12:00:00+00:00,33.626,45.472458,20.226
6061,2021-09-10 13:00:00+00:00,32.776,47.25438,20.075998
6062,2021-09-10 14:00:00+00:00,31.976,51.14592,20.626
6063,2021-09-10 15:00:00+00:00,31.026,55.328186,21.026
6064,2021-09-10 16:00:00+00:00,30.726,56.979218,21.226
6065,2021-09-10 17:00:00+00:00,30.226,59.175728,21.376
6066,2021-09-10 18:00:00+00:00,30.226,59.357243,21.425999
6067,2021-09-10 19:00:00+00:00,30.026,60.22678,21.476
6068,2021-09-10 20:00:00+00:00,29.575998,62.186077,21.575998
6069,2021-09-10 21:00:00+00:00,29.376,63.10026,21.626
6070,2021-09-10 22:00:00+00:00,29.376,62.142025,21.376
6071,2021-09-10 23:00:00+00:00,29.026,62.831463,21.226
6072,2021-09-11 00:00:00+00:00,28.876,62.031654,20.876
6073,2021-09-11 01:00:00+00:00,28.825998,63.17462,21.126
6074,2021-09-11 02:00:00+00:00,29.226,62.299694,21.276
6075,2021-09-11 03:00:00+00:00,30.575998,57.470093,21.226
6076,2021-09-11 04:00:00+00:00,32.176003,51.989613,21.075998
6077,2021-09-11 05:00:00+00:00,32.426003,50.79013,20.925999
6078,2021-09-11 06:00:00+00:00,33.126,48.827145,20.925999
6079,2021-09-11 07:00:00+00:00,33.876,46.388435,20.776
6080,2021-09-11 08:00:00+00:00,34.826,43.728786,20.675999
6081,2021-09-11 09:00:00+00:00,34.876,43.607662,20.675999
6082,2021-09-11 10:00:00+00:00,34.126,46.311836,20.976
6083,2021-09-11 11:00:00+00:00,34.176003,45.61834,20.776
6084,2021-09-11 12:00:00+00:00,34.376,45.112965,20.776
6085,2021-09-11 13:00:00+00:00,32.126,53.924007,21.626
6086,2021-09-11 14:00:00+00:00,31.425999,55.255974,21.376
6087,2021-09-11 15:00:00+00:00,30.925999,58.796783,21.925999
6088,2021-09-11 16:00:00+00:00,30.276,62.72001,22.376
6089,2021-09-11 17:00:00+00:00,29.675999,63.358093,21.976
6090,2021-09-11 18:00:00+00:00,28.276,70.61558,22.425999
6091,2021-09-11 19:00:00+00:00,26.825998,83.909546,23.876
6092,2021-09-11 20:00:00+00:00,26.675999,85.67687,24.075998
6093,2021-09-11 21:00:00+00:00,26.876,83.91501,23.925999
6094,2021-09-11 22:00:00+00:00,27.726,72.69562,22.376
6095,2021-09-11 23:00:00+00:00,27.726,69.23376,21.575998
6096,2021-09-12 00:00:00+00:00,28.126,67.843956,21.626
6097,2021-09-12 01:00:00+00:00,28.575998,66.09141,21.626
6098,2021-09-12 02:00:00+00:00,29.726,61.651035,21.575998
6099,2021-09-12 03:00:00+00:00,30.825998,57.529243,21.476
6100,2021-09-12 04:00:00+00:00,32.326,52.02746,21.226
6101,2021-09-12 05:00:00+00:00,33.876,46.674717,20.876
6102,2021-09-12 06:00:00+00:00,34.926003,43.219795,20.575998
6103,2021-09-12 07:00:00+00:00,36.126,39.953625,20.376
6104,2021-09-12 08:00:00+00:00,36.926003,38.476376,20.476
6105,2021-09-12 09:00:00+00:00,36.726,37.950024,20.075998
6106,2021-09-12 10:00:00+00:00,35.876,41.39048,20.726
6107,2021-09-12 11:00:00+00:00,30.476,73.38373,25.175999
6108,2021-09-12 12:00:00+00:00,33.076,53.50365,22.376
6109,2021-09-12 13:00:00+00:00,31.026,61.56402,22.776
6110,2021-09-12 14:00:00+00:00,30.026,67.39628,23.325998
6111,2021-09-12 15:00:00+00:00,29.226,71.21716,23.476
6112,2021-09-12 16:00:00+00:00,28.675999,75.54077,23.925999
6113,2021-09-12 17:00:00+00:00,27.925999,83.28085,24.825998
6114,2021-09-12 18:00:00+00:00,27.226,88.327644,25.126
6115,2021-09-12 19:00:00+00:00,26.675999,90.14786,24.925999
6116,2021-09-12 20:00:00+00:00,26.476,91.21656,24.925999
6117,2021-09-12 21:00:00+00:00,27.075998,85.973145,24.526
6118,2021-09-12 22:00:00+00:00,27.976,70.7758,22.175999
6119,2021-09-12 23:00:00+00:00,27.876,66.763306,21.126
6120,2021-09-13 00:00:00+00:00,27.776,65.12068,20.626
6121,2021-09-13 01:00:00+00:00,28.175999,63.815388,20.675999
6122,2021-09-13 02:00:00+00:00,29.526,59.19558,20.726
6123,2021-09-13 03:00:00+00:00,31.026,53.983215,20.626
6124,2021-09-13 04:00:00+00:00,32.776,49.037514,20.675999
6125,2021-09-13 05:00:00+00:00,34.326,45.0997,20.726
6126,2021-09-13 06:00:00+00:00,36.076,41.317112,20.876
6127,2021-09-13 07:00:00+00:00,37.026,39.221252,20.876
6128,2021-09-13 08:00:00+00:00,36.776,39.883312,20.925999
6129,2021-09-13 09:00:00+00:00,37.026,39.342014,20.925999
6130,2021-09-13 10:00:00+00:00,36.176003,40.964436,20.825998
6131,2021-09-13 11:00:00+00:00,35.376,42.679115,20.776
6132,2021-09-13 12:00:00+00:00,35.026,43.513676,20.776
6133,2021-09-13 13:00:00+00:00,33.826,46.51821,20.776
6134,2021-09-13 14:00:00+00:00,33.076,49.417862,21.075998
6135,2021-09-13 15:00:00+00:00,32.776,49.797726,20.925999
6136,2021-09-13 16:00:00+00:00,32.626,50.529915,21.026
6137,2021-09-13 17:00:00+00:00,31.976,53.067715,21.226
6138,2021-09-13 18:00:00+00:00,31.026,56.011623,21.226
6139,2021-09-13 19:00:00+00:00,30.376,58.132,21.226
6140,2021-09-13 20:00:00+00:00,30.126,58.7909,21.175999
6141,2021-09-13 21:00:00+00:00,29.626,60.320606,21.126
6142,2021-09-13 22:00:00+00:00,29.126,61.896587,21.075998
6143,2021-09-13 23:00:00+00:00,28.626,63.520424,21.026
6144,2021-09-14 00:00:00+00:00,28.325998,65.035545,21.126
6145,2021-09-14 01:00:00+00:00,28.526,64.48142,21.175999
6146,2021-09-14 02:00:00+00:00,29.626,60.691875,21.226
6147,2021-09-14 03:00:00+00:00,31.126,55.864246,21.276
6148,2021-09-14 04:00:00+00:00,32.676003,51.01014,21.226
6149,2021-09-14 05:00:00+00:00,34.276,46.0676,21.026
6150,2021-09-14 06:00:00+00:00,35.976,40.65912,20.526
6151,2021-09-14 07:00:00+00:00,36.926003,38.59521,20.526
6152,2021-09-14 08:00:00+00:00,37.426003,37.32572,20.425999
6153,2021-09-14 09:00:00+00:00,37.476,37.109554,20.376
6154,2021-09-14 10:00:00+00:00,37.526,36.44138,20.126
6155,2021-09-14 11:00:00+00:00,36.926003,36.960464,19.825998
6156,2021-09-14 12:00:00+00:00,35.776,39.49031,19.876
6157,2021-09-14 13:00:00+00:00,33.076,51.111805,21.626
6158,2021-09-14 14:00:00+00:00,30.776,68.56418,24.325998
6159,2021-09-14 15:00:00+00:00,29.476,81.02384,25.876
6160,2021-09-14 16:00:00+00:00,29.626,80.803276,25.976
6161,2021-09-14 17:00:00+00:00,29.575998,78.66897,25.476
6162,2021-09-14 18:00:00+00:00,29.626,72.80293,24.226
6163,2021-09-14 19:00:00+00:00,29.175999,71.2082,23.425999
6164,2021-09-14 20:00:00+00:00,28.976,71.172264,23.226
6165,2021-09-14 21:00:00+00:00,28.675999,71.11823,22.925999
6166,2021-09-14 22:00:00+00:00,28.526,69.17475,22.325998
6167,2021-09-14 23:00:00+00:00,28.026,68.658905,21.726
6168,2021-09-15 00:00:00+00:00,28.276,67.25402,21.626
6169,2021-09-15 01:00:00+00:00,29.126,63.23949,21.425999
6170,2021-09-15 02:00:00+00:00,30.425999,57.08282,20.976
6171,2021-09-15 03:00:00+00:00,31.776,51.88855,20.675999
6172,2021-09-15 04:00:00+00:00,33.276,47.09443,20.476
6173,2021-09-15 05:00:00+00:00,34.676003,42.62265,20.126
6174,2021-09-15 06:00:00+00:00,35.676003,39.340992,19.726
6175,2021-09-15 07:00:00+00:00,36.976,35.732536,19.325998
6176,2021-09-15 08:00:00+00:00,38.026,33.53829,19.226
6177,2021-09-15 09:00:00+00:00,37.276,33.861095,18.726
6178,2021-09-15 10:00:00+00:00,35.176003,41.843563,20.276
6179,2021-09-15 11:00:00+00:00,33.026,58.748,23.876
6180,2021-09-15 12:00:00+00:00,30.526,67.69794,23.876
6181,2021-09-15 13:00:00+00:00,30.075998,70.30701,24.075998
6182,2021-09-15 14:00:00+00:00,29.526,77.040474,25.075998
6183,2021-09-15 15:00:00+00:00,29.075998,79.06897,25.075998
6184,2021-09-15 16:00:00+00:00,28.726,82.63172,25.476
6185,2021-09-15 17:00:00+00:00,28.425999,84.08368,25.476
6186,2021-09-15 18:00:00+00:00,28.376,83.82874,25.376
6187,2021-09-15 19:00:00+00:00,28.126,85.05741,25.376
6188,2021-09-15 20:00:00+00:00,27.976,81.562706,24.526
6189,2021-09-15 21:00:00+00:00,27.675999,79.83013,23.876
6190,2021-09-15 22:00:00+00:00,27.626,80.063805,23.876
6191,2021-09-15 23:00:00+00:00,27.575998,81.75814,24.175999
6192,2021-09-16 00:00:00+00:00,26.825998,85.179146,24.126
6193,2021-09-16 01:00:00+00:00,28.026,78.923874,24.026
6194,2021-09-16 02:00:00+00:00,30.175999,67.02031,23.376
6195,2021-09-16 03:00:00+00:00,31.276,56.243774,21.526
6196,2021-09-16 04:00:00+00:00,32.676003,50.5427,21.075998
6197,2021-09-16 05:00:00+00:00,34.376,43.608337,20.226
6198,2021-09-16 06:00:00+00:00,35.626,39.32742,19.675999
6199,2021-09-16 07:00:00+00:00,36.976,35.9555,19.425999
6200,2021-09-16 08:00:00+00:00,37.276,34.93413,19.226
6201,2021-09-16 09:00:00+00:00,37.476,33.599022,18.776
6202,2021-09-16 10:00:00+00:00,37.126,32.98302,18.175999
6203,2021-09-16 11:00:00+00:00,34.826,40.599545,19.476
6204,2021-09-16 12:00:00+00:00,31.776,62.47773,23.726
6205,2021-09-16 13:00:00+00:00,29.575998,73.452,24.325998
6206,2021-09-16 14:00:00+00:00,29.425999,76.796265,24.925999
6207,2021-09-16 15:00:00+00:00,29.325998,79.575005,25.425999
6208,2021-09-16 16:00:00+00:00,28.925999,76.26285,24.325998
6209,2021-09-16 17:00:00+00:00,28.526,80.66264,24.876
6210,2021-09-16 18:00:00+00:00,28.425999,83.83421,25.425999
6211,2021-09-16 19:00:00+00:00,28.476,82.84867,25.276
6212,2021-09-16 20:00:00+00:00,28.425999,83.58543,25.376
6213,2021-09-16 21:00:00+00:00,28.075998,84.79971,25.276
6214,2021-09-16 22:00:00+00:00,27.476,89.40401,25.575998
6215,2021-09-16 23:00:00+00:00,27.226,90.99284,25.626
6216,2021-09-17 00:00:00+00:00,27.575998,83.49065,24.526
6217,2021-09-17 01:00:00+00:00,27.825998,80.814384,24.226
6218,2021-09-17 02:00:00+00:00,29.476,70.6211,23.575998
6219,2021-09-17 03:00:00+00:00,31.726,58.44727,22.575998
6220,2021-09-17 04:00:00+00:00,33.476,51.213215,22.026
6221,2021-09-17 05:00:00+00:00,34.976,44.17443,20.976
6222,2021-09-17 06:00:00+00:00,36.626,38.51396,20.226
6223,2021-09-17 07:00:00+00:00,37.626,34.92034,19.526
6224,2021-09-17 08:00:00+00:00,38.226,32.663773,18.976
6225,2021-09-17 09:00:00+00:00,38.176003,31.055193,18.126
6226,2021-09-17 10:00:00+00:00,36.826,31.880863,17.376
6227,2021-09-17 11:00:00+00:00,35.676003,36.391926,18.476
6228,2021-09-17 12:00:00+00:00,32.376,57.544243,22.925999
6229,2021-09-17 13:00:00+00:00,30.376,67.87253,23.776
6230,2021-09-17 14:00:00+00:00,30.075998,74.64047,25.075998
6231,2021-09-17 15:00:00+00:00,29.476,75.89251,24.776
6232,2021-09-17 16:00:00+00:00,29.126,80.261086,25.376
6233,2021-09-17 17:00:00+00:00,28.675999,85.11339,25.925999
6234,2021-09-17 18:00:00+00:00,28.376,84.83076,25.575998
6235,2021-09-17 19:00:00+00:00,28.175999,85.31562,25.476
6236,2021-09-17 20:00:00+00:00,27.925999,87.60192,25.675999
6237,2021-09-17 21:00:00+00:00,27.425999,87.55882,25.175999
6238,2021-09-17 22:00:00+00:00,27.175999,86.49824,24.726
6239,2021-09-17 23:00:00+00:00,26.925999,88.56713,24.876
6240,2021-09-18 00:00:00+00:00,26.325998,89.31807,24.425999
6241,2021-09-18 01:00:00+00:00,26.726,87.23661,24.425999
6242,2021-09-18 02:00:00+00:00,28.026,82.058014,24.675999
6243,2021-09-18 03:00:00+00:00,30.876,67.36095,24.126
6244,2021-09-18 04:00:00+00:00,33.926003,50.092728,22.075998
6245,2021-09-18 05:00:00+00:00,35.426003,43.22069,21.026
6246,2021-09-18 06:00:00+00:00,35.876,42.161224,21.026
6247,2021-09-18 07:00:00+00:00,36.676003,40.349392,21.026
6248,2021-09-18 08:00:00+00:00,37.426003,36.414284,20.026
6249,2021-09-18 09:00:00+00:00,33.426003,51.828438,22.175999
6250,2021-09-18 10:00:00+00:00,31.575998,60.02941,22.876
6251,2021-09-18 11:00:00+00:00,32.876,55.271053,22.726
6252,2021-09-18 12:00:00+00:00,32.476,59.69132,23.626
6253,2021-09-18 13:00:00+00:00,30.825998,71.92958,25.175999
6254,2021-09-18 14:00:00+00:00,30.126,77.35852,25.726
6255,2021-09-18 15:00:00+00:00,29.575998,82.00073,26.175999
6256,2021-09-18 16:00:00+00:00,29.075998,85.65793,26.425999
6257,2021-09-18 17:00:00+00:00,28.575998,89.22217,26.626
6258,2021-09-18 18:00:00+00:00,28.226,91.056274,26.626
6259,2021-09-18 19:00:00+00:00,27.876,92.93295,26.626
6260,2021-09-18 20:00:00+00:00,27.325998,96.822,26.776
6261,2021-09-18 21:00:00+00:00,26.876,98.830086,26.675999
6262,2021-09-18 22:00:00+00:00,26.626,99.11983,26.476
6263,2021-09-18 23:00:00+00:00,26.626,99.11983,26.476
6264,2021-09-19 00:00:00+00:00,26.575998,97.37882,26.126
6265,2021-09-19 01:00:00+00:00,27.376,91.27248,25.825998
6266,2021-09-19 02:00:00+00:00,29.626,76.59771,25.075998
6267,2021-09-19 03:00:00+00:00,32.226,60.72275,23.675999
6268,2021-09-19 04:00:00+00:00,34.176003,50.77006,22.526
6269,2021-09-19 05:00:00+00:00,35.776,44.387203,21.776
6270,2021-09-19 06:00:00+00:00,36.776,41.759834,21.675999
6271,2021-09-19 07:00:00+00:00,36.276,44.519764,22.276
6272,2021-09-19 08:00:00+00:00,31.876,67.35597,25.075998
6273,2021-09-19 09:00:00+00:00,32.576,62.650887,24.526
6274,2021-09-19 10:00:00+00:00,31.425999,66.26869,24.376
6275,2021-09-19 11:00:00+00:00,32.126,64.07166,24.476
6276,2021-09-19 12:00:00+00:00,32.326,62.40953,24.226
6277,2021-09-19 13:00:00+00:00,30.675999,71.050545,24.825998
6278,2021-09-19 14:00:00+00:00,29.675999,75.47193,24.876
6279,2021-09-19 15:00:00+00:00,29.226,81.23294,25.675999
6280,2021-09-19 16:00:00+00:00,28.876,86.14556,26.325998
6281,2021-09-19 17:00:00+00:00,28.526,88.69402,26.476
6282,2021-09-19 18:00:00+00:00,28.376,88.16,26.226
6283,2021-09-19 19:00:00+00:00,28.126,87.61909,25.876
6284,2021-09-19 20:00:00+00:00,27.675999,89.15418,25.726
6285,2021-09-19 21:00:00+00:00,26.226,92.29682,24.876
6286,2021-09-19 22:00:00+00:00,25.276,95.62367,24.526
6287,2021-09-19 23:00:00+00:00,25.376,95.341354,24.575998
6288,2021-09-20 00:00:00+00:00,25.476,94.49334,24.526
6289,2021-09-20 01:00:00+00:00,26.075998,93.118866,24.876
6290,2021-09-20 02:00:00+00:00,27.675999,85.2653,24.976
6291,2021-09-20 03:00:00+00:00,29.876,72.1942,24.325998
6292,2021-09-20 04:00:00+00:00,32.076,60.872375,23.575998
6293,2021-09-20 05:00:00+00:00,34.026,53.253082,23.175999
6294,2021-09-20 06:00:00+00:00,35.676003,48.448772,23.126
6295,2021-09-20 07:00:00+00:00,34.626,50.884083,22.976
6296,2021-09-20 08:00:00+00:00,29.876,76.40784,25.276
6297,2021-09-20 09:00:00+00:00,32.076,61.6099,23.776
6298,2021-09-20 10:00:00+00:00,31.526,66.28878,24.476
6299,2021-09-20 11:00:00+00:00,31.425999,67.2676,24.626
6300,2021-09-20 12:00:00+00:00,30.925999,70.46236,24.925999
6301,2021-09-20 13:00:00+00:00,29.226,78.854485,25.175999
6302,2021-09-20 14:00:00+00:00,28.726,80.92903,25.126
6303,2021-09-20 15:00:00+00:00,28.575998,82.86021,25.376
6304,2021-09-20 16:00:00+00:00,28.276,84.82042,25.476
6305,2021-09-20 17:00:00+00:00,27.876,87.07912,25.526
6306,2021-09-20 18:00:00+00:00,27.675999,88.62686,25.626
6307,2021-09-20 19:00:00+00:00,27.575998,90.4778,25.876
6308,2021-09-20 20:00:00+00:00,27.425999,91.005585,25.825998
6309,2021-09-20 21:00:00+00:00,27.126,90.4475,25.425999
6310,2021-09-20 22:00:00+00:00,26.925999,90.43403,25.226
6311,2021-09-20 23:00:00+00:00,26.776,90.42384,25.075998
6312,2021-09-21 00:00:00+00:00,25.825998,93.66461,24.726
6313,2021-09-21 01:00:00+00:00,26.675999,90.95768,25.075998
6314,2021-09-21 02:00:00+00:00,28.626,79.48056,24.726
6315,2021-09-21 03:00:00+00:00,30.626,66.30655,23.626
6316,2021-09-21 04:00:00+00:00,32.676003,54.555344,22.325998
6317,2021-09-21 05:00:00+00:00,34.226,48.367966,21.776
6318,2021-09-21 06:00:00+00:00,35.476,44.443325,21.526
6319,2021-09-21 07:00:00+00:00,36.976,40.06002,21.175999
6320,2021-09-21 08:00:00+00:00,37.726,37.637848,20.825998
6321,2021-09-21 09:00:00+00:00,35.326,42.797234,20.776
6322,2021-09-21 10:00:00+00:00,31.175999,65.03546,23.825998
6323,2021-09-21 11:00:00+00:00,27.726,83.757286,24.726
6324,2021-09-21 12:00:00+00:00,31.175999,68.23156,24.626
6325,2021-09-21 13:00:00+00:00,29.276,77.69554,24.976
6326,2021-09-21 14:00:00+00:00,29.026,80.009605,25.226
6327,2021-09-21 15:00:00+00:00,28.026,88.9173,26.026
6328,2021-09-21 16:00:00+00:00,27.526,92.64126,26.226
6329,2021-09-21 17:00:00+00:00,26.925999,95.67591,26.175999
6330,2021-09-21 18:00:00+00:00,26.825998,96.240105,26.175999
6331,2021-09-21 19:00:00+00:00,27.026,95.39687,26.226
6332,2021-09-21 20:00:00+00:00,26.675999,88.01907,24.526
6333,2021-09-21 21:00:00+00:00,26.526,84.38336,23.675999
6334,2021-09-21 22:00:00+00:00,26.626,81.888214,23.276
6335,2021-09-21 23:00:00+00:00,26.476,81.37617,23.026
6336,2021-09-22 00:00:00+00:00,26.276,81.35109,22.825998
6337,2021-09-22 01:00:00+00:00,26.526,78.953476,22.575998
6338,2021-09-22 02:00:00+00:00,27.026,79.02303,23.075998
6339,2021-09-22 03:00:00+00:00,26.825998,84.669304,24.026
6340,2021-09-22 04:00:00+00:00,27.476,82.732574,24.276
6341,2021-09-22 05:00:00+00:00,29.376,70.178215,23.376
6342,2021-09-22 06:00:00+00:00,31.925999,57.090244,22.376
6343,2021-09-22 07:00:00+00:00,33.826,50.52706,22.126
6344,2021-09-22 08:00:00+00:00,34.476,48.13826,21.925999
6345,2021-09-22 09:00:00+00:00,34.676003,46.598972,21.575998
6346,2021-09-22 10:00:00+00:00,34.576,46.572716,21.476
6347,2021-09-22 11:00:00+00:00,34.376,46.52012,21.276
6348,2021-09-22 12:00:00+00:00,34.076,45.3118,20.575998
6349,2021-09-22 13:00:00+00:00,31.575998,57.18122,22.075998
6350,2021-09-22 14:00:00+00:00,30.126,67.41599,23.425999
6351,2021-09-22 15:00:00+00:00,29.175999,75.84597,24.476
6352,2021-09-22 16:00:00+00:00,28.726,76.23217,24.126
6353,2021-09-22 17:00:00+00:00,28.526,74.61314,23.575998
6354,2021-09-22 18:00:00+00:00,28.026,77.74663,23.776
6355,2021-09-22 19:00:00+00:00,27.075998,84.949684,24.325998
6356,2021-09-22 20:00:00+00:00,26.026,89.02788,24.075998
6357,2021-09-22 21:00:00+00:00,25.575998,90.88676,23.976
6358,2021-09-22 22:00:00+00:00,25.526,90.88349,23.925999
6359,2021-09-22 23:00:00+00:00,25.325998,91.41894,23.825998
6360,2021-09-23 00:00:00+00:00,25.526,90.61074,23.876
6361,2021-09-23 01:00:00+00:00,25.925999,89.55641,24.075998
6362,2021-09-23 02:00:00+00:00,26.976,84.939384,24.226
6363,2021-09-23 03:00:00+00:00,29.126,72.28057,23.626
6364,2021-09-23 04:00:00+00:00,31.126,62.525043,23.126
6365,2021-09-23 05:00:00+00:00,32.226,58.563267,23.075998
6366,2021-09-23 06:00:00+00:00,32.676003,56.407543,22.876
6367,2021-09-23 07:00:00+00:00,33.126,54.33465,22.675999
6368,2021-09-23 08:00:00+00:00,33.776,51.60192,22.425999
6369,2021-09-23 09:00:00+00:00,31.925999,61.022633,23.476
6370,2021-09-23 10:00:00+00:00,32.676003,56.066742,22.776
6371,2021-09-23 11:00:00+00:00,32.176003,57.67179,22.776
6372,2021-09-23 12:00:00+00:00,29.575998,73.452,24.325998
6373,2021-09-23 13:00:00+00:00,27.925999,86.05496,25.376
6374,2021-09-23 14:00:00+00:00,27.776,87.849434,25.575998
6375,2021-09-23 15:00:00+00:00,27.325998,89.39286,25.425999
6376,2021-09-23 16:00:00+00:00,27.526,87.30729,25.226
6377,2021-09-23 17:00:00+00:00,27.376,85.490005,24.726
6378,2021-09-23 18:00:00+00:00,27.075998,86.4889,24.626
6379,2021-09-23 19:00:00+00:00,26.526,90.67715,24.876
6380,2021-09-23 20:00:00+00:00,25.675999,93.37803,24.526
6381,2021-09-23 21:00:00+00:00,25.226,92.7975,23.976
6382,2021-09-23 22:00:00+00:00,25.126,94.19632,24.126
6383,2021-09-23 23:00:00+00:00,25.276,91.96737,23.876
6384,2021-09-24 00:00:00+00:00,24.876,93.05913,23.675999
6385,2021-09-24 01:00:00+00:00,25.575998,90.34214,23.876
6386,2021-09-24 02:00:00+00:00,27.226,82.45537,23.976
6387,2021-09-24 03:00:00+00:00,29.575998,70.63934,23.675999
6388,2021-09-24 04:00:00+00:00,31.575998,60.57706,23.026
6389,2021-09-24 05:00:00+00:00,33.026,56.66182,23.276
6390,2021-09-24 06:00:00+00:00,33.976,54.050873,23.376
6391,2021-09-24 07:00:00+00:00,34.726,51.84057,23.376
6392,2021-09-24 08:00:00+00:00,34.726,52.154263,23.476
6393,2021-09-24 09:00:00+00:00,30.876,72.15269,25.276
6394,2021-09-24 10:00:00+00:00,31.476,66.08057,24.376
6395,2021-09-24 11:00:00+00:00,30.626,71.46695,24.876
6396,2021-09-24 12:00:00+00:00,30.626,69.77867,24.476
6397,2021-09-24 13:00:00+00:00,29.075998,78.365,24.925999
6398,2021-09-24 14:00:00+00:00,28.325998,82.83132,25.126
6399,2021-09-24 15:00:00+00:00,27.675999,86.80267,25.276
6400,2021-09-24 16:00:00+00:00,27.325998,89.65887,25.476
6401,2021-09-24 17:00:00+00:00,27.476,88.61095,25.425999
6402,2021-09-24 18:00:00+00:00,27.376,88.0774,25.226
6403,2021-09-24 19:00:00+00:00,27.226,87.02086,24.876
6404,2021-09-24 20:00:00+00:00,27.075998,86.74779,24.675999
6405,2021-09-24 21:00:00+00:00,26.976,86.738594,24.575998
6406,2021-09-24 22:00:00+00:00,26.325998,92.85418,25.075998
6407,2021-09-24 23:00:00+00:00,26.175999,94.52121,25.226
6408,2021-09-25 00:00:00+00:00,26.325998,89.31807,24.425999
6409,2021-09-25 01:00:00+00:00,27.075998,86.23067,24.575998
6410,2021-09-25 02:00:00+00:00,29.026,75.143776,24.175999
6411,2021-09-25 03:00:00+00:00,30.626,64.53034,23.175999
6412,2021-09-25 04:00:00+00:00,31.825998,59.183765,22.876
6413,2021-09-25 05:00:00+00:00,33.176003,54.511917,22.776
6414,2021-09-25 06:00:00+00:00,34.076,51.677464,22.726
6415,2021-09-25 07:00:00+00:00,34.926003,49.892612,22.925999
6416,2021-09-25 08:00:00+00:00,35.226,49.36849,23.026
6417,2021-09-25 09:00:00+00:00,34.526,49.941814,22.575998
6418,2021-09-25 10:00:00+00:00,31.425999,67.2676,24.626
6419,2021-09-25 11:00:00+00:00,30.876,71.08638,25.026
6420,2021-09-25 12:00:00+00:00,31.075998,66.99747,24.226
6421,2021-09-25 13:00:00+00:00,28.876,80.70754,25.226
6422,2021-09-25 14:00:00+00:00,27.376,90.196365,25.626
6423,2021-09-25 15:00:00+00:00,26.825998,91.51016,25.325998
6424,2021-09-25 16:00:00+00:00,26.626,92.5938,25.325998
6425,2021-09-25 17:00:00+00:00,26.276,93.68512,25.175999
6426,2021-09-25 18:00:00+00:00,26.126,95.08349,25.276
6427,2021-09-25 19:00:00+00:00,25.726,97.07314,25.226
6428,2021-09-25 20:00:00+00:00,25.425999,95.05841,24.575998
6429,2021-09-25 21:00:00+00:00,25.526,91.706085,24.075998
6430,2021-09-25 22:00:00+00:00,25.376,90.32841,23.675999
6431,2021-09-25 23:00:00+00:00,25.126,90.03917,23.376
6432,2021-09-26 00:00:00+00:00,25.376,89.78592,23.575998
6433,2021-09-26 01:00:00+00:00,25.726,86.6231,23.325998
6434,2021-09-26 02:00:00+00:00,27.075998,80.71805,23.476
6435,2021-09-26 03:00:00+00:00,28.575998,73.94967,23.476
6436,2021-09-26 04:00:00+00:00,30.476,66.47637,23.526
6437,2021-09-26 05:00:00+00:00,31.575998,61.68549,23.325998
6438,2021-09-26 06:00:00+00:00,32.226,59.45473,23.325998
6439,2021-09-26 07:00:00+00:00,33.176003,57.731735,23.726
6440,2021-09-26 08:00:00+00:00,33.626,56.124523,23.675999
6441,2021-09-26 09:00:00+00:00,33.376,55.058098,23.126
6442,2021-09-26 10:00:00+00:00,33.276,53.553066,22.575998
6443,2021-09-26 11:00:00+00:00,32.876,54.6042,22.526
6444,2021-09-26 12:00:00+00:00,31.526,62.990314,23.626
6445,2021-09-26 13:00:00+00:00,30.626,62.41613,22.626
6446,2021-09-26 14:00:00+00:00,30.175999,63.465443,22.476
6447,2021-09-26 15:00:00+00:00,29.976,63.615765,22.325998
6448,2021-09-26 16:00:00+00:00,28.675999,74.413155,23.675999
6449,2021-09-26 17:00:00+00:00,27.526,81.26267,24.026
6450,2021-09-26 18:00:00+00:00,27.026,86.22593,24.526
6451,2021-09-26 19:00:00+00:00,26.675999,85.16387,23.976
6452,2021-09-26 20:00:00+00:00,26.276,87.98554,24.126
6453,2021-09-26 21:00:00+00:00,26.175999,88.24168,24.075998
6454,2021-09-26 22:00:00+00:00,26.026,89.29548,24.126
6455,2021-09-26 23:00:00+00:00,25.925999,91.4556,24.425999
6456,2021-09-27 00:00:00+00:00,26.325998,82.5977,23.126
6457,2021-09-27 01:00:00+00:00,27.175999,76.223465,22.626
6458,2021-09-27 02:00:00+00:00,27.876,72.28101,22.425999
6459,2021-09-27 03:00:00+00:00,28.776,69.01232,22.526
6460,2021-09-27 04:00:00+00:00,29.876,65.15953,22.626
6461,2021-09-27 05:00:00+00:00,30.925999,61.16951,22.575998
6462,2021-09-27 06:00:00+00:00,32.326,56.153122,22.476
6463,2021-09-27 07:00:00+00:00,32.576,55.872982,22.626
6464,2021-09-27 08:00:00+00:00,32.726,55.909027,22.776
6465,2021-09-27 09:00:00+00:00,32.476,56.70262,22.776
6466,2021-09-27 10:00:00+00:00,31.526,58.578533,22.425999
6467,2021-09-27 11:00:00+00:00,31.325998,58.71051,22.276
6468,2021-09-27 12:00:00+00:00,30.626,62.22697,22.575998
6469,2021-09-27 13:00:00+00:00,29.675999,63.940063,22.126
6470,2021-09-27 14:00:00+00:00,29.075998,65.991936,22.075998
6471,2021-09-27 15:00:00+00:00,28.226,70.178246,22.276
6472,2021-09-27 16:00:00+00:00,27.276,77.16856,22.925999
6473,2021-09-27 17:00:00+00:00,27.376,75.335,22.626
6474,2021-09-27 18:00:00+00:00,26.776,81.41368,23.325998
6475,2021-09-27 19:00:00+00:00,25.976,87.43264,23.726
6476,2021-09-27 20:00:00+00:00,25.925999,87.16539,23.626
6477,2021-09-27 21:00:00+00:00,25.825998,85.59264,23.226
6478,2021-09-27 22:00:00+00:00,25.575998,85.309074,22.925999
6479,2021-09-27 23:00:00+00:00,25.476,83.76045,22.526
6480,2021-09-28 00:00:00+00:00,25.675999,80.291306,22.026
6481,2021-09-28 01:00:00+00:00,26.226,77.719055,22.026
6482,2021-09-28 02:00:00+00:00,28.026,69.927704,22.026
6483,2021-09-28 03:00:00+00:00,29.476,62.164055,21.476
6484,2021-09-28 04:00:00+00:00,30.825998,57.705578,21.526
6485,2021-09-28 05:00:00+00:00,32.126,53.595135,21.526
6486,2021-09-28 06:00:00+00:00,33.326,49.93909,21.476
6487,2021-09-28 07:00:00+00:00,34.126,48.342014,21.675999
6488,2021-09-28 08:00:00+00:00,34.526,45.29178,20.976
6489,2021-09-28 09:00:00+00:00,34.626,45.318275,21.075998
6490,2021-09-28 10:00:00+00:00,33.626,49.408215,21.575998
6491,2021-09-28 11:00:00+00:00,30.776,67.13931,23.976
6492,2021-09-28 12:00:00+00:00,29.376,70.81604,23.526
6493,2021-09-28 13:00:00+00:00,28.276,76.162926,23.675999
6494,2021-09-28 14:00:00+00:00,28.075998,78.6942,24.026
6495,2021-09-28 15:00:00+00:00,27.925999,80.585304,24.276
6496,2021-09-28 16:00:00+00:00,27.575998,84.495,24.726
6497,2021-09-28 17:00:00+00:00,27.126,88.05662,24.976
6498,2021-09-28 18:00:00+00:00,26.876,90.43062,25.175999
6499,2021-09-28 19:00:00+00:00,26.776,89.35182,24.876
6500,2021-09-28 20:00:00+00:00,26.575998,90.410324,24.876
6501,2021-09-28 21:00:00+00:00,26.126,92.567245,24.825998
6502,2021-09-28 22:00:00+00:00,25.575998,94.49734,24.626
6503,2021-09-28 23:00:00+00:00,25.675999,91.715,24.226
6504,2021-09-29 00:00:00+00:00,26.026,90.102486,24.276
6505,2021-09-29 01:00:00+00:00,26.526,86.17827,24.026
6506,2021-09-29 02:00:00+00:00,27.526,80.291695,23.825998
6507,2021-09-29 03:00:00+00:00,28.825998,70.93038,23.026
6508,2021-09-29 04:00:00+00:00,30.376,61.04663,22.026
6509,2021-09-29 05:00:00+00:00,31.776,54.501266,21.476
6510,2021-09-29 06:00:00+00:00,32.626,52.583218,21.675999
6511,2021-09-29 07:00:00+00:00,33.776,49.145477,21.626
6512,2021-09-29 08:00:00+00:00,35.026,45.983334,21.675999
6513,2021-09-29 09:00:00+00:00,35.126,44.897476,21.376
6514,2021-09-29 10:00:00+00:00,33.226,53.540718,22.526
6515,2021-09-29 11:00:00+00:00,30.825998,66.94784,23.976
6516,2021-09-29 12:00:00+00:00,29.675999,68.55959,23.276
6517,2021-09-29 13:00:00+00:00,28.925999,73.34256,23.675999
6518,2021-09-29 14:00:00+00:00,28.226,77.30967,23.876
6519,2021-09-29 15:00:00+00:00,27.776,80.565895,24.126
6520,2021-09-29 16:00:00+00:00,27.425999,84.47911,24.575998
6521,2021-09-29 17:00:00+00:00,27.026,87.78589,24.825998
6522,2021-09-29 18:00:00+00:00,26.976,88.04411,24.825998
6523,2021-09-29 19:00:00+00:00,26.776,89.35182,24.876
6524,2021-09-29 20:00:00+00:00,26.825998,88.29502,24.726
6525,2021-09-29 21:00:00+00:00,26.226,91.47383,24.726
6526,2021-09-29 22:00:00+00:00,25.726,93.660034,24.626
6527,2021-09-29 23:00:00+00:00,25.276,94.20262,24.276
6528,2021-09-30 00:00:00+00:00,25.876,92.83107,24.626
6529,2021-09-30 01:00:00+00:00,26.276,93.12872,25.075998
6530,2021-09-30 02:00:00+00:00,27.425999,83.224144,24.325998
6531,2021-09-30 03:00:00+00:00,28.626,74.854355,23.726
6532,2021-09-30 04:00:00+00:00,30.276,67.44553,23.575998
6533,2021-09-30 05:00:00+00:00,31.575998,62.811657,23.626
6534,2021-09-30 06:00:00+00:00,32.926003,58.372547,23.675999
6535,2021-09-30 07:00:00+00:00,33.276,54.371357,22.825998
6536,2021-09-30 08:00:00+00:00,29.325998,78.16721,25.126
6537,2021-09-30 09:00:00+00:00,31.726,64.56593,24.226
6538,2021-09-30 10:00:00+00:00,30.626,68.741325,24.226
6539,2021-09-30 11:00:00+00:00,30.675999,69.57945,24.476
6540,2021-09-30 12:00:00+00:00,29.876,73.50229,24.626
6541,2021-09-30 13:00:00+00:00,28.175999,82.07608,24.825998
6542,2021-09-30 14:00:00+00:00,27.675999,85.51985,25.026
6543,2021-09-30 15:00:00+00:00,27.026,91.79433,25.575998
6544,2021-09-30 16:00:00+00:00,27.126,90.98649,25.526
6545,2021-09-30 17:00:00+00:00,26.476,94.81413,25.575998
6546,2021-09-30 18:00:00+00:00,26.226,95.938385,25.526
6547,2021-09-30 19:00:00+00:00,26.276,95.37177,25.476
6548,2021-09-30 20:00:00+00:00,25.925999,97.07742,25.425999
6549,2021-09-30 21:00:00+00:00,25.626,98.23345,25.325998
6550,2021-09-30 22:00:00+00:00,25.476,99.70331,25.425999
6551,2021-09-30 23:00:00+00:00,25.226,99.70277,25.175999
6552,2021-10-01 00:00:00+00:00,25.626,97.94171,25.276
6553,2021-10-01 01:00:00+00:00,26.376,94.24856,25.376
6554,2021-10-01 02:00:00+00:00,28.075998,86.32523,25.575998
6555,2021-10-01 03:00:00+00:00,29.675999,79.62201,25.776
6556,2021-10-01 04:00:00+00:00,30.876,76.33333,26.226
6557,2021-10-01 05:00:00+00:00,31.976,67.57645,25.226
6558,2021-10-01 06:00:00+00:00,30.626,72.75649,25.175999
6559,2021-10-01 07:00:00+00:00,31.925999,64.41443,24.376
6560,2021-10-01 08:00:00+00:00,31.976,63.848484,24.276
6561,2021-10-01 09:00:00+00:00,31.675999,65.1387,24.325998
6562,2021-10-01 10:00:00+00:00,30.925999,68.79843,24.526
6563,2021-10-01 11:00:00+00:00,30.175999,70.32534,24.175999
6564,2021-10-01 12:00:00+00:00,29.376,75.424675,24.575998
6565,2021-10-01 13:00:00+00:00,28.325998,81.12012,24.776
6566,2021-10-01 14:00:00+00:00,27.825998,84.773766,25.026
6567,2021-10-01 15:00:00+00:00,27.626,86.28279,25.126
6568,2021-10-01 16:00:00+00:00,27.526,86.788956,25.126
6569,2021-10-01 17:00:00+00:00,26.976,89.63338,25.126
6570,2021-10-01 18:00:00+00:00,27.026,88.5751,24.976
6571,2021-10-01 19:00:00+00:00,26.626,90.954475,25.026
6572,2021-10-01 20:00:00+00:00,26.075998,93.955696,25.026
6573,2021-10-01 21:00:00+00:00,25.876,94.50928,24.925999
6574,2021-10-01 22:00:00+00:00,25.476,96.77871,24.925999
6575,2021-10-01 23:00:00+00:00,25.776,93.94258,24.726
6576,2021-10-02 00:00:00+00:00,25.776,96.2112,25.126
6577,2021-10-02 01:00:00+00:00,26.325998,91.47991,24.825998
6578,2021-10-02 02:00:00+00:00,26.925999,88.83174,24.925999
6579,2021-10-02 03:00:00+00:00,28.075998,84.045815,25.126
6580,2021-10-02 04:00:00+00:00,29.675999,78.44967,25.526
6581,2021-10-02 05:00:00+00:00,31.376,67.05686,24.526
6582,2021-10-02 06:00:00+00:00,29.425999,75.20737,24.575998
6583,2021-10-02 07:00:00+00:00,29.976,73.73894,24.776
6584,2021-10-02 08:00:00+00:00,31.476,69.10827,25.126
6585,2021-10-02 09:00:00+00:00,31.026,67.59269,24.325998
6586,2021-10-02 10:00:00+00:00,30.376,70.99666,24.526
6587,2021-10-02 11:00:00+00:00,29.626,74.12304,24.526
6588,2021-10-02 12:00:00+00:00,29.226,75.40103,24.425999
6589,2021-10-02 13:00:00+00:00,28.075998,82.55562,24.825998
6590,2021-10-02 14:00:00+00:00,27.726,85.77994,25.126
6591,2021-10-02 15:00:00+00:00,27.575998,87.83254,25.376
6592,2021-10-02 16:00:00+00:00,27.526,88.089836,25.376
6593,2021-10-02 17:00:00+00:00,27.526,86.5308,25.075998
6594,2021-10-02 18:00:00+00:00,27.476,85.49995,24.825998
6595,2021-10-02 19:00:00+00:00,27.175999,86.49824,24.726
6596,2021-10-02 20:00:00+00:00,26.825998,87.506836,24.575998
6597,2021-10-02 21:00:00+00:00,26.425999,89.3256,24.526
6598,2021-10-02 22:00:00+00:00,26.226,90.38653,24.526
6599,2021-10-02 23:00:00+00:00,25.776,93.94258,24.726
6600,2021-10-03 00:00:00+00:00,25.925999,94.22984,24.925999
6601,2021-10-03 01:00:00+00:00,26.276,92.85163,25.026
6602,2021-10-03 02:00:00+00:00,27.425999,85.49499,24.776
6603,2021-10-03 03:00:00+00:00,28.526,81.14527,24.976
6604,2021-10-03 04:00:00+00:00,29.925999,73.51067,24.675999
6605,2021-10-03 05:00:00+00:00,31.175999,67.62203,24.476
6606,2021-10-03 06:00:00+00:00,32.276,62.586075,24.226
6607,2021-10-03 07:00:00+00:00,32.326,62.596897,24.276
6608,2021-10-03 08:00:00+00:00,32.076,63.869633,24.376
6609,2021-10-03 09:00:00+00:00,31.726,65.73668,24.526
6610,2021-10-03 10:00:00+00:00,31.026,68.407036,24.526
6611,2021-10-03 11:00:00+00:00,30.075998,72.44539,24.575998
6612,2021-10-03 12:00:00+00:00,29.425999,75.65838,24.675999
6613,2021-10-03 13:00:00+00:00,28.276,82.82552,25.075998
6614,2021-10-03 14:00:00+00:00,27.675999,87.58039,25.425999
6615,2021-10-03 15:00:00+00:00,26.976,92.887375,25.726
6616,2021-10-03 16:00:00+00:00,26.976,92.61232,25.675999
6617,2021-10-03 17:00:00+00:00,27.226,91.26319,25.675999
6618,2021-10-03 18:00:00+00:00,26.226,96.796364,25.675999
6619,2021-10-03 19:00:00+00:00,25.925999,98.52925,25.675999
6620,2021-10-03 20:00:00+00:00,25.825998,99.408966,25.726
6621,2021-10-03 21:00:00+00:00,25.526,100.0,25.526
6622,2021-10-03 22:00:00+00:00,25.376,100.0,25.376
6623,2021-10-03 23:00:00+00:00,25.276,99.70289,25.226
6624,2021-10-04 00:00:00+00:00,25.425999,99.99999,25.425999
6625,2021-10-04 01:00:00+00:00,26.575998,95.38184,25.776
6626,2021-10-04 02:00:00+00:00,28.526,83.10116,25.376
6627,2021-10-04 03:00:00+00:00,30.075998,73.75557,24.876
6628,2021-10-04 04:00:00+00:00,31.325998,66.64673,24.376
6629,2021-10-04 05:00:00+00:00,32.276,61.839363,24.026
6630,2021-10-04 06:00:00+00:00,32.876,59.245667,23.876
6631,2021-10-04 07:00:00+00:00,33.076,58.759525,23.925999
6632,2021-10-04 08:00:00+00:00,32.926003,58.724968,23.776
6633,2021-10-04 09:00:00+00:00,32.226,62.01438,24.026
6634,2021-10-04 10:00:00+00:00,31.376,65.8626,24.226
6635,2021-10-04 11:00:00+00:00,30.325998,71.20041,24.526
6636,2021-10-04 12:00:00+00:00,29.976,71.99571,24.376
6637,2021-10-04 13:00:00+00:00,28.776,78.55691,24.675999
6638,2021-10-04 14:00:00+00:00,28.226,82.819756,25.026
6639,2021-10-04 15:00:00+00:00,27.776,85.784836,25.175999
6640,2021-10-04 16:00:00+00:00,27.325998,88.599045,25.276
6641,2021-10-04 17:00:00+00:00,27.276,89.12376,25.325998
6642,2021-10-04 18:00:00+00:00,27.575998,86.27807,25.075998
6643,2021-10-04 19:00:00+00:00,27.175999,88.587074,25.126
6644,2021-10-04 20:00:00+00:00,26.325998,93.6874,25.226
6645,2021-10-04 21:00:00+00:00,26.276,95.65546,25.526
6646,2021-10-04 22:00:00+00:00,25.726,98.52706,25.476
6647,2021-10-04 23:00:00+00:00,25.825998,97.65415,25.425999
6648,2021-10-05 00:00:00+00:00,26.075998,95.933945,25.376
6649,2021-10-05 01:00:00+00:00,26.575998,92.59118,25.276
6650,2021-10-05 02:00:00+00:00,28.075998,82.802376,24.876
6651,2021-10-05 03:00:00+00:00,29.526,75.90025,24.825998
6652,2021-10-05 04:00:00+00:00,30.026,75.97754,25.325998
6653,2021-10-05 05:00:00+00:00,29.026,82.42198,25.726
6654,2021-10-05 06:00:00+00:00,30.376,70.99666,24.526
6655,2021-10-05 07:00:00+00:00,28.925999,82.90053,25.726
6656,2021-10-05 08:00:00+00:00,28.925999,82.65505,25.675999
6657,2021-10-05 09:00:00+00:00,29.476,75.89251,24.776
6658,2021-10-05 10:00:00+00:00,27.476,87.04329,25.126
6659,2021-10-05 11:00:00+00:00,28.026,84.79452,25.226
6660,2021-10-05 12:00:00+00:00,26.776,89.35182,24.876
6661,2021-10-05 13:00:00+00:00,26.476,90.94485,24.876
6662,2021-10-05 14:00:00+00:00,25.776,93.94258,24.726
6663,2021-10-05 15:00:00+00:00,25.925999,92.5566,24.626
6664,2021-10-05 16:00:00+00:00,25.876,93.946945,24.825998
6665,2021-10-05 17:00:00+00:00,25.575998,93.93383,24.526
6666,2021-10-05 18:00:00+00:00,25.026,95.044,24.175999
6667,2021-10-05 19:00:00+00:00,24.925999,97.05588,24.425999
6668,2021-10-05 20:00:00+00:00,25.126,95.90563,24.425999
6669,2021-10-05 21:00:00+00:00,25.276,94.48533,24.325998
6670,2021-10-05 22:00:00+00:00,24.726,95.31922,23.925999
6671,2021-10-05 23:00:00+00:00,24.675999,97.341965,24.226
6672,2021-10-06 00:00:00+00:00,25.575998,94.49734,24.626
6673,2021-10-06 01:00:00+00:00,25.575998,94.49734,24.626
6674,2021-10-06 02:00:00+00:00,26.425999,91.21346,24.876
6675,2021-10-06 03:00:00+00:00,27.776,85.784836,25.175999
6676,2021-10-06 04:00:00+00:00,29.026,81.93448,25.626
6677,2021-10-06 05:00:00+00:00,30.776,74.974915,25.825998
6678,2021-10-06 06:00:00+00:00,31.126,68.42621,24.626
6679,2021-10-06 07:00:00+00:00,31.126,66.806786,24.226
6680,2021-10-06 08:00:00+00:00,31.226,66.02998,24.126
6681,2021-10-06 09:00:00+00:00,31.026,66.98753,24.175999
6682,2021-10-06 10:00:00+00:00,30.575998,69.5608,24.376
6683,2021-10-06 11:00:00+00:00,29.626,74.12304,24.526
6684,2021-10-06 12:00:00+00:00,29.175999,75.61927,24.425999
6685,2021-10-06 13:00:00+00:00,28.026,82.79656,24.825998
6686,2021-10-06 14:00:00+00:00,27.626,85.51488,24.976
6687,2021-10-06 15:00:00+00:00,27.126,87.53288,24.876
6688,2021-10-06 16:00:00+00:00,26.325998,91.47991,24.825998
6689,2021-10-06 17:00:00+00:00,25.876,93.946945,24.825998
6690,2021-10-06 18:00:00+00:00,25.925999,94.22984,24.925999
6691,2021-10-06 19:00:00+00:00,25.726,94.50332,24.776
6692,2021-10-06 20:00:00+00:00,24.925999,96.7657,24.376
6693,2021-10-06 21:00:00+00:00,24.726,96.47107,24.126
6694,2021-10-06 22:00:00+00:00,24.626,96.46847,24.026
6695,2021-10-06 23:00:00+00:00,24.626,97.34096,24.175999
6696,2021-10-07 00:00:00+00:00,25.276,96.48527,24.675999
6697,2021-10-07 01:00:00+00:00,25.825998,94.5073,24.876
6698,2021-10-07 02:00:00+00:00,26.776,88.819984,24.776
6699,2021-10-07 03:00:00+00:00,27.925999,83.779335,24.925999
6700,2021-10-07 04:00:00+00:00,29.626,78.20987,25.425999
6701,2021-10-07 05:00:00+00:00,30.726,75.4125,25.876
6702,2021-10-07 06:00:00+00:00,31.626,73.142365,26.226
6703,2021-10-07 07:00:00+00:00,32.076,71.93451,26.376
6704,2021-10-07 08:00:00+00:00,31.376,71.812256,25.675999
6705,2021-10-07 09:00:00+00:00,31.626,68.931076,25.226
6706,2021-10-07 10:00:00+00:00,30.726,72.3417,25.175999
6707,2021-10-07 11:00:00+00:00,29.976,76.19613,25.325998
6708,2021-10-07 12:00:00+00:00,29.425999,77.717316,25.126
6709,2021-10-07 13:00:00+00:00,28.325998,83.32601,25.226
6710,2021-10-07 14:00:00+00:00,27.825998,86.30169,25.325998
6711,2021-10-07 15:00:00+00:00,27.675999,87.841,25.476
6712,2021-10-07 16:00:00+00:00,27.175999,89.11614,25.226
6713,2021-10-07 17:00:00+00:00,26.876,89.893555,25.075998
6714,2021-10-07 18:00:00+00:00,26.425999,92.30782,25.075998
6715,2021-10-07 19:00:00+00:00,25.325998,96.77518,24.776
6716,2021-10-07 20:00:00+00:00,24.825998,97.92951,24.476
6717,2021-10-07 21:00:00+00:00,24.526,97.04719,24.026
6718,2021-10-07 22:00:00+00:00,24.325998,95.88159,23.626
6719,2021-10-07 23:00:00+00:00,24.226,95.87855,23.526
6720,2021-10-08 00:00:00+00:00,24.075998,93.30102,22.925999
6721,2021-10-08 01:00:00+00:00,24.726,91.38206,23.226
6722,2021-10-08 02:00:00+00:00,26.026,87.17432,23.726
6723,2021-10-08 03:00:00+00:00,27.776,78.88912,23.776
6724,2021-10-08 04:00:00+00:00,29.476,71.90796,23.876
6725,2021-10-08 05:00:00+00:00,30.876,67.36095,24.126
6726,2021-10-08 06:00:00+00:00,31.726,63.98742,24.075998
6727,2021-10-08 07:00:00+00:00,32.026,62.53196,23.976
6728,2021-10-08 08:00:00+00:00,32.076,62.730854,24.075998
6729,2021-10-08 09:00:00+00:00,32.026,65.40585,24.726
6730,2021-10-08 10:00:00+00:00,30.026,73.527405,24.776
6731,2021-10-08 11:00:00+00:00,29.026,79.53461,25.126
6732,2021-10-08 12:00:00+00:00,29.976,75.74412,25.226
6733,2021-10-08 13:00:00+00:00,28.425999,87.90411,26.226
6734,2021-10-08 14:00:00+00:00,28.425999,84.83593,25.626
6735,2021-10-08 15:00:00+00:00,27.476,91.54924,25.976
6736,2021-10-08 16:00:00+00:00,27.325998,94.56651,26.376
6737,2021-10-08 17:00:00+00:00,27.075998,95.963425,26.376
6738,2021-10-08 18:00:00+00:00,26.876,97.09769,26.376
6739,2021-10-08 19:00:00+00:00,26.425999,97.95379,26.075998
6740,2021-10-08 20:00:00+00:00,26.526,95.097725,25.675999
6741,2021-10-08 21:00:00+00:00,26.075998,93.118866,24.876
6742,2021-10-08 22:00:00+00:00,25.976,92.28303,24.626
6743,2021-10-08 23:00:00+00:00,25.726,91.9932,24.325998
6744,2021-10-09 00:00:00+00:00,25.675999,90.62075,24.026
6745,2021-10-09 01:00:00+00:00,25.726,89.00469,23.776
6746,2021-10-09 02:00:00+00:00,26.825998,85.94895,24.276
6747,2021-10-09 03:00:00+00:00,28.325998,78.024055,24.126
6748,2021-10-09 04:00:00+00:00,29.976,69.65769,23.825998
6749,2021-10-09 05:00:00+00:00,31.425999,63.540462,23.675999
6750,2021-10-09 06:00:00+00:00,32.576,60.983738,24.075998
6751,2021-10-09 07:00:00+00:00,33.526,58.336124,24.226
6752,2021-10-09 08:00:00+00:00,33.976,57.400406,24.376
6753,2021-10-09 09:00:00+00:00,31.276,71.36962,25.476
6754,2021-10-09 10:00:00+00:00,31.276,68.65963,24.825998
6755,2021-10-09 11:00:00+00:00,30.175999,73.772156,24.976
6756,2021-10-09 12:00:00+00:00,31.276,66.43733,24.276
6757,2021-10-09 13:00:00+00:00,29.075998,76.05783,24.425999
6758,2021-10-09 14:00:00+00:00,27.776,86.04057,25.226
6759,2021-10-09 15:00:00+00:00,26.876,93.15824,25.675999
6760,2021-10-09 16:00:00+00:00,26.626,94.53899,25.675999
6761,2021-10-09 17:00:00+00:00,26.376,96.227745,25.726
6762,2021-10-09 18:00:00+00:00,26.325998,96.22639,25.675999
6763,2021-10-09 19:00:00+00:00,26.425999,94.81229,25.526
6764,2021-10-09 20:00:00+00:00,26.226,92.57257,24.925999
6765,2021-10-09 21:00:00+00:00,26.276,90.38992,24.575998
6766,2021-10-09 22:00:00+00:00,25.976,90.64069,24.325998
6767,2021-10-09 23:00:00+00:00,26.126,89.57113,24.276
6768,2021-10-10 00:00:00+00:00,26.126,90.37971,24.425999
6769,2021-10-10 01:00:00+00:00,26.675999,88.28272,24.575998
6770,2021-10-10 02:00:00+00:00,27.925999,82.784966,24.726
6771,2021-10-10 03:00:00+00:00,29.476,72.55905,24.026
6772,2021-10-10 04:00:00+00:00,30.476,67.48486,23.776
6773,2021-10-10 05:00:00+00:00,31.776,63.42413,23.976
6774,2021-10-10 06:00:00+00:00,32.126,62.93014,24.175999
6775,2021-10-10 07:00:00+00:00,32.276,62.96236,24.325998
6776,2021-10-10 08:00:00+00:00,31.026,66.98753,24.175999
6777,2021-10-10 09:00:00+00:00,30.575998,70.18827,24.526
6778,2021-10-10 10:00:00+00:00,31.776,66.141106,24.675999
6779,2021-10-10 11:00:00+00:00,31.726,65.14901,24.376
6780,2021-10-10 12:00:00+00:00,29.526,76.12712,24.876
6781,2021-10-10 13:00:00+00:00,28.276,82.33328,24.976
6782,2021-10-10 14:00:00+00:00,27.675999,86.54477,25.226
6783,2021-10-10 15:00:00+00:00,26.976,92.337975,25.626
6784,2021-10-10 16:00:00+00:00,26.726,94.54293,25.776
6785,2021-10-10 17:00:00+00:00,26.425999,95.376816,25.626
6786,2021-10-10 18:00:00+00:00,26.276,92.29957,24.925999
6787,2021-10-10 19:00:00+00:00,25.626,93.37564,24.476
6788,2021-10-10 20:00:00+00:00,25.526,93.650856,24.425999
6789,2021-10-10 21:00:00+00:00,25.526,94.49531,24.575998
6790,2021-10-10 22:00:00+00:00,25.126,97.06021,24.626
6791,2021-10-10 23:00:00+00:00,25.226,97.35269,24.776
6792,2021-10-11 00:00:00+00:00,25.925999,95.07633,25.075998
6793,2021-10-11 01:00:00+00:00,26.825998,89.89002,25.026
6794,2021-10-11 02:00:00+00:00,28.376,82.34513,25.075998
6795,2021-10-11 03:00:00+00:00,29.726,74.80699,24.776
6796,2021-10-11 04:00:00+00:00,30.976,67.785736,24.325998
6797,2021-10-11 05:00:00+00:00,31.925999,64.995476,24.526
6798,2021-10-11 06:00:00+00:00,31.825998,63.054813,23.925999
6799,2021-10-11 07:00:00+00:00,29.626,77.05534,25.175999
6800,2021-10-11 08:00:00+00:00,31.976,65.20045,24.626
6801,2021-10-11 09:00:00+00:00,32.576,62.83855,24.575998
6802,2021-10-11 10:00:00+00:00,31.626,63.774406,23.925999
6803,2021-10-11 11:00:00+00:00,29.526,75.22322,24.675999
6804,2021-10-11 12:00:00+00:00,29.526,82.72472,26.276
6805,2021-10-11 13:00:00+00:00,27.476,88.08568,25.325998
6806,2021-10-11 14:00:00+00:00,26.925999,90.70352,25.276
6807,2021-10-11 15:00:00+00:00,26.675999,92.32155,25.325998
6808,2021-10-11 16:00:00+00:00,26.626,91.770935,25.175999
6809,2021-10-11 17:00:00+00:00,26.526,90.94806,24.925999
6810,2021-10-11 18:00:00+00:00,26.175999,92.846504,24.925999
6811,2021-10-11 19:00:00+00:00,25.925999,93.66918,24.825998
6812,2021-10-11 20:00:00+00:00,25.476,95.63005,24.726
6813,2021-10-11 21:00:00+00:00,25.175999,94.48136,24.226
6814,2021-10-11 22:00:00+00:00,24.825998,93.61867,23.726
6815,2021-10-11 23:00:00+00:00,24.325998,95.88159,23.626
6816,2021-10-12 00:00:00+00:00,24.675999,95.03135,23.825998
6817,2021-10-12 01:00:00+00:00,25.776,90.08495,24.026
6818,2021-10-12 02:00:00+00:00,28.075998,80.604675,24.425999
6819,2021-10-12 03:00:00+00:00,29.976,72.64515,24.526
6820,2021-10-12 04:00:00+00:00,31.726,63.41346,23.925999
6821,2021-10-12 05:00:00+00:00,32.876,55.271053,22.726
6822,2021-10-12 06:00:00+00:00,33.226,52.413067,22.175999
6823,2021-10-12 07:00:00+00:00,33.476,51.99903,22.276
6824,2021-10-12 08:00:00+00:00,32.776,54.912422,22.526
6825,2021-10-12 09:00:00+00:00,31.626,63.201717,23.776
6826,2021-10-12 10:00:00+00:00,31.925999,60.4728,23.325998
6827,2021-10-12 11:00:00+00:00,31.776,60.256653,23.126
6828,2021-10-12 12:00:00+00:00,30.075998,73.535774,24.825998
6829,2021-10-12 13:00:00+00:00,28.575998,78.29407,24.425999
6830,2021-10-12 14:00:00+00:00,27.876,83.52418,24.825998
6831,2021-10-12 15:00:00+00:00,27.425999,86.52153,24.976
6832,2021-10-12 16:00:00+00:00,27.075998,88.843445,25.075998
6833,2021-10-12 17:00:00+00:00,27.026,87.26318,24.726
6834,2021-10-12 18:00:00+00:00,26.425999,84.62723,23.626
6835,2021-10-12 19:00:00+00:00,25.575998,88.458405,23.526
6836,2021-10-12 20:00:00+00:00,25.075998,92.51103,23.776
6837,2021-10-12 21:00:00+00:00,24.876,93.05913,23.675999
6838,2021-10-12 22:00:00+00:00,24.575998,94.74211,23.675999
6839,2021-10-12 23:00:00+00:00,24.575998,92.20515,23.226
6840,2021-10-13 00:00:00+00:00,24.925999,89.21205,23.026
6841,2021-10-13 01:00:00+00:00,25.675999,86.35725,23.226
6842,2021-10-13 02:00:00+00:00,27.226,80.25229,23.526
6843,2021-10-13 03:00:00+00:00,28.925999,72.463936,23.476
6844,2021-10-13 04:00:00+00:00,30.726,64.35662,23.226
6845,2021-10-13 05:00:00+00:00,32.076,57.999004,22.776
6846,2021-10-13 06:00:00+00:00,32.826,54.261173,22.376
6847,2021-10-13 07:00:00+00:00,33.376,52.93108,22.476
6848,2021-10-13 08:00:00+00:00,34.026,52.45371,22.925999
6849,2021-10-13 09:00:00+00:00,33.426003,54.904007,23.126
6850,2021-10-13 10:00:00+00:00,32.276,58.574844,23.126
6851,2021-10-13 11:00:00+00:00,31.575998,58.947105,22.575998
6852,2021-10-13 12:00:00+00:00,30.226,70.12388,24.175999
6853,2021-10-13 13:00:00+00:00,28.626,79.24344,24.675999
6854,2021-10-13 14:00:00+00:00,27.675999,87.061226,25.325998
6855,2021-10-13 15:00:00+00:00,27.226,90.45426,25.526
6856,2021-10-13 16:00:00+00:00,27.026,91.522224,25.526
6857,2021-10-13 17:00:00+00:00,26.526,94.53504,25.575998
6858,2021-10-13 18:00:00+00:00,26.226,93.96222,25.175999
6859,2021-10-13 19:00:00+00:00,26.175999,90.11299,24.425999
6860,2021-10-13 20:00:00+00:00,25.575998,90.0709,23.825998
6861,2021-10-13 21:00:00+00:00,25.276,89.77869,23.476
6862,2021-10-13 22:00:00+00:00,24.976,90.30088,23.276
6863,2021-10-13 23:00:00+00:00,24.876,90.56723,23.226
6864,2021-10-14 00:00:00+00:00,25.175999,93.916245,24.126
6865,2021-10-14 01:00:00+00:00,25.726,91.16958,24.175999
6866,2021-10-14 02:00:00+00:00,27.675999,82.7559,24.476
6867,2021-10-14 03:00:00+00:00,29.726,73.47716,24.476
6868,2021-10-14 04:00:00+00:00,31.675999,63.78503,23.976
6869,2021-10-14 05:00:00+00:00,32.776,61.02817,24.276
6870,2021-10-14 06:00:00+00:00,33.576,58.17305,24.226
6871,2021-10-14 07:00:00+00:00,33.826,56.003593,23.825998
6872,2021-10-14 08:00:00+00:00,34.176003,53.451225,23.376
6873,2021-10-14 09:00:00+00:00,33.726,54.15304,23.175999
6874,2021-10-14 10:00:00+00:00,31.325998,70.32559,25.276
6875,2021-10-14 11:00:00+00:00,31.476,68.49321,24.976
6876,2021-10-14 12:00:00+00:00,30.526,82.35558,27.175999
6877,2021-10-14 13:00:00+00:00,29.126,83.16932,25.976
6878,2021-10-14 14:00:00+00:00,28.526,85.09815,25.776
6879,2021-10-14 15:00:00+00:00,28.126,86.074104,25.575998
6880,2021-10-14 16:00:00+00:00,27.776,87.58902,25.526
6881,2021-10-14 17:00:00+00:00,27.575998,89.14658,25.626
6882,2021-10-14 18:00:00+00:00,27.126,91.52824,25.626
6883,2021-10-14 19:00:00+00:00,26.876,91.78555,25.425999
6884,2021-10-14 20:00:00+00:00,27.175999,89.91491,25.376
6885,2021-10-14 21:00:00+00:00,26.825998,92.055855,25.425999
6886,2021-10-14 22:00:00+00:00,26.526,93.4184,25.376
6887,2021-10-14 23:00:00+00:00,26.276,93.12872,25.075998
6888,2021-10-15 00:00:00+00:00,25.976,92.55925,24.675999
6889,2021-10-15 01:00:00+00:00,26.825998,87.506836,24.575998
6890,2021-10-15 02:00:00+00:00,28.325998,80.8782,24.726
6891,2021-10-15 03:00:00+00:00,30.476,71.014626,24.626
6892,2021-10-15 04:00:00+00:00,32.276,60.73393,23.726
6893,2021-10-15 05:00:00+00:00,33.376,52.770477,22.425999
6894,2021-10-15 06:00:00+00:00,34.176003,51.39009,22.726
6895,2021-10-15 07:00:00+00:00,34.876,48.683952,22.476
6896,2021-10-15 08:00:00+00:00,34.476,49.02648,22.226
6897,2021-10-15 09:00:00+00:00,33.076,55.823936,23.075998
6898,2021-10-15 10:00:00+00:00,31.526,66.68659,24.575998
6899,2021-10-15 11:00:00+00:00,31.575998,63.76383,23.876
6900,2021-10-15 12:00:00+00:00,30.675999,68.54507,24.226
6901,2021-10-15 13:00:00+00:00,29.526,74.77481,24.575998
6902,2021-10-15 14:00:00+00:00,28.626,79.00695,24.626
6903,2021-10-15 15:00:00+00:00,28.175999,81.34396,24.675999
6904,2021-10-15 16:00:00+00:00,27.876,82.5321,24.626
6905,2021-10-15 17:00:00+00:00,27.526,83.98604,24.575998
6906,2021-10-15 18:00:00+00:00,26.776,87.764595,24.575998
6907,2021-10-15 19:00:00+00:00,26.325998,90.12345,24.575998
6908,2021-10-15 20:00:00+00:00,26.376,86.68335,23.976
6909,2021-10-15 21:00:00+00:00,25.976,87.69612,23.776
6910,2021-10-15 22:00:00+00:00,25.376,91.147514,23.825998
6911,2021-10-15 23:00:00+00:00,25.976,86.646324,23.575998
6912,2021-10-16 00:00:00+00:00,26.325998,84.10791,23.425999
6913,2021-10-16 01:00:00+00:00,26.476,84.37801,23.626
6914,2021-10-16 02:00:00+00:00,28.075998,78.22282,23.925999
6915,2021-10-16 03:00:00+00:00,29.825998,71.11078,24.026
6916,2021-10-16 04:00:00+00:00,31.425999,64.697426,23.976
6917,2021-10-16 05:00:00+00:00,32.776,59.58009,23.876
6918,2021-10-16 06:00:00+00:00,33.526,56.780342,23.776
6919,2021-10-16 07:00:00+00:00,34.276,55.10976,23.976
6920,2021-10-16 08:00:00+00:00,34.676003,52.774246,23.626
6921,2021-10-16 09:00:00+00:00,29.726,78.45667,25.575998
6922,2021-10-16 10:00:00+00:00,30.175999,74.879166,25.226
6923,2021-10-16 11:00:00+00:00,29.925999,75.962135,25.226
6924,2021-10-16 12:00:00+00:00,30.325998,75.349655,25.476
6925,2021-10-16 13:00:00+00:00,29.175999,81.468056,25.675999
6926,2021-10-16 14:00:00+00:00,28.675999,85.11339,25.925999
6927,2021-10-16 15:00:00+00:00,28.226,85.32065,25.526
6928,2021-10-16 16:00:00+00:00,27.726,86.292244,25.226
6929,2021-10-16 17:00:00+00:00,27.425999,89.932625,25.626
6930,2021-10-16 18:00:00+00:00,27.276,91.808914,25.825998
6931,2021-10-16 19:00:00+00:00,27.175999,91.803085,25.726
6932,2021-10-16 20:00:00+00:00,26.575998,95.0995,25.726
6933,2021-10-16 21:00:00+00:00,26.075998,97.369194,25.626
6934,2021-10-16 22:00:00+00:00,26.425999,95.09418,25.575998
6935,2021-10-16 23:00:00+00:00,25.675999,98.23411,25.376
6936,2021-10-17 00:00:00+00:00,26.575998,90.95128,24.976
6937,2021-10-17 01:00:00+00:00,26.626,91.770935,25.175999
6938,2021-10-17 02:00:00+00:00,27.925999,85.544655,25.276
6939,2021-10-17 03:00:00+00:00,29.376,79.11014,25.376
6940,2021-10-17 04:00:00+00:00,31.175999,71.351875,25.376
6941,2021-10-17 05:00:00+00:00,32.476,67.07412,25.575998
6942,2021-10-17 06:00:00+00:00,33.276,63.1763,25.325998
6943,2021-10-17 07:00:00+00:00,33.476,62.286343,25.276
6944,2021-10-17 08:00:00+00:00,32.326,66.251785,25.226
6945,2021-10-17 09:00:00+00:00,30.175999,76.45338,25.575998
6946,2021-10-17 10:00:00+00:00,31.026,73.693886,25.776
6947,2021-10-17 11:00:00+00:00,30.476,75.14987,25.575998
6948,2021-10-17 12:00:00+00:00,29.726,80.10175,25.925999
6949,2021-10-17 13:00:00+00:00,28.325998,89.203354,26.376
6950,2021-10-17 14:00:00+00:00,28.425999,87.90411,26.226
6951,2021-10-17 15:00:00+00:00,28.026,90.2411,26.276
6952,2021-10-17 16:00:00+00:00,28.376,85.58912,25.726
6953,2021-10-17 17:00:00+00:00,27.726,91.29406,26.175999
6954,2021-10-17 18:00:00+00:00,27.575998,91.284836,26.026
6955,2021-10-17 19:00:00+00:00,27.726,89.68786,25.876
6956,2021-10-17 20:00:00+00:00,27.126,92.62023,25.825998
6957,2021-10-17 21:00:00+00:00,26.976,91.79143,25.526
6958,2021-10-17 22:00:00+00:00,26.626,92.04452,25.226
6959,2021-10-17 23:00:00+00:00,26.526,92.588524,25.226
6960,2021-10-18 00:00:00+00:00,26.726,95.38685,25.925999
6961,2021-10-18 01:00:00+00:00,27.276,89.65521,25.425999
6962,2021-10-18 02:00:00+00:00,28.925999,79.284424,24.976
6963,2021-10-18 03:00:00+00:00,30.575998,67.504524,23.876
6964,2021-10-18 04:00:00+00:00,31.876,61.380527,23.526
6965,2021-10-18 05:00:00+00:00,33.076,55.65533,23.026
6966,2021-10-18 06:00:00+00:00,33.926003,51.796677,22.626
6967,2021-10-18 07:00:00+00:00,34.776,48.9548,22.476
6968,2021-10-18 08:00:00+00:00,34.926003,48.69685,22.526
6969,2021-10-18 09:00:00+00:00,34.826,48.376,22.325998
6970,2021-10-18 10:00:00+00:00,34.476,48.432755,22.026
6971,2021-10-18 11:00:00+00:00,33.926003,52.587837,22.876
6972,2021-10-18 12:00:00+00:00,31.476,66.676636,24.526
6973,2021-10-18 13:00:00+00:00,29.925999,73.95119,24.776
6974,2021-10-18 14:00:00+00:00,29.276,75.18354,24.425999
6975,2021-10-18 15:00:00+00:00,29.026,77.19646,24.626
6976,2021-10-18 16:00:00+00:00,28.776,74.429474,23.776
6977,2021-10-18 17:00:00+00:00,28.376,73.91645,23.276
6978,2021-10-18 18:00:00+00:00,27.976,77.27265,23.626
6979,2021-10-18 19:00:00+00:00,27.626,79.58368,23.776
6980,2021-10-18 20:00:00+00:00,27.126,80.968124,23.575998
6981,2021-10-18 21:00:00+00:00,26.876,81.42616,23.425999
6982,2021-10-18 22:00:00+00:00,26.575998,82.12981,23.276
6983,2021-10-18 23:00:00+00:00,26.075998,83.82697,23.126
6984,2021-10-19 00:00:00+00:00,25.675999,89.53796,23.825998
6985,2021-10-19 01:00:00+00:00,26.825998,81.66595,23.425999
6986,2021-10-19 02:00:00+00:00,28.925999,71.378624,23.226
6987,2021-10-19 03:00:00+00:00,31.226,59.768116,22.476
6988,2021-10-19 04:00:00+00:00,32.676003,52.917984,21.825998
6989,2021-10-19 05:00:00+00:00,33.826,48.412155,21.425999
6990,2021-10-19 06:00:00+00:00,34.576,44.34008,20.675999
6991,2021-10-19 07:00:00+00:00,35.126,42.349953,20.425999
6992,2021-10-19 08:00:00+00:00,35.526,41.808773,20.575998
6993,2021-10-19 09:00:00+00:00,35.676003,40.703636,20.276
6994,2021-10-19 10:00:00+00:00,35.276,40.84771,19.976
6995,2021-10-19 11:00:00+00:00,32.076,58.35155,22.876
6996,2021-10-19 12:00:00+00:00,30.425999,66.667015,23.526
6997,2021-10-19 13:00:00+00:00,29.626,71.07481,23.825998
6998,2021-10-19 14:00:00+00:00,28.776,76.69841,24.276
6999,2021-10-19 15:00:00+00:00,28.026,84.54248,25.175999
7000,2021-10-19 16:00:00+00:00,27.876,85.53969,25.226
7001,2021-10-19 17:00:00+00:00,27.626,85.77018,25.026
7002,2021-10-19 18:00:00+00:00,27.476,88.08568,25.325998
7003,2021-10-19 19:00:00+00:00,27.726,85.77994,25.126
7004,2021-10-19 20:00:00+00:00,27.526,85.7604,24.925999
7005,2021-10-19 21:00:00+00:00,27.575998,85.255196,24.876
7006,2021-10-19 22:00:00+00:00,27.126,89.377975,25.226
7007,2021-10-19 23:00:00+00:00,26.325998,94.808495,25.425999
7008,2021-10-20 00:00:00+00:00,26.675999,93.42551,25.526
7009,2021-10-20 01:00:00+00:00,27.675999,87.841,25.476
7010,2021-10-20 02:00:00+00:00,29.226,80.75229,25.575998
7011,2021-10-20 03:00:00+00:00,30.976,68.8079,24.575998
7012,2021-10-20 04:00:00+00:00,31.175999,66.616745,24.226
7013,2021-10-20 05:00:00+00:00,31.976,64.618,24.476
7014,2021-10-20 06:00:00+00:00,33.326,61.33282,24.876
7015,2021-10-20 07:00:00+00:00,30.126,71.16458,24.325998
7016,2021-10-20 08:00:00+00:00,31.376,66.45739,24.376
7017,2021-10-20 09:00:00+00:00,32.876,56.45522,23.075998
7018,2021-10-20 10:00:00+00:00,31.526,64.71819,24.075998
7019,2021-10-20 11:00:00+00:00,30.476,70.59115,24.526
7020,2021-10-20 12:00:00+00:00,30.075998,73.31656,24.776
7021,2021-10-20 13:00:00+00:00,28.726,83.12392,25.575998
7022,2021-10-20 14:00:00+00:00,28.325998,87.37739,26.026
7023,2021-10-20 15:00:00+00:00,27.626,91.82923,26.175999
7024,2021-10-20 16:00:00+00:00,27.425999,92.3625,26.075998
7025,2021-10-20 17:00:00+00:00,26.726,95.10483,25.876
7026,2021-10-20 18:00:00+00:00,24.876,95.03858,24.026
7027,2021-10-20 19:00:00+00:00,24.976,93.06413,23.776
7028,2021-10-20 20:00:00+00:00,24.626,98.22033,24.325998
7029,2021-10-20 21:00:00+00:00,24.726,96.18196,24.075998
7030,2021-10-20 22:00:00+00:00,25.175999,95.334595,24.376
7031,2021-10-20 23:00:00+00:00,25.075998,97.05912,24.575998
7032,2021-10-21 00:00:00+00:00,25.626,98.23345,25.325998
7033,2021-10-21 01:00:00+00:00,26.575998,94.53702,25.626
7034,2021-10-21 02:00:00+00:00,28.526,83.3485,25.425999
7035,2021-10-21 03:00:00+00:00,30.126,74.20504,25.026
7036,2021-10-21 04:00:00+00:00,31.325998,67.24792,24.526
7037,2021-10-21 05:00:00+00:00,32.376,60.93924,23.876
7038,2021-10-21 06:00:00+00:00,32.826,60.492783,24.175999
7039,2021-10-21 07:00:00+00:00,33.126,62.39624,24.976
7040,2021-10-21 08:00:00+00:00,32.876,62.902985,24.876
7041,2021-10-21 09:00:00+00:00,32.626,62.287853,24.476
7042,2021-10-21 10:00:00+00:00,30.726,66.727,23.825998
7043,2021-10-21 11:00:00+00:00,30.175999,69.27752,23.925999
7044,2021-10-21 12:00:00+00:00,29.825998,74.82307,24.876
7045,2021-10-21 13:00:00+00:00,28.825998,81.42475,25.325998
7046,2021-10-21 14:00:00+00:00,28.126,86.84359,25.726
7047,2021-10-21 15:00:00+00:00,28.226,86.85266,25.825998
7048,2021-10-21 16:00:00+00:00,27.075998,89.64068,25.226
7049,2021-10-21 17:00:00+00:00,26.026,95.93245,25.325998
7050,2021-10-21 18:00:00+00:00,25.026,94.1921,24.026
7051,2021-10-21 19:00:00+00:00,24.526,97.63156,24.126
7052,2021-10-21 20:00:00+00:00,24.425999,98.80871,24.226
7053,2021-10-21 21:00:00+00:00,24.325998,98.807816,24.126
7054,2021-10-21 22:00:00+00:00,24.226,98.5106,23.976
7055,2021-10-21 23:00:00+00:00,23.825998,97.61926,23.425999
7056,2021-10-22 00:00:00+00:00,25.726,96.20981,25.075998
7057,2021-10-22 01:00:00+00:00,26.526,89.86861,24.726
7058,2021-10-22 02:00:00+00:00,27.825998,79.37188,23.925999
7059,2021-10-22 03:00:00+00:00,29.526,72.350136,24.026
7060,2021-10-22 04:00:00+00:00,30.575998,66.09698,23.526
7061,2021-10-22 05:00:00+00:00,31.026,64.41958,23.526
7062,2021-10-22 06:00:00+00:00,31.825998,63.244556,23.976
7063,2021-10-22 07:00:00+00:00,32.526,61.524067,24.175999
7064,2021-10-22 08:00:00+00:00,32.876,61.05037,24.376
7065,2021-10-22 09:00:00+00:00,32.926003,59.43541,23.976
7066,2021-10-22 10:00:00+00:00,31.325998,62.00412,23.175999
7067,2021-10-22 11:00:00+00:00,30.726,62.24886,22.675999
7068,2021-10-22 12:00:00+00:00,29.876,72.84568,24.476
7069,2021-10-22 13:00:00+00:00,28.626,80.43524,24.925999
7070,2021-10-22 14:00:00+00:00,28.075998,84.296455,25.175999
7071,2021-10-22 15:00:00+00:00,27.976,85.04209,25.226
7072,2021-10-22 16:00:00+00:00,27.876,85.03185,25.126
7073,2021-10-22 17:00:00+00:00,27.226,89.38541,25.325998
7074,2021-10-22 18:00:00+00:00,27.175999,88.851265,25.175999
7075,2021-10-22 19:00:00+00:00,25.675999,89.000824,23.726
7076,2021-10-22 20:00:00+00:00,24.825998,93.05663,23.626
7077,2021-10-22 21:00:00+00:00,24.776,94.46527,23.825998
7078,2021-10-22 22:00:00+00:00,24.476,96.17496,23.825998
7079,2021-10-22 23:00:00+00:00,24.325998,95.59318,23.575998
7080,2021-10-23 00:00:00+00:00,24.825998,96.47367,24.226
7081,2021-10-23 01:00:00+00:00,25.575998,92.2609,24.226
7082,2021-10-23 02:00:00+00:00,27.226,83.20139,24.126
7083,2021-10-23 03:00:00+00:00,29.026,75.36948,24.226
7084,2021-10-23 04:00:00+00:00,30.575998,67.504524,23.876
7085,2021-10-23 05:00:00+00:00,31.575998,62.811657,23.626
7086,2021-10-23 06:00:00+00:00,32.076,61.056034,23.626
7087,2021-10-23 07:00:00+00:00,32.776,60.48157,24.126
7088,2021-10-23 08:00:00+00:00,32.376,62.98384,24.425999
7089,2021-10-23 09:00:00+00:00,31.226,65.43793,23.976
7090,2021-10-23 10:00:00+00:00,30.526,66.48643,23.575998
7091,2021-10-23 11:00:00+00:00,29.925999,71.12874,24.126
7092,2021-10-23 12:00:00+00:00,29.276,75.18354,24.425999
7093,2021-10-23 13:00:00+00:00,27.776,82.76752,24.575998
7094,2021-10-23 14:00:00+00:00,27.526,84.48969,24.675999
7095,2021-10-23 15:00:00+00:00,27.675999,80.79515,24.075998
7096,2021-10-23 16:00:00+00:00,25.726,91.16958,24.175999
7097,2021-10-23 17:00:00+00:00,24.376,95.30723,23.575998
7098,2021-10-23 18:00:00+00:00,24.575998,94.17312,23.575998
7099,2021-10-23 19:00:00+00:00,23.876,96.44893,23.276
7100,2021-10-23 20:00:00+00:00,23.776,96.44631,23.175999
7101,2021-10-23 21:00:00+00:00,23.726,96.44501,23.126
7102,2021-10-23 22:00:00+00:00,23.425999,97.61221,23.026
7103,2021-10-23 23:00:00+00:00,23.425999,98.20444,23.126
7104,2021-10-24 00:00:00+00:00,24.175999,98.2144,23.876
7105,2021-10-24 01:00:00+00:00,24.726,95.89363,24.026
7106,2021-10-24 02:00:00+00:00,26.126,87.183235,23.825998
7107,2021-10-24 03:00:00+00:00,27.626,78.15841,23.476
7108,2021-10-24 04:00:00+00:00,29.276,69.94818,23.226
7109,2021-10-24 05:00:00+00:00,30.675999,66.31664,23.675999
7110,2021-10-24 06:00:00+00:00,31.476,63.551094,23.726
7111,2021-10-24 07:00:00+00:00,29.626,69.1737,23.376
7112,2021-10-24 08:00:00+00:00,28.675999,76.224495,24.075998
7113,2021-10-24 09:00:00+00:00,29.026,74.02416,23.925999
7114,2021-10-24 10:00:00+00:00,28.825998,73.7687,23.675999
7115,2021-10-24 11:00:00+00:00,28.425999,74.82212,23.526
7116,2021-10-24 12:00:00+00:00,28.476,75.736824,23.776
7117,2021-10-24 13:00:00+00:00,27.425999,81.98553,24.075998
7118,2021-10-24 14:00:00+00:00,27.026,84.18372,24.126
7119,2021-10-24 15:00:00+00:00,26.626,85.92953,24.075998
7120,2021-10-24 16:00:00+00:00,26.476,86.43269,24.026
7121,2021-10-24 17:00:00+00:00,25.825998,89.28038,23.925999
7122,2021-10-24 18:00:00+00:00,25.476,89.793144,23.675999
7123,2021-10-24 19:00:00+00:00,25.175999,90.58735,23.526
7124,2021-10-24 20:00:00+00:00,25.026,91.40051,23.526
7125,2021-10-24 21:00:00+00:00,24.976,91.673386,23.526
7126,2021-10-24 22:00:00+00:00,24.825998,92.49754,23.526
7127,2021-10-24 23:00:00+00:00,24.425999,95.30897,23.626
7128,2021-10-25 00:00:00+00:00,24.325998,95.88159,23.626
7129,2021-10-25 01:00:00+00:00,24.925999,93.34209,23.776
7130,2021-10-25 02:00:00+00:00,26.825998,84.41539,23.976
7131,2021-10-25 03:00:00+00:00,28.825998,72.22826,23.325998
7132,2021-10-25 04:00:00+00:00,29.925999,64.97248,22.626
7133,2021-10-25 05:00:00+00:00,31.126,58.48557,22.026
7134,2021-10-25 06:00:00+00:00,31.925999,54.03981,21.476
7135,2021-10-25 07:00:00+00:00,31.976,53.886967,21.476
7136,2021-10-25 08:00:00+00:00,31.675999,55.996944,21.825998
7137,2021-10-25 09:00:00+00:00,31.226,56.750217,21.626
7138,2021-10-25 10:00:00+00:00,30.675999,59.279526,21.825998
7139,2021-10-25 11:00:00+00:00,29.726,64.733734,22.376
7140,2021-10-25 12:00:00+00:00,28.925999,68.415085,22.526
7141,2021-10-25 13:00:00+00:00,27.526,74.22427,22.526
7142,2021-10-25 14:00:00+00:00,26.325998,82.099594,23.026
7143,2021-10-25 15:00:00+00:00,25.776,85.07171,23.075998
7144,2021-10-25 16:00:00+00:00,25.526,86.08222,23.026
7145,2021-10-25 17:00:00+00:00,25.175999,88.42592,23.126
7146,2021-10-25 18:00:00+00:00,24.925999,90.025,23.175999
7147,2021-10-25 19:00:00+00:00,24.876,90.56723,23.226
7148,2021-10-25 20:00:00+00:00,26.126,84.086174,23.226
7149,2021-10-25 21:00:00+00:00,25.876,85.85642,23.325998
7150,2021-10-25 22:00:00+00:00,24.325998,94.162506,23.325998
7151,2021-10-25 23:00:00+00:00,24.026,96.45284,23.425999
7152,2021-10-26 00:00:00+00:00,24.575998,92.48405,23.276
7153,2021-10-26 01:00:00+00:00,24.825998,87.33123,22.575998
7154,2021-10-26 02:00:00+00:00,26.126,81.332245,22.675999
7155,2021-10-26 03:00:00+00:00,28.026,71.869415,22.476
7156,2021-10-26 04:00:00+00:00,29.776,63.766872,22.175999
7157,2021-10-26 05:00:00+00:00,31.126,57.952843,21.876
7158,2021-10-26 06:00:00+00:00,31.476,56.120037,21.675999
7159,2021-10-26 07:00:00+00:00,30.976,58.094826,21.776
7160,2021-10-26 08:00:00+00:00,31.226,57.272877,21.776
7161,2021-10-26 09:00:00+00:00,30.925999,57.729153,21.626
7162,2021-10-26 10:00:00+00:00,29.876,58.37261,20.825998
7163,2021-10-26 11:00:00+00:00,28.976,61.295174,20.776
7164,2021-10-26 12:00:00+00:00,27.876,72.501,22.476
7165,2021-10-26 13:00:00+00:00,27.376,74.19949,22.376
7166,2021-10-26 14:00:00+00:00,26.876,75.48474,22.175999
7167,2021-10-26 15:00:00+00:00,26.226,79.15199,22.325998
7168,2021-10-26 16:00:00+00:00,25.476,84.78337,22.726
7169,2021-10-26 17:00:00+00:00,25.175999,88.69359,23.175999
7170,2021-10-26 18:00:00+00:00,26.226,83.59067,23.226
7171,2021-10-26 19:00:00+00:00,24.976,90.30088,23.276
7172,2021-10-26 20:00:00+00:00,24.075998,94.722885,23.175999
7173,2021-10-26 21:00:00+00:00,23.726,96.73695,23.175999
7174,2021-10-26 22:00:00+00:00,23.726,97.02972,23.226
7175,2021-10-26 23:00:00+00:00,23.876,95.29003,23.075998
7176,2021-10-27 00:00:00+00:00,24.526,89.724174,22.726
7177,2021-10-27 01:00:00+00:00,24.925999,86.02413,22.425999
7178,2021-10-27 02:00:00+00:00,26.626,79.68891,22.825998
7179,2021-10-27 03:00:00+00:00,28.675999,69.20323,22.476
7180,2021-10-27 04:00:00+00:00,30.075998,58.599125,21.075998
7181,2021-10-27 05:00:00+00:00,31.175999,53.688763,20.675999
7182,2021-10-27 06:00:00+00:00,31.825998,52.221622,20.825998
7183,2021-10-27 07:00:00+00:00,32.126,49.783607,20.325998
7184,2021-10-27 08:00:00+00:00,31.925999,50.195255,20.276
7185,2021-10-27 09:00:00+00:00,31.425999,52.443214,20.526
7186,2021-10-27 10:00:00+00:00,30.575998,56.42106,20.925999
7187,2021-10-27 11:00:00+00:00,29.526,61.0427,21.226
7188,2021-10-27 12:00:00+00:00,28.476,66.884026,21.726
7189,2021-10-27 13:00:00+00:00,27.626,71.36208,21.976
7190,2021-10-27 14:00:00+00:00,27.376,72.85671,22.075998
7191,2021-10-27 15:00:00+00:00,27.026,73.690735,21.925999
7192,2021-10-27 16:00:00+00:00,26.476,75.19112,21.726
7193,2021-10-27 17:00:00+00:00,25.075998,84.22728,22.226
7194,2021-10-27 18:00:00+00:00,24.776,85.748215,22.226
7195,2021-10-27 19:00:00+00:00,24.776,86.79778,22.425999
7196,2021-10-27 20:00:00+00:00,24.325998,89.70958,22.526
7197,2021-10-27 21:00:00+00:00,24.026,91.616455,22.575998
7198,2021-10-27 22:00:00+00:00,24.075998,90.788704,22.476
7199,2021-10-27 23:00:00+00:00,23.976,90.78209,22.376
7200,2021-10-28 00:00:00+00:00,24.776,85.227615,22.126
7201,2021-10-28 01:00:00+00:00,25.325998,84.76765,22.575998
7202,2021-10-28 02:00:00+00:00,26.626,79.93071,22.876
7203,2021-10-28 03:00:00+00:00,27.925999,71.19896,22.226
7204,2021-10-28 04:00:00+00:00,28.925999,63.002712,21.175999
7205,2021-10-28 05:00:00+00:00,30.276,50.869038,18.976
7206,2021-10-28 06:00:00+00:00,30.976,43.097584,16.976
7207,2021-10-28 07:00:00+00:00,31.026,44.076183,17.376
7208,2021-10-28 08:00:00+00:00,30.825998,47.18075,18.276
7209,2021-10-28 09:00:00+00:00,30.626,52.07945,19.675999
7210,2021-10-28 10:00:00+00:00,30.226,56.163433,20.526
7211,2021-10-28 11:00:00+00:00,29.226,65.821846,22.175999
7212,2021-10-28 12:00:00+00:00,27.976,71.20798,22.276
7213,2021-10-28 13:00:00+00:00,27.526,78.14406,23.376
7214,2021-10-28 14:00:00+00:00,26.976,82.42573,23.726
7215,2021-10-28 15:00:00+00:00,27.476,79.32405,23.575998
7216,2021-10-28 16:00:00+00:00,27.675999,76.5315,23.175999
7217,2021-10-28 17:00:00+00:00,25.026,88.950294,23.075998
7218,2021-10-28 18:00:00+00:00,24.976,91.1222,23.425999
7219,2021-10-28 19:00:00+00:00,24.876,93.903,23.825998
7220,2021-10-28 20:00:00+00:00,24.726,94.74783,23.825998
7221,2021-10-28 21:00:00+00:00,24.526,97.33898,24.075998
7222,2021-10-28 22:00:00+00:00,24.376,97.62894,23.976
7223,2021-10-28 23:00:00+00:00,23.976,99.40077,23.876
7224,2021-10-29 00:00:00+00:00,25.026,95.044,24.175999
7225,2021-10-29 01:00:00+00:00,25.026,95.61568,24.276
7226,2021-10-29 02:00:00+00:00,26.126,89.83994,24.325998
7227,2021-10-29 03:00:00+00:00,25.825998,89.8184,24.026
7228,2021-10-29 04:00:00+00:00,25.925999,87.42826,23.675999
7229,2021-10-29 05:00:00+00:00,28.325998,74.80597,23.425999
7230,2021-10-29 06:00:00+00:00,30.276,68.67452,23.876
7231,2021-10-29 07:00:00+00:00,27.476,79.08536,23.526
7232,2021-10-29 08:00:00+00:00,28.276,78.01685,24.075998
7233,2021-10-29 09:00:00+00:00,27.976,76.11661,23.376
7234,2021-10-29 10:00:00+00:00,26.675999,82.88842,23.526
7235,2021-10-29 11:00:00+00:00,26.276,84.10249,23.376
7236,2021-10-29 12:00:00+00:00,25.026,93.3469,23.876
7237,2021-10-29 13:00:00+00:00,24.976,94.47331,24.026
7238,2021-10-29 14:00:00+00:00,24.226,96.45807,23.626
7239,2021-10-29 15:00:00+00:00,24.325998,96.460686,23.726
7240,2021-10-29 16:00:00+00:00,24.075998,97.33015,23.626
7241,2021-10-29 17:00:00+00:00,23.825998,98.506165,23.575998
7242,2021-10-29 18:00:00+00:00,23.876,98.2104,23.575998
7243,2021-10-29 19:00:00+00:00,23.876,98.506714,23.626
7244,2021-10-29 20:00:00+00:00,24.026,97.622795,23.626
7245,2021-10-29 21:00:00+00:00,24.075998,97.33015,23.626
7246,2021-10-29 22:00:00+00:00,23.976,98.80468,23.776
7247,2021-10-29 23:00:00+00:00,23.976,98.80468,23.776
7248,2021-10-30 00:00:00+00:00,23.726,97.32321,23.276
7249,2021-10-30 01:00:00+00:00,24.126,97.03847,23.626
7250,2021-10-30 02:00:00+00:00,25.075998,92.51103,23.776
7251,2021-10-30 03:00:00+00:00,26.476,85.14344,23.776
7252,2021-10-30 04:00:00+00:00,27.776,80.324455,24.075998
7253,2021-10-30 05:00:00+00:00,28.925999,75.807076,24.226
7254,2021-10-30 06:00:00+00:00,30.276,68.46834,23.825998
7255,2021-10-30 07:00:00+00:00,28.126,76.83101,23.675999
7256,2021-10-30 08:00:00+00:00,29.925999,71.98695,24.325998
7257,2021-10-30 09:00:00+00:00,29.976,69.44848,23.776
7258,2021-10-30 10:00:00+00:00,28.376,75.949455,23.726
7259,2021-10-30 11:00:00+00:00,28.276,76.62275,23.776
7260,2021-10-30 12:00:00+00:00,27.276,81.96734,23.925999
7261,2021-10-30 13:00:00+00:00,26.226,87.98133,24.075998
7262,2021-10-30 14:00:00+00:00,25.575998,91.434235,24.075998
7263,2021-10-30 15:00:00+00:00,24.925999,95.61248,24.175999
7264,2021-10-30 16:00:00+00:00,24.876,95.61086,24.126
7265,2021-10-30 17:00:00+00:00,25.026,95.044,24.175999
7266,2021-10-30 18:00:00+00:00,24.626,96.46847,24.026
7267,2021-10-30 19:00:00+00:00,24.626,96.17918,23.976
7268,2021-10-30 20:00:00+00:00,24.526,96.75616,23.976
7269,2021-10-30 21:00:00+00:00,24.376,96.752556,23.825998
7270,2021-10-30 22:00:00+00:00,24.675999,95.31753,23.876
7271,2021-10-30 23:00:00+00:00,24.526,95.31238,23.726
7272,2021-10-31 00:00:00+00:00,24.526,95.8876,23.825998
7273,2021-10-31 01:00:00+00:00,24.726,95.89363,24.026
7274,2021-10-31 02:00:00+00:00,25.876,92.00179,24.476
7275,2021-10-31 03:00:00+00:00,27.325998,81.97342,23.976
7276,2021-10-31 04:00:00+00:00,29.075998,75.37738,24.276
7277,2021-10-31 05:00:00+00:00,30.075998,70.51833,24.126
7278,2021-10-31 06:00:00+00:00,29.175999,72.2893,23.675999
7279,2021-10-31 07:00:00+00:00,29.376,75.65055,24.626
7280,2021-10-31 08:00:00+00:00,28.575998,74.172935,23.526
7281,2021-10-31 09:00:00+00:00,27.675999,80.31138,23.976
7282,2021-10-31 10:00:00+00:00,28.276,77.78298,24.026
7283,2021-10-31 11:00:00+00:00,28.226,77.07756,23.825998
7284,2021-10-31 12:00:00+00:00,27.126,84.19453,24.226
7285,2021-10-31 13:00:00+00:00,25.876,91.17899,24.325998
7286,2021-10-31 14:00:00+00:00,25.825998,91.175865,24.276
7287,2021-10-31 15:00:00+00:00,24.626,95.60284,23.876
7288,2021-10-31 16:00:00+00:00,24.626,96.46847,24.026
7289,2021-10-31 17:00:00+00:00,24.026,97.622795,23.626
7290,2021-10-31 18:00:00+00:00,24.276,97.334076,23.825998
7291,2021-10-31 19:00:00+00:00,24.425999,96.75378,23.876
7292,2021-10-31 20:00:00+00:00,24.476,97.04611,23.976
7293,2021-10-31 21:00:00+00:00,24.026,97.917206,23.675999
7294,2021-10-31 22:00:00+00:00,24.175999,97.919525,23.825998
7295,2021-10-31 23:00:00+00:00,24.075998,98.805595,23.876
7296,2021-11-01 00:00:00+00:00,23.376,98.50115,23.126
7297,2021-11-01 01:00:00+00:00,23.876,97.91489,23.526
7298,2021-11-01 02:00:00+00:00,24.476,96.17496,23.825998
7299,2021-11-01 03:00:00+00:00,24.626,96.46847,24.026
7300,2021-11-01 04:00:00+00:00,25.026,95.044,24.175999
7301,2021-11-01 05:00:00+00:00,25.226,94.20052,24.226
7302,2021-11-01 06:00:00+00:00,25.925999,91.18217,24.376
7303,2021-11-01 07:00:00+00:00,26.526,88.00652,24.376
7304,2021-11-01 08:00:00+00:00,24.976,93.90741,23.925999
7305,2021-11-01 09:00:00+00:00,26.175999,87.450165,23.925999
7306,2021-11-01 10:00:00+00:00,26.026,86.65097,23.626
7307,2021-11-01 11:00:00+00:00,26.175999,87.18771,23.876
7308,2021-11-01 12:00:00+00:00,25.226,91.13803,23.675999
7309,2021-11-01 13:00:00+00:00,24.825998,93.33727,23.675999
7310,2021-11-01 14:00:00+00:00,24.325998,96.17075,23.675999
7311,2021-11-01 15:00:00+00:00,24.175999,96.74779,23.626
7312,2021-11-01 16:00:00+00:00,23.976,96.742966,23.425999
7313,2021-11-01 17:00:00+00:00,24.126,97.03847,23.626
7314,2021-11-01 18:00:00+00:00,23.476,98.20507,23.175999
7315,2021-11-01 19:00:00+00:00,23.325998,98.798904,23.126
7316,2021-11-01 20:00:00+00:00,23.226,99.09728,23.075998
7317,2021-11-01 21:00:00+00:00,23.325998,99.09797,23.175999
7318,2021-11-01 22:00:00+00:00,23.226,98.79798,23.026
7319,2021-11-01 23:00:00+00:00,23.325998,97.906364,22.976
7320,2021-11-02 00:00:00+00:00,23.126,98.498344,22.876
7321,2021-11-02 01:00:00+00:00,23.325998,97.61043,22.925999
7322,2021-11-02 02:00:00+00:00,23.325998,97.61043,22.925999
7323,2021-11-02 03:00:00+00:00,23.675999,95.57212,22.925999
7324,2021-11-02 04:00:00+00:00,24.226,94.44308,23.276
7325,2021-11-02 05:00:00+00:00,25.075998,88.15061,22.976
7326,2021-11-02 06:00:00+00:00,26.626,82.13582,23.325998
7327,2021-11-02 07:00:00+00:00,27.476,78.8473,23.476
7328,2021-11-02 08:00:00+00:00,26.876,82.16595,23.575998
7329,2021-11-02 09:00:00+00:00,27.376,78.83334,23.376
7330,2021-11-02 10:00:00+00:00,27.526,77.205795,23.175999
7331,2021-11-02 11:00:00+00:00,27.226,78.10092,23.075998
7332,2021-11-02 12:00:00+00:00,27.026,80.955376,23.476
7333,2021-11-02 13:00:00+00:00,26.226,85.89061,23.675999
7334,2021-11-02 14:00:00+00:00,25.876,88.48268,23.825998
7335,2021-11-02 15:00:00+00:00,25.726,89.54166,23.876
7336,2021-11-02 16:00:00+00:00,25.325998,91.970245,23.925999
7337,2021-11-02 17:00:00+00:00,25.126,92.23586,23.776
7338,2021-11-02 18:00:00+00:00,24.575998,94.74211,23.675999
7339,2021-11-02 19:00:00+00:00,24.376,95.59478,23.626
7340,2021-11-02 20:00:00+00:00,24.126,95.87552,23.425999
7341,2021-11-02 21:00:00+00:00,24.226,96.74896,23.675999
7342,2021-11-02 22:00:00+00:00,23.876,99.10167,23.726
7343,2021-11-02 23:00:00+00:00,23.626,98.50394,23.376
7344,2021-11-03 00:00:00+00:00,23.075998,98.49779,22.825998
7345,2021-11-03 01:00:00+00:00,23.526,96.43976,22.925999
7346,2021-11-03 02:00:00+00:00,23.626,94.99308,22.776
7347,2021-11-03 03:00:00+00:00,24.126,92.74014,22.876
7348,2021-11-03 04:00:00+00:00,24.976,89.21585,23.075998
7349,2021-11-03 05:00:00+00:00,25.526,86.60449,23.126
7350,2021-11-03 06:00:00+00:00,26.376,81.363625,22.925999
7351,2021-11-03 07:00:00+00:00,27.276,76.93522,22.876
7352,2021-11-03 08:00:00+00:00,26.726,79.22106,22.825998
7353,2021-11-03 09:00:00+00:00,25.976,86.646324,23.575998
7354,2021-11-03 10:00:00+00:00,25.126,91.13172,23.575998
7355,2021-11-03 11:00:00+00:00,25.026,91.67637,23.575998
7356,2021-11-03 12:00:00+00:00,25.726,87.14746,23.425999
7357,2021-11-03 13:00:00+00:00,25.126,90.31121,23.425999
7358,2021-11-03 14:00:00+00:00,24.976,90.84771,23.376
7359,2021-11-03 15:00:00+00:00,24.726,92.213524,23.376
7360,2021-11-03 16:00:00+00:00,24.476,93.60247,23.376
7361,2021-11-03 17:00:00+00:00,24.276,95.01681,23.425999
7362,2021-11-03 18:00:00+00:00,23.925999,96.74179,23.376
7363,2021-11-03 19:00:00+00:00,23.675999,98.20776,23.376
7364,2021-11-03 20:00:00+00:00,23.825998,98.209755,23.526
7365,2021-11-03 21:00:00+00:00,23.976,96.742966,23.425999
7366,2021-11-03 22:00:00+00:00,23.526,94.98941,22.675999
7367,2021-11-03 23:00:00+00:00,23.075998,97.90247,22.726
7368,2021-11-04 00:00:00+00:00,23.276,99.09765,23.126
7369,2021-11-04 01:00:00+00:00,23.526,98.20577,23.226
7370,2021-11-04 02:00:00+00:00,24.126,95.87552,23.425999
7371,2021-11-04 03:00:00+00:00,25.026,92.23028,23.675999
7372,2021-11-04 04:00:00+00:00,25.825998,91.99893,24.425999
7373,2021-11-04 05:00:00+00:00,26.776,85.68673,24.175999
7374,2021-11-04 06:00:00+00:00,26.776,83.4007,23.726
7375,2021-11-04 07:00:00+00:00,27.776,77.01029,23.376
7376,2021-11-04 08:00:00+00:00,27.825998,75.63487,23.126
7377,2021-11-04 09:00:00+00:00,26.575998,81.14296,23.075998
7378,2021-11-04 10:00:00+00:00,26.476,82.86517,23.325998
7379,2021-11-04 11:00:00+00:00,26.075998,86.39505,23.626
7380,2021-11-04 12:00:00+00:00,25.776,87.415085,23.526
7381,2021-11-04 13:00:00+00:00,25.325998,89.512054,23.476
7382,2021-11-04 14:00:00+00:00,24.925999,91.394356,23.425999
7383,2021-11-04 15:00:00+00:00,24.425999,93.88309,23.376
7384,2021-11-04 16:00:00+00:00,23.575998,96.73336,23.026
7385,2021-11-04 17:00:00+00:00,23.825998,96.44765,23.226
7386,2021-11-04 18:00:00+00:00,23.726,97.61749,23.325998
7387,2021-11-04 19:00:00+00:00,23.526,98.800674,23.325998
7388,2021-11-04 20:00:00+00:00,23.575998,98.50337,23.325998
7389,2021-11-04 21:00:00+00:00,23.825998,98.506165,23.575998
7390,2021-11-04 22:00:00+00:00,23.776,97.3242,23.325998
7391,2021-11-04 23:00:00+00:00,23.226,97.90479,22.876
7392,2021-11-05 00:00:00+00:00,23.976,97.6219,23.575998
7393,2021-11-05 01:00:00+00:00,24.175999,98.2144,23.876
7394,2021-11-05 02:00:00+00:00,24.075998,97.03738,23.575998
7395,2021-11-05 03:00:00+00:00,24.925999,91.67042,23.476
7396,2021-11-05 04:00:00+00:00,25.526,88.98918,23.575998
7397,2021-11-05 05:00:00+00:00,26.075998,85.10253,23.376
7398,2021-11-05 06:00:00+00:00,26.925999,80.6987,23.325998
7399,2021-11-05 07:00:00+00:00,27.925999,75.87943,23.276
7400,2021-11-05 08:00:00+00:00,28.476,75.28231,23.675999
7401,2021-11-05 09:00:00+00:00,28.175999,75.918365,23.526
7402,2021-11-05 10:00:00+00:00,26.925999,79.4887,23.075998
7403,2021-11-05 11:00:00+00:00,24.976,89.75692,23.175999
7404,2021-11-05 12:00:00+00:00,26.075998,84.846054,23.325998
7405,2021-11-05 13:00:00+00:00,25.276,88.43405,23.226
7406,2021-11-05 14:00:00+00:00,25.026,90.57729,23.376
7407,2021-11-05 15:00:00+00:00,24.075998,95.296936,23.276
7408,2021-11-05 16:00:00+00:00,23.776,96.44631,23.175999
7409,2021-11-05 17:00:00+00:00,23.675999,96.4437,23.075998
7410,2021-11-05 18:00:00+00:00,23.276,95.849686,22.575998
7411,2021-11-05 19:00:00+00:00,22.925999,99.09528,22.776
7412,2021-11-05 20:00:00+00:00,23.026,99.39649,22.925999
7413,2021-11-05 21:00:00+00:00,23.425999,98.20444,23.126
7414,2021-11-05 22:00:00+00:00,23.675999,97.028595,23.175999
7415,2021-11-05 23:00:00+00:00,23.626,95.860344,22.925999
7416,2021-11-06 00:00:00+00:00,23.526,96.73215,22.976
7417,2021-11-06 01:00:00+00:00,23.626,96.73456,23.075998
7418,2021-11-06 02:00:00+00:00,24.526,93.32281,23.376
7419,2021-11-06 03:00:00+00:00,25.675999,87.40629,23.425999
7420,2021-11-06 04:00:00+00:00,26.726,83.646484,23.726
7421,2021-11-06 05:00:00+00:00,28.476,74.15645,23.425999
7422,2021-11-06 06:00:00+00:00,26.526,80.403114,22.876
7423,2021-11-06 07:00:00+00:00,25.976,85.607544,23.376
7424,2021-11-06 08:00:00+00:00,27.425999,81.25013,23.925999
7425,2021-11-06 09:00:00+00:00,27.376,78.595764,23.325998
7426,2021-11-06 10:00:00+00:00,26.675999,79.93739,22.925999
7427,2021-11-06 11:00:00+00:00,25.976,85.34955,23.325998
7428,2021-11-06 12:00:00+00:00,24.825998,90.56385,23.175999
7429,2021-11-06 13:00:00+00:00,23.976,95.58186,23.226
7430,2021-11-06 14:00:00+00:00,23.925999,96.15948,23.276
7431,2021-11-06 15:00:00+00:00,23.776,96.7382,23.226
7432,2021-11-06 16:00:00+00:00,23.226,98.20172,22.925999
7433,2021-11-06 17:00:00+00:00,23.476,97.90869,23.126
7434,2021-11-06 18:00:00+00:00,23.425999,98.50171,23.175999
7435,2021-11-06 19:00:00+00:00,23.376,98.79932,23.175999
7436,2021-11-06 20:00:00+00:00,23.675999,96.15241,23.026
7437,2021-11-06 21:00:00+00:00,23.476,97.0242,22.976
7438,2021-11-06 22:00:00+00:00,23.325998,97.020905,22.825998
7439,2021-11-06 23:00:00+00:00,23.476,96.14671,22.825998
7440,2021-11-07 00:00:00+00:00,23.876,95.00223,23.026
7441,2021-11-07 01:00:00+00:00,24.075998,94.722885,23.175999
7442,2021-11-07 02:00:00+00:00,24.126,95.01135,23.276
7443,2021-11-07 03:00:00+00:00,24.425999,93.03656,23.226
7444,2021-11-07 04:00:00+00:00,24.276,92.74801,23.026
7445,2021-11-07 05:00:00+00:00,24.175999,92.74276,22.925999
7446,2021-11-07 06:00:00+00:00,25.175999,92.79491,23.925999
7447,2021-11-07 07:00:00+00:00,24.876,93.620964,23.776
7448,2021-11-07 08:00:00+00:00,25.726,88.204544,23.626
7449,2021-11-07 09:00:00+00:00,26.476,81.13029,22.976
7450,2021-11-07 10:00:00+00:00,25.976,81.808586,22.626
7451,2021-11-07 11:00:00+00:00,25.226,86.83918,22.876
7452,2021-11-07 12:00:00+00:00,24.825998,91.38819,23.325998
7453,2021-11-07 13:00:00+00:00,24.276,93.59318,23.175999
7454,2021-11-07 14:00:00+00:00,24.126,93.58622,23.026
7455,2021-11-07 15:00:00+00:00,23.825998,92.72439,22.575998
7456,2021-11-07 16:00:00+00:00,24.325998,90.25591,22.626
7457,2021-11-07 17:00:00+00:00,23.925999,92.729645,22.675999
7458,2021-11-07 18:00:00+00:00,24.026,91.89495,22.626
7459,2021-11-07 19:00:00+00:00,23.876,94.42888,22.925999
7460,2021-11-07 20:00:00+00:00,23.776,93.56989,22.675999
7461,2021-11-07 21:00:00+00:00,23.476,92.424126,22.175999
7462,2021-11-07 22:00:00+00:00,23.675999,89.38861,21.825998
7463,2021-11-07 23:00:00+00:00,23.726,88.84822,21.776
7464,2021-11-08 00:00:00+00:00,23.675999,90.76228,22.075998
7465,2021-11-08 01:00:00+00:00,23.976,90.78209,22.376
7466,2021-11-08 02:00:00+00:00,25.226,88.69758,23.226
7467,2021-11-08 03:00:00+00:00,26.626,84.64827,23.825998
7468,2021-11-08 04:00:00+00:00,27.976,74.29841,22.976
7469,2021-11-08 05:00:00+00:00,28.476,68.536446,22.126
7470,2021-11-08 06:00:00+00:00,28.925999,66.97416,22.175999
7471,2021-11-08 07:00:00+00:00,28.925999,67.17837,22.226
7472,2021-11-08 08:00:00+00:00,28.476,67.912636,21.976
7473,2021-11-08 09:00:00+00:00,28.075998,69.30025,21.925999
7474,2021-11-08 10:00:00+00:00,27.575998,71.13571,21.876
7475,2021-11-08 11:00:00+00:00,27.075998,72.36142,21.675999
7476,2021-11-08 12:00:00+00:00,25.825998,76.48094,21.376
7477,2021-11-08 13:00:00+00:00,25.126,78.9989,21.226
7478,2021-11-08 14:00:00+00:00,24.626,80.151924,20.976
7479,2021-11-08 15:00:00+00:00,24.376,80.11851,20.726
7480,2021-11-08 16:00:00+00:00,24.175999,80.83556,20.675999
7481,2021-11-08 17:00:00+00:00,23.876,82.813515,20.776
7482,2021-11-08 18:00:00+00:00,23.776,83.82729,20.876
7483,2021-11-08 19:00:00+00:00,24.026,83.08613,20.976
7484,2021-11-08 20:00:00+00:00,23.776,84.0854,20.925999
7485,2021-11-08 21:00:00+00:00,23.276,86.658455,20.925999
7486,2021-11-08 22:00:00+00:00,22.675999,89.58789,20.876
7487,2021-11-08 23:00:00+00:00,22.425999,90.67903,20.825998
7488,2021-11-09 00:00:00+00:00,22.675999,90.14035,20.976
7489,2021-11-09 01:00:00+00:00,23.175999,87.452,20.976
7490,2021-11-09 02:00:00+00:00,24.075998,84.63565,21.325998
7491,2021-11-09 03:00:00+00:00,25.026,81.69129,21.675999
7492,2021-11-09 04:00:00+00:00,26.575998,77.7703,22.376
7493,2021-11-09 05:00:00+00:00,27.425999,73.08758,22.175999
7494,2021-11-09 06:00:00+00:00,27.575998,71.13571,21.876
7495,2021-11-09 07:00:00+00:00,28.626,66.50677,21.776
7496,2021-11-09 08:00:00+00:00,28.726,64.32624,21.325998
7497,2021-11-09 09:00:00+00:00,27.976,65.56444,20.925999
7498,2021-11-09 10:00:00+00:00,27.175999,69.98282,21.226
7499,2021-11-09 11:00:00+00:00,26.526,75.42911,21.825998
7500,2021-11-09 12:00:00+00:00,25.425999,77.601295,21.226
7501,2021-11-09 13:00:00+00:00,24.776,81.41053,21.376
7502,2021-11-09 14:00:00+00:00,24.325998,84.40358,21.526
7503,2021-11-09 15:00:00+00:00,24.776,80.66536,21.226
7504,2021-11-09 16:00:00+00:00,24.325998,81.85528,21.026
7505,2021-11-09 17:00:00+00:00,24.175999,81.585434,20.825998
7506,2021-11-09 18:00:00+00:00,24.325998,80.85499,20.825998
7507,2021-11-09 19:00:00+00:00,24.226,81.34112,20.825998
7508,2021-11-09 20:00:00+00:00,24.175999,81.3348,20.776
7509,2021-11-09 21:00:00+00:00,23.825998,83.062904,20.776
7510,2021-11-09 22:00:00+00:00,23.925999,82.31126,20.726
7511,2021-11-09 23:00:00+00:00,23.726,82.79586,20.626
7512,2021-11-10 00:00:00+00:00,22.925999,91.26994,21.425999
7513,2021-11-10 01:00:00+00:00,23.126,87.179115,20.876
7514,2021-11-10 02:00:00+00:00,23.876,82.813515,20.776
7515,2021-11-10 03:00:00+00:00,24.325998,84.9215,21.626
7516,2021-11-10 04:00:00+00:00,23.876,88.319336,21.825998
7517,2021-11-10 05:00:00+00:00,24.825998,82.92483,21.726
7518,2021-11-10 06:00:00+00:00,28.126,67.01862,21.425999
7519,2021-11-10 07:00:00+00:00,28.876,57.957592,19.776
7520,2021-11-10 08:00:00+00:00,28.276,60.949066,20.026
7521,2021-11-10 09:00:00+00:00,27.675999,65.70435,20.675999
7522,2021-11-10 10:00:00+00:00,26.476,76.34748,21.976
7523,2021-11-10 11:00:00+00:00,25.575998,82.5089,22.376
7524,2021-11-10 12:00:00+00:00,24.126,88.60951,22.126
7525,2021-11-10 13:00:00+00:00,23.876,90.49967,22.226
7526,2021-11-10 14:00:00+00:00,23.925999,91.33248,22.425999
7527,2021-11-10 15:00:00+00:00,23.876,92.165726,22.526
7528,2021-11-10 16:00:00+00:00,23.825998,93.006256,22.626
7529,2021-11-10 17:00:00+00:00,23.526,95.85731,22.825998
7530,2021-11-10 18:00:00+00:00,23.526,91.58626,22.075998
7531,2021-11-10 19:00:00+00:00,22.476,90.96159,20.925999
7532,2021-11-10 20:00:00+00:00,22.575998,92.09179,21.226
7533,2021-11-10 21:00:00+00:00,22.726,92.10037,21.376
7534,2021-11-10 22:00:00+00:00,22.476,91.24159,20.976
7535,2021-11-10 23:00:00+00:00,22.376,91.51619,20.925999
7536,2021-11-11 00:00:00+00:00,22.526,92.37183,21.226
7537,2021-11-11 01:00:00+00:00,21.925999,92.05441,20.575998
7538,2021-11-11 02:00:00+00:00,21.825998,92.04867,20.476
7539,2021-11-11 03:00:00+00:00,22.276,92.35799,20.976
7540,2021-11-11 04:00:00+00:00,22.825998,93.52531,21.726
7541,2021-11-11 05:00:00+00:00,23.526,94.70165,22.626
7542,2021-11-11 06:00:00+00:00,23.726,93.28399,22.575998
7543,2021-11-11 07:00:00+00:00,23.626,94.13268,22.626
7544,2021-11-11 08:00:00+00:00,24.075998,94.151886,23.075998
7545,2021-11-11 09:00:00+00:00,24.476,95.02409,23.626
7546,2021-11-11 10:00:00+00:00,24.776,93.89858,23.726
7547,2021-11-11 11:00:00+00:00,24.376,93.597824,23.276
7548,2021-11-11 12:00:00+00:00,24.126,94.154015,23.126
7549,2021-11-11 13:00:00+00:00,24.376,92.193886,23.026
7550,2021-11-11 14:00:00+00:00,23.825998,93.57224,22.726
7551,2021-11-11 15:00:00+00:00,24.026,93.86527,22.976
7552,2021-11-11 16:00:00+00:00,24.075998,94.722885,23.175999
7553,2021-11-11 17:00:00+00:00,24.376,93.88084,23.325998
7554,2021-11-11 18:00:00+00:00,24.126,95.586716,23.376
7555,2021-11-11 19:00:00+00:00,24.325998,93.87864,23.276
7556,2021-11-11 20:00:00+00:00,24.026,94.434975,23.075998
7557,2021-11-11 21:00:00+00:00,23.726,94.99674,22.876
7558,2021-11-11 22:00:00+00:00,23.776,93.56989,22.675999
7559,2021-11-11 23:00:00+00:00,23.476,96.14671,22.825998
7560,2021-11-12 00:00:00+00:00,23.526,96.148155,22.876
7561,2021-11-12 01:00:00+00:00,23.526,96.43976,22.925999
7562,2021-11-12 02:00:00+00:00,25.075998,93.349304,23.925999
7563,2021-11-12 03:00:00+00:00,26.726,84.91354,23.976
7564,2021-11-12 04:00:00+00:00,28.075998,78.93082,24.075998
7565,2021-11-12 05:00:00+00:00,29.175999,71.85515,23.575998
7566,2021-11-12 06:00:00+00:00,28.526,73.274895,23.276
7567,2021-11-12 07:00:00+00:00,28.675999,73.521706,23.476
7568,2021-11-12 08:00:00+00:00,29.226,70.57548,23.325998
7569,2021-11-12 09:00:00+00:00,28.575998,70.456436,22.675999
7570,2021-11-12 10:00:00+00:00,27.126,80.48149,23.476
7571,2021-11-12 11:00:00+00:00,27.325998,78.11532,23.175999
7572,2021-11-12 12:00:00+00:00,26.026,85.8711,23.476
7573,2021-11-12 13:00:00+00:00,25.825998,87.94767,23.675999
7574,2021-11-12 14:00:00+00:00,25.226,90.59068,23.575998
7575,2021-11-12 15:00:00+00:00,25.126,92.79232,23.876
7576,2021-11-12 16:00:00+00:00,24.776,94.46527,23.825998
7577,2021-11-12 17:00:00+00:00,24.526,94.4552,23.575998
7578,2021-11-12 18:00:00+00:00,24.175999,95.58832,23.425999
7579,2021-11-12 19:00:00+00:00,24.126,95.87552,23.425999
7580,2021-11-12 20:00:00+00:00,24.226,95.589935,23.476
7581,2021-11-12 21:00:00+00:00,24.126,95.586716,23.376
7582,2021-11-12 22:00:00+00:00,23.876,96.44893,23.276
7583,2021-11-12 23:00:00+00:00,23.675999,97.32224,23.226
7584,2021-11-13 00:00:00+00:00,24.075998,97.62368,23.675999
7585,2021-11-13 01:00:00+00:00,24.425999,96.46328,23.825998
7586,2021-11-13 02:00:00+00:00,25.376,92.52715,24.075998
7587,2021-11-13 03:00:00+00:00,26.575998,84.38871,23.726
7588,2021-11-13 04:00:00+00:00,27.575998,79.09919,23.626
7589,2021-11-13 05:00:00+00:00,28.675999,73.3003,23.425999
7590,2021-11-13 06:00:00+00:00,29.425999,70.18745,23.425999
7591,2021-11-13 07:00:00+00:00,29.976,69.65769,23.825998
7592,2021-11-13 08:00:00+00:00,30.075998,70.73022,24.175999
7593,2021-11-13 09:00:00+00:00,29.226,72.29798,23.726
7594,2021-11-13 10:00:00+00:00,28.925999,73.34256,23.675999
7595,2021-11-13 11:00:00+00:00,28.126,77.29487,23.776
7596,2021-11-13 12:00:00+00:00,27.175999,80.9745,23.626
7597,2021-11-13 13:00:00+00:00,26.325998,85.90036,23.776
7598,2021-11-13 14:00:00+00:00,25.276,92.52179,23.976
7599,2021-11-13 15:00:00+00:00,25.126,92.79232,23.876
7600,2021-11-13 16:00:00+00:00,25.276,91.1412,23.726
7601,2021-11-13 17:00:00+00:00,24.925999,94.18789,23.925999
7602,2021-11-13 18:00:00+00:00,24.325998,97.335075,23.876
7603,2021-11-13 19:00:00+00:00,24.476,97.04611,23.976
7604,2021-11-13 20:00:00+00:00,24.075998,98.21307,23.776
7605,2021-11-13 21:00:00+00:00,23.825998,99.40011,23.726
7606,2021-11-13 22:00:00+00:00,23.726,97.912575,23.376
7607,2021-11-13 23:00:00+00:00,23.626,99.09999,23.476
7608,2021-11-14 00:00:00+00:00,24.226,96.167915,23.575998
7609,2021-11-14 01:00:00+00:00,24.376,97.33604,23.925999
7610,2021-11-14 02:00:00+00:00,25.376,93.64399,24.276
7611,2021-11-14 03:00:00+00:00,26.476,88.53103,24.425999
7612,2021-11-14 04:00:00+00:00,27.526,81.26267,24.026
7613,2021-11-14 05:00:00+00:00,27.526,80.77591,23.925999
7614,2021-11-14 06:00:00+00:00,28.526,77.122246,24.126
7615,2021-11-14 07:00:00+00:00,29.126,76.29347,24.526
7616,2021-11-14 08:00:00+00:00,27.376,79.78992,23.575998
7617,2021-11-14 09:00:00+00:00,28.675999,77.60823,24.376
7618,2021-11-14 10:00:00+00:00,27.575998,80.05718,23.825998
7619,2021-11-14 11:00:00+00:00,27.175999,81.218704,23.675999
7620,2021-11-14 12:00:00+00:00,27.075998,79.99075,23.325998
7621,2021-11-14 13:00:00+00:00,26.126,86.660225,23.726
7622,2021-11-14 14:00:00+00:00,25.226,92.51909,23.925999
7623,2021-11-14 15:00:00+00:00,25.175999,93.3541,24.026
7624,2021-11-14 16:00:00+00:00,25.276,91.96737,23.876
7625,2021-11-14 17:00:00+00:00,25.126,92.23586,23.776
7626,2021-11-14 18:00:00+00:00,24.776,93.61635,23.675999
7627,2021-11-14 19:00:00+00:00,24.126,96.165115,23.476
7628,2021-11-14 20:00:00+00:00,23.976,96.742966,23.425999
7629,2021-11-14 21:00:00+00:00,24.126,96.746574,23.575998
7630,2021-11-14 22:00:00+00:00,24.026,97.03628,23.526
7631,2021-11-14 23:00:00+00:00,24.226,95.01499,23.376
7632,2021-11-15 00:00:00+00:00,24.075998,98.50894,23.825998
7633,2021-11-15 01:00:00+00:00,24.526,97.33898,24.075998
7634,2021-11-15 02:00:00+00:00,25.376,93.08411,24.175999
7635,2021-11-15 03:00:00+00:00,26.675999,85.67687,24.075998
7636,2021-11-15 04:00:00+00:00,27.976,78.444046,23.876
7637,2021-11-15 05:00:00+00:00,28.325998,76.400185,23.776
7638,2021-11-15 06:00:00+00:00,29.226,74.502785,24.226
7639,2021-11-15 07:00:00+00:00,29.825998,72.83714,24.425999
7640,2021-11-15 08:00:00+00:00,29.925999,70.49097,23.976
7641,2021-11-15 09:00:00+00:00,28.825998,75.1119,23.976
7642,2021-11-15 10:00:00+00:00,28.526,77.122246,24.126
7643,2021-11-15 11:00:00+00:00,27.876,80.33754,24.175999
7644,2021-11-15 12:00:00+00:00,27.126,81.94913,23.776
7645,2021-11-15 13:00:00+00:00,26.376,85.64721,23.776
7646,2021-11-15 14:00:00+00:00,26.175999,87.18771,23.876
7647,2021-11-15 15:00:00+00:00,25.825998,89.28038,23.925999
7648,2021-11-15 16:00:00+00:00,25.276,91.96737,23.876
7649,2021-11-15 17:00:00+00:00,24.825998,95.03678,23.976
7650,2021-11-15 18:00:00+00:00,24.276,97.62719,23.876
7651,2021-11-15 19:00:00+00:00,24.126,98.50949,23.876
7652,2021-11-15 20:00:00+00:00,23.726,98.50505,23.476
7653,2021-11-15 21:00:00+00:00,23.675999,97.91179,23.325998
7654,2021-11-15 22:00:00+00:00,23.526,97.025314,23.026
7655,2021-11-15 23:00:00+00:00,23.526,97.025314,23.026
7656,2021-11-16 00:00:00+00:00,23.876,97.033,23.376
7657,2021-11-16 01:00:00+00:00,24.126,97.03847,23.626
7658,2021-11-16 02:00:00+00:00,24.976,93.62559,23.876
7659,2021-11-16 03:00:00+00:00,26.126,88.50286,24.075998
7660,2021-11-16 04:00:00+00:00,27.776,82.02787,24.425999
7661,2021-11-16 05:00:00+00:00,29.075998,74.47839,24.075998
7662,2021-11-16 06:00:00+00:00,29.126,72.717125,23.726
7663,2021-11-16 07:00:00+00:00,28.925999,73.78536,23.776
7664,2021-11-16 08:00:00+00:00,29.425999,75.432594,24.626
7665,2021-11-16 09:00:00+00:00,29.425999,74.535286,24.425999
7666,2021-11-16 10:00:00+00:00,29.026,74.91867,24.126
7667,2021-11-16 11:00:00+00:00,28.325998,77.09247,23.925999
7668,2021-11-16 12:00:00+00:00,27.526,78.85428,23.526
7669,2021-11-16 13:00:00+00:00,26.726,82.39601,23.476
7670,2021-11-16 14:00:00+00:00,26.526,84.63776,23.726
7671,2021-11-16 15:00:00+00:00,26.075998,87.44141,23.825998
7672,2021-11-16 16:00:00+00:00,24.976,91.673386,23.526
7673,2021-11-16 17:00:00+00:00,23.876,98.506714,23.626
7674,2021-11-16 18:00:00+00:00,23.726,98.208405,23.425999
7675,2021-11-16 19:00:00+00:00,23.526,98.50283,23.276
7676,2021-11-16 20:00:00+00:00,23.476,97.90869,23.126
7677,2021-11-16 21:00:00+00:00,23.425999,98.79981,23.226
7678,2021-11-16 22:00:00+00:00,23.276,99.39761,23.175999
7679,2021-11-16 23:00:00+00:00,23.175999,98.79755,22.976
7680,2021-11-17 00:00:00+00:00,23.726,99.39965,23.626
7681,2021-11-17 01:00:00+00:00,23.925999,97.91567,23.575998
7682,2021-11-17 02:00:00+00:00,25.126,94.47934,24.175999
7683,2021-11-17 03:00:00+00:00,26.675999,86.97126,24.325998
7684,2021-11-17 04:00:00+00:00,28.226,80.624016,24.575998
7685,2021-11-17 05:00:00+00:00,28.876,74.66988,23.925999
7686,2021-11-17 06:00:00+00:00,28.376,74.36407,23.376
7687,2021-11-17 07:00:00+00:00,28.726,73.53009,23.526
7688,2021-11-17 08:00:00+00:00,28.626,73.95795,23.526
7689,2021-11-17 09:00:00+00:00,27.976,79.15431,24.026
7690,2021-11-17 10:00:00+00:00,27.126,82.69169,23.925999
7691,2021-11-17 11:00:00+00:00,26.626,86.44678,24.175999
7692,2021-11-17 12:00:00+00:00,26.075998,90.10598,24.325998
7693,2021-11-17 13:00:00+00:00,25.425999,93.646286,24.325998
7694,2021-11-17 14:00:00+00:00,25.376,94.48934,24.425999
7695,2021-11-17 15:00:00+00:00,25.075998,95.04584,24.226
7696,2021-11-17 16:00:00+00:00,23.276,98.20241,22.976
7697,2021-11-17 17:00:00+00:00,23.226,98.49945,22.976
7698,2021-11-17 18:00:00+00:00,23.075998,99.39672,22.976
7699,2021-11-17 19:00:00+00:00,23.526,98.800674,23.325998
7700,2021-11-17 20:00:00+00:00,23.726,98.80246,23.526
7701,2021-11-17 21:00:00+00:00,24.075998,97.91799,23.726
7702,2021-11-17 22:00:00+00:00,24.276,95.59156,23.526
7703,2021-11-17 23:00:00+00:00,24.776,94.18155,23.776
7704,2021-11-18 00:00:00+00:00,24.376,94.44913,23.425999
7705,2021-11-18 01:00:00+00:00,24.476,94.453186,23.526
7706,2021-11-18 02:00:00+00:00,24.626,94.17522,23.626
7707,2021-11-18 03:00:00+00:00,24.575998,94.457245,23.626
7708,2021-11-18 04:00:00+00:00,25.876,90.362656,24.175999
7709,2021-11-18 05:00:00+00:00,26.325998,90.39334,24.626
7710,2021-11-18 06:00:00+00:00,25.376,89.24629,23.476
7711,2021-11-18 07:00:00+00:00,26.726,87.76035,24.526
7712,2021-11-18 08:00:00+00:00,26.425999,88.79252,24.425999
7713,2021-11-18 09:00:00+00:00,25.776,92.82593,24.526
7714,2021-11-18 10:00:00+00:00,25.175999,93.07415,23.976
7715,2021-11-18 11:00:00+00:00,24.526,95.0259,23.675999
7716,2021-11-18 12:00:00+00:00,24.626,93.32764,23.476
7717,2021-11-18 13:00:00+00:00,24.825998,92.49754,23.526
7718,2021-11-18 14:00:00+00:00,24.626,93.89194,23.575998
7719,2021-11-18 15:00:00+00:00,24.675999,93.330055,23.526
7720,2021-11-18 16:00:00+00:00,24.575998,93.88974,23.526
7721,2021-11-18 17:00:00+00:00,24.925999,91.394356,23.425999
7722,2021-11-18 18:00:00+00:00,24.675999,93.61174,23.575998
7723,2021-11-18 19:00:00+00:00,24.075998,94.722885,23.175999
7724,2021-11-18 20:00:00+00:00,24.675999,93.04912,23.476
7725,2021-11-18 21:00:00+00:00,23.925999,95.00406,23.075998
7726,2021-11-18 22:00:00+00:00,24.425999,92.47592,23.126
7727,2021-11-18 23:00:00+00:00,24.876,92.500244,23.575998
7728,2021-11-19 00:00:00+00:00,24.526,93.04156,23.325998
7729,2021-11-19 01:00:00+00:00,24.776,93.054115,23.575998
7730,2021-11-19 02:00:00+00:00,25.325998,90.87052,23.726
7731,2021-11-19 03:00:00+00:00,26.526,88.00652,24.376
7732,2021-11-19 04:00:00+00:00,27.825998,78.65913,23.776
7733,2021-11-19 05:00:00+00:00,28.526,75.51714,23.776
7734,2021-11-19 06:00:00+00:00,28.376,75.26641,23.575998
7735,2021-11-19 07:00:00+00:00,28.376,73.24946,23.126
7736,2021-11-19 08:00:00+00:00,27.376,81.73363,23.976
7737,2021-11-19 09:00:00+00:00,28.126,79.41274,24.226
7738,2021-11-19 10:00:00+00:00,27.526,77.43945,23.226
7739,2021-11-19 11:00:00+00:00,26.825998,81.174576,23.325998
7740,2021-11-19 12:00:00+00:00,26.175999,84.85646,23.425999
7741,2021-11-19 13:00:00+00:00,26.026,85.354614,23.376
7742,2021-11-19 14:00:00+00:00,25.626,87.93078,23.476
7743,2021-11-19 15:00:00+00:00,25.175999,92.51642,23.876
7744,2021-11-19 16:00:00+00:00,24.626,93.60941,23.526
7745,2021-11-19 17:00:00+00:00,24.476,94.453186,23.526
7746,2021-11-19 18:00:00+00:00,24.675999,93.89417,23.626
7747,2021-11-19 19:00:00+00:00,24.075998,95.296936,23.276
7748,2021-11-19 20:00:00+00:00,24.325998,95.018654,23.476
7749,2021-11-19 21:00:00+00:00,24.276,95.01681,23.425999
7750,2021-11-19 22:00:00+00:00,24.226,95.30207,23.425999
7751,2021-11-19 23:00:00+00:00,23.925999,95.58023,23.175999
7752,2021-11-20 00:00:00+00:00,24.126,94.154015,23.126
7753,2021-11-20 01:00:00+00:00,24.425999,94.16674,23.425999
7754,2021-11-20 02:00:00+00:00,24.976,93.06413,23.776
7755,2021-11-20 03:00:00+00:00,26.126,88.76888,24.126
7756,2021-11-20 04:00:00+00:00,26.825998,84.669304,24.026
7757,2021-11-20 05:00:00+00:00,27.925999,80.1035,24.175999
7758,2021-11-20 06:00:00+00:00,29.175999,74.94274,24.276
7759,2021-11-20 07:00:00+00:00,27.976,77.040215,23.575998
7760,2021-11-20 08:00:00+00:00,27.876,80.33754,24.175999
7761,2021-11-20 09:00:00+00:00,28.026,78.687195,23.976
7762,2021-11-20 10:00:00+00:00,27.626,81.275215,24.126
7763,2021-11-20 11:00:00+00:00,27.075998,82.43759,23.825998
7764,2021-11-20 12:00:00+00:00,25.825998,89.28038,23.925999
7765,2021-11-20 13:00:00+00:00,25.175999,92.238655,23.825998
7766,2021-11-20 14:00:00+00:00,25.126,92.23586,23.776
7767,2021-11-20 15:00:00+00:00,24.226,95.87855,23.526
7768,2021-11-20 16:00:00+00:00,24.376,95.88307,23.675999
7769,2021-11-20 17:00:00+00:00,24.526,95.59961,23.776
7770,2021-11-20 18:00:00+00:00,23.726,97.61749,23.325998
7771,2021-11-20 19:00:00+00:00,23.675999,97.91179,23.325998
7772,2021-11-20 20:00:00+00:00,23.575998,98.50337,23.325998
7773,2021-11-20 21:00:00+00:00,23.476,98.800224,23.276
7774,2021-11-20 22:00:00+00:00,23.376,98.79932,23.175999
7775,2021-11-20 23:00:00+00:00,23.226,98.49945,22.976
7776,2021-11-21 00:00:00+00:00,23.726,98.208405,23.425999
7777,2021-11-21 01:00:00+00:00,23.876,97.033,23.376
7778,2021-11-21 02:00:00+00:00,25.175999,93.3541,24.026
7779,2021-11-21 03:00:00+00:00,26.925999,83.66874,23.925999
7780,2021-11-21 04:00:00+00:00,28.226,79.66463,24.376
7781,2021-11-21 05:00:00+00:00,28.876,74.894585,23.976
7782,2021-11-21 06:00:00+00:00,29.876,71.119736,24.075998
7783,2021-11-21 07:00:00+00:00,29.726,71.306725,23.976
7784,2021-11-21 08:00:00+00:00,28.575998,74.846306,23.675999
7785,2021-11-21 09:00:00+00:00,28.425999,73.92476,23.325998
7786,2021-11-21 10:00:00+00:00,28.075998,78.458206,23.976
7787,2021-11-21 11:00:00+00:00,26.976,83.423256,23.925999
7788,2021-11-21 12:00:00+00:00,27.226,83.702034,24.226
7789,2021-11-21 13:00:00+00:00,26.126,90.37971,24.425999
7790,2021-11-21 14:00:00+00:00,25.976,90.91265,24.376
7791,2021-11-21 15:00:00+00:00,25.825998,91.175865,24.276
7792,2021-11-21 16:00:00+00:00,25.526,93.370865,24.376
7793,2021-11-21 17:00:00+00:00,25.175999,94.48136,24.226
7794,2021-11-21 18:00:00+00:00,24.726,97.05155,24.226
7795,2021-11-21 19:00:00+00:00,24.575998,97.92571,24.226
7796,2021-11-21 20:00:00+00:00,24.226,98.21504,23.925999
7797,2021-11-21 21:00:00+00:00,23.526,99.69899,23.476
7798,2021-11-21 22:00:00+00:00,23.526,98.20577,23.226
7799,2021-11-21 23:00:00+00:00,23.626,97.61575,23.226
7800,2021-11-22 00:00:00+00:00,23.376,100.0,23.376
7801,2021-11-22 01:00:00+00:00,23.425999,99.69877,23.376
7802,2021-11-22 02:00:00+00:00,24.175999,95.30038,23.376
7803,2021-11-22 03:00:00+00:00,24.925999,91.394356,23.425999
7804,2021-11-22 04:00:00+00:00,26.226,85.89061,23.675999
7805,2021-11-22 05:00:00+00:00,26.976,82.67412,23.776
7806,2021-11-22 06:00:00+00:00,28.675999,77.14456,24.276
7807,2021-11-22 07:00:00+00:00,28.476,75.50927,23.726
7808,2021-11-22 08:00:00+00:00,28.476,76.65307,23.976
7809,2021-11-22 09:00:00+00:00,28.726,74.87046,23.825998
7810,2021-11-22 10:00:00+00:00,28.425999,75.729004,23.726
7811,2021-11-22 11:00:00+00:00,27.626,77.45418,23.325998
7812,2021-11-22 12:00:00+00:00,27.026,81.93696,23.675999
7813,2021-11-22 13:00:00+00:00,25.825998,89.01244,23.876
7814,2021-11-22 14:00:00+00:00,25.376,91.97313,23.976
7815,2021-11-22 15:00:00+00:00,25.376,92.24978,24.026
7816,2021-11-22 16:00:00+00:00,25.626,91.437294,24.126
7817,2021-11-22 17:00:00+00:00,25.075998,93.349304,23.925999
7818,2021-11-22 18:00:00+00:00,24.726,94.74783,23.825998
7819,2021-11-22 19:00:00+00:00,24.325998,98.5117,24.075998
7820,2021-11-22 20:00:00+00:00,24.075998,99.40124,23.976
7821,2021-11-22 21:00:00+00:00,24.026,99.400986,23.925999
7822,2021-11-22 22:00:00+00:00,23.876,99.400314,23.776
7823,2021-11-22 23:00:00+00:00,23.776,99.39988,23.675999
7824,2021-11-23 00:00:00+00:00,23.776,100.0,23.776
7825,2021-11-23 01:00:00+00:00,23.976,100.0,23.976
7826,2021-11-23 02:00:00+00:00,25.575998,93.09408,24.376
7827,2021-11-23 03:00:00+00:00,27.226,83.702034,24.226
7828,2021-11-23 04:00:00+00:00,28.376,77.79749,24.126
7829,2021-11-23 05:00:00+00:00,29.075998,74.03245,23.976
7830,2021-11-23 06:00:00+00:00,29.776,72.176796,24.226
7831,2021-11-23 07:00:00+00:00,30.175999,69.27752,23.925999
7832,2021-11-23 08:00:00+00:00,30.325998,70.1423,24.276
7833,2021-11-23 09:00:00+00:00,30.075998,70.94266,24.226
7834,2021-11-23 10:00:00+00:00,29.276,74.06542,24.175999
7835,2021-11-23 11:00:00+00:00,28.425999,77.57168,24.126
7836,2021-11-23 12:00:00+00:00,27.626,79.823425,23.825998
7837,2021-11-23 13:00:00+00:00,26.376,86.68335,23.976
7838,2021-11-23 14:00:00+00:00,25.626,91.437294,24.126
7839,2021-11-23 15:00:00+00:00,25.226,94.20052,24.226
7840,2021-11-23 16:00:00+00:00,24.925999,95.04039,24.075998
7841,2021-11-23 17:00:00+00:00,24.575998,96.17778,23.925999
7842,2021-11-23 18:00:00+00:00,25.476,92.81045,24.226
7843,2021-11-23 19:00:00+00:00,25.276,94.20262,24.276
7844,2021-11-23 20:00:00+00:00,24.976,95.90114,24.276
7845,2021-11-23 21:00:00+00:00,23.825998,98.80337,23.626
7846,2021-11-23 22:00:00+00:00,23.526,99.69899,23.476
7847,2021-11-23 23:00:00+00:00,23.675999,99.699326,23.626
7848,2021-11-24 00:00:00+00:00,24.126,99.70032,24.075998
7849,2021-11-24 01:00:00+00:00,24.476,99.10567,24.325998
7850,2021-11-24 02:00:00+00:00,26.026,92.8388,24.776
7851,2021-11-24 03:00:00+00:00,26.876,81.9187,23.526
7852,2021-11-24 04:00:00+00:00,27.075998,83.18431,23.976
7853,2021-11-24 05:00:00+00:00,28.675999,75.995995,24.026
7854,2021-11-24 06:00:00+00:00,26.526,83.87658,23.575998
7855,2021-11-24 07:00:00+00:00,27.825998,78.89609,23.825998
7856,2021-11-24 08:00:00+00:00,29.175999,74.71842,24.226
7857,2021-11-24 09:00:00+00:00,28.876,74.66988,23.925999
7858,2021-11-24 10:00:00+00:00,27.226,78.81238,23.226
7859,2021-11-24 11:00:00+00:00,27.026,81.93696,23.675999
7860,2021-11-24 12:00:00+00:00,25.825998,87.41948,23.575998
7861,2021-11-24 13:00:00+00:00,25.126,91.13172,23.575998
7862,2021-11-24 14:00:00+00:00,24.226,96.74896,23.675999
7863,2021-11-24 15:00:00+00:00,23.876,97.326164,23.425999
7864,2021-11-24 16:00:00+00:00,23.925999,97.62104,23.526
7865,2021-11-24 17:00:00+00:00,23.825998,98.209755,23.526
7866,2021-11-24 18:00:00+00:00,23.675999,98.504486,23.425999
7867,2021-11-24 19:00:00+00:00,23.626,98.50394,23.376
7868,2021-11-24 20:00:00+00:00,23.526,98.800674,23.325998
7869,2021-11-24 21:00:00+00:00,23.675999,98.504486,23.425999
7870,2021-11-24 22:00:00+00:00,23.675999,98.504486,23.425999
7871,2021-11-24 23:00:00+00:00,23.825998,97.3252,23.376
7872,2021-11-25 00:00:00+00:00,23.726,97.912575,23.376
7873,2021-11-25 01:00:00+00:00,24.276,96.45937,23.675999
7874,2021-11-25 02:00:00+00:00,25.376,94.20683,24.376
7875,2021-11-25 03:00:00+00:00,27.325998,85.74082,24.726
7876,2021-11-25 04:00:00+00:00,28.925999,73.34256,23.675999
7877,2021-11-25 05:00:00+00:00,29.526,69.994545,23.476
7878,2021-11-25 06:00:00+00:00,29.675999,68.7669,23.325998
7879,2021-11-25 07:00:00+00:00,29.876,66.55662,22.976
7880,2021-11-25 08:00:00+00:00,29.825998,65.74489,22.726
7881,2021-11-25 09:00:00+00:00,29.276,68.898575,22.976
7882,2021-11-25 10:00:00+00:00,28.876,70.08577,22.876
7883,2021-11-25 11:00:00+00:00,28.175999,72.7733,22.825998
7884,2021-11-25 12:00:00+00:00,27.376,80.27201,23.675999
7885,2021-11-25 13:00:00+00:00,26.726,83.395065,23.675999
7886,2021-11-25 14:00:00+00:00,26.376,85.64721,23.776
7887,2021-11-25 15:00:00+00:00,25.675999,89.53796,23.825998
7888,2021-11-25 16:00:00+00:00,25.376,91.422,23.876
7889,2021-11-25 17:00:00+00:00,25.075998,93.06915,23.876
7890,2021-11-25 18:00:00+00:00,25.126,92.513725,23.825998
7891,2021-11-25 19:00:00+00:00,24.575998,94.457245,23.626
7892,2021-11-25 20:00:00+00:00,24.526,94.4552,23.575998
7893,2021-11-25 21:00:00+00:00,24.526,94.4552,23.575998
7894,2021-11-25 22:00:00+00:00,24.276,94.73059,23.376
7895,2021-11-25 23:00:00+00:00,24.226,94.158264,23.226
7896,2021-11-26 00:00:00+00:00,23.976,95.29347,23.175999
7897,2021-11-26 01:00:00+00:00,24.575998,93.607124,23.476
7898,2021-11-26 02:00:00+00:00,26.325998,87.20107,24.026
7899,2021-11-26 03:00:00+00:00,27.575998,77.91582,23.376
7900,2021-11-26 04:00:00+00:00,28.425999,72.81633,23.075998
7901,2021-11-26 05:00:00+00:00,29.175999,69.29788,22.976
7902,2021-11-26 06:00:00+00:00,29.776,64.15624,22.276
7903,2021-11-26 07:00:00+00:00,29.876,63.7882,22.276
7904,2021-11-26 08:00:00+00:00,29.526,65.28517,22.325998
7905,2021-11-26 09:00:00+00:00,29.175999,66.41544,22.276
7906,2021-11-26 10:00:00+00:00,28.376,69.7804,22.325998
7907,2021-11-26 11:00:00+00:00,27.626,74.240776,22.626
7908,2021-11-26 12:00:00+00:00,26.925999,79.4887,23.075998
7909,2021-11-26 13:00:00+00:00,26.226,82.83608,23.075998
7910,2021-11-26 14:00:00+00:00,25.776,84.814766,23.026
7911,2021-11-26 15:00:00+00:00,25.276,88.701546,23.276
7912,2021-11-26 16:00:00+00:00,25.425999,88.44624,23.376
7913,2021-11-26 17:00:00+00:00,25.126,90.03917,23.376
7914,2021-11-26 18:00:00+00:00,25.175999,88.42592,23.126
7915,2021-11-26 19:00:00+00:00,24.876,87.33566,22.626
7916,2021-11-26 20:00:00+00:00,24.925999,83.954735,22.026
7917,2021-11-26 21:00:00+00:00,24.626,84.178375,21.776
7918,2021-11-26 22:00:00+00:00,24.425999,84.93193,21.726
7919,2021-11-26 23:00:00+00:00,24.376,86.49671,21.976
7920,2021-11-27 00:00:00+00:00,25.075998,82.449356,21.876
7921,2021-11-27 01:00:00+00:00,25.575998,80.76921,22.026
7922,2021-11-27 02:00:00+00:00,25.726,80.54292,22.126
7923,2021-11-27 03:00:00+00:00,26.075998,82.06932,22.776
7924,2021-11-27 04:00:00+00:00,26.776,77.79951,22.575998
7925,2021-11-27 05:00:00+00:00,26.825998,79.71594,23.026
7926,2021-11-27 06:00:00+00:00,26.325998,78.92556,22.376
7927,2021-11-27 07:00:00+00:00,25.575998,84.28136,22.726
7928,2021-11-27 08:00:00+00:00,24.626,91.65247,23.175999
7929,2021-11-27 09:00:00+00:00,25.726,86.10153,23.226
7930,2021-11-27 10:00:00+00:00,24.876,90.56723,23.226
7931,2021-11-27 11:00:00+00:00,24.175999,93.58854,23.075998
7932,2021-11-27 12:00:00+00:00,24.425999,93.03656,23.226
7933,2021-11-27 13:00:00+00:00,24.276,92.74801,23.026
7934,2021-11-27 14:00:00+00:00,24.075998,94.151886,23.075998
7935,2021-11-27 15:00:00+00:00,23.976,94.71903,23.075998
7936,2021-11-27 16:00:00+00:00,23.825998,95.576996,23.075998
7937,2021-11-27 17:00:00+00:00,23.876,95.57861,23.126
7938,2021-11-27 18:00:00+00:00,23.425999,96.43714,22.825998
7939,2021-11-27 19:00:00+00:00,23.476,96.14671,22.825998
7940,2021-11-27 20:00:00+00:00,23.425999,96.43714,22.825998
7941,2021-11-27 21:00:00+00:00,23.276,98.20241,22.976
7942,2021-11-27 22:00:00+00:00,23.075998,99.09628,22.925999
7943,2021-11-27 23:00:00+00:00,23.175999,99.09698,23.026
7944,2021-11-28 00:00:00+00:00,23.226,98.20172,22.925999
7945,2021-11-28 01:00:00+00:00,23.075998,99.39672,22.976
7946,2021-11-28 02:00:00+00:00,23.376,97.31626,22.925999
7947,2021-11-28 03:00:00+00:00,24.026,95.58347,23.276
7948,2021-11-28 04:00:00+00:00,24.726,89.738754,22.925999
7949,2021-11-28 05:00:00+00:00,24.325998,92.191086,22.976
7950,2021-11-28 06:00:00+00:00,24.626,93.046585,23.425999
7951,2021-11-28 07:00:00+00:00,24.976,93.62559,23.876
7952,2021-11-28 08:00:00+00:00,25.075998,92.233086,23.726
7953,2021-11-28 09:00:00+00:00,25.026,91.12538,23.476
7954,2021-11-28 10:00:00+00:00,24.825998,94.751656,23.925999
7955,2021-11-28 11:00:00+00:00,24.575998,91.92694,23.175999
7956,2021-11-28 12:00:00+00:00,24.126,94.154015,23.126
7957,2021-11-28 13:00:00+00:00,24.075998,95.296936,23.276
7958,2021-11-28 14:00:00+00:00,24.126,94.72483,23.226
7959,2021-11-28 15:00:00+00:00,23.876,95.57861,23.126
7960,2021-11-28 16:00:00+00:00,23.976,95.87098,23.276
7961,2021-11-28 17:00:00+00:00,23.626,95.281395,22.825998
7962,2021-11-28 18:00:00+00:00,23.675999,96.15241,23.026
7963,2021-11-28 19:00:00+00:00,23.675999,95.86188,22.976
7964,2021-11-28 20:00:00+00:00,23.526,95.85731,22.825998
7965,2021-11-28 21:00:00+00:00,23.776,95.86492,23.075998
7966,2021-11-28 22:00:00+00:00,23.776,95.57538,23.026
7967,2021-11-28 23:00:00+00:00,23.526,96.73215,22.976
7968,2021-11-29 00:00:00+00:00,22.825998,96.12822,22.175999
7969,2021-11-29 01:00:00+00:00,23.425999,96.145325,22.776
7970,2021-11-29 02:00:00+00:00,23.876,95.57861,23.126
7971,2021-11-29 03:00:00+00:00,24.776,94.18155,23.776
7972,2021-11-29 04:00:00+00:00,26.075998,90.64735,24.425999
7973,2021-11-29 05:00:00+00:00,25.976,81.313385,22.526
7974,2021-11-29 06:00:00+00:00,24.726,90.010826,22.976
7975,2021-11-29 07:00:00+00:00,26.026,85.354614,23.376
7976,2021-11-29 08:00:00+00:00,25.976,83.05816,22.876
7977,2021-11-29 09:00:00+00:00,26.925999,80.6987,23.325998
7978,2021-11-29 10:00:00+00:00,25.675999,83.52894,22.675999
7979,2021-11-29 11:00:00+00:00,25.175999,87.36222,22.925999
7980,2021-11-29 12:00:00+00:00,24.476,93.885284,23.425999
7981,2021-11-29 13:00:00+00:00,24.175999,93.58854,23.075998
7982,2021-11-29 14:00:00+00:00,23.425999,97.02312,22.925999
7983,2021-11-29 15:00:00+00:00,23.376,96.43582,22.776
7984,2021-11-29 16:00:00+00:00,23.776,94.42482,22.825998
7985,2021-11-29 17:00:00+00:00,22.976,97.9009,22.626
7986,2021-11-29 18:00:00+00:00,22.376,96.99985,21.876
7987,2021-11-29 19:00:00+00:00,22.226,98.48822,21.976
7988,2021-11-29 20:00:00+00:00,22.325998,99.09119,22.175999
7989,2021-11-29 21:00:00+00:00,22.226,98.188286,21.925999
7990,2021-11-29 22:00:00+00:00,22.376,96.40938,21.776
7991,2021-11-29 23:00:00+00:00,22.276,98.488785,22.026
7992,2021-11-30 00:00:00+00:00,22.726,97.59974,22.325998
7993,2021-11-30 01:00:00+00:00,22.976,98.49667,22.726
7994,2021-11-30 02:00:00+00:00,23.776,94.71133,22.876
7995,2021-11-30 03:00:00+00:00,25.175999,89.50091,23.325998
7996,2021-11-30 04:00:00+00:00,26.325998,84.36197,23.476
7997,2021-11-30 05:00:00+00:00,26.425999,83.109924,23.325998
7998,2021-11-30 06:00:00+00:00,27.925999,75.194725,23.126
7999,2021-11-30 07:00:00+00:00,26.175999,78.66474,22.175999
8000,2021-11-30 08:00:00+00:00,27.575998,77.213264,23.226
8001,2021-11-30 09:00:00+00:00,27.626,74.240776,22.626
8002,2021-11-30 10:00:00+00:00,27.325998,76.015816,22.726
8003,2021-11-30 11:00:00+00:00,26.876,75.7149,22.226
8004,2021-11-30 12:00:00+00:00,25.876,82.29443,22.626
8005,2021-11-30 13:00:00+00:00,24.825998,88.12977,22.726
8006,2021-11-30 14:00:00+00:00,24.425999,90.262856,22.726
8007,2021-11-30 15:00:00+00:00,24.825998,86.53903,22.425999
8008,2021-11-30 16:00:00+00:00,24.776,86.00957,22.276
8009,2021-11-30 17:00:00+00:00,24.575998,86.252495,22.126
8010,2021-11-30 18:00:00+00:00,24.226,89.975235,22.476
8011,2021-11-30 19:00:00+00:00,23.726,92.15724,22.376
8012,2021-11-30 20:00:00+00:00,23.825998,91.32626,22.325998
8013,2021-11-30 21:00:00+00:00,23.376,93.26691,22.226
8014,2021-11-30 22:00:00+00:00,23.026,94.10694,22.026
8015,2021-11-30 23:00:00+00:00,23.226,93.82944,22.175999
8016,2021-12-01 00:00:00+00:00,22.476,98.79123,22.276
8017,2021-12-01 01:00:00+00:00,22.476,99.394,22.376
8018,2021-12-01 02:00:00+00:00,24.276,94.73059,23.376
8019,2021-12-01 03:00:00+00:00,26.526,85.404976,23.876
8020,2021-12-01 04:00:00+00:00,27.925999,72.95128,22.626
8021,2021-12-01 05:00:00+00:00,28.575998,69.8178,22.526
8022,2021-12-01 06:00:00+00:00,28.575998,69.8178,22.526
8023,2021-12-01 07:00:00+00:00,28.425999,70.21527,22.476
8024,2021-12-01 08:00:00+00:00,28.126,71.66916,22.526
8025,2021-12-01 09:00:00+00:00,28.126,71.4518,22.476
8026,2021-12-01 10:00:00+00:00,27.726,71.81623,22.175999
8027,2021-12-01 11:00:00+00:00,26.925999,74.80609,22.075998
8028,2021-12-01 12:00:00+00:00,26.126,78.65768,22.126
8029,2021-12-01 13:00:00+00:00,25.526,79.05475,21.626
8030,2021-12-01 14:00:00+00:00,25.175999,79.97996,21.476
8031,2021-12-01 15:00:00+00:00,24.876,81.42311,21.476
8032,2021-12-01 16:00:00+00:00,24.425999,82.87809,21.325998
8033,2021-12-01 17:00:00+00:00,23.976,84.10734,21.126
8034,2021-12-01 18:00:00+00:00,23.276,85.86256,20.776
8035,2021-12-01 19:00:00+00:00,22.376,89.289856,20.526
8036,2021-12-01 20:00:00+00:00,22.175999,89.55059,20.376
8037,2021-12-01 21:00:00+00:00,22.726,86.073616,20.276
8038,2021-12-01 22:00:00+00:00,22.425999,86.84677,20.126
8039,2021-12-01 23:00:00+00:00,21.776,90.07643,20.075998
8040,2021-12-02 00:00:00+00:00,21.925999,90.08713,20.226
8041,2021-12-02 01:00:00+00:00,22.075998,88.991394,20.175999
8042,2021-12-02 02:00:00+00:00,24.575998,78.43695,20.575998
8043,2021-12-02 03:00:00+00:00,26.726,69.68371,20.726
8044,2021-12-02 04:00:00+00:00,28.075998,60.715324,19.776
8045,2021-12-02 05:00:00+00:00,28.626,58.621834,19.726
8046,2021-12-02 06:00:00+00:00,29.075998,56.408207,19.526
8047,2021-12-02 07:00:00+00:00,29.526,54.281796,19.325998
8048,2021-12-02 08:00:00+00:00,28.026,65.373566,20.925999
8049,2021-12-02 09:00:00+00:00,28.575998,61.58431,20.476
8050,2021-12-02 10:00:00+00:00,27.825998,63.937355,20.376
8051,2021-12-02 11:00:00+00:00,26.976,68.666725,20.726
8052,2021-12-02 12:00:00+00:00,25.825998,73.94148,20.825998
8053,2021-12-02 13:00:00+00:00,24.776,79.68111,21.026
8054,2021-12-02 14:00:00+00:00,24.425999,81.61667,21.075998
8055,2021-12-02 15:00:00+00:00,24.175999,80.58697,20.626
8056,2021-12-02 16:00:00+00:00,23.776,80.53444,20.226
8057,2021-12-02 17:00:00+00:00,23.276,81.47238,19.925999
8058,2021-12-02 18:00:00+00:00,22.526,83.94723,19.675999
8059,2021-12-02 19:00:00+00:00,21.726,87.05184,19.476
8060,2021-12-02 20:00:00+00:00,21.626,87.31377,19.425999
8061,2021-12-02 21:00:00+00:00,20.776,91.13321,19.276
8062,2021-12-02 22:00:00+00:00,20.476,93.122826,19.325998
8063,2021-12-02 23:00:00+00:00,20.726,94.00669,19.726
8064,2021-12-03 00:00:00+00:00,21.226,94.31965,20.276
8065,2021-12-03 01:00:00+00:00,21.876,92.33573,20.575998
8066,2021-12-03 02:00:00+00:00,23.325998,89.08898,21.425999
8067,2021-12-03 03:00:00+00:00,25.026,82.94812,21.925999
8068,2021-12-03 04:00:00+00:00,26.575998,75.66761,21.925999
8069,2021-12-03 05:00:00+00:00,27.726,70.51464,21.876
8070,2021-12-03 06:00:00+00:00,27.876,69.05094,21.675999
8071,2021-12-03 07:00:00+00:00,28.276,67.04866,21.575998
8072,2021-12-03 08:00:00+00:00,28.575998,65.2874,21.425999
8073,2021-12-03 09:00:00+00:00,28.976,62.82057,21.175999
8074,2021-12-03 10:00:00+00:00,28.026,66.79355,21.276
8075,2021-12-03 11:00:00+00:00,26.976,68.45561,20.675999
8076,2021-12-03 12:00:00+00:00,25.325998,71.16482,19.726
8077,2021-12-03 13:00:00+00:00,24.226,78.14474,20.175999
8078,2021-12-03 14:00:00+00:00,23.575998,85.36614,20.976
8079,2021-12-03 15:00:00+00:00,23.126,90.44855,21.476
8080,2021-12-03 16:00:00+00:00,22.825998,92.38842,21.526
8081,2021-12-03 17:00:00+00:00,22.376,92.932236,21.175999
8082,2021-12-03 18:00:00+00:00,21.925999,93.77057,20.876
8083,2021-12-03 19:00:00+00:00,21.976,94.35089,21.026
8084,2021-12-03 20:00:00+00:00,21.825998,94.05494,20.825998
8085,2021-12-03 21:00:00+00:00,21.526,95.20792,20.726
8086,2021-12-03 22:00:00+00:00,21.075998,96.37455,20.476
8087,2021-12-03 23:00:00+00:00,20.675999,96.66226,20.126
8088,2021-12-04 00:00:00+00:00,21.126,95.78321,20.425999
8089,2021-12-04 01:00:00+00:00,21.175999,95.489746,20.425999
8090,2021-12-04 02:00:00+00:00,22.825998,90.15093,21.126
8091,2021-12-04 03:00:00+00:00,25.325998,80.98374,21.825998
8092,2021-12-04 04:00:00+00:00,27.376,67.28089,20.776
8093,2021-12-04 05:00:00+00:00,28.476,61.18296,20.276
8094,2021-12-04 06:00:00+00:00,29.226,58.400238,20.226
8095,2021-12-04 07:00:00+00:00,29.825998,55.376904,19.925999
8096,2021-12-04 08:00:00+00:00,30.126,53.59313,19.675999
8097,2021-12-04 09:00:00+00:00,30.175999,52.127262,19.276
8098,2021-12-04 10:00:00+00:00,29.925999,53.046005,19.325998
8099,2021-12-04 11:00:00+00:00,29.226,61.16294,20.976
8100,2021-12-04 12:00:00+00:00,29.726,53.99471,19.425999
8101,2021-12-04 13:00:00+00:00,25.575998,74.58559,20.726
8102,2021-12-04 14:00:00+00:00,24.376,87.29122,22.126
8103,2021-12-04 15:00:00+00:00,23.626,92.15159,22.276
8104,2021-12-04 16:00:00+00:00,23.526,91.307556,22.026
8105,2021-12-04 17:00:00+00:00,24.276,87.28232,22.026
8106,2021-12-04 18:00:00+00:00,22.976,94.969185,22.126
8107,2021-12-04 19:00:00+00:00,22.276,94.943214,21.425999
8108,2021-12-04 20:00:00+00:00,22.276,94.65288,21.376
8109,2021-12-04 21:00:00+00:00,21.976,95.809685,21.276
8110,2021-12-04 22:00:00+00:00,21.575998,96.388016,20.976
8111,2021-12-04 23:00:00+00:00,21.526,96.68334,20.976
8112,2021-12-05 00:00:00+00:00,21.476,94.03964,20.476
8113,2021-12-05 01:00:00+00:00,21.526,94.33216,20.575998
8114,2021-12-05 02:00:00+00:00,23.925999,84.87967,21.226
8115,2021-12-05 03:00:00+00:00,26.325998,76.091644,21.776
8116,2021-12-05 04:00:00+00:00,28.175999,65.807434,21.175999
8117,2021-12-05 05:00:00+00:00,29.425999,59.172436,20.626
8118,2021-12-05 06:00:00+00:00,30.276,56.1755,20.575998
8119,2021-12-05 07:00:00+00:00,30.825998,53.933655,20.425999
8120,2021-12-05 08:00:00+00:00,31.175999,52.54224,20.325998
8121,2021-12-05 09:00:00+00:00,31.126,52.692127,20.325998
8122,2021-12-05 10:00:00+00:00,30.575998,54.879,20.476
8123,2021-12-05 11:00:00+00:00,29.276,63.65999,21.675999
8124,2021-12-05 12:00:00+00:00,26.925999,76.88248,22.526
8125,2021-12-05 13:00:00+00:00,25.376,81.237656,21.925999
8126,2021-12-05 14:00:00+00:00,24.726,85.22249,22.075998
8127,2021-12-05 15:00:00+00:00,24.175999,89.69859,22.376
8128,2021-12-05 16:00:00+00:00,23.876,91.05206,22.325998
8129,2021-12-05 17:00:00+00:00,24.726,86.79318,22.376
8130,2021-12-05 18:00:00+00:00,24.325998,89.16614,22.425999
8131,2021-12-05 19:00:00+00:00,22.726,96.12534,22.075998
8132,2021-12-05 20:00:00+00:00,22.876,97.89934,22.526
8133,2021-12-05 21:00:00+00:00,22.675999,98.79305,22.476
8134,2021-12-05 22:00:00+00:00,22.425999,98.79078,22.226
8135,2021-12-05 23:00:00+00:00,22.075998,99.08949,21.925999
8136,2021-12-06 00:00:00+00:00,22.526,99.092545,22.376
8137,2021-12-06 01:00:00+00:00,22.526,99.39422,22.425999
8138,2021-12-06 02:00:00+00:00,24.476,93.885284,23.425999
8139,2021-12-06 03:00:00+00:00,26.626,83.383766,23.575998
8140,2021-12-06 04:00:00+00:00,28.325998,71.70472,22.726
8141,2021-12-06 05:00:00+00:00,29.276,63.85483,21.726
8142,2021-12-06 06:00:00+00:00,29.925999,59.106354,21.075998
8143,2021-12-06 07:00:00+00:00,30.425999,55.352287,20.476
8144,2021-12-06 08:00:00+00:00,30.726,53.7426,20.276
8145,2021-12-06 09:00:00+00:00,30.575998,54.373257,20.325998
8146,2021-12-06 10:00:00+00:00,30.276,55.830173,20.476
8147,2021-12-06 11:00:00+00:00,28.776,65.12943,21.575998
8148,2021-12-06 12:00:00+00:00,27.026,77.60041,22.776
8149,2021-12-06 13:00:00+00:00,25.325998,84.76765,22.575998
8150,2021-12-06 14:00:00+00:00,24.476,90.26631,22.776
8151,2021-12-06 15:00:00+00:00,23.626,95.281395,22.825998
8152,2021-12-06 16:00:00+00:00,23.526,95.567245,22.776
8153,2021-12-06 17:00:00+00:00,23.776,95.28659,22.976
8154,2021-12-06 18:00:00+00:00,23.425999,96.729744,22.876
8155,2021-12-06 19:00:00+00:00,22.925999,98.49611,22.675999
8156,2021-12-06 20:00:00+00:00,22.226,100.0,22.226
8157,2021-12-06 21:00:00+00:00,22.075998,100.0,22.075998
8158,2021-12-06 22:00:00+00:00,21.825998,100.0,21.825998
8159,2021-12-06 23:00:00+00:00,21.626,100.0,21.626
8160,2021-12-07 00:00:00+00:00,22.026,100.0,22.026
8161,2021-12-07 01:00:00+00:00,22.325998,99.69626,22.276
8162,2021-12-07 02:00:00+00:00,24.175999,95.58832,23.425999
8163,2021-12-07 03:00:00+00:00,25.876,89.28416,23.976
8164,2021-12-07 04:00:00+00:00,27.675999,77.46157,23.376
8165,2021-12-07 05:00:00+00:00,28.726,71.127235,22.976
8166,2021-12-07 06:00:00+00:00,29.126,69.70911,23.026
8167,2021-12-07 07:00:00+00:00,29.175999,70.993706,23.376
8168,2021-12-07 08:00:00+00:00,29.325998,71.020775,23.526
8169,2021-12-07 09:00:00+00:00,29.126,69.92029,23.075998
8170,2021-12-07 10:00:00+00:00,28.575998,67.725494,22.026
8171,2021-12-07 11:00:00+00:00,27.425999,76.95778,23.026
8172,2021-12-07 12:00:00+00:00,26.626,82.13582,23.325998
8173,2021-12-07 13:00:00+00:00,25.476,88.45027,23.425999
8174,2021-12-07 14:00:00+00:00,24.776,93.054115,23.575998
8175,2021-12-07 15:00:00+00:00,24.476,94.73826,23.575998
8176,2021-12-07 16:00:00+00:00,24.376,94.73442,23.476
8177,2021-12-07 17:00:00+00:00,24.226,95.01499,23.376
8178,2021-12-07 18:00:00+00:00,23.575998,96.44108,22.976
8179,2021-12-07 19:00:00+00:00,23.226,97.31327,22.776
8180,2021-12-07 20:00:00+00:00,22.726,98.79348,22.526
8181,2021-12-07 21:00:00+00:00,22.876,99.09493,22.726
8182,2021-12-07 22:00:00+00:00,23.126,100.0,23.126
8183,2021-12-07 23:00:00+00:00,23.226,99.69827,23.175999
8184,2021-12-08 00:00:00+00:00,23.425999,98.79981,23.226
8185,2021-12-08 01:00:00+00:00,23.876,96.44893,23.276
8186,2021-12-08 02:00:00+00:00,25.026,90.03208,23.276
8187,2021-12-08 03:00:00+00:00,26.226,83.59067,23.226
8188,2021-12-08 04:00:00+00:00,26.526,78.23728,22.425999
8189,2021-12-08 05:00:00+00:00,26.925999,80.2128,23.226
8190,2021-12-08 06:00:00+00:00,28.476,72.38575,23.026
8191,2021-12-08 07:00:00+00:00,27.776,72.70427,22.425999
8192,2021-12-08 08:00:00+00:00,28.226,74.11519,23.175999
8193,2021-12-08 09:00:00+00:00,28.575998,72.84211,23.226
8194,2021-12-08 10:00:00+00:00,28.126,74.09866,23.075998
8195,2021-12-08 11:00:00+00:00,27.626,74.692566,22.726
8196,2021-12-08 12:00:00+00:00,26.175999,84.85646,23.425999
8197,2021-12-08 13:00:00+00:00,25.575998,87.3975,23.325998
8198,2021-12-08 14:00:00+00:00,25.325998,88.70552,23.325998
8199,2021-12-08 15:00:00+00:00,24.925999,91.11905,23.376
8200,2021-12-08 16:00:00+00:00,24.276,95.30381,23.476
8201,2021-12-08 17:00:00+00:00,24.425999,94.73635,23.526
8202,2021-12-08 18:00:00+00:00,24.325998,95.018654,23.476
8203,2021-12-08 19:00:00+00:00,23.976,96.742966,23.425999
8204,2021-12-08 20:00:00+00:00,23.976,96.451546,23.376
8205,2021-12-08 21:00:00+00:00,24.026,97.03628,23.526
8206,2021-12-08 22:00:00+00:00,24.075998,97.33015,23.626
8207,2021-12-08 23:00:00+00:00,23.575998,97.91026,23.226
8208,2021-12-09 00:00:00+00:00,23.575998,97.32025,23.126
8209,2021-12-09 01:00:00+00:00,23.675999,98.20776,23.376
8210,2021-12-09 02:00:00+00:00,24.425999,95.596405,23.675999
8211,2021-12-09 03:00:00+00:00,25.575998,88.458405,23.526
8212,2021-12-09 04:00:00+00:00,26.626,83.887566,23.675999
8213,2021-12-09 05:00:00+00:00,27.776,75.17075,22.976
8214,2021-12-09 06:00:00+00:00,25.476,83.50642,22.476
8215,2021-12-09 07:00:00+00:00,26.376,82.10563,23.075998
8216,2021-12-09 08:00:00+00:00,27.925999,76.56958,23.425999
8217,2021-12-09 09:00:00+00:00,27.726,75.8482,23.075998
8218,2021-12-09 10:00:00+00:00,26.976,78.77735,22.976
8219,2021-12-09 11:00:00+00:00,26.675999,79.454605,22.825998
8220,2021-12-09 12:00:00+00:00,25.575998,85.051125,22.876
8221,2021-12-09 13:00:00+00:00,24.825998,91.11269,23.276
8222,2021-12-09 14:00:00+00:00,24.825998,91.664444,23.376
8223,2021-12-09 15:00:00+00:00,24.276,94.160385,23.276
8224,2021-12-09 16:00:00+00:00,23.825998,95.28832,23.026
8225,2021-12-09 17:00:00+00:00,23.575998,94.99126,22.726
8226,2021-12-09 18:00:00+00:00,23.126,95.84508,22.425999
8227,2021-12-09 19:00:00+00:00,22.726,95.832825,22.026
8228,2021-12-09 20:00:00+00:00,23.075998,93.82271,22.026
8229,2021-12-09 21:00:00+00:00,22.575998,94.3757,21.626
8230,2021-12-09 22:00:00+00:00,22.425999,95.23963,21.626
8231,2021-12-09 23:00:00+00:00,22.925999,95.25712,22.126
8232,2021-12-10 00:00:00+00:00,23.675999,88.0332,21.575998
8233,2021-12-10 01:00:00+00:00,22.976,92.67947,21.726
8234,2021-12-10 02:00:00+00:00,23.626,92.713844,22.376
8235,2021-12-10 03:00:00+00:00,25.126,87.09355,22.825998
8236,2021-12-10 04:00:00+00:00,26.325998,82.099594,23.026
8237,2021-12-10 05:00:00+00:00,27.325998,76.94274,22.925999
8238,2021-12-10 06:00:00+00:00,28.026,73.18998,22.776
8239,2021-12-10 07:00:00+00:00,28.726,70.69782,22.876
8240,2021-12-10 08:00:00+00:00,28.226,73.66841,23.075998
8241,2021-12-10 09:00:00+00:00,27.825998,71.834,22.276
8242,2021-12-10 10:00:00+00:00,27.425999,74.207756,22.425999
8243,2021-12-10 11:00:00+00:00,26.876,76.40904,22.376
8244,2021-12-10 12:00:00+00:00,26.175999,81.585526,22.776
8245,2021-12-10 13:00:00+00:00,25.376,87.37988,23.126
8246,2021-12-10 14:00:00+00:00,25.026,88.14643,22.925999
8247,2021-12-10 15:00:00+00:00,24.976,87.08001,22.675999
8248,2021-12-10 16:00:00+00:00,24.376,90.25935,22.675999
8249,2021-12-10 17:00:00+00:00,22.825998,96.7152,22.276
8250,2021-12-10 18:00:00+00:00,22.626,98.49272,22.376
8251,2021-12-10 19:00:00+00:00,22.726,95.54108,21.976
8252,2021-12-10 20:00:00+00:00,22.925999,95.25712,22.126
8253,2021-12-10 21:00:00+00:00,22.726,95.832825,22.026
8254,2021-12-10 22:00:00+00:00,22.376,97.59349,21.976
8255,2021-12-10 23:00:00+00:00,22.425999,97.29729,21.976
8256,2021-12-11 00:00:00+00:00,22.626,98.19368,22.325998
8257,2021-12-11 01:00:00+00:00,23.026,97.014275,22.526
8258,2021-12-11 02:00:00+00:00,23.925999,95.00406,23.075998
8259,2021-12-11 03:00:00+00:00,25.276,83.23017,22.226
8260,2021-12-11 04:00:00+00:00,25.476,87.12503,23.175999
8261,2021-12-11 05:00:00+00:00,25.726,81.28189,22.276
8262,2021-12-11 06:00:00+00:00,25.675999,84.03706,22.776
8263,2021-12-11 07:00:00+00:00,27.776,75.856026,23.126
8264,2021-12-11 08:00:00+00:00,27.026,77.1312,22.675999
8265,2021-12-11 09:00:00+00:00,27.026,78.78436,23.026
8266,2021-12-11 10:00:00+00:00,27.175999,75.30312,22.425999
8267,2021-12-11 11:00:00+00:00,26.325998,77.73373,22.126
8268,2021-12-11 12:00:00+00:00,25.626,82.76596,22.476
8269,2021-12-11 13:00:00+00:00,24.575998,88.37692,22.526
8270,2021-12-11 14:00:00+00:00,24.226,89.70223,22.425999
8271,2021-12-11 15:00:00+00:00,23.876,91.6074,22.425999
8272,2021-12-11 16:00:00+00:00,23.526,93.27424,22.376
8273,2021-12-11 17:00:00+00:00,23.376,93.55118,22.276
8274,2021-12-11 18:00:00+00:00,23.425999,93.55353,22.325998
8275,2021-12-11 19:00:00+00:00,23.476,93.55585,22.376
8276,2021-12-11 20:00:00+00:00,23.575998,93.84517,22.526
8277,2021-12-11 21:00:00+00:00,23.575998,92.99357,22.376
8278,2021-12-11 22:00:00+00:00,23.526,91.58626,22.075998
8279,2021-12-11 23:00:00+00:00,23.175999,92.69008,21.925999
8280,2021-12-12 00:00:00+00:00,23.226,93.82944,22.175999
8281,2021-12-12 01:00:00+00:00,23.325998,92.69801,22.075998
8282,2021-12-12 02:00:00+00:00,25.376,84.0042,22.476
8283,2021-12-12 03:00:00+00:00,27.226,77.865036,23.026
8284,2021-12-12 04:00:00+00:00,27.925999,69.27178,21.776
8285,2021-12-12 05:00:00+00:00,28.126,72.98554,22.825998
8286,2021-12-12 06:00:00+00:00,28.925999,69.883095,22.876
8287,2021-12-12 07:00:00+00:00,28.825998,70.07651,22.825998
8288,2021-12-12 08:00:00+00:00,28.675999,66.314095,21.776
8289,2021-12-12 09:00:00+00:00,27.925999,67.597275,21.376
8290,2021-12-12 10:00:00+00:00,27.325998,72.184555,21.876
8291,2021-12-12 11:00:00+00:00,26.876,75.94567,22.276
8292,2021-12-12 12:00:00+00:00,26.476,75.42115,21.776
8293,2021-12-12 13:00:00+00:00,25.675999,79.07565,21.776
8294,2021-12-12 14:00:00+00:00,25.425999,79.76931,21.675999
8295,2021-12-12 15:00:00+00:00,25.075998,80.95168,21.575998
8296,2021-12-12 16:00:00+00:00,24.776,82.41347,21.575998
8297,2021-12-12 17:00:00+00:00,24.675999,83.41587,21.675999
8298,2021-12-12 18:00:00+00:00,24.476,85.19688,21.825998
8299,2021-12-12 19:00:00+00:00,23.976,88.058495,21.876
8300,2021-12-12 20:00:00+00:00,23.675999,89.66188,21.876
8301,2021-12-12 21:00:00+00:00,24.276,87.28232,22.026
8302,2021-12-12 22:00:00+00:00,23.226,90.455376,21.575998
8303,2021-12-12 23:00:00+00:00,22.626,95.82975,21.925999
8304,2021-12-13 00:00:00+00:00,22.976,93.532364,21.876
8305,2021-12-13 01:00:00+00:00,23.276,94.404434,22.325998
8306,2021-12-13 02:00:00+00:00,24.026,91.89495,22.626
8307,2021-12-13 03:00:00+00:00,25.175999,87.09807,22.876
8308,2021-12-13 04:00:00+00:00,23.476,93.84067,22.425999
8309,2021-12-13 05:00:00+00:00,24.376,87.025665,22.075998
8310,2021-12-13 06:00:00+00:00,24.876,86.54374,22.476
8311,2021-12-13 07:00:00+00:00,25.675999,80.782135,22.126
8312,2021-12-13 08:00:00+00:00,26.175999,74.91311,21.376
8313,2021-12-13 09:00:00+00:00,25.325998,81.47956,21.925999
8314,2021-12-13 10:00:00+00:00,25.925999,81.0604,22.425999
8315,2021-12-13 11:00:00+00:00,24.325998,84.14566,21.476
8316,2021-12-13 12:00:00+00:00,24.175999,88.613525,22.175999
8317,2021-12-13 13:00:00+00:00,23.526,92.991035,22.325998
8318,2021-12-13 14:00:00+00:00,23.776,90.7689,22.175999
8319,2021-12-13 15:00:00+00:00,23.876,88.58934,21.876
8320,2021-12-13 16:00:00+00:00,22.726,92.10037,21.376
8321,2021-12-13 17:00:00+00:00,22.226,93.78423,21.175999
8322,2021-12-13 18:00:00+00:00,22.425999,94.65878,21.526
8323,2021-12-13 19:00:00+00:00,23.626,86.69117,21.276
8324,2021-12-13 20:00:00+00:00,23.825998,85.91672,21.325998
8325,2021-12-13 21:00:00+00:00,22.876,93.242386,21.726
8326,2021-12-13 22:00:00+00:00,23.175999,92.12604,21.825998
8327,2021-12-13 23:00:00+00:00,22.976,90.43827,21.325998
8328,2021-12-14 00:00:00+00:00,22.575998,93.22761,21.425999
8329,2021-12-14 01:00:00+00:00,22.626,94.95623,21.776
8330,2021-12-14 02:00:00+00:00,23.476,92.98849,22.276
8331,2021-12-14 03:00:00+00:00,25.026,88.41367,22.976
8332,2021-12-14 04:00:00+00:00,26.675999,77.078804,22.325998
8333,2021-12-14 05:00:00+00:00,27.175999,71.0632,21.476
8334,2021-12-14 06:00:00+00:00,27.726,68.601,21.425999
8335,2021-12-14 07:00:00+00:00,27.925999,68.43004,21.575998
8336,2021-12-14 08:00:00+00:00,27.776,68.82098,21.526
8337,2021-12-14 09:00:00+00:00,27.376,70.450165,21.526
8338,2021-12-14 10:00:00+00:00,27.226,69.35101,21.126
8339,2021-12-14 11:00:00+00:00,26.776,69.47896,20.726
8340,2021-12-14 12:00:00+00:00,25.675999,75.52493,21.026
8341,2021-12-14 13:00:00+00:00,24.526,80.63276,20.976
8342,2021-12-14 14:00:00+00:00,23.925999,84.10187,21.075998
8343,2021-12-14 15:00:00+00:00,23.626,85.897064,21.126
8344,2021-12-14 16:00:00+00:00,23.726,85.38138,21.126
8345,2021-12-14 17:00:00+00:00,22.976,89.06178,21.075998
8346,2021-12-14 18:00:00+00:00,22.675999,90.14035,20.976
8347,2021-12-14 19:00:00+00:00,22.526,90.129715,20.825998
8348,2021-12-14 20:00:00+00:00,22.575998,89.85647,20.825998
8349,2021-12-14 21:00:00+00:00,22.226,91.22578,20.726
8350,2021-12-14 22:00:00+00:00,21.876,92.62071,20.626
8351,2021-12-14 23:00:00+00:00,21.726,92.61263,20.476
8352,2021-12-15 00:00:00+00:00,21.925999,92.05441,20.575998
8353,2021-12-15 01:00:00+00:00,22.575998,89.03058,20.675999
8354,2021-12-15 02:00:00+00:00,24.026,84.11282,21.175999
8355,2021-12-15 03:00:00+00:00,25.476,78.32532,21.425999
8356,2021-12-15 04:00:00+00:00,26.626,69.66483,20.626
8357,2021-12-15 05:00:00+00:00,27.126,68.06457,20.726
8358,2021-12-15 06:00:00+00:00,27.226,68.50417,20.925999
8359,2021-12-15 07:00:00+00:00,27.276,68.936066,21.075998
8360,2021-12-15 08:00:00+00:00,26.776,69.90789,20.825998
8361,2021-12-15 09:00:00+00:00,26.876,68.85914,20.675999
8362,2021-12-15 10:00:00+00:00,26.825998,68.21576,20.476
8363,2021-12-15 11:00:00+00:00,26.276,70.02978,20.376
8364,2021-12-15 12:00:00+00:00,25.075998,74.50324,20.226
8365,2021-12-15 13:00:00+00:00,23.575998,81.510185,20.226
8366,2021-12-15 14:00:00+00:00,22.976,83.73776,20.075998
8367,2021-12-15 15:00:00+00:00,22.575998,85.263794,19.976
8368,2021-12-15 16:00:00+00:00,22.175999,87.09294,19.925999
8369,2021-12-15 17:00:00+00:00,21.825998,88.69654,19.876
8370,2021-12-15 18:00:00+00:00,21.675999,89.23612,19.825998
8371,2021-12-15 19:00:00+00:00,21.526,89.50181,19.726
8372,2021-12-15 20:00:00+00:00,21.026,91.717155,19.626
8373,2021-12-15 21:00:00+00:00,20.825998,91.70512,19.425999
8374,2021-12-15 22:00:00+00:00,20.575998,92.83873,19.376
8375,2021-12-15 23:00:00+00:00,20.626,93.130394,19.476
8376,2021-12-16 00:00:00+00:00,21.226,93.73851,20.175999
8377,2021-12-16 01:00:00+00:00,21.626,93.180504,20.476
8378,2021-12-16 02:00:00+00:00,22.675999,90.41769,21.026
8379,2021-12-16 03:00:00+00:00,24.325998,84.14566,21.476
8380,2021-12-16 04:00:00+00:00,26.026,76.51167,21.575998
8381,2021-12-16 05:00:00+00:00,26.626,73.39835,21.476
8382,2021-12-16 06:00:00+00:00,27.175999,69.34152,21.075998
8383,2021-12-16 07:00:00+00:00,27.325998,68.31341,20.976
8384,2021-12-16 08:00:00+00:00,27.675999,62.53589,19.876
8385,2021-12-16 09:00:00+00:00,27.575998,60.979893,19.376
8386,2021-12-16 10:00:00+00:00,26.976,62.187347,19.126
8387,2021-12-16 11:00:00+00:00,25.976,66.5841,19.276
8388,2021-12-16 12:00:00+00:00,24.776,72.62874,19.526
8389,2021-12-16 13:00:00+00:00,23.425999,78.51478,19.476
8390,2021-12-16 14:00:00+00:00,22.776,79.90288,19.126
8391,2021-12-16 15:00:00+00:00,22.026,83.11072,19.026
8392,2021-12-16 16:00:00+00:00,21.626,85.69825,19.126
8393,2021-12-16 17:00:00+00:00,21.226,87.00593,18.976
8394,2021-12-16 18:00:00+00:00,20.925999,87.797554,18.825998
8395,2021-12-16 19:00:00+00:00,20.726,87.505936,18.575998
8396,2021-12-16 20:00:00+00:00,20.476,88.86459,18.575998
8397,2021-12-16 21:00:00+00:00,20.526,89.706024,18.776
8398,2021-12-16 22:00:00+00:00,20.425999,92.25431,19.126
8399,2021-12-16 23:00:00+00:00,20.476,93.412964,19.376
8400,2021-12-17 00:00:00+00:00,20.226,95.16157,19.425999
8401,2021-12-17 01:00:00+00:00,20.325998,95.16515,19.526
8402,2021-12-17 02:00:00+00:00,21.526,91.18126,20.026
8403,2021-12-17 03:00:00+00:00,23.876,83.0687,20.825998
8404,2021-12-17 04:00:00+00:00,25.726,75.99796,21.175999
8405,2021-12-17 05:00:00+00:00,26.976,69.51686,20.925999
8406,2021-12-17 06:00:00+00:00,27.626,64.09227,20.226
8407,2021-12-17 07:00:00+00:00,27.825998,61.416443,19.726
8408,2021-12-17 08:00:00+00:00,27.575998,61.169815,19.425999
8409,2021-12-17 09:00:00+00:00,27.276,60.72227,19.026
8410,2021-12-17 10:00:00+00:00,26.726,60.78683,18.526
8411,2021-12-17 11:00:00+00:00,25.825998,63.904835,18.476
8412,2021-12-17 12:00:00+00:00,24.376,74.38729,19.526
8413,2021-12-17 13:00:00+00:00,22.825998,81.1628,19.425999
8414,2021-12-17 14:00:00+00:00,22.175999,83.90824,19.325998
8415,2021-12-17 15:00:00+00:00,21.226,88.09764,19.175999
8416,2021-12-17 16:00:00+00:00,20.526,90.55034,18.925999
8417,2021-12-17 17:00:00+00:00,20.075998,90.51949,18.476
8418,2021-12-17 18:00:00+00:00,20.425999,87.75399,18.325998
8419,2021-12-17 19:00:00+00:00,22.175999,79.57162,18.476
8420,2021-12-17 20:00:00+00:00,20.976,84.565926,18.276
8421,2021-12-17 21:00:00+00:00,19.825998,89.65388,18.075998
8422,2021-12-17 22:00:00+00:00,19.376,93.06698,18.226
8423,2021-12-17 23:00:00+00:00,19.226,95.12544,18.425999
8424,2021-12-18 00:00:00+00:00,19.026,97.53228,18.626
8425,2021-12-18 01:00:00+00:00,19.425999,96.93301,18.925999
8426,2021-12-18 02:00:00+00:00,20.976,91.14606,19.476
8427,2021-12-18 03:00:00+00:00,23.226,82.99297,20.175999
8428,2021-12-18 04:00:00+00:00,25.126,75.2048,20.425999
8429,2021-12-18 05:00:00+00:00,26.376,69.61755,20.376
8430,2021-12-18 06:00:00+00:00,26.976,64.75182,19.776
8431,2021-12-18 07:00:00+00:00,27.126,63.39222,19.575998
8432,2021-12-18 08:00:00+00:00,27.325998,54.072998,17.226
8433,2021-12-18 09:00:00+00:00,26.876,54.475773,16.925999
8434,2021-12-18 10:00:00+00:00,26.376,54.69741,16.526
8435,2021-12-18 11:00:00+00:00,25.376,60.286625,17.126
8436,2021-12-18 12:00:00+00:00,23.575998,72.19067,18.276
8437,2021-12-18 13:00:00+00:00,21.675999,79.75267,18.026
8438,2021-12-18 14:00:00+00:00,21.075998,81.70468,17.825998
8439,2021-12-18 15:00:00+00:00,20.876,83.237175,17.925999
8440,2021-12-18 16:00:00+00:00,20.325998,82.910675,17.325998
8441,2021-12-18 17:00:00+00:00,19.626,84.4192,16.925999
8442,2021-12-18 18:00:00+00:00,19.276,86.003204,16.876
8443,2021-12-18 19:00:00+00:00,19.226,86.54524,16.925999
8444,2021-12-18 20:00:00+00:00,18.925999,86.242035,16.575998
8445,2021-12-18 21:00:00+00:00,18.126,88.392296,16.175999
8446,2021-12-18 22:00:00+00:00,17.825998,85.85807,15.426
8447,2021-12-18 23:00:00+00:00,17.526,86.38096,15.226
8448,2021-12-19 00:00:00+00:00,17.325998,88.608635,15.426
8449,2021-12-19 01:00:00+00:00,17.976,92.406685,16.726
8450,2021-12-19 02:00:00+00:00,19.325998,90.75307,17.776
8451,2021-12-19 03:00:00+00:00,22.575998,80.12532,18.976
8452,2021-12-19 04:00:00+00:00,24.976,71.54439,19.476
8453,2021-12-19 05:00:00+00:00,26.526,63.657528,19.075998
8454,2021-12-19 06:00:00+00:00,27.276,56.501503,17.876
8455,2021-12-19 07:00:00+00:00,27.575998,54.650284,17.626
8456,2021-12-19 08:00:00+00:00,27.626,53.13172,17.226
8457,2021-12-19 09:00:00+00:00,26.526,56.855667,17.276
8458,2021-12-19 10:00:00+00:00,26.425999,60.71841,18.226
8459,2021-12-19 11:00:00+00:00,25.675999,65.69725,18.776
8460,2021-12-19 12:00:00+00:00,24.376,76.49289,19.976
8461,2021-12-19 13:00:00+00:00,22.825998,83.2037,19.825998
8462,2021-12-19 14:00:00+00:00,21.726,87.32274,19.526
8463,2021-12-19 15:00:00+00:00,21.026,89.743,19.276
8464,2021-12-19 16:00:00+00:00,20.376,91.39224,18.925999
8465,2021-12-19 17:00:00+00:00,19.825998,91.931946,18.476
8466,2021-12-19 18:00:00+00:00,19.876,90.222244,18.226
8467,2021-12-19 19:00:00+00:00,19.425999,90.19029,17.776
8468,2021-12-19 20:00:00+00:00,19.476,89.34573,17.675999
8469,2021-12-19 21:00:00+00:00,19.026,91.30708,17.575998
8470,2021-12-19 22:00:00+00:00,18.876,92.748695,17.675999
8471,2021-12-19 23:00:00+00:00,18.675999,94.21152,17.726
8472,2021-12-20 00:00:00+00:00,18.425999,92.43185,17.175999
8473,2021-12-20 01:00:00+00:00,18.226,93.30269,17.126
8474,2021-12-20 02:00:00+00:00,20.026,86.621574,17.726
8475,2021-12-20 03:00:00+00:00,22.976,79.433975,19.226
8476,2021-12-20 04:00:00+00:00,25.425999,67.307365,18.925999
8477,2021-12-20 05:00:00+00:00,26.776,59.292786,18.175999
8478,2021-12-20 06:00:00+00:00,27.425999,54.61296,17.476
8479,2021-12-20 07:00:00+00:00,27.575998,54.822777,17.675999
8480,2021-12-20 08:00:00+00:00,27.575998,53.965015,17.425999
8481,2021-12-20 09:00:00+00:00,27.575998,51.625668,16.726
8482,2021-12-20 10:00:00+00:00,26.825998,55.157825,17.075998
8483,2021-12-20 11:00:00+00:00,25.626,62.08109,17.825998
8484,2021-12-20 12:00:00+00:00,23.526,70.38971,17.825998
8485,2021-12-20 13:00:00+00:00,21.325998,79.70454,17.675999
8486,2021-12-20 14:00:00+00:00,20.226,84.75153,17.575998
8487,2021-12-20 15:00:00+00:00,19.575998,86.57872,17.276
8488,2021-12-20 16:00:00+00:00,19.325998,87.65732,17.226
8489,2021-12-20 17:00:00+00:00,18.976,88.743774,17.075998
8490,2021-12-20 18:00:00+00:00,19.726,84.69787,17.075998
8491,2021-12-20 19:00:00+00:00,21.776,75.84609,17.325998
8492,2021-12-20 20:00:00+00:00,21.825998,74.66454,17.126
8493,2021-12-20 21:00:00+00:00,21.175999,77.44956,17.075998
8494,2021-12-20 22:00:00+00:00,20.575998,81.12718,17.226
8495,2021-12-20 23:00:00+00:00,17.976,93.58645,16.925999
8496,2021-12-21 00:00:00+00:00,18.026,97.20662,17.575998
8497,2021-12-21 01:00:00+00:00,18.126,95.990295,17.476
8498,2021-12-21 02:00:00+00:00,19.976,89.665085,18.226
8499,2021-12-21 03:00:00+00:00,22.876,81.16921,19.476
8500,2021-12-21 04:00:00+00:00,25.126,70.907646,19.476
8501,2021-12-21 05:00:00+00:00,26.526,60.172256,18.175999
8502,2021-12-21 06:00:00+00:00,27.226,55.60651,17.575998
8503,2021-12-21 07:00:00+00:00,27.776,52.66802,17.226
8504,2021-12-21 08:00:00+00:00,28.075998,50.78053,16.925999
8505,2021-12-21 09:00:00+00:00,28.075998,49.507324,16.526
8506,2021-12-21 10:00:00+00:00,27.726,50.36842,16.476
8507,2021-12-21 11:00:00+00:00,26.325998,56.98722,17.126
8508,2021-12-21 12:00:00+00:00,24.276,70.75085,18.626
8509,2021-12-21 13:00:00+00:00,22.425999,78.616234,18.526
8510,2021-12-21 14:00:00+00:00,21.276,86.4693,18.925999
8511,2021-12-21 15:00:00+00:00,20.376,89.97582,18.675999
8512,2021-12-21 16:00:00+00:00,20.226,88.56644,18.276
8513,2021-12-21 17:00:00+00:00,20.325998,87.47031,18.175999
8514,2021-12-21 18:00:00+00:00,20.626,86.13636,18.226
8515,2021-12-21 19:00:00+00:00,21.626,82.030304,18.425999
8516,2021-12-21 20:00:00+00:00,20.976,85.36492,18.425999
8517,2021-12-21 21:00:00+00:00,17.825998,97.81808,17.476
8518,2021-12-21 22:00:00+00:00,17.075998,100.0,17.075998
8519,2021-12-21 23:00:00+00:00,16.825998,100.0,16.825998
8520,2021-12-22 00:00:00+00:00,17.476,100.0,17.476
8521,2021-12-22 01:00:00+00:00,18.075998,99.373474,17.976
8522,2021-12-22 02:00:00+00:00,19.675999,95.73749,18.976
8523,2021-12-22 03:00:00+00:00,22.376,86.57383,20.026
8524,2021-12-22 04:00:00+00:00,24.726,73.98528,19.776
8525,2021-12-22 05:00:00+00:00,26.175999,63.780727,18.776
8526,2021-12-22 06:00:00+00:00,27.175999,56.122536,17.675999
8527,2021-12-22 07:00:00+00:00,27.776,53.67556,17.526
8528,2021-12-22 08:00:00+00:00,27.976,53.388313,17.626
8529,2021-12-22 09:00:00+00:00,27.776,55.04525,17.925999
8530,2021-12-22 10:00:00+00:00,27.075998,59.17711,18.425999
8531,2021-12-22 11:00:00+00:00,25.726,65.91316,18.876
8532,2021-12-22 12:00:00+00:00,24.026,74.793396,19.276
8533,2021-12-22 13:00:00+00:00,22.026,84.67867,19.325998
8534,2021-12-22 14:00:00+00:00,20.876,90.29271,19.226
8535,2021-12-22 15:00:00+00:00,20.276,91.671814,18.876
8536,2021-12-22 16:00:00+00:00,19.626,93.37163,18.526
8537,2021-12-22 17:00:00+00:00,19.325998,93.65028,18.276
8538,2021-12-22 18:00:00+00:00,19.126,92.76204,17.925999
8539,2021-12-22 19:00:00+00:00,21.226,84.06468,18.425999
8540,2021-12-22 20:00:00+00:00,20.376,87.74962,18.276
8541,2021-12-22 21:00:00+00:00,17.175999,99.36914,17.075998
8542,2021-12-22 22:00:00+00:00,17.126,100.0,17.126
8543,2021-12-22 23:00:00+00:00,16.425999,100.0,16.425999
8544,2021-12-23 00:00:00+00:00,17.075998,100.0,17.075998
8545,2021-12-23 01:00:00+00:00,17.726,100.0,17.726
8546,2021-12-23 02:00:00+00:00,18.526,98.754654,18.325998
8547,2021-12-23 03:00:00+00:00,21.075998,93.15301,19.925999
8548,2021-12-23 04:00:00+00:00,24.575998,70.36557,18.825998
8549,2021-12-23 05:00:00+00:00,26.276,60.114597,17.925999
8550,2021-12-23 06:00:00+00:00,27.175999,56.122536,17.675999
8551,2021-12-23 07:00:00+00:00,27.776,54.01515,17.626
8552,2021-12-23 08:00:00+00:00,28.026,53.56942,17.726
8553,2021-12-23 09:00:00+00:00,27.925999,53.71326,17.675999
8554,2021-12-23 10:00:00+00:00,27.376,54.600502,17.425999
8555,2021-12-23 11:00:00+00:00,26.075998,57.10736,16.925999
8556,2021-12-23 12:00:00+00:00,23.925999,68.06902,17.675999
8557,2021-12-23 13:00:00+00:00,21.825998,81.033905,18.425999
8558,2021-12-23 14:00:00+00:00,20.976,89.46026,19.175999
8559,2021-12-23 15:00:00+00:00,20.226,91.66877,18.825998
8560,2021-12-23 16:00:00+00:00,19.675999,92.211685,18.376
8561,2021-12-23 17:00:00+00:00,19.026,91.59542,17.626
8562,2021-12-23 18:00:00+00:00,19.276,88.768105,17.376
8563,2021-12-23 19:00:00+00:00,20.126,85.81647,17.675999
8564,2021-12-23 20:00:00+00:00,17.776,95.37399,17.026
8565,2021-12-23 21:00:00+00:00,17.325998,98.743225,17.126
8566,2021-12-23 22:00:00+00:00,16.575998,100.0,16.575998
8567,2021-12-23 23:00:00+00:00,16.976,99.36817,16.876
8568,2021-12-24 00:00:00+00:00,17.175999,100.0,17.175999
8569,2021-12-24 01:00:00+00:00,17.376,99.3701,17.276
8570,2021-12-24 02:00:00+00:00,19.276,95.12729,18.476
8571,2021-12-24 03:00:00+00:00,22.526,82.65356,19.425999
8572,2021-12-24 04:00:00+00:00,24.876,73.09853,19.726
8573,2021-12-24 05:00:00+00:00,26.276,68.53091,20.026
8574,2021-12-24 06:00:00+00:00,27.376,62.66404,19.626
8575,2021-12-24 07:00:00+00:00,28.126,56.530396,18.675999
8576,2021-12-24 08:00:00+00:00,28.376,54.33532,18.276
8577,2021-12-24 09:00:00+00:00,28.126,54.615078,18.126
8578,2021-12-24 10:00:00+00:00,27.476,54.79795,17.575998
8579,2021-12-24 11:00:00+00:00,26.276,58.803936,17.575998
8580,2021-12-24 12:00:00+00:00,24.476,71.23125,18.925999
8581,2021-12-24 13:00:00+00:00,22.575998,81.1307,19.175999
8582,2021-12-24 14:00:00+00:00,21.925999,83.61916,19.026
8583,2021-12-24 15:00:00+00:00,21.526,87.30477,19.325998
8584,2021-12-24 16:00:00+00:00,20.726,91.12999,19.226
8585,2021-12-24 17:00:00+00:00,20.425999,92.54219,19.175999
8586,2021-12-24 18:00:00+00:00,20.126,92.52579,18.876
8587,2021-12-24 19:00:00+00:00,20.376,92.251465,19.075998
8588,2021-12-24 20:00:00+00:00,18.825998,97.83455,18.476
8589,2021-12-24 21:00:00+00:00,18.476,99.68724,18.425999
8590,2021-12-24 22:00:00+00:00,18.026,100.0,18.026
8591,2021-12-24 23:00:00+00:00,17.726,100.0,17.726
8592,2021-12-25 00:00:00+00:00,17.726,100.0,17.726
8593,2021-12-25 01:00:00+00:00,18.376,99.374916,18.276
8594,2021-12-25 02:00:00+00:00,20.075998,95.15617,19.276
8595,2021-12-25 03:00:00+00:00,23.075998,84.00825,20.226
8596,2021-12-25 04:00:00+00:00,25.226,73.15886,20.075998
8597,2021-12-25 05:00:00+00:00,26.526,67.31873,19.976
8598,2021-12-25 06:00:00+00:00,27.675999,61.382736,19.575998
8599,2021-12-25 07:00:00+00:00,28.376,58.56319,19.476
8600,2021-12-25 08:00:00+00:00,28.626,57.53963,19.425999
8601,2021-12-25 09:00:00+00:00,28.325998,58.733738,19.476
8602,2021-12-25 10:00:00+00:00,27.476,60.578796,19.175999
8603,2021-12-25 11:00:00+00:00,26.126,63.372337,18.626
8604,2021-12-25 12:00:00+00:00,24.726,73.0726,19.575998
8605,2021-12-25 13:00:00+00:00,23.175999,82.22036,19.976
8606,2021-12-25 14:00:00+00:00,22.276,87.10205,20.026
8607,2021-12-25 15:00:00+00:00,21.526,90.618385,19.925999
8608,2021-12-25 16:00:00+00:00,21.126,92.29378,19.825998
8609,2021-12-25 17:00:00+00:00,20.726,93.135414,19.575998
8610,2021-12-25 18:00:00+00:00,20.325998,93.98899,19.325998
8611,2021-12-25 19:00:00+00:00,19.726,95.44091,18.976
8612,2021-12-25 20:00:00+00:00,19.425999,96.630905,18.876
8613,2021-12-25 21:00:00+00:00,18.825998,98.449,18.575998
8614,2021-12-25 22:00:00+00:00,18.325998,99.37468,18.226
8615,2021-12-25 23:00:00+00:00,18.376,99.06365,18.226
8616,2021-12-26 00:00:00+00:00,18.476,99.06435,18.325998
8617,2021-12-26 01:00:00+00:00,18.776,98.448395,18.526
8618,2021-12-26 02:00:00+00:00,20.776,94.008896,19.776
8619,2021-12-26 03:00:00+00:00,23.476,83.53588,20.526
8620,2021-12-26 04:00:00+00:00,25.575998,75.27722,20.876
8621,2021-12-26 05:00:00+00:00,27.226,66.63187,20.476
8622,2021-12-26 06:00:00+00:00,28.126,61.483696,20.026
8623,2021-12-26 07:00:00+00:00,28.675999,58.633564,19.776
8624,2021-12-26 08:00:00+00:00,28.626,59.35317,19.925999
8625,2021-12-26 09:00:00+00:00,28.226,61.31613,20.075998
8626,2021-12-26 10:00:00+00:00,27.526,62.891663,19.825998
8627,2021-12-26 11:00:00+00:00,26.476,66.2734,19.675999
8628,2021-12-26 12:00:00+00:00,25.276,73.62125,20.226
8629,2021-12-26 13:00:00+00:00,23.126,83.496124,20.175999
8630,2021-12-26 14:00:00+00:00,22.126,87.90121,20.026
8631,2021-12-26 15:00:00+00:00,21.526,90.33811,19.876
8632,2021-12-26 16:00:00+00:00,21.126,91.15568,19.626
8633,2021-12-26 17:00:00+00:00,20.626,92.26561,19.325998
8634,2021-12-26 18:00:00+00:00,20.675999,91.696045,19.276
8635,2021-12-26 19:00:00+00:00,20.776,91.41727,19.325998
8636,2021-12-26 20:00:00+00:00,22.175999,88.45089,20.175999
8637,2021-12-26 21:00:00+00:00,21.776,90.63529,20.175999
8638,2021-12-26 22:00:00+00:00,21.325998,93.16553,20.175999
8639,2021-12-26 23:00:00+00:00,20.026,96.64602,19.476
8640,2021-12-27 00:00:00+00:00,18.726,100.0,18.726
8641,2021-12-27 01:00:00+00:00,19.276,100.0,19.276
8642,2021-12-27 02:00:00+00:00,20.476,98.77292,20.276
8643,2021-12-27 03:00:00+00:00,23.476,87.74701,21.325998
8644,2021-12-27 04:00:00+00:00,25.925999,76.49632,21.476
8645,2021-12-27 05:00:00+00:00,27.526,66.48766,20.726
8646,2021-12-27 06:00:00+00:00,28.425999,61.17172,20.226
8647,2021-12-27 07:00:00+00:00,28.776,58.838963,19.925999
8648,2021-12-27 08:00:00+00:00,28.675999,58.452003,19.726
8649,2021-12-27 09:00:00+00:00,28.526,58.41672,19.575998
8650,2021-12-27 10:00:00+00:00,27.976,59.2022,19.276
8651,2021-12-27 11:00:00+00:00,27.026,62.19844,19.175999
8652,2021-12-27 12:00:00+00:00,26.075998,67.85765,19.675999
8653,2021-12-27 13:00:00+00:00,24.226,77.6629,20.075998
8654,2021-12-27 14:00:00+00:00,23.175999,84.279106,20.376
8655,2021-12-27 15:00:00+00:00,22.476,87.38983,20.276
8656,2021-12-27 16:00:00+00:00,21.976,89.5356,20.175999
8657,2021-12-27 17:00:00+00:00,21.726,90.07287,20.026
8658,2021-12-27 18:00:00+00:00,21.376,91.454544,19.925999
8659,2021-12-27 19:00:00+00:00,20.876,92.27971,19.575998
8660,2021-12-27 20:00:00+00:00,20.626,92.84133,19.425999
8661,2021-12-27 21:00:00+00:00,20.276,93.40327,19.175999
8662,2021-12-27 22:00:00+00:00,20.575998,92.55038,19.325998
8663,2021-12-27 23:00:00+00:00,20.425999,92.83086,19.226
8664,2021-12-28 00:00:00+00:00,21.126,93.44432,20.026
8665,2021-12-28 01:00:00+00:00,20.726,94.88508,19.876
8666,2021-12-28 02:00:00+00:00,22.226,91.50699,20.776
8667,2021-12-28 03:00:00+00:00,24.825998,81.66648,21.476
8668,2021-12-28 04:00:00+00:00,26.626,70.31131,20.776
8669,2021-12-28 05:00:00+00:00,27.526,65.06835,20.376
8670,2021-12-28 06:00:00+00:00,28.175999,62.26003,20.276
8671,2021-12-28 07:00:00+00:00,28.376,60.97165,20.126
8672,2021-12-28 08:00:00+00:00,28.476,60.058163,19.976
8673,2021-12-28 09:00:00+00:00,28.075998,61.282425,19.925999
8674,2021-12-28 10:00:00+00:00,27.476,63.468052,19.925999
8675,2021-12-28 11:00:00+00:00,26.575998,67.53739,20.075998
8676,2021-12-28 12:00:00+00:00,25.976,73.28752,20.825998
8677,2021-12-28 13:00:00+00:00,23.876,84.87442,21.175999
8678,2021-12-28 14:00:00+00:00,23.425999,87.474075,21.226
8679,2021-12-28 15:00:00+00:00,23.175999,89.077354,21.276
8680,2021-12-28 16:00:00+00:00,22.876,90.15444,21.175999
8681,2021-12-28 17:00:00+00:00,22.376,92.36353,21.075998
8682,2021-12-28 18:00:00+00:00,22.075998,92.63143,20.825998
8683,2021-12-28 19:00:00+00:00,21.976,92.626076,20.726
8684,2021-12-28 20:00:00+00:00,21.825998,91.76514,20.425999
8685,2021-12-28 21:00:00+00:00,21.376,93.74539,20.325998
8686,2021-12-28 22:00:00+00:00,20.776,96.963875,20.276
8687,2021-12-28 23:00:00+00:00,21.026,98.47453,20.776
8688,2021-12-29 00:00:00+00:00,20.675999,100.0,20.675999
8689,2021-12-29 01:00:00+00:00,20.876,99.38664,20.776
8690,2021-12-29 02:00:00+00:00,22.026,96.10524,21.376
8691,2021-12-29 03:00:00+00:00,24.526,84.167465,21.675999
8692,2021-12-29 04:00:00+00:00,25.976,76.7384,21.575998
8693,2021-12-29 05:00:00+00:00,27.226,69.77787,21.226
8694,2021-12-29 06:00:00+00:00,27.876,65.14157,20.726
8695,2021-12-29 07:00:00+00:00,27.126,66.81748,20.425999
8696,2021-12-29 08:00:00+00:00,27.075998,71.262955,21.425999
8697,2021-12-29 09:00:00+00:00,27.325998,70.44094,21.476
8698,2021-12-29 10:00:00+00:00,26.776,69.69313,20.776
8699,2021-12-29 11:00:00+00:00,26.526,69.21763,20.425999
8700,2021-12-29 12:00:00+00:00,25.976,70.844124,20.276
8701,2021-12-29 13:00:00+00:00,24.825998,76.79886,20.476
8702,2021-12-29 14:00:00+00:00,24.075998,80.573845,20.526
8703,2021-12-29 15:00:00+00:00,23.075998,86.639725,20.726
8704,2021-12-29 16:00:00+00:00,22.526,89.02668,20.626
8705,2021-12-29 17:00:00+00:00,22.175999,91.503914,20.726
8706,2021-12-29 18:00:00+00:00,21.476,93.46111,20.376
8707,2021-12-29 19:00:00+00:00,21.075998,94.31338,20.126
8708,2021-12-29 20:00:00+00:00,21.026,94.31127,20.075998
8709,2021-12-29 21:00:00+00:00,20.925999,95.186615,20.126
8710,2021-12-29 22:00:00+00:00,20.675999,95.76912,19.976
8711,2021-12-29 23:00:00+00:00,20.726,95.47468,19.976
8712,2021-12-30 00:00:00+00:00,21.276,95.78789,20.575998
8713,2021-12-30 01:00:00+00:00,21.325998,94.907715,20.476
8714,2021-12-30 02:00:00+00:00,23.675999,87.22862,21.425999
8715,2021-12-30 03:00:00+00:00,26.075998,76.285706,21.575998
8716,2021-12-30 04:00:00+00:00,27.175999,68.49449,20.876
8717,2021-12-30 05:00:00+00:00,28.075998,63.20649,20.425999
8718,2021-12-30 06:00:00+00:00,28.575998,60.640972,20.226
8719,2021-12-30 07:00:00+00:00,28.726,59.74487,20.126
8720,2021-12-30 08:00:00+00:00,28.476,60.99422,20.226
8721,2021-12-30 09:00:00+00:00,27.925999,57.91268,18.876
8722,2021-12-30 10:00:00+00:00,27.226,62.04948,19.325998
8723,2021-12-30 11:00:00+00:00,26.925999,64.5407,19.675999
8724,2021-12-30 12:00:00+00:00,25.876,69.09305,19.776
8725,2021-12-30 13:00:00+00:00,24.276,81.849106,20.976
8726,2021-12-30 14:00:00+00:00,23.776,85.38647,21.175999
8727,2021-12-30 15:00:00+00:00,24.126,83.60937,21.175999
8728,2021-12-30 16:00:00+00:00,23.675999,86.69582,21.325998
8729,2021-12-30 17:00:00+00:00,23.526,87.48288,21.325998
8730,2021-12-30 18:00:00+00:00,23.526,88.020515,21.425999
8731,2021-12-30 19:00:00+00:00,23.175999,87.452,20.976
8732,2021-12-30 20:00:00+00:00,22.726,90.699104,21.126
8733,2021-12-30 21:00:00+00:00,21.925999,96.39736,21.325998
8734,2021-12-30 22:00:00+00:00,22.075998,96.69688,21.526
8735,2021-12-30 23:00:00+00:00,21.925999,94.93018,21.075998
8736,2021-12-31 00:00:00+00:00,22.175999,94.07018,21.175999
8737,2021-12-31 01:00:00+00:00,22.325998,93.78878,21.276
8738,2021-12-31 02:00:00+00:00,22.626,94.089676,21.626
8739,2021-12-31 03:00:00+00:00,24.126,90.24199,22.425999
8740,2021-12-31 04:00:00+00:00,23.825998,89.39993,21.976
8741,2021-12-31 05:00:00+00:00,25.726,79.56678,21.925999
8742,2021-12-31 06:00:00+00:00,25.575998,79.3037,21.726
8743,2021-12-31 07:00:00+00:00,25.976,73.28752,20.825998
8744,2021-12-31 08:00:00+00:00,26.026,75.58056,21.376
8745,2021-12-31 09:00:00+00:00,25.425999,78.55839,21.425999
8746,2021-12-31 10:00:00+00:00,25.126,77.081375,20.825998
8747,2021-12-31 11:00:00+00:00,24.526,81.629135,21.175999
8748,2021-12-31 12:00:00+00:00,23.626,88.2987,21.575998
8749,2021-12-31 13:00:00+00:00,23.425999,90.46906,21.776
8750,2021-12-31 14:00:00+00:00,22.976,92.963005,21.776
8751,2021-12-31 15:00:00+00:00,23.425999,90.19313,21.726
8752,2021-12-31 16:00:00+00:00,22.876,92.95788,21.675999
8753,2021-12-31 17:00:00+00:00,22.325998,94.07668,21.325998
8754,2021-12-31 18:00:00+00:00,23.226,90.455376,21.575998
8755,2021-12-31 19:00:00+00:00,23.726,88.037415,21.626
8756,2021-12-31 20:00:00+00:00,23.126,90.44855,21.476
8757,2021-12-31 21:00:00+00:00,22.976,90.43827,21.325998
8758,2021-12-31 22:00:00+00:00,23.175999,89.077354,21.276
8759,2021-12-31 23:00:00+00:00,23.126,89.34699,21.276
8760,2022-01-01 00:00:00+00:00,23.276,87.46082,21.075998
8761,2022-01-01 01:00:00+00:00,23.526,85.09901,20.876
8762,2022-01-01 02:00:00+00:00,24.376,80.86145,20.876
8763,2022-01-01 03:00:00+00:00,25.825998,75.5488,21.175999
8764,2022-01-01 04:00:00+00:00,26.325998,75.16702,21.575998
8765,2022-01-01 05:00:00+00:00,27.075998,70.61092,21.276
8766,2022-01-01 06:00:00+00:00,27.226,69.77787,21.226
8767,2022-01-01 07:00:00+00:00,27.925999,67.184235,21.276
8768,2022-01-01 08:00:00+00:00,28.075998,65.98911,21.126
8769,2022-01-01 09:00:00+00:00,27.825998,66.54856,21.026
8770,2022-01-01 10:00:00+00:00,27.276,67.884865,20.825998
8771,2022-01-01 11:00:00+00:00,26.526,70.07656,20.626
8772,2022-01-01 12:00:00+00:00,25.626,75.054146,20.876
8773,2022-01-01 13:00:00+00:00,24.626,80.39853,21.026
8774,2022-01-01 14:00:00+00:00,24.075998,84.11831,21.226
8775,2022-01-01 15:00:00+00:00,23.526,88.29043,21.476
8776,2022-01-01 16:00:00+00:00,23.075998,91.27937,21.575998
8777,2022-01-01 17:00:00+00:00,22.776,92.66883,21.526
8778,2022-01-01 18:00:00+00:00,22.526,93.22514,21.376
8779,2022-01-01 19:00:00+00:00,21.976,94.641075,21.075998
8780,2022-01-01 20:00:00+00:00,21.376,95.49642,20.626
8781,2022-01-01 21:00:00+00:00,21.226,95.78633,20.526
8782,2022-01-01 22:00:00+00:00,21.276,96.08353,20.626
8783,2022-01-01 23:00:00+00:00,21.526,95.795685,20.825998
8784,2022-01-02 00:00:00+00:00,20.925999,97.567276,20.526
8785,2022-01-02 01:00:00+00:00,20.976,98.47396,20.726
8786,2022-01-02 02:00:00+00:00,22.476,95.825134,21.776
8787,2022-01-02 03:00:00+00:00,24.925999,85.50265,22.325998
8788,2022-01-02 04:00:00+00:00,26.476,74.2771,21.526
8789,2022-01-02 05:00:00+00:00,27.526,67.51801,20.976
8790,2022-01-02 06:00:00+00:00,27.825998,65.93782,20.876
8791,2022-01-02 07:00:00+00:00,27.726,66.52826,20.925999
8792,2022-01-02 08:00:00+00:00,27.675999,66.518135,20.876
8793,2022-01-02 09:00:00+00:00,27.476,66.88806,20.776
8794,2022-01-02 10:00:00+00:00,27.126,66.6116,20.376
8795,2022-01-02 11:00:00+00:00,26.425999,69.84215,20.476
8796,2022-01-02 12:00:00+00:00,25.325998,75.701866,20.726
8797,2022-01-02 13:00:00+00:00,23.976,82.57093,20.825998
8798,2022-01-02 14:00:00+00:00,23.126,87.9866,21.026
8799,2022-01-02 15:00:00+00:00,22.726,90.14386,21.026
8800,2022-01-02 16:00:00+00:00,22.575998,90.41079,20.925999
8801,2022-01-02 17:00:00+00:00,22.226,91.788956,20.825998
8802,2022-01-02 18:00:00+00:00,22.075998,92.06308,20.726
8803,2022-01-02 19:00:00+00:00,21.626,93.180504,20.476
8804,2022-01-02 20:00:00+00:00,21.276,93.451515,20.175999
8805,2022-01-02 21:00:00+00:00,21.476,92.8857,20.276
8806,2022-01-02 22:00:00+00:00,21.876,91.20357,20.376
8807,2022-01-02 23:00:00+00:00,21.476,92.8857,20.276
8808,2022-01-03 00:00:00+00:00,21.726,93.473076,20.626
8809,2022-01-03 01:00:00+00:00,20.776,96.963875,20.276
8810,2022-01-03 02:00:00+00:00,22.276,93.49925,21.175999
8811,2022-01-03 03:00:00+00:00,24.476,83.138176,21.425999
8812,2022-01-03 04:00:00+00:00,25.726,74.61022,20.876
8813,2022-01-03 05:00:00+00:00,26.575998,69.22719,20.476
8814,2022-01-03 06:00:00+00:00,27.175999,67.03397,20.526
8815,2022-01-03 07:00:00+00:00,27.575998,64.27996,20.226
8816,2022-01-03 08:00:00+00:00,27.476,62.880722,19.776
8817,2022-01-03 09:00:00+00:00,27.175999,63.797802,19.726
8818,2022-01-03 10:00:00+00:00,26.425999,68.34843,20.126
8819,2022-01-03 11:00:00+00:00,25.726,71.90123,20.276
8820,2022-01-03 12:00:00+00:00,24.825998,77.03606,20.526
8821,2022-01-03 13:00:00+00:00,23.425999,84.56636,20.675999
8822,2022-01-03 14:00:00+00:00,22.626,89.584145,20.825998
8823,2022-01-03 15:00:00+00:00,21.976,92.626076,20.726
8824,2022-01-03 16:00:00+00:00,21.325998,93.74312,20.276
8825,2022-01-03 17:00:00+00:00,21.325998,92.877914,20.126
8826,2022-01-03 18:00:00+00:00,21.126,92.580246,19.876
8827,2022-01-03 19:00:00+00:00,20.976,92.28533,19.675999
8828,2022-01-03 20:00:00+00:00,22.175999,88.99925,20.276
8829,2022-01-03 21:00:00+00:00,21.776,90.91586,20.226
8830,2022-01-03 22:00:00+00:00,19.675999,96.33648,19.075998
8831,2022-01-03 23:00:00+00:00,19.376,99.07073,19.226
8832,2022-01-04 00:00:00+00:00,19.425999,99.07108,19.276
8833,2022-01-04 01:00:00+00:00,19.575998,99.3806,19.476
8834,2022-01-04 02:00:00+00:00,20.925999,96.3705,20.325998
8835,2022-01-04 03:00:00+00:00,23.376,86.13684,20.925999
8836,2022-01-04 04:00:00+00:00,25.276,75.46114,20.626
8837,2022-01-04 05:00:00+00:00,26.526,66.28366,19.726
8838,2022-01-04 06:00:00+00:00,27.575998,60.790493,19.325998
8839,2022-01-04 07:00:00+00:00,27.776,59.52544,19.175999
8840,2022-01-04 08:00:00+00:00,27.876,58.811234,19.075998
8841,2022-01-04 09:00:00+00:00,27.626,59.120605,18.925999
8842,2022-01-04 10:00:00+00:00,27.126,60.310192,18.776
8843,2022-01-04 11:00:00+00:00,26.226,63.196236,18.675999
8844,2022-01-04 12:00:00+00:00,24.825998,70.412224,19.075998
8845,2022-01-04 13:00:00+00:00,23.075998,79.20095,19.276
8846,2022-01-04 14:00:00+00:00,21.876,85.72332,19.376
8847,2022-01-04 15:00:00+00:00,21.226,88.9243,19.325998
8848,2022-01-04 16:00:00+00:00,20.776,90.285706,19.126
8849,2022-01-04 17:00:00+00:00,20.276,90.25051,18.626
8850,2022-01-04 18:00:00+00:00,20.026,88.82856,18.126
8851,2022-01-04 19:00:00+00:00,20.526,86.39738,18.175999
8852,2022-01-04 20:00:00+00:00,21.075998,84.57671,18.376
8853,2022-01-04 21:00:00+00:00,21.825998,82.312035,18.675999
8854,2022-01-04 22:00:00+00:00,19.276,91.89939,17.925999
8855,2022-01-04 23:00:00+00:00,18.026,96.29084,17.425999
8856,2022-01-05 00:00:00+00:00,18.226,95.69102,17.526
8857,2022-01-05 01:00:00+00:00,18.876,96.01278,18.226
8858,2022-01-05 02:00:00+00:00,20.226,92.53126,18.976
8859,2022-01-05 03:00:00+00:00,23.175999,81.20762,19.776
8860,2022-01-05 04:00:00+00:00,25.476,68.801674,19.325998
8861,2022-01-05 05:00:00+00:00,26.876,60.06443,18.476
8862,2022-01-05 06:00:00+00:00,27.425999,57.07315,18.175999
8863,2022-01-05 07:00:00+00:00,27.726,55.206257,17.925999
8864,2022-01-05 08:00:00+00:00,27.776,54.52807,17.776
8865,2022-01-05 09:00:00+00:00,27.825998,53.688137,17.575998
8866,2022-01-05 10:00:00+00:00,27.526,53.612625,17.276
8867,2022-01-05 11:00:00+00:00,26.726,55.133038,16.976
8868,2022-01-05 12:00:00+00:00,25.175999,66.212715,18.425999
8869,2022-01-05 13:00:00+00:00,23.575998,73.79099,18.626
8870,2022-01-05 14:00:00+00:00,22.726,78.659225,18.825998
8871,2022-01-05 15:00:00+00:00,22.075998,82.59976,18.976
8872,2022-01-05 16:00:00+00:00,21.325998,86.74425,19.026
8873,2022-01-05 17:00:00+00:00,20.776,90.00474,19.075998
8874,2022-01-05 18:00:00+00:00,20.675999,89.15866,18.825998
8875,2022-01-05 19:00:00+00:00,21.126,86.725464,18.825998
8876,2022-01-05 20:00:00+00:00,22.476,81.11782,19.075998
8877,2022-01-05 21:00:00+00:00,22.026,83.370255,19.075998
8878,2022-01-05 22:00:00+00:00,21.276,86.4693,18.925999
8879,2022-01-05 23:00:00+00:00,19.476,93.07207,18.325998
8880,2022-01-06 00:00:00+00:00,19.026,98.75937,18.825998
8881,2022-01-06 01:00:00+00:00,19.126,98.145546,18.825998
8882,2022-01-06 02:00:00+00:00,20.526,93.70623,19.476
8883,2022-01-06 03:00:00+00:00,23.476,82.511215,20.325998
8884,2022-01-06 04:00:00+00:00,25.675999,72.11478,20.276
8885,2022-01-06 05:00:00+00:00,27.175999,64.994934,20.026
8886,2022-01-06 06:00:00+00:00,27.825998,60.84722,19.575998
8887,2022-01-06 07:00:00+00:00,28.126,59.05319,19.376
8888,2022-01-06 08:00:00+00:00,27.925999,60.68125,19.626
8889,2022-01-06 09:00:00+00:00,27.876,60.858547,19.626
8890,2022-01-06 10:00:00+00:00,27.675999,60.061024,19.226
8891,2022-01-06 11:00:00+00:00,26.925999,61.022793,18.776
8892,2022-01-06 12:00:00+00:00,25.976,66.79163,19.325998
8893,2022-01-06 13:00:00+00:00,23.776,78.321754,19.776
8894,2022-01-06 14:00:00+00:00,22.276,87.64266,20.126
8895,2022-01-06 15:00:00+00:00,21.976,88.98353,20.075998
8896,2022-01-06 16:00:00+00:00,21.526,90.05858,19.825998
8897,2022-01-06 17:00:00+00:00,21.126,90.31021,19.476
8898,2022-01-06 18:00:00+00:00,21.325998,89.209114,19.476
8899,2022-01-06 19:00:00+00:00,21.126,89.75038,19.376
8900,2022-01-06 20:00:00+00:00,20.876,89.73193,19.126
8901,2022-01-06 21:00:00+00:00,22.876,82.952,19.825998
8902,2022-01-06 22:00:00+00:00,22.175999,87.09294,19.925999
8903,2022-01-06 23:00:00+00:00,19.825998,95.14718,19.026
8904,2022-01-07 00:00:00+00:00,20.325998,98.16227,20.026
8905,2022-01-07 01:00:00+00:00,19.626,100.0,19.626
8906,2022-01-07 02:00:00+00:00,20.825998,97.86691,20.476
8907,2022-01-07 03:00:00+00:00,24.376,81.11043,20.925999
8908,2022-01-07 04:00:00+00:00,26.126,71.75108,20.626
8909,2022-01-07 05:00:00+00:00,27.276,65.01593,20.126
8910,2022-01-07 06:00:00+00:00,27.876,63.554478,20.325998
8911,2022-01-07 07:00:00+00:00,27.925999,62.78468,20.175999
8912,2022-01-07 08:00:00+00:00,27.376,65.03691,20.226
8913,2022-01-07 09:00:00+00:00,27.175999,66.82758,20.476
8914,2022-01-07 10:00:00+00:00,26.825998,67.37869,20.276
8915,2022-01-07 11:00:00+00:00,26.425999,68.137344,20.075998
8916,2022-01-07 12:00:00+00:00,25.776,70.80739,20.075998
8917,2022-01-07 13:00:00+00:00,24.325998,78.88654,20.425999
8918,2022-01-07 14:00:00+00:00,23.476,83.27868,20.476
8919,2022-01-07 15:00:00+00:00,22.976,84.779655,20.276
8920,2022-01-07 16:00:00+00:00,22.925999,83.991646,20.075998
8921,2022-01-07 17:00:00+00:00,22.726,84.75317,20.026
8922,2022-01-07 18:00:00+00:00,22.175999,87.63392,20.026
8923,2022-01-07 19:00:00+00:00,21.925999,88.97959,20.026
8924,2022-01-07 20:00:00+00:00,21.425999,90.61163,19.825998
8925,2022-01-07 21:00:00+00:00,21.226,90.59805,19.626
8926,2022-01-07 22:00:00+00:00,21.026,91.432816,19.575998
8927,2022-01-07 23:00:00+00:00,21.726,88.13994,19.675999
8928,2022-01-08 00:00:00+00:00,22.776,85.813065,20.276
8929,2022-01-08 01:00:00+00:00,20.825998,95.18306,20.026
8930,2022-01-08 02:00:00+00:00,22.425999,90.95836,20.876
8931,2022-01-08 03:00:00+00:00,25.026,79.9598,21.325998
8932,2022-01-08 04:00:00+00:00,26.876,66.76692,20.175999
8933,2022-01-08 05:00:00+00:00,27.476,64.45764,20.175999
8934,2022-01-08 06:00:00+00:00,27.726,63.5221,20.175999
8935,2022-01-08 07:00:00+00:00,28.276,61.32735,20.126
8936,2022-01-08 08:00:00+00:00,28.425999,60.606915,20.075998
8937,2022-01-08 09:00:00+00:00,27.976,61.45008,19.876
8938,2022-01-08 10:00:00+00:00,27.726,61.96807,19.776
8939,2022-01-08 11:00:00+00:00,26.925999,64.141235,19.575998
8940,2022-01-08 12:00:00+00:00,25.925999,69.53221,19.925999
8941,2022-01-08 13:00:00+00:00,24.376,75.083435,19.675999
8942,2022-01-08 14:00:00+00:00,23.276,81.22039,19.876
8943,2022-01-08 15:00:00+00:00,22.776,85.02105,20.126
8944,2022-01-08 16:00:00+00:00,22.575998,86.32547,20.175999
8945,2022-01-08 17:00:00+00:00,22.575998,86.058975,20.126
8946,2022-01-08 18:00:00+00:00,22.175999,88.177826,20.126
8947,2022-01-08 19:00:00+00:00,21.526,91.46384,20.075998
8948,2022-01-08 20:00:00+00:00,21.075998,91.72017,19.675999
8949,2022-01-08 21:00:00+00:00,21.776,88.144165,19.726
8950,2022-01-08 22:00:00+00:00,22.526,85.788216,20.026
8951,2022-01-08 23:00:00+00:00,22.175999,88.177826,20.126
8952,2022-01-09 00:00:00+00:00,20.075998,96.647255,19.526
8953,2022-01-09 01:00:00+00:00,20.575998,97.86291,20.226
8954,2022-01-09 02:00:00+00:00,21.325998,96.381294,20.726
8955,2022-01-09 03:00:00+00:00,24.376,82.113106,21.126
8956,2022-01-09 04:00:00+00:00,26.325998,72.22966,20.925999
8957,2022-01-09 05:00:00+00:00,27.675999,65.09976,20.526
8958,2022-01-09 06:00:00+00:00,28.226,62.85027,20.476
8959,2022-01-09 07:00:00+00:00,28.675999,59.91842,20.126
8960,2022-01-09 08:00:00+00:00,28.776,59.571896,20.126
8961,2022-01-09 09:00:00+00:00,28.476,60.431057,20.075998
8962,2022-01-09 10:00:00+00:00,27.825998,63.152187,20.175999
8963,2022-01-09 11:00:00+00:00,26.925999,65.14401,19.825998
8964,2022-01-09 12:00:00+00:00,25.976,67.837845,19.575998
8965,2022-01-09 13:00:00+00:00,24.325998,76.012665,19.825998
8966,2022-01-09 14:00:00+00:00,23.376,81.99074,20.126
8967,2022-01-09 15:00:00+00:00,22.526,87.124794,20.276
8968,2022-01-09 16:00:00+00:00,22.175999,88.99925,20.276
8969,2022-01-09 17:00:00+00:00,22.075998,89.820076,20.325998
8970,2022-01-09 18:00:00+00:00,21.726,91.476204,20.276
8971,2022-01-09 19:00:00+00:00,21.376,92.59376,20.126
8972,2022-01-09 20:00:00+00:00,21.026,92.57482,19.776
8973,2022-01-09 21:00:00+00:00,21.575998,89.783485,19.825998
8974,2022-01-09 22:00:00+00:00,22.425999,87.65579,20.276
8975,2022-01-09 23:00:00+00:00,19.626,97.847565,19.276
8976,2022-01-10 00:00:00+00:00,20.425999,96.95591,19.925999
8977,2022-01-10 01:00:00+00:00,21.026,97.5691,20.626
8978,2022-01-10 02:00:00+00:00,21.925999,93.77057,20.876
8979,2022-01-10 03:00:00+00:00,24.425999,82.87809,21.325998
8980,2022-01-10 04:00:00+00:00,26.526,72.93297,21.276
8981,2022-01-10 05:00:00+00:00,28.126,64.0015,20.675999
8982,2022-01-10 06:00:00+00:00,29.026,59.079605,20.226
8983,2022-01-10 07:00:00+00:00,28.976,59.067978,20.175999
8984,2022-01-10 08:00:00+00:00,28.825998,59.033096,20.026
8985,2022-01-10 09:00:00+00:00,28.776,58.656975,19.876
8986,2022-01-10 10:00:00+00:00,28.226,59.629574,19.626
8987,2022-01-10 11:00:00+00:00,27.425999,63.26089,19.825998
8988,2022-01-10 12:00:00+00:00,26.626,67.33872,20.075998
8989,2022-01-10 13:00:00+00:00,24.726,76.546906,20.325998
8990,2022-01-10 14:00:00+00:00,23.976,81.0592,20.526
8991,2022-01-10 15:00:00+00:00,23.126,86.112564,20.675999
8992,2022-01-10 16:00:00+00:00,22.925999,87.9696,20.825998
8993,2022-01-10 17:00:00+00:00,22.425999,90.67903,20.825998
8994,2022-01-10 18:00:00+00:00,22.376,90.675674,20.776
8995,2022-01-10 19:00:00+00:00,22.325998,90.95183,20.776
8996,2022-01-10 20:00:00+00:00,22.925999,87.42985,20.726
8997,2022-01-10 21:00:00+00:00,23.226,86.92058,20.925999
8998,2022-01-10 22:00:00+00:00,22.476,90.40389,20.825998
8999,2022-01-10 23:00:00+00:00,21.526,92.88829,20.325998
9000,2022-01-11 00:00:00+00:00,21.876,91.76812,20.476
9001,2022-01-11 01:00:00+00:00,23.126,87.71672,20.976
9002,2022-01-11 02:00:00+00:00,23.075998,90.44512,21.425999
9003,2022-01-11 03:00:00+00:00,25.575998,80.27809,21.925999
9004,2022-01-11 04:00:00+00:00,27.476,70.68435,21.675999
9005,2022-01-11 05:00:00+00:00,28.476,65.26662,21.325998
9006,2022-01-11 06:00:00+00:00,28.925999,63.002712,21.175999
9007,2022-01-11 07:00:00+00:00,29.226,61.16294,20.976
9008,2022-01-11 08:00:00+00:00,29.325998,60.43797,20.876
9009,2022-01-11 09:00:00+00:00,29.026,61.30637,20.825998
9010,2022-01-11 10:00:00+00:00,28.575998,62.348213,20.675999
9011,2022-01-11 11:00:00+00:00,27.776,65.12068,20.626
9012,2022-01-11 12:00:00+00:00,26.726,69.46947,20.675999
9013,2022-01-11 13:00:00+00:00,25.226,77.33377,20.976
9014,2022-01-11 14:00:00+00:00,24.526,82.383484,21.325998
9015,2022-01-11 15:00:00+00:00,24.226,84.91104,21.526
9016,2022-01-11 16:00:00+00:00,23.976,86.45894,21.575998
9017,2022-01-11 17:00:00+00:00,23.675999,88.0332,21.575998
9018,2022-01-11 18:00:00+00:00,23.425999,89.09675,21.526
9019,2022-01-11 19:00:00+00:00,23.325998,88.81654,21.376
9020,2022-01-11 20:00:00+00:00,22.825998,90.7058,21.226
9021,2022-01-11 21:00:00+00:00,22.026,93.2004,20.876
9022,2022-01-11 22:00:00+00:00,22.226,92.07172,20.876
9023,2022-01-11 23:00:00+00:00,21.626,94.04622,20.626
9024,2022-01-12 00:00:00+00:00,22.376,92.08033,21.026
9025,2022-01-12 01:00:00+00:00,22.226,93.78423,21.175999
9026,2022-01-12 02:00:00+00:00,23.976,86.45894,21.575998
9027,2022-01-12 03:00:00+00:00,25.726,79.80983,21.976
9028,2022-01-12 04:00:00+00:00,27.075998,71.04503,21.376
9029,2022-01-12 05:00:00+00:00,26.976,70.37622,21.126
9030,2022-01-12 06:00:00+00:00,27.575998,68.572014,21.276
9031,2022-01-12 07:00:00+00:00,27.425999,70.89158,21.675999
9032,2022-01-12 08:00:00+00:00,28.175999,64.605774,20.876
9033,2022-01-12 09:00:00+00:00,28.175999,61.6854,20.126
9034,2022-01-12 10:00:00+00:00,28.425999,59.86097,19.876
9035,2022-01-12 11:00:00+00:00,27.526,65.06835,20.376
9036,2022-01-12 12:00:00+00:00,26.825998,70.564896,21.026
9037,2022-01-12 13:00:00+00:00,25.376,78.55128,21.376
9038,2022-01-12 14:00:00+00:00,24.626,83.66555,21.675999
9039,2022-01-12 15:00:00+00:00,24.325998,85.703606,21.776
9040,2022-01-12 16:00:00+00:00,23.526,90.75236,21.925999
9041,2022-01-12 17:00:00+00:00,23.825998,89.39993,21.976
9042,2022-01-12 18:00:00+00:00,24.325998,86.75623,21.976
9043,2022-01-12 19:00:00+00:00,22.175999,94.64896,21.276
9044,2022-01-12 20:00:00+00:00,21.376,97.27603,20.925999
9045,2022-01-12 21:00:00+00:00,21.476,97.57726,21.075998
9046,2022-01-12 22:00:00+00:00,21.276,99.083984,21.126
9047,2022-01-12 23:00:00+00:00,21.175999,99.083305,21.026
9048,2022-01-13 00:00:00+00:00,20.925999,97.86849,20.575998
9049,2022-01-13 01:00:00+00:00,20.876,98.776596,20.675999
9050,2022-01-13 02:00:00+00:00,22.026,95.22556,21.226
9051,2022-01-13 03:00:00+00:00,22.825998,92.38842,21.526
9052,2022-01-13 04:00:00+00:00,22.976,92.39667,21.675999
9053,2022-01-13 05:00:00+00:00,24.026,86.19965,21.575998
9054,2022-01-13 06:00:00+00:00,24.575998,83.659966,21.626
9055,2022-01-13 07:00:00+00:00,26.276,77.25395,21.976
9056,2022-01-13 08:00:00+00:00,25.476,81.00295,21.976
9057,2022-01-13 09:00:00+00:00,26.226,78.19416,22.126
9058,2022-01-13 10:00:00+00:00,26.325998,75.39725,21.626
9059,2022-01-13 11:00:00+00:00,25.526,77.61604,21.325998
9060,2022-01-13 12:00:00+00:00,25.526,82.00242,22.226
9061,2022-01-13 13:00:00+00:00,24.526,89.45245,22.675999
9062,2022-01-13 14:00:00+00:00,23.675999,93.84965,22.626
9063,2022-01-13 15:00:00+00:00,23.425999,94.12412,22.425999
9064,2022-01-13 16:00:00+00:00,23.376,94.40851,22.425999
9065,2022-01-13 17:00:00+00:00,22.626,95.82975,21.925999
9066,2022-01-13 18:00:00+00:00,22.526,96.11962,21.876
9067,2022-01-13 19:00:00+00:00,22.376,95.822044,21.675999
9068,2022-01-13 20:00:00+00:00,22.726,94.381874,21.776
9069,2022-01-13 21:00:00+00:00,22.175999,95.81588,21.476
9070,2022-01-13 22:00:00+00:00,22.575998,95.82822,21.876
9071,2022-01-13 23:00:00+00:00,22.376,97.8915,22.026
9072,2022-01-14 00:00:00+00:00,22.026,94.933914,21.175999
9073,2022-01-14 01:00:00+00:00,21.626,96.0937,20.976
9074,2022-01-14 02:00:00+00:00,21.026,96.67095,20.476
9075,2022-01-14 03:00:00+00:00,21.675999,91.75618,20.276
9076,2022-01-14 04:00:00+00:00,23.726,85.9069,21.226
9077,2022-01-14 05:00:00+00:00,25.675999,77.87616,21.526
9078,2022-01-14 06:00:00+00:00,26.925999,72.33515,21.526
9079,2022-01-14 07:00:00+00:00,27.476,71.99107,21.976
9080,2022-01-14 08:00:00+00:00,27.976,69.70543,21.925999
9081,2022-01-14 09:00:00+00:00,26.876,73.89076,21.825998
9082,2022-01-14 10:00:00+00:00,26.325998,75.16702,21.575998
9083,2022-01-14 11:00:00+00:00,26.376,75.17505,21.626
9084,2022-01-14 12:00:00+00:00,26.126,76.99607,21.776
9085,2022-01-14 13:00:00+00:00,24.526,85.20201,21.876
9086,2022-01-14 14:00:00+00:00,23.575998,91.31067,22.075998
9087,2022-01-14 15:00:00+00:00,23.325998,92.98087,22.126
9088,2022-01-14 16:00:00+00:00,22.726,95.54108,21.976
9089,2022-01-14 17:00:00+00:00,22.776,95.54273,22.026
9090,2022-01-14 18:00:00+00:00,22.376,96.40938,21.776
9091,2022-01-14 19:00:00+00:00,22.226,95.52463,21.476
9092,2022-01-14 20:00:00+00:00,21.876,99.391266,21.776
9093,2022-01-14 21:00:00+00:00,21.876,99.08812,21.726
9094,2022-01-14 22:00:00+00:00,21.675999,99.086754,21.526
9095,2022-01-14 23:00:00+00:00,21.526,99.38964,21.425999
9096,2022-01-15 00:00:00+00:00,20.726,100.0,20.726
9097,2022-01-15 01:00:00+00:00,21.226,97.27298,20.776
9098,2022-01-15 02:00:00+00:00,21.976,95.51635,21.226
9099,2022-01-15 03:00:00+00:00,22.726,89.59158,20.925999
9100,2022-01-15 04:00:00+00:00,23.726,85.38138,21.126
9101,2022-01-15 05:00:00+00:00,24.675999,80.15859,21.026
9102,2022-01-15 06:00:00+00:00,26.325998,74.480034,21.425999
9103,2022-01-15 07:00:00+00:00,27.376,67.48821,20.825998
9104,2022-01-15 08:00:00+00:00,24.925999,77.76622,20.776
9105,2022-01-15 09:00:00+00:00,26.726,72.74436,21.425999
9106,2022-01-15 10:00:00+00:00,26.976,71.46351,21.376
9107,2022-01-15 11:00:00+00:00,26.075998,74.66757,21.226
9108,2022-01-15 12:00:00+00:00,25.526,78.09303,21.425999
9109,2022-01-15 13:00:00+00:00,24.276,85.69863,21.726
9110,2022-01-15 14:00:00+00:00,23.325998,91.29504,21.825998
9111,2022-01-15 15:00:00+00:00,23.126,92.404915,21.825998
9112,2022-01-15 16:00:00+00:00,22.675999,94.66857,21.776
9113,2022-01-15 17:00:00+00:00,22.226,95.52463,21.476
9114,2022-01-15 18:00:00+00:00,21.925999,96.102356,21.276
9115,2022-01-15 19:00:00+00:00,22.825998,92.95534,21.626
9116,2022-01-15 20:00:00+00:00,21.226,98.174644,20.925999
9117,2022-01-15 21:00:00+00:00,21.476,97.87726,21.126
9118,2022-01-15 22:00:00+00:00,22.026,95.22556,21.226
9119,2022-01-15 23:00:00+00:00,21.276,97.273994,20.825998
9120,2022-01-16 00:00:00+00:00,21.425999,95.792595,20.726
9121,2022-01-16 01:00:00+00:00,21.425999,96.38397,20.825998
9122,2022-01-16 02:00:00+00:00,22.425999,92.934814,21.226
9123,2022-01-16 03:00:00+00:00,24.575998,81.63538,21.226
9124,2022-01-16 04:00:00+00:00,26.226,74.46358,21.325998
9125,2022-01-16 05:00:00+00:00,26.976,69.51686,20.925999
9126,2022-01-16 06:00:00+00:00,25.876,72.15019,20.476
9127,2022-01-16 07:00:00+00:00,27.126,69.75907,21.126
9128,2022-01-16 08:00:00+00:00,25.726,75.07032,20.976
9129,2022-01-16 09:00:00+00:00,25.976,75.57261,21.325998
9130,2022-01-16 10:00:00+00:00,26.425999,72.4695,21.075998
9131,2022-01-16 11:00:00+00:00,25.825998,74.39762,20.925999
9132,2022-01-16 12:00:00+00:00,25.476,75.029854,20.726
9133,2022-01-16 13:00:00+00:00,24.526,77.94745,20.425999
9134,2022-01-16 14:00:00+00:00,23.925999,82.56499,20.776
9135,2022-01-16 15:00:00+00:00,23.925999,85.66377,21.376
9136,2022-01-16 16:00:00+00:00,23.925999,82.819405,20.825998
9137,2022-01-16 17:00:00+00:00,24.075998,83.86068,21.175999
9138,2022-01-16 18:00:00+00:00,23.476,86.14654,21.026
9139,2022-01-16 19:00:00+00:00,22.726,89.59158,20.925999
9140,2022-01-16 20:00:00+00:00,22.226,91.22578,20.726
9141,2022-01-16 21:00:00+00:00,21.876,93.19295,20.726
9142,2022-01-16 22:00:00+00:00,21.575998,94.334274,20.626
9143,2022-01-16 23:00:00+00:00,21.675999,91.47312,20.226
9144,2022-01-17 00:00:00+00:00,21.425999,94.32802,20.476
9145,2022-01-17 01:00:00+00:00,21.325998,95.49474,20.575998
9146,2022-01-17 02:00:00+00:00,21.876,93.19295,20.726
9147,2022-01-17 03:00:00+00:00,22.925999,87.42985,20.726
9148,2022-01-17 04:00:00+00:00,24.126,82.84292,21.026
9149,2022-01-17 05:00:00+00:00,26.276,72.66622,20.976
9150,2022-01-17 06:00:00+00:00,26.075998,66.1913,19.276
9151,2022-01-17 07:00:00+00:00,27.075998,65.5801,20.075998
9152,2022-01-17 08:00:00+00:00,26.876,59.13035,18.226
9153,2022-01-17 09:00:00+00:00,26.626,60.006744,18.226
9154,2022-01-17 10:00:00+00:00,26.675999,61.157146,18.575998
9155,2022-01-17 11:00:00+00:00,26.626,59.818714,18.175999
9156,2022-01-17 12:00:00+00:00,24.675999,75.59859,20.075998
9157,2022-01-17 13:00:00+00:00,23.726,84.07991,20.876
9158,2022-01-17 14:00:00+00:00,23.276,83.25566,20.276
9159,2022-01-17 15:00:00+00:00,23.175999,82.22036,19.976
9160,2022-01-17 16:00:00+00:00,22.876,82.69524,19.776
9161,2022-01-17 17:00:00+00:00,22.226,85.75833,19.726
9162,2022-01-17 18:00:00+00:00,21.825998,87.875435,19.726
9163,2022-01-17 19:00:00+00:00,21.376,90.60823,19.776
9164,2022-01-17 20:00:00+00:00,21.175999,91.44216,19.726
9165,2022-01-17 21:00:00+00:00,20.976,92.28533,19.675999
9166,2022-01-17 22:00:00+00:00,21.126,90.87308,19.575998
9167,2022-01-17 23:00:00+00:00,20.376,94.28393,19.425999
9168,2022-01-18 00:00:00+00:00,20.175999,96.64977,19.626
9169,2022-01-18 01:00:00+00:00,20.726,96.6635,20.175999
9170,2022-01-18 02:00:00+00:00,20.825998,96.367805,20.226
9171,2022-01-18 03:00:00+00:00,22.175999,91.503914,20.726
9172,2022-01-18 04:00:00+00:00,23.876,83.0687,20.825998
9173,2022-01-18 05:00:00+00:00,25.476,75.029854,20.726
9174,2022-01-18 06:00:00+00:00,26.776,66.74668,20.075998
9175,2022-01-18 07:00:00+00:00,26.876,64.53008,19.626
9176,2022-01-18 08:00:00+00:00,27.026,63.76548,19.575998
9177,2022-01-18 09:00:00+00:00,26.976,62.381397,19.175999
9178,2022-01-18 10:00:00+00:00,26.776,65.314865,19.726
9179,2022-01-18 11:00:00+00:00,26.075998,67.22851,19.526
9180,2022-01-18 12:00:00+00:00,25.175999,71.58048,19.675999
9181,2022-01-18 13:00:00+00:00,23.526,80.00438,19.876
9182,2022-01-18 14:00:00+00:00,22.526,86.856026,20.226
9183,2022-01-18 15:00:00+00:00,21.976,89.812775,20.226
9184,2022-01-18 16:00:00+00:00,21.675999,91.19083,20.175999
9185,2022-01-18 17:00:00+00:00,21.976,89.25919,20.126
9186,2022-01-18 18:00:00+00:00,21.175999,92.011,19.825998
9187,2022-01-18 19:00:00+00:00,21.976,88.98353,20.075998
9188,2022-01-18 20:00:00+00:00,21.976,89.25919,20.126
9189,2022-01-18 21:00:00+00:00,19.626,97.54343,19.226
9190,2022-01-18 22:00:00+00:00,19.276,99.68917,19.226
9191,2022-01-18 23:00:00+00:00,18.476,100.0,18.476
9192,2022-01-19 00:00:00+00:00,18.675999,100.0,18.675999
9193,2022-01-19 01:00:00+00:00,18.925999,100.0,18.925999
9194,2022-01-19 02:00:00+00:00,20.526,97.559975,20.126
9195,2022-01-19 03:00:00+00:00,23.476,85.355934,20.876
9196,2022-01-19 04:00:00+00:00,25.575998,72.32023,20.226
9197,2022-01-19 05:00:00+00:00,27.026,58.980247,18.325998
9198,2022-01-19 06:00:00+00:00,27.876,54.38155,17.825998
9199,2022-01-19 07:00:00+00:00,28.675999,51.41987,17.675999
9200,2022-01-19 08:00:00+00:00,29.126,47.777653,16.925999
9201,2022-01-19 09:00:00+00:00,29.276,46.32467,16.575998
9202,2022-01-19 10:00:00+00:00,29.026,46.257572,16.325998
9203,2022-01-19 11:00:00+00:00,27.825998,51.85398,17.026
9204,2022-01-19 12:00:00+00:00,25.376,69.86051,19.476
9205,2022-01-19 13:00:00+00:00,22.976,82.195984,19.776
9206,2022-01-19 14:00:00+00:00,22.425999,86.57855,20.075998
9207,2022-01-19 15:00:00+00:00,21.925999,89.53186,20.126
9208,2022-01-19 16:00:00+00:00,20.726,92.271255,19.425999
9209,2022-01-19 17:00:00+00:00,20.376,92.251465,19.075998
9210,2022-01-19 18:00:00+00:00,19.876,94.262764,18.925999
9211,2022-01-19 19:00:00+00:00,19.925999,96.04396,19.276
9212,2022-01-19 20:00:00+00:00,19.325998,97.84269,18.976
9213,2022-01-19 21:00:00+00:00,18.376,99.374916,18.276
9214,2022-01-19 22:00:00+00:00,18.276,99.37441,18.175999
9215,2022-01-19 23:00:00+00:00,18.026,99.06115,17.876
9216,2022-01-20 00:00:00+00:00,18.526,99.06471,18.376
9217,2022-01-20 01:00:00+00:00,19.126,97.83944,18.776
9218,2022-01-20 02:00:00+00:00,21.026,92.57482,19.776
9219,2022-01-20 03:00:00+00:00,23.575998,81.00778,20.126
9220,2022-01-20 04:00:00+00:00,25.876,69.30758,19.825998
9221,2022-01-20 05:00:00+00:00,27.425999,59.444206,18.825998
9222,2022-01-20 06:00:00+00:00,28.476,53.68246,18.175999
9223,2022-01-20 07:00:00+00:00,29.425999,49.703583,17.825998
9224,2022-01-20 08:00:00+00:00,30.126,45.82237,17.175999
9225,2022-01-20 09:00:00+00:00,30.425999,42.8114,16.376
9226,2022-01-20 10:00:00+00:00,29.476,45.070423,16.325998
9227,2022-01-20 11:00:00+00:00,27.376,57.963192,18.376
9228,2022-01-20 12:00:00+00:00,25.776,66.12954,18.976
9229,2022-01-20 13:00:00+00:00,24.126,74.809814,19.376
9230,2022-01-20 14:00:00+00:00,23.175999,79.461655,19.425999
9231,2022-01-20 15:00:00+00:00,22.376,84.45346,19.626
9232,2022-01-20 16:00:00+00:00,22.075998,87.89693,19.976
9233,2022-01-20 17:00:00+00:00,21.626,90.90602,20.075998
9234,2022-01-20 18:00:00+00:00,21.126,92.580246,19.876
9235,2022-01-20 19:00:00+00:00,20.976,93.14798,19.825998
9236,2022-01-20 20:00:00+00:00,20.575998,93.12788,19.425999
9237,2022-01-20 21:00:00+00:00,20.226,93.98455,19.226
9238,2022-01-20 22:00:00+00:00,20.175999,93.39842,19.075998
9239,2022-01-20 23:00:00+00:00,20.026,92.23162,18.726
9240,2022-01-21 00:00:00+00:00,20.026,92.23162,18.726
9241,2022-01-21 01:00:00+00:00,20.126,91.37658,18.675999
9242,2022-01-21 02:00:00+00:00,21.276,87.01053,19.026
9243,2022-01-21 03:00:00+00:00,23.776,77.83735,19.675999
9244,2022-01-21 04:00:00+00:00,26.276,67.06026,19.675999
9245,2022-01-21 05:00:00+00:00,28.276,58.722015,19.425999
9246,2022-01-21 06:00:00+00:00,29.825998,53.35195,19.325998
9247,2022-01-21 07:00:00+00:00,30.925999,48.55542,18.825998
9248,2022-01-21 08:00:00+00:00,31.675999,46.092224,18.675999
9249,2022-01-21 09:00:00+00:00,31.876,45.00543,18.476
9250,2022-01-21 10:00:00+00:00,31.075998,49.51183,19.276
9251,2022-01-21 11:00:00+00:00,29.175999,64.6184,21.825998
9252,2022-01-21 12:00:00+00:00,26.876,73.4408,21.726
9253,2022-01-21 13:00:00+00:00,25.376,80.49714,21.776
9254,2022-01-21 14:00:00+00:00,24.675999,85.738335,22.126
9255,2022-01-21 15:00:00+00:00,24.526,89.99661,22.776
9256,2022-01-21 16:00:00+00:00,24.026,93.298584,22.876
9257,2022-01-21 17:00:00+00:00,23.425999,94.98575,22.575998
9258,2022-01-21 18:00:00+00:00,23.175999,95.84664,22.476
9259,2022-01-21 19:00:00+00:00,22.825998,95.54437,22.075998
9260,2022-01-21 20:00:00+00:00,22.126,95.22907,21.325998
9261,2022-01-21 21:00:00+00:00,21.675999,94.92083,20.825998
9262,2022-01-21 22:00:00+00:00,20.425999,96.95591,19.925999
9263,2022-01-21 23:00:00+00:00,21.476,94.91334,20.626
9264,2022-01-22 00:00:00+00:00,19.976,99.382454,19.876
9265,2022-01-22 01:00:00+00:00,20.376,98.16295,20.075998
9266,2022-01-22 02:00:00+00:00,22.226,95.2326,21.425999
9267,2022-01-22 03:00:00+00:00,24.325998,87.02116,22.026
9268,2022-01-22 04:00:00+00:00,26.026,78.165344,21.925999
9269,2022-01-22 05:00:00+00:00,27.776,70.094696,21.825998
9270,2022-01-22 06:00:00+00:00,29.376,64.66039,22.026
9271,2022-01-22 07:00:00+00:00,30.675999,59.279526,21.825998
9272,2022-01-22 08:00:00+00:00,31.575998,52.480946,20.675999
9273,2022-01-22 09:00:00+00:00,31.575998,50.41636,20.026
9274,2022-01-22 10:00:00+00:00,30.626,56.955376,21.126
9275,2022-01-22 11:00:00+00:00,28.776,69.01232,22.526
9276,2022-01-22 12:00:00+00:00,27.026,75.96906,22.425999
9277,2022-01-22 13:00:00+00:00,25.425999,85.29386,22.776
9278,2022-01-22 14:00:00+00:00,24.626,93.046585,23.425999
9279,2022-01-22 15:00:00+00:00,24.325998,95.018654,23.476
9280,2022-01-22 16:00:00+00:00,24.126,96.165115,23.476
9281,2022-01-22 17:00:00+00:00,23.925999,96.45024,23.325998
9282,2022-01-22 18:00:00+00:00,23.776,97.03081,23.276
9283,2022-01-22 19:00:00+00:00,23.626,97.61575,23.226
9284,2022-01-22 20:00:00+00:00,23.575998,97.91026,23.226
9285,2022-01-22 21:00:00+00:00,23.526,98.20577,23.226
9286,2022-01-22 22:00:00+00:00,23.476,97.613075,23.075998
9287,2022-01-22 23:00:00+00:00,23.425999,97.31727,22.976
9288,2022-01-23 00:00:00+00:00,22.876,98.197044,22.575998
9289,2022-01-23 01:00:00+00:00,22.675999,97.89622,22.325998
9290,2022-01-23 02:00:00+00:00,23.376,94.12197,22.376
9291,2022-01-23 03:00:00+00:00,25.425999,81.49208,22.026
9292,2022-01-23 04:00:00+00:00,27.026,74.59479,22.126
9293,2022-01-23 05:00:00+00:00,28.376,69.14623,22.175999
9294,2022-01-23 06:00:00+00:00,29.776,60.725735,21.376
9295,2022-01-23 07:00:00+00:00,30.675999,54.90352,20.575998
9296,2022-01-23 08:00:00+00:00,31.325998,50.196156,19.726
9297,2022-01-23 09:00:00+00:00,31.675999,46.964138,18.976
9298,2022-01-23 10:00:00+00:00,31.526,45.052723,18.175999
9299,2022-01-23 11:00:00+00:00,29.626,61.440422,21.425999
9300,2022-01-23 12:00:00+00:00,27.825998,77.25042,23.476
9301,2022-01-23 13:00:00+00:00,25.726,89.81119,23.925999
9302,2022-01-23 14:00:00+00:00,25.376,92.24978,24.026
9303,2022-01-23 15:00:00+00:00,24.876,94.18578,23.876
9304,2022-01-23 16:00:00+00:00,24.726,95.03316,23.876
9305,2022-01-23 17:00:00+00:00,24.476,96.17496,23.825998
9306,2022-01-23 18:00:00+00:00,24.325998,97.04284,23.825998
9307,2022-01-23 19:00:00+00:00,24.126,97.03847,23.626
9308,2022-01-23 20:00:00+00:00,23.825998,97.91413,23.476
9309,2022-01-23 21:00:00+00:00,23.675999,97.91179,23.325998
9310,2022-01-23 22:00:00+00:00,23.476,97.613075,23.075998
9311,2022-01-23 23:00:00+00:00,23.226,97.31327,22.776
9312,2022-01-24 00:00:00+00:00,22.825998,97.89857,22.476
9313,2022-01-24 01:00:00+00:00,22.626,97.59795,22.226
9314,2022-01-24 02:00:00+00:00,23.376,94.40851,22.425999
9315,2022-01-24 03:00:00+00:00,25.575998,83.01196,22.476
9316,2022-01-24 04:00:00+00:00,27.626,62.71894,19.876
9317,2022-01-24 05:00:00+00:00,29.026,52.324696,18.276
9318,2022-01-24 06:00:00+00:00,30.325998,46.0211,17.425999
9319,2022-01-24 07:00:00+00:00,31.276,40.783092,16.376
9320,2022-01-24 08:00:00+00:00,31.825998,38.656425,16.026
9321,2022-01-24 09:00:00+00:00,32.126,37.522755,15.826
9322,2022-01-24 10:00:00+00:00,32.026,37.735718,15.826
9323,2022-01-24 11:00:00+00:00,31.126,37.97243,15.126
9324,2022-01-24 12:00:00+00:00,28.925999,51.16115,17.825998
9325,2022-01-24 13:00:00+00:00,25.726,77.17164,21.425999
9326,2022-01-24 14:00:00+00:00,25.075998,81.19963,21.626
9327,2022-01-24 15:00:00+00:00,24.726,83.67677,21.776
9328,2022-01-24 16:00:00+00:00,24.075998,91.34181,22.575998
9329,2022-01-24 17:00:00+00:00,23.626,95.570496,22.876
9330,2022-01-24 18:00:00+00:00,22.925999,96.71762,22.376
9331,2022-01-24 19:00:00+00:00,22.226,97.29326,21.776
9332,2022-01-24 20:00:00+00:00,21.726,97.88123,21.376
9333,2022-01-24 21:00:00+00:00,21.976,96.99091,21.476
9334,2022-01-24 22:00:00+00:00,21.726,96.985306,21.226
9335,2022-01-24 23:00:00+00:00,21.526,97.27908,21.075998
9336,2022-01-25 00:00:00+00:00,21.276,99.69384,21.226
9337,2022-01-25 01:00:00+00:00,21.276,99.69384,21.226
9338,2022-01-25 02:00:00+00:00,22.425999,95.23963,21.626
9339,2022-01-25 03:00:00+00:00,24.726,84.7045,21.976
9340,2022-01-25 04:00:00+00:00,26.476,75.19112,21.726
9341,2022-01-25 05:00:00+00:00,27.675999,69.012726,21.476
9342,2022-01-25 06:00:00+00:00,29.075998,62.26672,21.126
9343,2022-01-25 07:00:00+00:00,29.175999,60.403893,20.726
9344,2022-01-25 08:00:00+00:00,26.876,67.80596,20.425999
9345,2022-01-25 09:00:00+00:00,27.876,64.741585,20.626
9346,2022-01-25 10:00:00+00:00,27.876,62.96812,20.175999
9347,2022-01-25 11:00:00+00:00,25.425999,71.62552,19.925999
9348,2022-01-25 12:00:00+00:00,24.675999,78.9358,20.776
9349,2022-01-25 13:00:00+00:00,23.776,86.70514,21.425999
9350,2022-01-25 14:00:00+00:00,23.175999,91.00702,21.626
9351,2022-01-25 15:00:00+00:00,23.075998,92.40218,21.776
9352,2022-01-25 16:00:00+00:00,23.325998,91.0167,21.776
9353,2022-01-25 17:00:00+00:00,22.526,92.08892,21.175999
9354,2022-01-25 18:00:00+00:00,21.825998,94.05494,20.825998
9355,2022-01-25 19:00:00+00:00,21.726,96.39202,21.126
9356,2022-01-25 20:00:00+00:00,21.175999,97.87248,20.825998
9357,2022-01-25 21:00:00+00:00,21.376,97.27603,20.925999
9358,2022-01-25 22:00:00+00:00,21.675999,95.5064,20.925999
9359,2022-01-25 23:00:00+00:00,22.026,93.487366,20.925999
9360,2022-01-26 00:00:00+00:00,21.976,93.77284,20.925999
9361,2022-01-26 01:00:00+00:00,22.325998,92.07746,20.976
9362,2022-01-26 02:00:00+00:00,22.925999,89.33181,21.075998
9363,2022-01-26 03:00:00+00:00,24.376,82.36546,21.175999
9364,2022-01-26 04:00:00+00:00,26.126,74.67574,21.276
9365,2022-01-26 05:00:00+00:00,27.425999,68.96484,21.226
9366,2022-01-26 06:00:00+00:00,28.226,63.239017,20.575998
9367,2022-01-26 07:00:00+00:00,28.776,59.387917,20.075998
9368,2022-01-26 08:00:00+00:00,29.026,58.53412,20.075998
9369,2022-01-26 09:00:00+00:00,27.476,65.86579,20.526
9370,2022-01-26 10:00:00+00:00,24.976,80.69138,21.425999
9371,2022-01-26 11:00:00+00:00,25.526,74.80734,20.726
9372,2022-01-26 12:00:00+00:00,25.026,76.82935,20.675999
9373,2022-01-26 13:00:00+00:00,23.876,85.65876,21.325998
9374,2022-01-26 14:00:00+00:00,23.175999,90.729126,21.575998
9375,2022-01-26 15:00:00+00:00,22.376,95.52957,21.626
9376,2022-01-26 16:00:00+00:00,22.476,95.53286,21.726
9377,2022-01-26 17:00:00+00:00,21.825998,94.34467,20.876
9378,2022-01-26 18:00:00+00:00,21.526,98.48026,21.276
9379,2022-01-26 19:00:00+00:00,21.575998,97.57908,21.175999
9380,2022-01-26 20:00:00+00:00,21.575998,98.48083,21.325998
9381,2022-01-26 21:00:00+00:00,21.626,98.783485,21.425999
9382,2022-01-26 22:00:00+00:00,21.226,98.476845,20.976
9383,2022-01-26 23:00:00+00:00,21.026,99.08226,20.876
9384,2022-01-27 00:00:00+00:00,21.526,96.38665,20.925999
9385,2022-01-27 01:00:00+00:00,22.026,94.64304,21.126
9386,2022-01-27 02:00:00+00:00,21.976,94.641075,21.075998
9387,2022-01-27 03:00:00+00:00,22.726,90.14386,21.026
9388,2022-01-27 04:00:00+00:00,24.026,82.07041,20.776
9389,2022-01-27 05:00:00+00:00,25.575998,74.815506,20.776
9390,2022-01-27 06:00:00+00:00,23.226,85.33042,20.626
9391,2022-01-27 07:00:00+00:00,24.825998,78.956856,20.925999
9392,2022-01-27 08:00:00+00:00,27.175999,69.34152,21.075998
9393,2022-01-27 09:00:00+00:00,27.776,63.729504,20.276
9394,2022-01-27 10:00:00+00:00,26.425999,67.507515,19.925999
9395,2022-01-27 11:00:00+00:00,25.825998,70.37976,20.026
9396,2022-01-27 12:00:00+00:00,25.276,75.22896,20.575998
9397,2022-01-27 13:00:00+00:00,24.226,81.09124,20.776
9398,2022-01-27 14:00:00+00:00,23.726,82.79586,20.626
9399,2022-01-27 15:00:00+00:00,23.226,85.06786,20.575998
9400,2022-01-27 16:00:00+00:00,22.726,87.68194,20.575998
9401,2022-01-27 17:00:00+00:00,22.226,91.22578,20.726
9402,2022-01-27 18:00:00+00:00,21.626,93.180504,20.476
9403,2022-01-27 19:00:00+00:00,21.425999,93.458725,20.325998
9404,2022-01-27 20:00:00+00:00,22.325998,90.393555,20.675999
9405,2022-01-27 21:00:00+00:00,21.026,92.57482,19.776
9406,2022-01-27 22:00:00+00:00,20.825998,91.99063,19.476
9407,2022-01-27 23:00:00+00:00,21.126,91.15568,19.626
9408,2022-01-28 00:00:00+00:00,20.876,92.27971,19.575998
9409,2022-01-28 01:00:00+00:00,21.226,92.872696,20.026
9410,2022-01-28 02:00:00+00:00,21.825998,89.80181,20.075998
9411,2022-01-28 03:00:00+00:00,23.476,83.53588,20.526
9412,2022-01-28 04:00:00+00:00,25.325998,74.31484,20.425999
9413,2022-01-28 05:00:00+00:00,26.476,68.14715,20.126
9414,2022-01-28 06:00:00+00:00,27.376,61.12465,19.226
9415,2022-01-28 07:00:00+00:00,27.776,58.97145,19.026
9416,2022-01-28 08:00:00+00:00,27.075998,61.05677,18.925999
9417,2022-01-28 09:00:00+00:00,26.476,66.2734,19.675999
9418,2022-01-28 10:00:00+00:00,26.825998,63.130215,19.226
9419,2022-01-28 11:00:00+00:00,26.376,63.625046,18.925999
9420,2022-01-28 12:00:00+00:00,25.376,70.07791,19.526
9421,2022-01-28 13:00:00+00:00,23.726,77.82998,19.626
9422,2022-01-28 14:00:00+00:00,22.126,87.08839,19.876
9423,2022-01-28 15:00:00+00:00,21.325998,91.7352,19.925999
9424,2022-01-28 16:00:00+00:00,21.175999,92.29659,19.876
9425,2022-01-28 17:00:00+00:00,21.175999,91.44216,19.726
9426,2022-01-28 18:00:00+00:00,21.075998,90.587875,19.476
9427,2022-01-28 19:00:00+00:00,20.575998,92.262794,19.276
9428,2022-01-28 20:00:00+00:00,20.675999,92.55582,19.425999
9429,2022-01-28 21:00:00+00:00,20.425999,93.1203,19.276
9430,2022-01-28 22:00:00+00:00,20.476,92.833466,19.276
9431,2022-01-28 23:00:00+00:00,20.675999,93.132904,19.526
9432,2022-01-29 00:00:00+00:00,20.626,95.175896,19.825998
9433,2022-01-29 01:00:00+00:00,20.925999,94.015495,19.925999
9434,2022-01-29 02:00:00+00:00,21.526,92.3162,20.226
9435,2022-01-29 03:00:00+00:00,23.276,84.28997,20.476
9436,2022-01-29 04:00:00+00:00,24.776,74.9161,20.026
9437,2022-01-29 05:00:00+00:00,25.876,69.954704,19.976
9438,2022-01-29 06:00:00+00:00,26.575998,66.2939,19.776
9439,2022-01-29 07:00:00+00:00,26.026,69.98288,20.126
9440,2022-01-29 08:00:00+00:00,26.626,67.13068,20.026
9441,2022-01-29 09:00:00+00:00,26.226,70.23691,20.376
9442,2022-01-29 10:00:00+00:00,25.626,73.00204,20.425999
9443,2022-01-29 11:00:00+00:00,25.026,76.35741,20.575998
9444,2022-01-29 12:00:00+00:00,23.876,85.39662,21.276
9445,2022-01-29 13:00:00+00:00,23.575998,88.5651,21.575998
9446,2022-01-29 14:00:00+00:00,23.626,89.11221,21.726
9447,2022-01-29 15:00:00+00:00,23.425999,89.91792,21.675999
9448,2022-01-29 16:00:00+00:00,22.675999,92.947655,21.476
9449,2022-01-29 17:00:00+00:00,22.626,89.86011,20.876
9450,2022-01-29 18:00:00+00:00,21.425999,93.74772,20.376
9451,2022-01-29 19:00:00+00:00,20.976,95.18838,20.175999
9452,2022-01-29 20:00:00+00:00,21.026,95.780075,20.325998
9453,2022-01-29 21:00:00+00:00,22.476,92.08605,21.126
9454,2022-01-29 22:00:00+00:00,20.276,97.55539,19.876
9455,2022-01-29 23:00:00+00:00,19.925999,99.38223,19.825998
9456,2022-01-30 00:00:00+00:00,21.026,99.38734,20.925999
9457,2022-01-30 01:00:00+00:00,20.976,99.69313,20.925999
9458,2022-01-30 02:00:00+00:00,21.876,96.69195,21.325998
9459,2022-01-30 03:00:00+00:00,24.226,87.27784,21.976
9460,2022-01-30 04:00:00+00:00,26.325998,74.25227,21.376
9461,2022-01-30 05:00:00+00:00,27.626,66.30366,20.776
9462,2022-01-30 06:00:00+00:00,28.425999,62.315178,20.526
9463,2022-01-30 07:00:00+00:00,28.776,61.25033,20.575998
9464,2022-01-30 08:00:00+00:00,28.876,60.896374,20.575998
9465,2022-01-30 09:00:00+00:00,28.526,63.10957,20.825998
9466,2022-01-30 10:00:00+00:00,28.175999,64.804695,20.925999
9467,2022-01-30 11:00:00+00:00,27.026,69.52634,20.976
9468,2022-01-30 12:00:00+00:00,26.425999,70.926544,20.726
9469,2022-01-30 13:00:00+00:00,24.776,78.224464,20.726
9470,2022-01-30 14:00:00+00:00,24.075998,82.83706,20.976
9471,2022-01-30 15:00:00+00:00,23.626,86.16105,21.175999
9472,2022-01-30 16:00:00+00:00,22.976,90.1615,21.276
9473,2022-01-30 17:00:00+00:00,22.276,93.212776,21.126
9474,2022-01-30 18:00:00+00:00,21.825998,94.34467,20.876
9475,2022-01-30 19:00:00+00:00,21.325998,96.381294,20.726
9476,2022-01-30 20:00:00+00:00,21.276,97.273994,20.825998
9477,2022-01-30 21:00:00+00:00,20.876,98.776596,20.675999
9478,2022-01-30 22:00:00+00:00,20.226,99.38363,20.126
9479,2022-01-30 23:00:00+00:00,19.976,100.0,19.976
9480,2022-01-31 00:00:00+00:00,19.925999,100.0,19.925999
9481,2022-01-31 01:00:00+00:00,20.226,99.0767,20.075998
9482,2022-01-31 02:00:00+00:00,22.026,95.22556,21.226
9483,2022-01-31 03:00:00+00:00,24.526,85.20201,21.876
9484,2022-01-31 04:00:00+00:00,26.575998,74.5211,21.675999
9485,2022-01-31 05:00:00+00:00,28.175999,65.404724,21.075998
9486,2022-01-31 06:00:00+00:00,29.325998,58.967125,20.476
9487,2022-01-31 07:00:00+00:00,30.126,54.261997,19.876
9488,2022-01-31 08:00:00+00:00,30.476,51.39822,19.325998
9489,2022-01-31 09:00:00+00:00,29.925999,53.8769,19.575998
9490,2022-01-31 10:00:00+00:00,28.376,62.883007,20.626
9491,2022-01-31 11:00:00+00:00,27.476,67.30085,20.876
9492,2022-01-31 12:00:00+00:00,26.325998,71.127,20.675999
9493,2022-01-31 13:00:00+00:00,24.925999,77.05119,20.626
9494,2022-01-31 14:00:00+00:00,24.126,80.58039,20.575998
9495,2022-01-31 15:00:00+00:00,23.476,84.8324,20.776
9496,2022-01-31 16:00:00+00:00,23.126,86.911385,20.825998
9497,2022-01-31 17:00:00+00:00,22.626,89.584145,20.825998
9498,2022-01-31 18:00:00+00:00,21.876,93.480225,20.776
9499,2022-01-31 19:00:00+00:00,21.376,94.61735,20.476
9500,2022-01-31 20:00:00+00:00,20.876,96.36914,20.276
9501,2022-01-31 21:00:00+00:00,20.675999,97.56272,20.276
9502,2022-01-31 22:00:00+00:00,19.776,98.7664,19.575998
9503,2022-01-31 23:00:00+00:00,19.776,98.7664,19.575998
9504,2022-02-01 00:00:00+00:00,20.175999,98.46475,19.925999
9505,2022-02-01 01:00:00+00:00,20.325998,98.466484,20.075998
9506,2022-02-01 02:00:00+00:00,21.976,94.641075,21.075998
9507,2022-02-01 03:00:00+00:00,24.425999,83.899506,21.526
9508,2022-02-01 04:00:00+00:00,26.575998,72.49572,21.226
9509,2022-02-01 05:00:00+00:00,27.876,64.9413,20.675999
9510,2022-02-01 06:00:00+00:00,28.876,59.41105,20.175999
9511,2022-02-01 07:00:00+00:00,29.526,55.475414,19.675999
9512,2022-02-01 08:00:00+00:00,29.575998,54.463306,19.425999
9513,2022-02-01 09:00:00+00:00,29.376,53.239002,18.876
9514,2022-02-01 10:00:00+00:00,28.726,53.409286,18.325998
9515,2022-02-01 11:00:00+00:00,27.626,56.586437,18.226
9516,2022-02-01 12:00:00+00:00,26.376,66.66552,19.675999
9517,2022-02-01 13:00:00+00:00,24.376,76.49289,19.976
9518,2022-02-01 14:00:00+00:00,23.425999,81.23954,20.026
9519,2022-02-01 15:00:00+00:00,22.575998,85.00016,19.925999
9520,2022-02-01 16:00:00+00:00,21.825998,88.971725,19.925999
9521,2022-02-01 17:00:00+00:00,21.526,90.05858,19.825998
9522,2022-02-01 18:00:00+00:00,20.675999,91.696045,19.276
9523,2022-02-01 19:00:00+00:00,19.876,94.557365,18.976
9524,2022-02-01 20:00:00+00:00,19.675999,96.33648,19.075998
9525,2022-02-01 21:00:00+00:00,19.376,97.23489,18.925999
9526,2022-02-01 22:00:00+00:00,19.075998,97.53322,18.675999
9527,2022-02-01 23:00:00+00:00,18.925999,97.83617,18.575998
9528,2022-02-02 00:00:00+00:00,18.776,99.37679,18.675999
9529,2022-02-02 01:00:00+00:00,19.425999,98.14976,19.126
9530,2022-02-02 02:00:00+00:00,21.226,92.872696,20.026
9531,2022-02-02 03:00:00+00:00,23.925999,81.052795,20.476
9532,2022-02-02 04:00:00+00:00,26.226,70.453995,20.425999
9533,2022-02-02 05:00:00+00:00,27.925999,62.397552,20.075998
9534,2022-02-02 06:00:00+00:00,28.976,56.91208,19.575998
9535,2022-02-02 07:00:00+00:00,29.626,53.135914,19.075998
9536,2022-02-02 08:00:00+00:00,29.776,50.42339,18.376
9537,2022-02-02 09:00:00+00:00,29.425999,49.54737,17.776
9538,2022-02-02 10:00:00+00:00,28.626,52.55236,17.976
9539,2022-02-02 11:00:00+00:00,27.526,57.6367,18.425999
9540,2022-02-02 12:00:00+00:00,26.075998,66.39762,19.325998
9541,2022-02-02 13:00:00+00:00,24.126,76.92981,19.825998
9542,2022-02-02 14:00:00+00:00,22.825998,84.502,20.075998
9543,2022-02-02 15:00:00+00:00,21.776,90.63529,20.175999
9544,2022-02-02 16:00:00+00:00,21.675999,90.90931,20.126
9545,2022-02-02 17:00:00+00:00,21.575998,91.466934,20.126
9546,2022-02-02 18:00:00+00:00,20.675999,93.132904,19.526
9547,2022-02-02 19:00:00+00:00,19.675999,94.54931,18.776
9548,2022-02-02 20:00:00+00:00,19.825998,94.55534,18.925999
9549,2022-02-02 21:00:00+00:00,19.425999,95.72953,18.726
9550,2022-02-02 22:00:00+00:00,19.075998,96.62204,18.526
9551,2022-02-02 23:00:00+00:00,18.925999,96.921455,18.425999
9552,2022-02-03 00:00:00+00:00,18.876,97.529495,18.476
9553,2022-02-03 01:00:00+00:00,19.425999,96.630905,18.876
9554,2022-02-03 02:00:00+00:00,20.776,92.27409,19.476
9555,2022-02-03 03:00:00+00:00,23.476,80.74456,19.976
9556,2022-02-03 04:00:00+00:00,25.825998,71.47627,20.276
9557,2022-02-03 05:00:00+00:00,27.425999,62.67503,19.675999
9558,2022-02-03 06:00:00+00:00,28.675999,56.311398,19.126
9559,2022-02-03 07:00:00+00:00,29.726,50.886578,18.476
9560,2022-02-03 08:00:00+00:00,30.126,49.729755,18.476
9561,2022-02-03 09:00:00+00:00,29.675999,51.676125,18.675999
9562,2022-02-03 10:00:00+00:00,28.776,53.421852,18.376
9563,2022-02-03 11:00:00+00:00,27.675999,55.020527,17.825998
9564,2022-02-03 12:00:00+00:00,26.575998,64.46632,19.325998
9565,2022-02-03 13:00:00+00:00,24.925999,75.17252,20.226
9566,2022-02-03 14:00:00+00:00,24.226,79.8519,20.526
9567,2022-02-03 15:00:00+00:00,23.925999,82.819405,20.825998
9568,2022-02-03 16:00:00+00:00,23.526,85.88722,21.026
9569,2022-02-03 17:00:00+00:00,23.126,88.80064,21.175999
9570,2022-02-03 18:00:00+00:00,22.925999,90.15798,21.226
9571,2022-02-03 19:00:00+00:00,22.526,91.80677,21.126
9572,2022-02-03 20:00:00+00:00,22.175999,93.20784,21.026
9573,2022-02-03 21:00:00+00:00,21.726,94.3405,20.776
9574,2022-02-03 22:00:00+00:00,21.226,94.90395,20.376
9575,2022-02-03 23:00:00+00:00,21.026,94.0199,20.026
9576,2022-02-04 00:00:00+00:00,21.175999,90.59466,19.575998
9577,2022-02-04 01:00:00+00:00,21.325998,89.209114,19.476
9578,2022-02-04 02:00:00+00:00,22.226,86.29181,19.825998
9579,2022-02-04 03:00:00+00:00,24.526,76.99061,20.226
9580,2022-02-04 04:00:00+00:00,26.726,66.324585,19.925999
9581,2022-02-04 05:00:00+00:00,28.626,59.72184,20.026
9582,2022-02-04 06:00:00+00:00,30.126,53.427048,19.626
9583,2022-02-04 07:00:00+00:00,31.075998,49.357933,19.226
9584,2022-02-04 08:00:00+00:00,31.876,47.60607,19.376
9585,2022-02-04 09:00:00+00:00,32.226,44.958515,18.776
9586,2022-02-04 10:00:00+00:00,31.876,45.288086,18.575998
9587,2022-02-04 11:00:00+00:00,30.726,50.0412,19.126
9588,2022-02-04 12:00:00+00:00,27.175999,71.718414,21.626
9589,2022-02-04 13:00:00+00:00,25.925999,77.91264,21.776
9590,2022-02-04 14:00:00+00:00,25.126,84.746635,22.376
9591,2022-02-04 15:00:00+00:00,24.726,86.79318,22.376
9592,2022-02-04 16:00:00+00:00,24.226,89.15845,22.325998
9593,2022-02-04 17:00:00+00:00,23.575998,93.560555,22.476
9594,2022-02-04 18:00:00+00:00,22.876,96.12964,22.226
9595,2022-02-04 19:00:00+00:00,22.726,95.54108,21.976
9596,2022-02-04 20:00:00+00:00,22.175999,96.99538,21.675999
9597,2022-02-04 21:00:00+00:00,21.276,99.388504,21.175999
9598,2022-02-04 22:00:00+00:00,21.126,99.69349,21.075998
9599,2022-02-04 23:00:00+00:00,21.126,99.69349,21.075998
9600,2022-02-05 00:00:00+00:00,20.925999,99.38688,20.825998
9601,2022-02-05 01:00:00+00:00,21.476,98.17807,21.175999
9602,2022-02-05 02:00:00+00:00,22.776,94.67246,21.876
9603,2022-02-05 03:00:00+00:00,25.175999,83.218735,22.126
9604,2022-02-05 04:00:00+00:00,27.226,71.508385,21.626
9605,2022-02-05 05:00:00+00:00,28.726,62.573376,20.876
9606,2022-02-05 06:00:00+00:00,29.976,55.242336,20.026
9607,2022-02-05 07:00:00+00:00,30.575998,51.264103,19.376
9608,2022-02-05 08:00:00+00:00,30.425999,52.353012,19.575998
9609,2022-02-05 09:00:00+00:00,29.726,56.74004,20.226
9610,2022-02-05 10:00:00+00:00,28.925999,60.907677,20.626
9611,2022-02-05 11:00:00+00:00,28.276,65.225006,21.126
9612,2022-02-05 12:00:00+00:00,27.325998,71.090416,21.626
9613,2022-02-05 13:00:00+00:00,25.726,78.84149,21.776
9614,2022-02-05 14:00:00+00:00,25.026,82.94812,21.925999
9615,2022-02-05 15:00:00+00:00,24.675999,84.44118,21.876
9616,2022-02-05 16:00:00+00:00,24.325998,86.22851,21.876
9617,2022-02-05 17:00:00+00:00,23.825998,89.12767,21.925999
9618,2022-02-05 18:00:00+00:00,23.325998,91.85399,21.925999
9619,2022-02-05 19:00:00+00:00,22.825998,93.52531,21.726
9620,2022-02-05 20:00:00+00:00,22.126,94.937645,21.276
9621,2022-02-05 21:00:00+00:00,22.075998,94.93578,21.226
9622,2022-02-05 22:00:00+00:00,21.825998,94.92647,20.976
9623,2022-02-05 23:00:00+00:00,21.575998,95.50307,20.825998
9624,2022-02-06 00:00:00+00:00,23.175999,84.8008,20.476
9625,2022-02-06 01:00:00+00:00,23.476,83.53588,20.526
9626,2022-02-06 02:00:00+00:00,23.876,84.61437,21.126
9627,2022-02-06 03:00:00+00:00,25.675999,78.59392,21.675999
9628,2022-02-06 04:00:00+00:00,26.626,72.28247,21.226
9629,2022-02-06 05:00:00+00:00,27.425999,66.878,20.726
9630,2022-02-06 06:00:00+00:00,28.476,61.18296,20.276
9631,2022-02-06 07:00:00+00:00,29.026,57.27848,19.726
9632,2022-02-06 08:00:00+00:00,29.376,55.438736,19.526
9633,2022-02-06 09:00:00+00:00,29.325998,54.74123,19.276
9634,2022-02-06 10:00:00+00:00,28.675999,56.136158,19.075998
9635,2022-02-06 11:00:00+00:00,27.876,58.44556,18.976
9636,2022-02-06 12:00:00+00:00,26.876,62.55392,19.126
9637,2022-02-06 13:00:00+00:00,25.425999,70.9627,19.776
9638,2022-02-06 14:00:00+00:00,24.626,77.96207,20.526
9639,2022-02-06 15:00:00+00:00,24.126,81.57918,20.776
9640,2022-02-06 16:00:00+00:00,23.575998,83.80497,20.675999
9641,2022-02-06 17:00:00+00:00,23.526,82.26285,20.325998
9642,2022-02-06 18:00:00+00:00,23.075998,83.23259,20.075998
9643,2022-02-06 19:00:00+00:00,21.976,88.98353,20.075998
9644,2022-02-06 20:00:00+00:00,21.776,88.41795,19.776
9645,2022-02-06 21:00:00+00:00,23.126,82.21425,19.925999
9646,2022-02-06 22:00:00+00:00,22.675999,84.74789,19.976
9647,2022-02-06 23:00:00+00:00,20.276,94.27972,19.325998
9648,2022-02-07 00:00:00+00:00,20.226,96.3515,19.626
9649,2022-02-07 01:00:00+00:00,20.626,98.1664,20.325998
9650,2022-02-07 02:00:00+00:00,21.776,94.92457,20.925999
9651,2022-02-07 03:00:00+00:00,24.526,80.138565,20.876
9652,2022-02-07 04:00:00+00:00,26.476,70.06719,20.575998
9653,2022-02-07 05:00:00+00:00,28.075998,60.527317,19.726
9654,2022-02-07 06:00:00+00:00,29.376,53.572353,18.976
9655,2022-02-07 07:00:00+00:00,29.925999,50.30443,18.476
9656,2022-02-07 08:00:00+00:00,29.876,49.664696,18.226
9657,2022-02-07 09:00:00+00:00,29.526,50.675827,18.226
9658,2022-02-07 10:00:00+00:00,29.075998,50.559483,17.776
9659,2022-02-07 11:00:00+00:00,27.976,55.61584,18.276
9660,2022-02-07 12:00:00+00:00,26.675999,63.09744,19.075998
9661,2022-02-07 13:00:00+00:00,25.276,69.1926,19.226
9662,2022-02-07 14:00:00+00:00,24.476,74.6352,19.675999
9663,2022-02-07 15:00:00+00:00,24.075998,78.36506,20.075998
9664,2022-02-07 16:00:00+00:00,23.825998,79.55121,20.075998
9665,2022-02-07 17:00:00+00:00,23.226,83.249886,20.226
9666,2022-02-07 18:00:00+00:00,22.325998,89.01101,20.425999
9667,2022-02-07 19:00:00+00:00,21.825998,91.48239,20.376
9668,2022-02-07 20:00:00+00:00,21.325998,92.59107,20.075998
9669,2022-02-07 21:00:00+00:00,22.925999,86.359024,20.526
9670,2022-02-07 22:00:00+00:00,21.825998,91.76514,20.425999
9671,2022-02-07 23:00:00+00:00,20.626,96.661,20.075998
9672,2022-02-08 00:00:00+00:00,19.325998,99.37941,19.226
9673,2022-02-08 01:00:00+00:00,19.675999,100.0,19.675999
9674,2022-02-08 02:00:00+00:00,20.876,98.47283,20.626
9675,2022-02-08 03:00:00+00:00,24.226,83.62062,21.276
9676,2022-02-08 04:00:00+00:00,26.626,71.181496,20.976
9677,2022-02-08 05:00:00+00:00,28.476,60.61827,20.126
9678,2022-02-08 06:00:00+00:00,29.626,53.96983,19.325998
9679,2022-02-08 07:00:00+00:00,30.175999,50.36907,18.726
9680,2022-02-08 08:00:00+00:00,30.175999,47.604156,17.825998
9681,2022-02-08 09:00:00+00:00,29.726,47.335087,17.325998
9682,2022-02-08 10:00:00+00:00,28.876,50.50765,17.575998
9683,2022-02-08 11:00:00+00:00,27.675999,56.068188,18.126
9684,2022-02-08 12:00:00+00:00,26.376,64.62473,19.175999
9685,2022-02-08 13:00:00+00:00,24.776,73.99368,19.825998
9686,2022-02-08 14:00:00+00:00,23.876,81.29677,20.476
9687,2022-02-08 15:00:00+00:00,23.476,82.76635,20.376
9688,2022-02-08 16:00:00+00:00,23.276,82.99883,20.226
9689,2022-02-08 17:00:00+00:00,22.825998,86.61625,20.476
9690,2022-02-08 18:00:00+00:00,22.575998,89.03058,20.675999
9691,2022-02-08 19:00:00+00:00,21.726,91.759155,20.325998
9692,2022-02-08 20:00:00+00:00,21.126,92.29378,19.825998
9693,2022-02-08 21:00:00+00:00,21.026,93.1505,19.876
9694,2022-02-08 22:00:00+00:00,21.276,92.3022,19.976
9695,2022-02-08 23:00:00+00:00,20.726,95.77067,20.026
9696,2022-02-09 00:00:00+00:00,20.075998,97.55171,19.675999
9697,2022-02-09 01:00:00+00:00,20.026,99.0753,19.876
9698,2022-02-09 02:00:00+00:00,21.925999,94.93018,21.075998
9699,2022-02-09 03:00:00+00:00,25.325998,78.06404,21.226
9700,2022-02-09 04:00:00+00:00,27.476,63.66491,19.976
9701,2022-02-09 05:00:00+00:00,28.476,56.96912,19.126
9702,2022-02-09 06:00:00+00:00,29.126,54.862545,19.126
9703,2022-02-09 07:00:00+00:00,29.325998,53.895084,19.026
9704,2022-02-09 08:00:00+00:00,29.325998,51.748577,18.376
9705,2022-02-09 09:00:00+00:00,29.276,51.090523,18.126
9706,2022-02-09 10:00:00+00:00,28.776,51.770416,17.876
9707,2022-02-09 11:00:00+00:00,27.776,55.21861,17.976
9708,2022-02-09 12:00:00+00:00,26.675999,62.120644,18.825998
9709,2022-02-09 13:00:00+00:00,25.175999,69.38924,19.175999
9710,2022-02-09 14:00:00+00:00,23.976,76.43093,19.575998
9711,2022-02-09 15:00:00+00:00,23.175999,81.20762,19.776
9712,2022-02-09 16:00:00+00:00,22.276,86.832855,19.976
9713,2022-02-09 17:00:00+00:00,21.476,91.17807,19.976
9714,2022-02-09 18:00:00+00:00,20.876,91.99352,19.526
9715,2022-02-09 19:00:00+00:00,20.325998,93.69694,19.276
9716,2022-02-09 20:00:00+00:00,19.825998,94.26066,18.876
9717,2022-02-09 21:00:00+00:00,19.776,93.378944,18.675999
9718,2022-02-09 22:00:00+00:00,19.925999,91.93783,18.575998
9719,2022-02-09 23:00:00+00:00,19.376,92.77535,18.175999
9720,2022-02-10 00:00:00+00:00,19.626,92.49833,18.376
9721,2022-02-10 01:00:00+00:00,19.876,89.65762,18.126
9722,2022-02-10 02:00:00+00:00,21.976,83.62484,19.075998
9723,2022-02-10 03:00:00+00:00,25.276,69.84161,19.376
9724,2022-02-10 04:00:00+00:00,27.325998,57.049053,18.075998
9725,2022-02-10 05:00:00+00:00,28.476,52.020454,17.675999
9726,2022-02-10 06:00:00+00:00,29.325998,48.134262,17.226
9727,2022-02-10 07:00:00+00:00,29.825998,46.032658,16.976
9728,2022-02-10 08:00:00+00:00,29.976,44.493504,16.575998
9729,2022-02-10 09:00:00+00:00,29.825998,44.170826,16.325998
9730,2022-02-10 10:00:00+00:00,29.276,44.730053,16.026
9731,2022-02-10 11:00:00+00:00,28.276,48.16169,16.276
9732,2022-02-10 12:00:00+00:00,26.675999,58.898098,17.976
9733,2022-02-10 13:00:00+00:00,24.575998,71.02762,18.976
9734,2022-02-10 14:00:00+00:00,23.376,78.752,19.476
9735,2022-02-10 15:00:00+00:00,22.226,85.49266,19.675999
9736,2022-02-10 16:00:00+00:00,21.425999,89.77248,19.675999
9737,2022-02-10 17:00:00+00:00,20.776,91.41727,19.325998
9738,2022-02-10 18:00:00+00:00,20.175999,93.39842,19.075998
9739,2022-02-10 19:00:00+00:00,19.925999,93.97121,18.925999
9740,2022-02-10 20:00:00+00:00,20.376,93.117775,19.226
9741,2022-02-10 21:00:00+00:00,21.575998,91.75018,20.175999
9742,2022-02-10 22:00:00+00:00,19.075998,97.838615,18.726
9743,2022-02-10 23:00:00+00:00,17.925999,99.99999,17.925999
9744,2022-02-11 00:00:00+00:00,18.476,100.0,18.476
9745,2022-02-11 01:00:00+00:00,19.026,100.0,19.026
9746,2022-02-11 02:00:00+00:00,20.476,98.16433,20.175999
9747,2022-02-11 03:00:00+00:00,23.376,85.87244,20.876
9748,2022-02-11 04:00:00+00:00,26.175999,72.8725,20.925999
9749,2022-02-11 05:00:00+00:00,28.075998,60.715324,19.776
9750,2022-02-11 06:00:00+00:00,29.526,53.276688,19.026
9751,2022-02-11 07:00:00+00:00,30.325998,48.39795,18.226
9752,2022-02-11 08:00:00+00:00,30.526,45.496876,17.425999
9753,2022-02-11 09:00:00+00:00,29.976,48.61061,17.976
9754,2022-02-11 10:00:00+00:00,29.075998,53.83268,18.776
9755,2022-02-11 11:00:00+00:00,28.075998,57.767822,18.976
9756,2022-02-11 12:00:00+00:00,26.726,66.943375,20.075998
9757,2022-02-11 13:00:00+00:00,25.075998,75.66222,20.476
9758,2022-02-11 14:00:00+00:00,24.026,82.32331,20.825998
9759,2022-02-11 15:00:00+00:00,23.476,86.41149,21.075998
9760,2022-02-11 16:00:00+00:00,22.976,89.3356,21.126
9761,2022-02-11 17:00:00+00:00,22.226,93.21032,21.075998
9762,2022-02-11 18:00:00+00:00,21.126,94.60743,20.226
9763,2022-02-11 19:00:00+00:00,23.026,88.24891,20.976
9764,2022-02-11 20:00:00+00:00,22.476,91.522316,21.026
9765,2022-02-11 21:00:00+00:00,19.726,98.76593,19.526
9766,2022-02-11 22:00:00+00:00,20.075998,100.0,20.075998
9767,2022-02-11 23:00:00+00:00,19.675999,100.0,19.675999
9768,2022-02-12 00:00:00+00:00,19.776,100.0,19.825998
9769,2022-02-12 01:00:00+00:00,20.425999,100.0,20.425999
9770,2022-02-12 02:00:00+00:00,22.075998,93.20287,20.925999
9771,2022-02-12 03:00:00+00:00,24.126,86.209274,21.675999
9772,2022-02-12 04:00:00+00:00,26.675999,72.51318,21.325998
9773,2022-02-12 05:00:00+00:00,28.476,59.318405,19.776
9774,2022-02-12 06:00:00+00:00,29.825998,52.36406,19.026
9775,2022-02-12 07:00:00+00:00,30.126,51.308716,18.976
9776,2022-02-12 08:00:00+00:00,30.126,51.308716,18.976
9777,2022-02-12 09:00:00+00:00,29.675999,52.65367,18.976
9778,2022-02-12 10:00:00+00:00,29.075998,53.163544,18.575998
9779,2022-02-12 11:00:00+00:00,28.325998,56.051018,18.726
9780,2022-02-12 12:00:00+00:00,27.026,65.56972,20.026
9781,2022-02-12 13:00:00+00:00,25.376,74.782845,20.575998
9782,2022-02-12 14:00:00+00:00,24.075998,83.34749,21.075998
9783,2022-02-12 15:00:00+00:00,23.075998,89.89268,21.325998
9784,2022-02-12 16:00:00+00:00,22.925999,90.71246,21.325998
9785,2022-02-12 17:00:00+00:00,22.075998,93.48977,20.976
9786,2022-02-12 18:00:00+00:00,21.675999,93.75916,20.626
9787,2022-02-12 19:00:00+00:00,21.776,94.05276,20.776
9788,2022-02-12 20:00:00+00:00,22.726,92.66617,21.476
9789,2022-02-12 21:00:00+00:00,22.425999,94.65878,21.526
9790,2022-02-12 22:00:00+00:00,21.075998,98.47511,20.825998
9791,2022-02-12 23:00:00+00:00,20.325998,100.0,20.325998
9792,2022-02-13 00:00:00+00:00,20.675999,99.69247,20.626
9793,2022-02-13 01:00:00+00:00,20.825998,100.0,20.825998
9794,2022-02-13 02:00:00+00:00,21.626,95.504745,20.876
9795,2022-02-13 03:00:00+00:00,23.976,85.93144,21.476
9796,2022-02-13 04:00:00+00:00,25.825998,75.78089,21.226
9797,2022-02-13 05:00:00+00:00,27.126,67.43849,20.575998
9798,2022-02-13 06:00:00+00:00,28.075998,61.85418,20.075998
9799,2022-02-13 07:00:00+00:00,28.776,57.396793,19.526
9800,2022-02-13 08:00:00+00:00,28.925999,56.5475,19.425999
9801,2022-02-13 09:00:00+00:00,28.626,56.651237,19.175999
9802,2022-02-13 10:00:00+00:00,28.276,57.815365,19.175999
9803,2022-02-13 11:00:00+00:00,27.376,60.934578,19.175999
9804,2022-02-13 12:00:00+00:00,26.976,64.95287,19.825998
9805,2022-02-13 13:00:00+00:00,25.776,69.7195,19.825998
9806,2022-02-13 14:00:00+00:00,24.825998,76.79886,20.476
9807,2022-02-13 15:00:00+00:00,23.976,85.14547,21.325998
9808,2022-02-13 16:00:00+00:00,23.425999,87.742714,21.276
9809,2022-02-13 17:00:00+00:00,23.075998,89.069565,21.175999
9810,2022-02-13 18:00:00+00:00,22.376,92.08033,21.026
9811,2022-02-13 19:00:00+00:00,21.825998,93.76601,20.776
9812,2022-02-13 20:00:00+00:00,21.126,94.90018,20.276
9813,2022-02-13 21:00:00+00:00,21.276,93.451515,20.175999
9814,2022-02-13 22:00:00+00:00,22.175999,92.06882,20.825998
9815,2022-02-13 23:00:00+00:00,19.726,99.07318,19.575998
9816,2022-02-14 00:00:00+00:00,20.376,100.0,20.376
9817,2022-02-14 01:00:00+00:00,20.376,100.0,20.376
9818,2022-02-14 02:00:00+00:00,21.726,96.68826,21.175999
9819,2022-02-14 03:00:00+00:00,24.325998,82.86639,21.226
9820,2022-02-14 04:00:00+00:00,26.276,71.99906,20.825998
9821,2022-02-14 05:00:00+00:00,26.976,67.40861,20.425999
9822,2022-02-14 06:00:00+00:00,27.876,62.38652,20.026
9823,2022-02-14 07:00:00+00:00,28.026,61.46128,19.925999
9824,2022-02-14 08:00:00+00:00,27.726,62.16048,19.825998
9825,2022-02-14 09:00:00+00:00,28.476,57.683125,19.325998
9826,2022-02-14 10:00:00+00:00,27.825998,59.537037,19.226
9827,2022-02-14 11:00:00+00:00,27.325998,61.30398,19.226
9828,2022-02-14 12:00:00+00:00,26.526,64.055504,19.175999
9829,2022-02-14 13:00:00+00:00,25.075998,70.4588,19.325998
9830,2022-02-14 14:00:00+00:00,24.276,75.0672,19.575998
9831,2022-02-14 15:00:00+00:00,23.976,76.906944,19.675999
9832,2022-02-14 16:00:00+00:00,23.825998,76.40765,19.425999
9833,2022-02-14 17:00:00+00:00,23.526,78.0427,19.476
9834,2022-02-14 18:00:00+00:00,23.175999,80.45527,19.626
9835,2022-02-14 19:00:00+00:00,21.825998,87.875435,19.726
9836,2022-02-14 20:00:00+00:00,21.376,89.76879,19.626
9837,2022-02-14 21:00:00+00:00,21.476,88.393166,19.476
9838,2022-02-14 22:00:00+00:00,22.476,84.464264,19.726
9839,2022-02-14 23:00:00+00:00,22.075998,87.08383,19.825998
9840,2022-02-15 00:00:00+00:00,20.776,94.008896,19.776
9841,2022-02-15 01:00:00+00:00,21.026,93.4395,19.925999
9842,2022-02-15 02:00:00+00:00,22.976,85.83289,20.476
9843,2022-02-15 03:00:00+00:00,25.626,70.560875,19.876
9844,2022-02-15 04:00:00+00:00,27.226,60.71088,18.976
9845,2022-02-15 05:00:00+00:00,28.575998,53.03742,18.075998
9846,2022-02-15 06:00:00+00:00,29.175999,51.38662,18.126
9847,2022-02-15 07:00:00+00:00,29.675999,50.08226,18.175999
9848,2022-02-15 08:00:00+00:00,29.726,49.46994,18.026
9849,2022-02-15 09:00:00+00:00,28.925999,52.135326,18.126
9850,2022-02-15 10:00:00+00:00,28.526,52.197365,17.776
9851,2022-02-15 11:00:00+00:00,27.575998,55.169235,17.776
9852,2022-02-15 12:00:00+00:00,26.476,61.688786,18.526
9853,2022-02-15 13:00:00+00:00,25.276,66.649155,18.626
9854,2022-02-15 14:00:00+00:00,24.325998,72.323906,19.026
9855,2022-02-15 15:00:00+00:00,23.925999,75.24412,19.276
9856,2022-02-15 16:00:00+00:00,23.776,75.45457,19.175999
9857,2022-02-15 17:00:00+00:00,23.325998,77.52908,19.175999
9858,2022-02-15 18:00:00+00:00,22.825998,80.40887,19.276
9859,2022-02-15 19:00:00+00:00,21.575998,87.853874,19.476
9860,2022-02-15 20:00:00+00:00,22.126,84.95301,19.476
9861,2022-02-15 21:00:00+00:00,22.575998,83.43337,19.626
9862,2022-02-15 22:00:00+00:00,20.876,91.13963,19.376
9863,2022-02-15 23:00:00+00:00,19.726,96.337845,19.126
9864,2022-02-16 00:00:00+00:00,19.425999,99.37988,19.325998
9865,2022-02-16 01:00:00+00:00,19.175999,100.0,19.175999
9866,2022-02-16 02:00:00+00:00,20.876,96.66723,20.325998
9867,2022-02-16 03:00:00+00:00,24.476,77.69988,20.325998
9868,2022-02-16 04:00:00+00:00,26.925999,66.16051,20.075998
9869,2022-02-16 05:00:00+00:00,28.476,55.91265,18.825998
9870,2022-02-16 06:00:00+00:00,29.726,47.63502,17.425999
9871,2022-02-16 07:00:00+00:00,30.075998,45.51986,17.026
9872,2022-02-16 08:00:00+00:00,30.126,45.967506,17.226
9873,2022-02-16 09:00:00+00:00,29.776,46.901627,17.226
9874,2022-02-16 10:00:00+00:00,28.876,50.66714,17.626
9875,2022-02-16 11:00:00+00:00,27.925999,54.394016,17.876
9876,2022-02-16 12:00:00+00:00,26.626,60.006744,18.226
9877,2022-02-16 13:00:00+00:00,25.126,68.948456,19.026
9878,2022-02-16 14:00:00+00:00,23.976,76.66862,19.626
9879,2022-02-16 15:00:00+00:00,23.575998,81.00778,20.126
9880,2022-02-16 16:00:00+00:00,22.925999,83.991646,20.075998
9881,2022-02-16 17:00:00+00:00,21.825998,88.42209,19.825998
9882,2022-02-16 18:00:00+00:00,21.575998,89.22842,19.726
9883,2022-02-16 19:00:00+00:00,21.075998,90.587875,19.476
9884,2022-02-16 20:00:00+00:00,20.526,91.1171,19.026
9885,2022-02-16 21:00:00+00:00,20.175999,91.952545,18.825998
9886,2022-02-16 22:00:00+00:00,20.226,92.53126,18.976
9887,2022-02-16 23:00:00+00:00,18.925999,98.142746,18.626
9888,2022-02-17 00:00:00+00:00,19.175999,96.02173,18.526
9889,2022-02-17 01:00:00+00:00,19.726,98.15393,19.425999
9890,2022-02-17 02:00:00+00:00,21.075998,94.0221,20.075998
9891,2022-02-17 03:00:00+00:00,24.325998,78.15929,20.276
9892,2022-02-17 04:00:00+00:00,26.575998,67.956406,20.175999
9893,2022-02-17 05:00:00+00:00,28.476,57.325146,19.226
9894,2022-02-17 06:00:00+00:00,29.476,51.949223,18.575998
9895,2022-02-17 07:00:00+00:00,30.075998,47.878223,17.825998
9896,2022-02-17 08:00:00+00:00,30.126,46.69929,17.476
9897,2022-02-17 09:00:00+00:00,29.825998,44.736515,16.526
9898,2022-02-17 10:00:00+00:00,29.175999,45.56681,16.226
9899,2022-02-17 11:00:00+00:00,28.175999,50.967564,17.075998
9900,2022-02-17 12:00:00+00:00,27.026,55.033085,17.226
9901,2022-02-17 13:00:00+00:00,24.976,67.42754,18.526
9902,2022-02-17 14:00:00+00:00,23.825998,74.52781,19.026
9903,2022-02-17 15:00:00+00:00,22.825998,80.40887,19.276
9904,2022-02-17 16:00:00+00:00,22.175999,85.48758,19.626
9905,2022-02-17 17:00:00+00:00,21.526,89.77981,19.776
9906,2022-02-17 18:00:00+00:00,21.175999,91.15888,19.675999
9907,2022-02-17 19:00:00+00:00,20.675999,92.55582,19.425999
9908,2022-02-17 20:00:00+00:00,20.526,92.25997,19.226
9909,2022-02-17 21:00:00+00:00,20.575998,91.97601,19.226
9910,2022-02-17 22:00:00+00:00,20.476,92.833466,19.276
9911,2022-02-17 23:00:00+00:00,20.726,92.55854,19.476
9912,2022-02-18 00:00:00+00:00,23.325998,87.734055,21.175999
9913,2022-02-18 01:00:00+00:00,23.126,87.9866,21.026
9914,2022-02-18 02:00:00+00:00,24.425999,82.87809,21.325998
9915,2022-02-18 03:00:00+00:00,26.876,69.071495,20.726
9916,2022-02-18 04:00:00+00:00,28.476,57.862843,19.376
9917,2022-02-18 05:00:00+00:00,29.575998,51.007587,18.376
9918,2022-02-18 06:00:00+00:00,30.376,47.95743,18.126
9919,2022-02-18 07:00:00+00:00,30.825998,46.300156,17.976
9920,2022-02-18 08:00:00+00:00,30.476,49.665264,18.776
9921,2022-02-18 09:00:00+00:00,29.976,52.402046,19.175999
9922,2022-02-18 10:00:00+00:00,29.175999,55.90896,19.476
9923,2022-02-18 11:00:00+00:00,28.325998,58.36965,19.376
9924,2022-02-18 12:00:00+00:00,27.126,64.58312,19.876
9925,2022-02-18 13:00:00+00:00,25.726,70.798195,20.026
9926,2022-02-18 14:00:00+00:00,24.575998,78.19554,20.526
9927,2022-02-18 15:00:00+00:00,23.825998,84.34963,21.026
9928,2022-02-18 16:00:00+00:00,23.175999,88.532646,21.175999
9929,2022-02-18 17:00:00+00:00,22.726,90.97785,21.175999
9930,2022-02-18 18:00:00+00:00,22.976,88.516365,20.976
9931,2022-02-18 19:00:00+00:00,23.276,87.72972,21.126
9932,2022-02-18 20:00:00+00:00,22.876,89.054,20.976
9933,2022-02-18 21:00:00+00:00,22.476,89.849205,20.726
9934,2022-02-18 22:00:00+00:00,21.976,92.626076,20.726
9935,2022-02-18 23:00:00+00:00,21.425999,95.792595,20.726
9936,2022-02-19 00:00:00+00:00,19.976,100.0,19.976
9937,2022-02-19 01:00:00+00:00,19.675999,100.0,19.675999
9938,2022-02-19 02:00:00+00:00,21.425999,98.1774,21.126
9939,2022-02-19 03:00:00+00:00,24.925999,82.68362,21.776
9940,2022-02-19 04:00:00+00:00,27.675999,65.50229,20.626
9941,2022-02-19 05:00:00+00:00,29.075998,56.75965,19.626
9942,2022-02-19 06:00:00+00:00,30.026,51.283108,18.876
9943,2022-02-19 07:00:00+00:00,30.526,48.14773,18.325998
9944,2022-02-19 08:00:00+00:00,30.575998,48.615604,18.526
9945,2022-02-19 09:00:00+00:00,30.226,49.29055,18.425999
9946,2022-02-19 10:00:00+00:00,29.626,49.599545,17.976
9947,2022-02-19 11:00:00+00:00,28.626,52.88369,18.075998
9948,2022-02-19 12:00:00+00:00,27.476,57.62476,18.376
9949,2022-02-19 13:00:00+00:00,25.325998,68.98711,19.226
9950,2022-02-19 14:00:00+00:00,24.026,76.91458,19.726
9951,2022-02-19 15:00:00+00:00,22.825998,83.98057,19.976
9952,2022-02-19 16:00:00+00:00,21.776,89.79814,20.026
9953,2022-02-19 17:00:00+00:00,21.175999,91.44216,19.726
9954,2022-02-19 18:00:00+00:00,21.776,89.24381,19.925999
9955,2022-02-19 19:00:00+00:00,22.726,87.68194,20.575998
9956,2022-02-19 20:00:00+00:00,21.476,92.59916,20.226
9957,2022-02-19 21:00:00+00:00,19.175999,99.68893,19.126
9958,2022-02-19 22:00:00+00:00,18.425999,99.99999,18.425999
9959,2022-02-19 23:00:00+00:00,18.325998,100.0,18.325998
9960,2022-02-20 00:00:00+00:00,18.626,100.0,18.626
9961,2022-02-20 01:00:00+00:00,19.276,100.0,19.276
9962,2022-02-20 02:00:00+00:00,20.376,98.46706,20.126
9963,2022-02-20 03:00:00+00:00,23.675999,85.376305,21.075998
9964,2022-02-20 04:00:00+00:00,26.876,70.3577,21.026
9965,2022-02-20 05:00:00+00:00,29.776,49.63865,18.126
9966,2022-02-20 06:00:00+00:00,31.876,36.505,15.176
9967,2022-02-20 07:00:00+00:00,33.176003,30.590296,13.576
9968,2022-02-20 08:00:00+00:00,33.726,30.245777,13.876
9969,2022-02-20 09:00:00+00:00,33.276,35.8489,16.126
9970,2022-02-20 10:00:00+00:00,31.776,38.890068,16.075998
9971,2022-02-20 11:00:00+00:00,30.325998,37.628967,14.276
9972,2022-02-20 12:00:00+00:00,28.325998,55.18101,18.476
9973,2022-02-20 13:00:00+00:00,26.376,68.338646,20.075998
9974,2022-02-20 14:00:00+00:00,25.376,76.17701,20.876
9975,2022-02-20 15:00:00+00:00,24.626,84.178375,21.776
9976,2022-02-20 16:00:00+00:00,24.276,88.62158,22.276
9977,2022-02-20 17:00:00+00:00,23.876,89.131516,21.976
9978,2022-02-20 18:00:00+00:00,23.126,93.82494,22.075998
9979,2022-02-20 19:00:00+00:00,22.626,95.82975,21.925999
9980,2022-02-20 20:00:00+00:00,22.276,96.112434,21.626
9981,2022-02-20 21:00:00+00:00,21.876,96.39604,21.276
9982,2022-02-20 22:00:00+00:00,21.575998,96.98193,21.075998
9983,2022-02-20 23:00:00+00:00,21.425999,96.97856,20.925999
9984,2022-02-21 00:00:00+00:00,21.126,96.67342,20.575998
9985,2022-02-21 01:00:00+00:00,20.876,96.66723,20.325998
9986,2022-02-21 02:00:00+00:00,22.175999,91.503914,20.726
9987,2022-02-21 03:00:00+00:00,24.976,77.534645,20.776
9988,2022-02-21 04:00:00+00:00,27.925999,64.15629,20.526
9989,2022-02-21 05:00:00+00:00,30.776,51.795254,19.726
9990,2022-02-21 06:00:00+00:00,32.426003,43.76367,18.526
9991,2022-02-21 07:00:00+00:00,33.826,36.924747,17.075998
9992,2022-02-21 08:00:00+00:00,34.926003,32.07689,15.826
9993,2022-02-21 09:00:00+00:00,34.876,33.633873,16.526
9994,2022-02-21 10:00:00+00:00,32.826,48.5993,20.575998
9995,2022-02-21 11:00:00+00:00,30.726,53.576813,20.226
9996,2022-02-21 12:00:00+00:00,28.776,65.72949,21.726
9997,2022-02-21 13:00:00+00:00,26.575998,83.62977,23.575998
9998,2022-02-21 14:00:00+00:00,25.925999,88.22107,23.825998
9999,2022-02-21 15:00:00+00:00,25.575998,91.16014,24.026
10000,2022-02-21 16:00:00+00:00,25.325998,91.41894,23.825998
10001,2022-02-21 17:00:00+00:00,24.876,94.18578,23.876
10002,2022-02-21 18:00:00+00:00,24.476,95.8861,23.776
10003,2022-02-21 19:00:00+00:00,23.825998,97.3252,23.376
10004,2022-02-21 20:00:00+00:00,23.075998,98.19974,22.776
10005,2022-02-21 21:00:00+00:00,22.776,99.09425,22.626
10006,2022-02-21 22:00:00+00:00,21.876,100.0,21.876
10007,2022-02-21 23:00:00+00:00,21.526,100.0,21.526
10008,2022-02-22 00:00:00+00:00,22.425999,100.0,22.425999
10009,2022-02-22 01:00:00+00:00,23.425999,99.69877,23.376
10010,2022-02-22 02:00:00+00:00,23.925999,98.80425,23.726
10011,2022-02-22 03:00:00+00:00,26.026,85.354614,23.376
10012,2022-02-22 04:00:00+00:00,28.376,71.27998,22.675999
10013,2022-02-22 05:00:00+00:00,30.276,61.02423,21.925999
10014,2022-02-22 06:00:00+00:00,31.925999,51.60788,20.726
10015,2022-02-22 07:00:00+00:00,32.726,44.67292,19.126
10016,2022-02-22 08:00:00+00:00,32.176003,47.68496,19.675999
10017,2022-02-22 09:00:00+00:00,31.575998,50.26054,19.976
10018,2022-02-22 10:00:00+00:00,30.575998,56.075134,20.825998
10019,2022-02-22 11:00:00+00:00,29.575998,60.49468,21.126
10020,2022-02-22 12:00:00+00:00,28.075998,70.57894,22.226
10021,2022-02-22 13:00:00+00:00,26.526,79.19348,22.626
10022,2022-02-22 14:00:00+00:00,25.876,83.298676,22.825998
10023,2022-02-22 15:00:00+00:00,25.425999,85.81232,22.876
10024,2022-02-22 16:00:00+00:00,25.126,87.09355,22.825998
10025,2022-02-22 17:00:00+00:00,24.825998,88.397354,22.776
10026,2022-02-22 18:00:00+00:00,24.526,89.724174,22.726
10027,2022-02-22 19:00:00+00:00,24.126,91.62247,22.675999
10028,2022-02-22 20:00:00+00:00,23.575998,93.84517,22.526
10029,2022-02-22 21:00:00+00:00,23.075998,95.26233,22.276
10030,2022-02-22 22:00:00+00:00,22.825998,95.83592,22.126
10031,2022-02-22 23:00:00+00:00,22.726,96.71274,22.175999
10032,2022-02-23 00:00:00+00:00,22.626,96.710304,22.075998
10033,2022-02-23 01:00:00+00:00,22.575998,96.41469,21.976
10034,2022-02-23 02:00:00+00:00,24.626,89.73146,22.825998
10035,2022-02-23 03:00:00+00:00,26.976,75.04239,22.175999
10036,2022-02-23 04:00:00+00:00,28.626,63.325592,20.976
10037,2022-02-23 05:00:00+00:00,29.876,54.200035,19.626
10038,2022-02-23 06:00:00+00:00,30.825998,49.601284,19.075998
10039,2022-02-23 07:00:00+00:00,31.276,47.299862,18.726
10040,2022-02-23 08:00:00+00:00,31.376,46.012238,18.376
10041,2022-02-23 09:00:00+00:00,30.925999,47.952114,18.626
10042,2022-02-23 10:00:00+00:00,30.026,51.92708,19.075998
10043,2022-02-23 11:00:00+00:00,28.876,57.0651,19.526
10044,2022-02-23 12:00:00+00:00,27.876,62.38652,20.026
10045,2022-02-23 13:00:00+00:00,26.175999,71.53934,20.626
10046,2022-02-23 14:00:00+00:00,25.126,78.27499,21.075998
10047,2022-02-23 15:00:00+00:00,24.276,83.88288,21.376
10048,2022-02-23 16:00:00+00:00,23.425999,89.09675,21.526
10049,2022-02-23 17:00:00+00:00,22.726,92.66617,21.476
10050,2022-02-23 18:00:00+00:00,22.075998,94.64502,21.175999
10051,2022-02-23 19:00:00+00:00,22.075998,94.065834,21.075998
10052,2022-02-23 20:00:00+00:00,22.425999,94.081024,21.425999
10053,2022-02-23 21:00:00+00:00,21.325998,97.87491,20.976
10054,2022-02-23 22:00:00+00:00,20.925999,100.0,20.925999
10055,2022-02-23 23:00:00+00:00,20.476,100.0,20.476
10056,2022-02-24 00:00:00+00:00,20.476,100.0,20.476
10057,2022-02-24 01:00:00+00:00,20.825998,100.0,20.825998
10058,2022-02-24 02:00:00+00:00,22.925999,94.96732,22.075998
10059,2022-02-24 03:00:00+00:00,25.976,76.50399,21.526
10060,2022-02-24 04:00:00+00:00,27.925999,63.173923,20.276
10061,2022-02-24 05:00:00+00:00,29.476,54.948776,19.476
10062,2022-02-24 06:00:00+00:00,30.626,46.101357,17.726
10063,2022-02-24 07:00:00+00:00,31.325998,41.05712,16.526
10064,2022-02-24 08:00:00+00:00,31.476,38.68349,15.726
10065,2022-02-24 09:00:00+00:00,31.126,39.842075,15.876
10066,2022-02-24 10:00:00+00:00,30.276,42.63436,16.175999
10067,2022-02-24 11:00:00+00:00,29.126,47.325306,16.776
10068,2022-02-24 12:00:00+00:00,27.526,59.097256,18.825998
10069,2022-02-24 13:00:00+00:00,25.376,71.616516,19.876
10070,2022-02-24 14:00:00+00:00,24.126,79.59236,20.376
10071,2022-02-24 15:00:00+00:00,23.325998,84.81663,20.626
10072,2022-02-24 16:00:00+00:00,22.376,89.01493,20.476
10073,2022-02-24 17:00:00+00:00,21.325998,91.168495,19.825998
10074,2022-02-24 18:00:00+00:00,21.325998,89.48673,19.526
10075,2022-02-24 19:00:00+00:00,22.626,86.06385,20.175999
10076,2022-02-24 20:00:00+00:00,22.026,90.09424,20.325998
10077,2022-02-24 21:00:00+00:00,19.126,98.452515,18.876
10078,2022-02-24 22:00:00+00:00,18.675999,100.0,18.675999
10079,2022-02-24 23:00:00+00:00,17.925999,99.99999,17.925999
10080,2022-02-25 00:00:00+00:00,18.575998,100.0,18.575998
10081,2022-02-25 01:00:00+00:00,18.825998,100.0,18.825998
10082,2022-02-25 02:00:00+00:00,19.925999,98.461845,19.675999
10083,2022-02-25 03:00:00+00:00,22.626,92.37736,21.325998
10084,2022-02-25 04:00:00+00:00,26.575998,69.87036,20.626
10085,2022-02-25 05:00:00+00:00,28.526,58.59839,19.626
10086,2022-02-25 06:00:00+00:00,29.976,51.430645,18.876
10087,2022-02-25 07:00:00+00:00,30.825998,46.154797,17.925999
10088,2022-02-25 08:00:00+00:00,31.026,42.29886,16.726
10089,2022-02-25 09:00:00+00:00,30.776,41.829372,16.325998
10090,2022-02-25 10:00:00+00:00,29.776,45.728355,16.825998
10091,2022-02-25 11:00:00+00:00,28.476,51.53076,17.526
10092,2022-02-25 12:00:00+00:00,27.026,63.17383,19.425999
10093,2022-02-25 13:00:00+00:00,25.276,71.5985,19.776
10094,2022-02-25 14:00:00+00:00,24.325998,76.2486,19.876
10095,2022-02-25 15:00:00+00:00,23.476,82.00303,20.226
10096,2022-02-25 16:00:00+00:00,22.726,87.14293,20.476
10097,2022-02-25 17:00:00+00:00,21.776,92.04577,20.425999
10098,2022-02-25 18:00:00+00:00,21.126,93.73391,20.075998
10099,2022-02-25 19:00:00+00:00,21.476,91.74419,20.075998
10100,2022-02-25 20:00:00+00:00,20.626,94.294464,19.675999
10101,2022-02-25 21:00:00+00:00,20.175999,95.75336,19.476
10102,2022-02-25 22:00:00+00:00,20.675999,96.36374,20.075998
10103,2022-02-25 23:00:00+00:00,19.776,98.7664,19.575998
10104,2022-02-26 00:00:00+00:00,20.175999,97.85647,19.825998
10105,2022-02-26 01:00:00+00:00,20.575998,98.77386,20.376
10106,2022-02-26 02:00:00+00:00,22.425999,91.80086,21.026
10107,2022-02-26 03:00:00+00:00,25.126,76.3729,20.675999
10108,2022-02-26 04:00:00+00:00,27.175999,67.24093,20.575998
10109,2022-02-26 05:00:00+00:00,29.126,55.72322,19.376
10110,2022-02-26 06:00:00+00:00,30.626,48.933887,18.675999
10111,2022-02-26 07:00:00+00:00,31.376,43.617306,17.526
10112,2022-02-26 08:00:00+00:00,31.575998,42.448757,17.276
10113,2022-02-26 09:00:00+00:00,30.976,45.331337,17.776
10114,2022-02-26 10:00:00+00:00,29.776,49.018585,17.925999
10115,2022-02-26 11:00:00+00:00,28.675999,52.56507,18.026
10116,2022-02-26 12:00:00+00:00,27.626,64.489456,20.325998
10117,2022-02-26 13:00:00+00:00,26.126,73.08819,20.925999
10118,2022-02-26 14:00:00+00:00,25.476,76.66206,21.075998
10119,2022-02-26 15:00:00+00:00,24.925999,80.43806,21.325998
10120,2022-02-26 16:00:00+00:00,24.226,85.432076,21.626
10121,2022-02-26 17:00:00+00:00,23.276,91.291916,21.776
10122,2022-02-26 18:00:00+00:00,22.675999,93.51822,21.575998
10123,2022-02-26 19:00:00+00:00,22.276,94.363304,21.325998
10124,2022-02-26 20:00:00+00:00,22.325998,93.21526,21.175999
10125,2022-02-26 21:00:00+00:00,23.376,90.1896,21.675999
10126,2022-02-26 22:00:00+00:00,22.726,94.094,21.726
10127,2022-02-26 23:00:00+00:00,20.675999,99.69247,20.626
10128,2022-02-27 00:00:00+00:00,20.876,99.6929,20.825998
10129,2022-02-27 01:00:00+00:00,21.276,100.0,21.276
10130,2022-02-27 02:00:00+00:00,23.075998,94.684166,22.175999
10131,2022-02-27 03:00:00+00:00,25.925999,78.869576,21.976
10132,2022-02-27 04:00:00+00:00,27.925999,64.55298,20.626
10133,2022-02-27 05:00:00+00:00,29.575998,54.29421,19.376
10134,2022-02-27 06:00:00+00:00,30.726,45.9831,17.776
10135,2022-02-27 07:00:00+00:00,31.476,39.306526,15.976
10136,2022-02-27 08:00:00+00:00,31.575998,36.188206,14.776
10137,2022-02-27 09:00:00+00:00,31.425999,34.883854,14.076
10138,2022-02-27 10:00:00+00:00,30.776,37.997795,14.826
10139,2022-02-27 11:00:00+00:00,29.526,44.37152,16.126
10140,2022-02-27 12:00:00+00:00,28.026,51.577946,17.126
10141,2022-02-27 13:00:00+00:00,25.575998,65.26682,18.575998
10142,2022-02-27 14:00:00+00:00,23.976,76.43093,19.575998
10143,2022-02-27 15:00:00+00:00,23.175999,83.24413,20.175999
10144,2022-02-27 16:00:00+00:00,22.476,90.126175,20.776
10145,2022-02-27 17:00:00+00:00,22.126,92.63412,20.876
10146,2022-02-27 18:00:00+00:00,21.776,93.76372,20.726
10147,2022-02-27 19:00:00+00:00,21.325998,95.200836,20.526
10148,2022-02-27 20:00:00+00:00,21.675999,94.62924,20.776
10149,2022-02-27 21:00:00+00:00,22.976,92.963005,21.776
10150,2022-02-27 22:00:00+00:00,20.276,98.77106,20.075998
10151,2022-02-27 23:00:00+00:00,19.425999,100.0,19.425999
10152,2022-02-28 00:00:00+00:00,20.126,100.0,20.126
10153,2022-02-28 01:00:00+00:00,20.026,100.0,20.026
10154,2022-02-28 02:00:00+00:00,21.726,96.985306,21.226
10155,2022-02-28 03:00:00+00:00,24.526,85.98522,22.026
10156,2022-02-28 04:00:00+00:00,27.526,69.62077,21.476
10157,2022-02-28 05:00:00+00:00,29.226,58.220005,20.175999
10158,2022-02-28 06:00:00+00:00,30.776,49.89843,19.126
10159,2022-02-28 07:00:00+00:00,31.675999,44.67058,18.175999
10160,2022-02-28 08:00:00+00:00,32.076,42.317265,17.675999
10161,2022-02-28 09:00:00+00:00,31.925999,41.482903,17.226
10162,2022-02-28 10:00:00+00:00,31.376,40.81052,16.476
10163,2022-02-28 11:00:00+00:00,29.976,47.85178,17.726
10164,2022-02-28 12:00:00+00:00,27.876,62.38652,20.026
10165,2022-02-28 13:00:00+00:00,25.925999,74.872505,21.126
10166,2022-02-28 14:00:00+00:00,24.726,83.932655,21.825998
10167,2022-02-28 15:00:00+00:00,24.075998,88.60548,22.075998
10168,2022-02-28 16:00:00+00:00,23.526,92.42688,22.226
10169,2022-02-28 17:00:00+00:00,23.126,94.111244,22.126
10170,2022-02-28 18:00:00+00:00,22.175999,95.81588,21.476
10171,2022-02-28 19:00:00+00:00,23.726,92.719124,22.476
10172,2022-02-28 20:00:00+00:00,23.026,97.014275,22.526
10173,2022-02-28 21:00:00+00:00,20.526,100.0,20.526
10174,2022-02-28 22:00:00+00:00,20.726,100.0,20.726
10175,2022-02-28 23:00:00+00:00,20.626,100.0,20.626
10176,2022-03-01 00:00:00+00:00,20.476,100.0,20.476
10177,2022-03-01 01:00:00+00:00,20.876,100.0,20.876
10178,2022-03-01 02:00:00+00:00,22.276,97.889915,21.925999
10179,2022-03-01 03:00:00+00:00,24.226,88.88764,22.276
10180,2022-03-01 04:00:00+00:00,27.226,73.276405,22.026
10181,2022-03-01 05:00:00+00:00,30.026,54.069283,19.726
10182,2022-03-01 06:00:00+00:00,32.076,39.47157,16.575998
10183,2022-03-01 07:00:00+00:00,32.926003,31.531216,13.826
10184,2022-03-01 08:00:00+00:00,33.226,28.01898,12.276
10185,2022-03-01 09:00:00+00:00,33.226,26.579668,11.476
10186,2022-03-01 10:00:00+00:00,32.426003,28.736696,11.976
10187,2022-03-01 11:00:00+00:00,31.325998,33.41394,13.326
10188,2022-03-01 12:00:00+00:00,28.675999,54.92284,18.726
10189,2022-03-01 13:00:00+00:00,26.376,70.699295,20.626
10190,2022-03-01 14:00:00+00:00,25.175999,80.47092,21.575998
10191,2022-03-01 15:00:00+00:00,24.526,83.91056,21.626
10192,2022-03-01 16:00:00+00:00,23.925999,85.66377,21.376
10193,2022-03-01 17:00:00+00:00,23.126,89.89629,21.376
10194,2022-03-01 18:00:00+00:00,22.175999,92.636795,20.925999
10195,2022-03-01 19:00:00+00:00,21.376,92.88049,20.175999
10196,2022-03-01 20:00:00+00:00,20.825998,94.01111,19.825998
10197,2022-03-01 21:00:00+00:00,19.626,98.15255,19.325998
10198,2022-03-01 22:00:00+00:00,19.226,100.0,19.226
10199,2022-03-01 23:00:00+00:00,18.325998,100.0,18.325998
10200,2022-03-02 00:00:00+00:00,18.976,99.99999,18.976
10201,2022-03-02 01:00:00+00:00,19.526,100.0,19.526
10202,2022-03-02 02:00:00+00:00,20.526,97.86209,20.175999
10203,2022-03-02 03:00:00+00:00,23.675999,86.69582,21.325998
10204,2022-03-02 04:00:00+00:00,27.626,64.09227,20.226
10205,2022-03-02 05:00:00+00:00,30.425999,48.728703,18.425999
10206,2022-03-02 06:00:00+00:00,32.176003,37.297363,15.776
10207,2022-03-02 07:00:00+00:00,32.626,35.32845,15.326
10208,2022-03-02 08:00:00+00:00,32.526,35.528225,15.326
10209,2022-03-02 09:00:00+00:00,31.925999,41.09105,17.075998
10210,2022-03-02 10:00:00+00:00,31.126,45.514458,17.976
10211,2022-03-02 11:00:00+00:00,29.925999,50.77899,18.626
10212,2022-03-02 12:00:00+00:00,28.675999,54.7514,18.675999
10213,2022-03-02 13:00:00+00:00,26.126,70.21826,20.276
10214,2022-03-02 14:00:00+00:00,24.575998,81.886086,21.276
10215,2022-03-02 15:00:00+00:00,23.526,89.92512,21.776
10216,2022-03-02 16:00:00+00:00,22.626,93.802376,21.575998
10217,2022-03-02 17:00:00+00:00,21.976,94.06149,20.976
10218,2022-03-02 18:00:00+00:00,23.325998,91.0167,21.776
10219,2022-03-02 19:00:00+00:00,22.226,95.81743,21.526
10220,2022-03-02 20:00:00+00:00,19.626,100.0,19.626
10221,2022-03-02 21:00:00+00:00,19.276,100.0,19.276
10222,2022-03-02 22:00:00+00:00,19.026,100.0,19.026
10223,2022-03-02 23:00:00+00:00,19.476,100.0,19.476
10224,2022-03-03 00:00:00+00:00,20.376,100.0,20.376
10225,2022-03-03 01:00:00+00:00,20.675999,100.0,20.675999
10226,2022-03-03 02:00:00+00:00,21.425999,98.1774,21.126
10227,2022-03-03 03:00:00+00:00,23.226,93.54413,22.126
10228,2022-03-03 04:00:00+00:00,26.876,75.7149,22.226
10229,2022-03-03 05:00:00+00:00,29.476,60.84447,21.126
10230,2022-03-03 06:00:00+00:00,31.276,49.563732,19.476
10231,2022-03-03 07:00:00+00:00,31.726,47.12406,19.075998
10232,2022-03-03 08:00:00+00:00,31.425999,50.066463,19.776
10233,2022-03-03 09:00:00+00:00,30.675999,54.566013,20.476
10234,2022-03-03 10:00:00+00:00,30.276,56.002605,20.526
10235,2022-03-03 11:00:00+00:00,29.675999,55.340233,19.776
10236,2022-03-03 12:00:00+00:00,28.175999,60.550076,19.825998
10237,2022-03-03 13:00:00+00:00,26.476,70.93567,20.776
10238,2022-03-03 14:00:00+00:00,25.425999,78.79929,21.476
10239,2022-03-03 15:00:00+00:00,24.726,83.421555,21.726
10240,2022-03-03 16:00:00+00:00,23.726,89.39238,21.876
10241,2022-03-03 17:00:00+00:00,22.726,94.094,21.726
10242,2022-03-03 18:00:00+00:00,22.675999,94.37983,21.726
10243,2022-03-03 19:00:00+00:00,22.276,96.112434,21.626
10244,2022-03-03 20:00:00+00:00,21.675999,97.580894,21.276
10245,2022-03-03 21:00:00+00:00,21.376,98.781204,21.175999
10246,2022-03-03 22:00:00+00:00,21.175999,99.083305,21.026
10247,2022-03-03 23:00:00+00:00,21.126,99.08296,20.976
10248,2022-03-04 00:00:00+00:00,21.226,99.693726,21.175999
10249,2022-03-04 01:00:00+00:00,21.476,99.08535,21.325998
10250,2022-03-04 02:00:00+00:00,22.776,93.52293,21.675999
10251,2022-03-04 03:00:00+00:00,25.825998,79.82331,22.075998
10252,2022-03-04 04:00:00+00:00,28.825998,62.980988,21.075998
10253,2022-03-04 05:00:00+00:00,30.276,55.145092,20.276
10254,2022-03-04 06:00:00+00:00,31.075998,50.91601,19.726
10255,2022-03-04 07:00:00+00:00,31.626,48.890053,19.575998
10256,2022-03-04 08:00:00+00:00,31.675999,47.99964,19.325998
10257,2022-03-04 09:00:00+00:00,31.276,49.409897,19.425999
10258,2022-03-04 10:00:00+00:00,30.575998,50.94608,19.276
10259,2022-03-04 11:00:00+00:00,29.626,52.970497,19.026
10260,2022-03-04 12:00:00+00:00,28.175999,60.92646,19.925999
10261,2022-03-04 13:00:00+00:00,26.526,69.21763,20.425999
10262,2022-03-04 14:00:00+00:00,25.526,75.50103,20.876
10263,2022-03-04 15:00:00+00:00,24.825998,80.67188,21.276
10264,2022-03-04 16:00:00+00:00,23.925999,86.19003,21.476
10265,2022-03-04 17:00:00+00:00,23.075998,91.00055,21.526
10266,2022-03-04 18:00:00+00:00,22.726,92.10037,21.376
10267,2022-03-04 19:00:00+00:00,22.626,92.09465,21.276
10268,2022-03-04 20:00:00+00:00,22.675999,91.25421,21.175999
10269,2022-03-04 21:00:00+00:00,21.776,94.342575,20.825998
10270,2022-03-04 22:00:00+00:00,21.675999,97.28214,21.226
10271,2022-03-04 23:00:00+00:00,21.175999,98.47626,20.925999
10272,2022-03-05 00:00:00+00:00,21.526,99.08571,21.376
10273,2022-03-05 01:00:00+00:00,21.626,99.08641,21.476
10274,2022-03-05 02:00:00+00:00,22.976,94.10479,21.976
10275,2022-03-05 03:00:00+00:00,25.925999,79.11041,22.026
10276,2022-03-05 04:00:00+00:00,29.026,60.556084,20.626
10277,2022-03-05 05:00:00+00:00,30.925999,46.1815,18.026
10278,2022-03-05 06:00:00+00:00,31.575998,44.92494,18.175999
10279,2022-03-05 07:00:00+00:00,32.026,44.06871,18.276
10280,2022-03-05 08:00:00+00:00,31.876,46.434387,18.976
10281,2022-03-05 09:00:00+00:00,31.376,49.129524,19.425999
10282,2022-03-05 10:00:00+00:00,30.626,50.485176,19.175999
10283,2022-03-05 11:00:00+00:00,30.026,49.70374,18.376
10284,2022-03-05 12:00:00+00:00,28.075998,61.85418,20.075998
10285,2022-03-05 13:00:00+00:00,26.626,66.9232,19.976
10286,2022-03-05 14:00:00+00:00,25.675999,71.22852,20.075998
10287,2022-03-05 15:00:00+00:00,24.925999,75.405136,20.276
10288,2022-03-05 16:00:00+00:00,24.376,78.650566,20.425999
10289,2022-03-05 17:00:00+00:00,23.776,82.29311,20.575998
10290,2022-03-05 18:00:00+00:00,23.175999,85.32531,20.575998
10291,2022-03-05 19:00:00+00:00,22.675999,88.21973,20.626
10292,2022-03-05 20:00:00+00:00,23.925999,80.80314,20.425999
10293,2022-03-05 21:00:00+00:00,24.226,77.903496,20.126
10294,2022-03-05 22:00:00+00:00,22.276,85.497734,19.726
10295,2022-03-05 23:00:00+00:00,21.175999,90.033516,19.476
10296,2022-03-06 00:00:00+00:00,21.925999,96.102356,21.276
10297,2022-03-06 01:00:00+00:00,21.825998,98.18286,21.526
10298,2022-03-06 02:00:00+00:00,23.925999,88.05428,21.825998
10299,2022-03-06 03:00:00+00:00,27.226,69.564156,21.175999
10300,2022-03-06 04:00:00+00:00,29.476,52.603077,18.776
10301,2022-03-06 05:00:00+00:00,30.876,45.734524,17.825998
10302,2022-03-06 06:00:00+00:00,31.376,44.871204,17.976
10303,2022-03-06 07:00:00+00:00,31.376,46.73825,18.626
10304,2022-03-06 08:00:00+00:00,31.226,47.732048,18.825998
10305,2022-03-06 09:00:00+00:00,30.726,50.353928,19.226
10306,2022-03-06 10:00:00+00:00,29.626,54.47567,19.476
10307,2022-03-06 11:00:00+00:00,28.476,54.87343,18.526
10308,2022-03-06 12:00:00+00:00,28.175999,47.524845,15.976
10309,2022-03-06 13:00:00+00:00,26.976,51.635204,16.175999
10310,2022-03-06 14:00:00+00:00,25.925999,58.72133,17.226
10311,2022-03-06 15:00:00+00:00,25.075998,66.81728,18.476
10312,2022-03-06 16:00:00+00:00,25.726,63.683292,18.325998
10313,2022-03-06 17:00:00+00:00,24.226,70.741585,18.575998
10314,2022-03-06 18:00:00+00:00,23.376,74.920334,18.675999
10315,2022-03-06 19:00:00+00:00,22.675999,78.40667,18.726
10316,2022-03-06 20:00:00+00:00,22.175999,81.84229,18.925999
10317,2022-03-06 21:00:00+00:00,21.126,85.647896,18.626
10318,2022-03-06 22:00:00+00:00,21.575998,82.5397,18.476
10319,2022-03-06 23:00:00+00:00,22.226,79.32974,18.476
10320,2022-03-07 00:00:00+00:00,23.376,80.4817,19.825998
10321,2022-03-07 01:00:00+00:00,23.325998,81.47871,19.976
10322,2022-03-07 02:00:00+00:00,24.626,77.72202,20.476
10323,2022-03-07 03:00:00+00:00,27.276,70.001495,21.325998
10324,2022-03-07 04:00:00+00:00,29.575998,59.025215,20.726
10325,2022-03-07 05:00:00+00:00,31.175999,49.383923,19.325998
10326,2022-03-07 06:00:00+00:00,31.925999,44.319008,18.276
10327,2022-03-07 07:00:00+00:00,32.026,44.48508,18.425999
10328,2022-03-07 08:00:00+00:00,31.776,44.97861,18.376
10329,2022-03-07 09:00:00+00:00,31.226,47.138973,18.626
10330,2022-03-07 10:00:00+00:00,30.726,51.30243,19.526
10331,2022-03-07 11:00:00+00:00,29.776,55.536446,19.925999
10332,2022-03-07 12:00:00+00:00,28.675999,59.18122,19.925999
10333,2022-03-07 13:00:00+00:00,27.276,67.468346,20.726
10334,2022-03-07 14:00:00+00:00,26.376,74.26054,21.425999
10335,2022-03-07 15:00:00+00:00,25.675999,79.07565,21.776
10336,2022-03-07 16:00:00+00:00,24.575998,86.515564,22.175999
10337,2022-03-07 17:00:00+00:00,23.976,91.058464,22.425999
10338,2022-03-07 18:00:00+00:00,23.876,91.6074,22.425999
10339,2022-03-07 19:00:00+00:00,23.276,93.54648,22.175999
10340,2022-03-07 20:00:00+00:00,22.226,96.996506,21.726
10341,2022-03-07 21:00:00+00:00,21.976,98.184875,21.675999
10342,2022-03-07 22:00:00+00:00,21.925999,98.48481,21.675999
10343,2022-03-07 23:00:00+00:00,22.026,97.289215,21.575998
10344,2022-03-08 00:00:00+00:00,21.925999,96.98978,21.425999
10345,2022-03-08 01:00:00+00:00,22.876,95.54601,22.126
10346,2022-03-08 02:00:00+00:00,24.276,89.43373,22.425999
10347,2022-03-08 03:00:00+00:00,26.976,75.04239,22.175999
10348,2022-03-08 04:00:00+00:00,29.126,60.952732,20.825998
10349,2022-03-08 05:00:00+00:00,31.075998,49.976067,19.425999
10350,2022-03-08 06:00:00+00:00,32.526,42.840916,18.276
10351,2022-03-08 07:00:00+00:00,33.126,40.010696,17.726
10352,2022-03-08 08:00:00+00:00,33.126,39.137028,17.376
10353,2022-03-08 09:00:00+00:00,32.776,40.294746,17.526
10354,2022-03-08 10:00:00+00:00,31.925999,43.9037,18.126
10355,2022-03-08 11:00:00+00:00,30.776,47.315693,18.276
10356,2022-03-08 12:00:00+00:00,29.526,53.110767,18.976
10357,2022-03-08 13:00:00+00:00,27.325998,68.734344,21.075998
10358,2022-03-08 14:00:00+00:00,26.075998,78.650604,22.075998
10359,2022-03-08 15:00:00+00:00,25.325998,83.9987,22.425999
10360,2022-03-08 16:00:00+00:00,24.776,87.3268,22.526
10361,2022-03-08 17:00:00+00:00,24.175999,91.625496,22.726
10362,2022-03-08 18:00:00+00:00,23.825998,93.57224,22.726
10363,2022-03-08 19:00:00+00:00,23.425999,95.27449,22.626
10364,2022-03-08 20:00:00+00:00,23.126,97.01648,22.626
10365,2022-03-08 21:00:00+00:00,22.876,97.89934,22.526
10366,2022-03-08 22:00:00+00:00,22.325998,98.78988,22.126
10367,2022-03-08 23:00:00+00:00,21.726,99.39057,21.626
10368,2022-03-09 00:00:00+00:00,22.325998,99.39332,22.226
10369,2022-03-09 01:00:00+00:00,22.226,99.39288,22.126
10370,2022-03-09 02:00:00+00:00,23.925999,90.77881,22.325998
10371,2022-03-09 03:00:00+00:00,26.575998,72.94158,21.325998
10372,2022-03-09 04:00:00+00:00,29.626,51.180508,18.476
10373,2022-03-09 05:00:00+00:00,32.126,36.80922,15.526
10374,2022-03-09 06:00:00+00:00,33.676003,31.126873,14.276
10375,2022-03-09 07:00:00+00:00,34.026,31.021317,14.526
10376,2022-03-09 08:00:00+00:00,33.626,33.398914,15.326
10377,2022-03-09 09:00:00+00:00,32.826,37.955982,16.626
10378,2022-03-09 10:00:00+00:00,31.876,42.53034,17.575998
10379,2022-03-09 11:00:00+00:00,30.726,46.56543,17.976
10380,2022-03-09 12:00:00+00:00,29.825998,48.724266,17.876
10381,2022-03-09 13:00:00+00:00,27.675999,62.53589,19.876
10382,2022-03-09 14:00:00+00:00,26.276,77.018684,21.925999
10383,2022-03-09 15:00:00+00:00,25.476,84.270546,22.626
10384,2022-03-09 16:00:00+00:00,24.976,86.81621,22.626
10385,2022-03-09 17:00:00+00:00,24.325998,89.43751,22.476
10386,2022-03-09 18:00:00+00:00,23.075998,94.396255,22.126
10387,2022-03-09 19:00:00+00:00,23.175999,95.84664,22.476
10388,2022-03-09 20:00:00+00:00,22.526,97.893845,22.175999
10389,2022-03-09 21:00:00+00:00,21.626,99.08641,21.476
10390,2022-03-09 22:00:00+00:00,20.976,100.0,20.976
10391,2022-03-09 23:00:00+00:00,20.925999,100.0,20.925999
10392,2022-03-10 00:00:00+00:00,20.825998,100.0,20.825998
10393,2022-03-10 01:00:00+00:00,21.325998,100.0,21.325998
10394,2022-03-10 02:00:00+00:00,23.226,95.55745,22.476
10395,2022-03-10 03:00:00+00:00,26.325998,77.73373,22.126
10396,2022-03-10 04:00:00+00:00,28.976,61.295174,20.776
10397,2022-03-10 05:00:00+00:00,31.075998,48.89874,19.075998
10398,2022-03-10 06:00:00+00:00,32.726,39.524677,17.175999
10399,2022-03-10 07:00:00+00:00,33.576,35.251217,16.126
10400,2022-03-10 08:00:00+00:00,33.526,34.238483,15.626
10401,2022-03-10 09:00:00+00:00,33.126,33.692703,15.026
10402,2022-03-10 10:00:00+00:00,32.426003,37.010048,15.876
10403,2022-03-10 11:00:00+00:00,31.175999,41.541077,16.575998
10404,2022-03-10 12:00:00+00:00,29.526,48.95303,17.675999
10405,2022-03-10 13:00:00+00:00,27.325998,61.686806,19.325998
10406,2022-03-10 14:00:00+00:00,26.026,71.95465,20.575998
10407,2022-03-10 15:00:00+00:00,24.726,81.15511,21.276
10408,2022-03-10 16:00:00+00:00,23.876,87.78152,21.726
10409,2022-03-10 17:00:00+00:00,22.876,92.67414,21.626
10410,2022-03-10 18:00:00+00:00,22.276,94.074524,21.276
10411,2022-03-10 19:00:00+00:00,21.626,95.504745,20.876
10412,2022-03-10 20:00:00+00:00,20.726,97.8653,20.376
10413,2022-03-10 21:00:00+00:00,20.226,100.0,20.226
10414,2022-03-10 22:00:00+00:00,19.825998,100.0,19.825998
10415,2022-03-10 23:00:00+00:00,19.425999,100.0,19.425999
10416,2022-03-11 00:00:00+00:00,20.226,100.0,20.226
10417,2022-03-11 01:00:00+00:00,21.175999,99.69361,21.126
10418,2022-03-11 02:00:00+00:00,22.325998,97.89071,21.976
10419,2022-03-11 03:00:00+00:00,23.726,94.99674,22.876
10420,2022-03-11 04:00:00+00:00,27.976,71.42492,22.325998
10421,2022-03-11 05:00:00+00:00,30.726,53.246582,20.126
10422,2022-03-11 06:00:00+00:00,32.726,41.700882,18.026
10423,2022-03-11 07:00:00+00:00,33.926003,35.123096,16.376
10424,2022-03-11 08:00:00+00:00,33.626,33.721756,15.476
10425,2022-03-11 09:00:00+00:00,33.076,32.71612,14.526
10426,2022-03-11 10:00:00+00:00,32.576,32.684612,14.076
10427,2022-03-11 11:00:00+00:00,31.175999,38.72463,15.476
10428,2022-03-11 12:00:00+00:00,29.476,51.624992,18.476
10429,2022-03-11 13:00:00+00:00,27.075998,69.535805,21.026
10430,2022-03-11 14:00:00+00:00,25.825998,78.37552,21.776
10431,2022-03-11 15:00:00+00:00,24.925999,84.21099,22.075998
10432,2022-03-11 16:00:00+00:00,24.126,89.42249,22.276
10433,2022-03-11 17:00:00+00:00,23.626,92.713844,22.376
10434,2022-03-11 18:00:00+00:00,23.325998,94.693886,22.425999
10435,2022-03-11 19:00:00+00:00,22.876,97.01095,22.376
10436,2022-03-11 20:00:00+00:00,21.726,99.08708,21.575998
10437,2022-03-11 21:00:00+00:00,20.925999,100.0,20.925999
10438,2022-03-11 22:00:00+00:00,20.675999,100.0,20.675999
10439,2022-03-11 23:00:00+00:00,21.075998,100.0,21.075998
10440,2022-03-12 00:00:00+00:00,20.876,99.38664,20.776
10441,2022-03-12 01:00:00+00:00,21.226,99.693726,21.175999
10442,2022-03-12 02:00:00+00:00,22.026,97.88597,21.675999
10443,2022-03-12 03:00:00+00:00,24.376,89.16997,22.476
10444,2022-03-12 04:00:00+00:00,27.925999,70.76669,22.126
10445,2022-03-12 05:00:00+00:00,30.575998,52.066788,19.626
10446,2022-03-12 06:00:00+00:00,32.926003,37.743008,16.626
10447,2022-03-12 07:00:00+00:00,34.226,30.776468,14.576
10448,2022-03-12 08:00:00+00:00,34.426003,29.948,14.326
10449,2022-03-12 09:00:00+00:00,33.926003,31.702118,14.776
10450,2022-03-12 10:00:00+00:00,33.276,31.935392,14.326
10451,2022-03-12 11:00:00+00:00,32.076,34.50239,14.476
10452,2022-03-12 12:00:00+00:00,30.626,42.45899,16.425999
10453,2022-03-12 13:00:00+00:00,28.026,56.1535,18.476
10454,2022-03-12 14:00:00+00:00,26.425999,70.05785,20.526
10455,2022-03-12 15:00:00+00:00,25.476,79.532646,21.675999
10456,2022-03-12 16:00:00+00:00,24.876,84.97872,22.175999
10457,2022-03-12 17:00:00+00:00,24.526,87.30458,22.276
10458,2022-03-12 18:00:00+00:00,24.325998,88.6256,22.325998
10459,2022-03-12 19:00:00+00:00,22.476,95.53286,21.726
10460,2022-03-12 20:00:00+00:00,22.575998,97.004295,22.075998
10461,2022-03-12 21:00:00+00:00,21.526,98.48026,21.276
10462,2022-03-12 22:00:00+00:00,20.626,99.38548,20.526
10463,2022-03-12 23:00:00+00:00,20.776,99.38619,20.675999
10464,2022-03-13 00:00:00+00:00,21.075998,100.0,21.075998
10465,2022-03-13 01:00:00+00:00,21.226,99.693726,21.175999
10466,2022-03-13 02:00:00+00:00,23.276,92.41317,21.976
10467,2022-03-13 03:00:00+00:00,26.976,71.46351,21.376
10468,2022-03-13 04:00:00+00:00,29.675999,55.168873,19.726
10469,2022-03-13 05:00:00+00:00,31.626,43.27403,17.626
10470,2022-03-13 06:00:00+00:00,32.776,37.942226,16.575998
10471,2022-03-13 07:00:00+00:00,34.176003,33.442524,15.826
10472,2022-03-13 08:00:00+00:00,34.476,32.263126,15.526
10473,2022-03-13 09:00:00+00:00,34.076,32.674316,15.376
10474,2022-03-13 10:00:00+00:00,33.376,34.972065,15.826
10475,2022-03-13 11:00:00+00:00,31.925999,40.831627,16.976
10476,2022-03-13 12:00:00+00:00,30.175999,48.510605,18.126
10477,2022-03-13 13:00:00+00:00,28.075998,61.66308,20.026
10478,2022-03-13 14:00:00+00:00,26.825998,70.78192,21.075998
10479,2022-03-13 15:00:00+00:00,25.976,76.03705,21.425999
10480,2022-03-13 16:00:00+00:00,25.425999,81.24399,21.976
10481,2022-03-13 17:00:00+00:00,25.075998,83.71592,22.126
10482,2022-03-13 18:00:00+00:00,24.425999,88.903366,22.476
10483,2022-03-13 19:00:00+00:00,23.325998,94.40648,22.376
10484,2022-03-13 20:00:00+00:00,22.675999,96.41734,22.075998
10485,2022-03-13 21:00:00+00:00,21.626,97.28112,21.175999
10486,2022-03-13 22:00:00+00:00,21.126,97.570915,20.726
10487,2022-03-13 23:00:00+00:00,21.026,97.5691,20.626
10488,2022-03-14 00:00:00+00:00,22.126,96.40271,21.526
10489,2022-03-14 01:00:00+00:00,22.626,95.537796,21.876
10490,2022-03-14 02:00:00+00:00,24.476,86.50614,22.075998
10491,2022-03-14 03:00:00+00:00,27.825998,67.99295,21.376
10492,2022-03-14 04:00:00+00:00,30.675999,49.562313,18.925999
10493,2022-03-14 05:00:00+00:00,32.976,38.604206,17.026
10494,2022-03-14 06:00:00+00:00,34.326,35.23277,16.776
10495,2022-03-14 07:00:00+00:00,34.976,33.66118,16.626
10496,2022-03-14 08:00:00+00:00,35.276,32.172073,16.175999
10497,2022-03-14 09:00:00+00:00,35.176003,31.940378,15.976
10498,2022-03-14 10:00:00+00:00,34.126,34.403065,16.226
10499,2022-03-14 11:00:00+00:00,32.476,38.589306,16.575998
10500,2022-03-14 12:00:00+00:00,30.476,48.58936,18.425999
10501,2022-03-14 13:00:00+00:00,28.276,63.05525,20.575998
10502,2022-03-14 14:00:00+00:00,26.876,76.17705,22.325998
10503,2022-03-14 15:00:00+00:00,26.126,83.07544,23.026
10504,2022-03-14 16:00:00+00:00,25.626,85.5727,23.026
10505,2022-03-14 17:00:00+00:00,25.075998,88.95421,23.126
10506,2022-03-14 18:00:00+00:00,24.126,94.43902,23.175999
10507,2022-03-14 19:00:00+00:00,23.126,97.31127,22.675999
10508,2022-03-14 20:00:00+00:00,22.376,98.1903,22.075998
10509,2022-03-14 21:00:00+00:00,22.026,98.485954,21.776
10510,2022-03-14 22:00:00+00:00,21.876,98.484245,21.626
10511,2022-03-14 23:00:00+00:00,20.925999,99.69304,20.876
10512,2022-03-15 00:00:00+00:00,21.526,100.0,21.526
10513,2022-03-15 01:00:00+00:00,21.675999,100.0,21.675999
10514,2022-03-15 02:00:00+00:00,23.675999,94.70746,22.776
10515,2022-03-15 03:00:00+00:00,27.175999,72.600266,21.825998
10516,2022-03-15 04:00:00+00:00,30.726,47.00642,18.126
10517,2022-03-15 05:00:00+00:00,33.276,33.842426,15.226
10518,2022-03-15 06:00:00+00:00,34.976,29.615553,14.626
10519,2022-03-15 07:00:00+00:00,35.926003,29.967096,15.626
10520,2022-03-15 08:00:00+00:00,35.576,32.56262,16.626
10521,2022-03-15 09:00:00+00:00,35.026,31.89961,15.826
10522,2022-03-15 10:00:00+00:00,34.826,32.152344,15.776
10523,2022-03-15 11:00:00+00:00,33.576,36.73941,16.776
10524,2022-03-15 12:00:00+00:00,31.325998,43.329334,17.376
10525,2022-03-15 13:00:00+00:00,28.626,57.005135,19.276
10526,2022-03-15 14:00:00+00:00,27.026,74.14155,22.026
10527,2022-03-15 15:00:00+00:00,26.126,85.10763,23.425999
10528,2022-03-15 16:00:00+00:00,25.626,87.66598,23.425999
10529,2022-03-15 17:00:00+00:00,25.126,89.767815,23.325998
10530,2022-03-15 18:00:00+00:00,24.276,94.73059,23.376
10531,2022-03-15 19:00:00+00:00,23.675999,96.73578,23.126
10532,2022-03-15 20:00:00+00:00,22.876,97.89934,22.526
10533,2022-03-15 21:00:00+00:00,22.726,97.30329,22.276
10534,2022-03-15 22:00:00+00:00,22.175999,95.52296,21.425999
10535,2022-03-15 23:00:00+00:00,20.876,95.4797,20.126
10536,2022-03-16 00:00:00+00:00,20.825998,94.59548,19.925999
10537,2022-03-16 01:00:00+00:00,20.626,93.130394,19.476
10538,2022-03-16 02:00:00+00:00,23.276,81.22039,19.876
10539,2022-03-16 03:00:00+00:00,26.825998,61.960373,18.925999
10540,2022-03-16 04:00:00+00:00,31.175999,40.755653,16.276
10541,2022-03-16 05:00:00+00:00,34.526,28.275705,13.526
10542,2022-03-16 06:00:00+00:00,36.726,22.55311,11.926
10543,2022-03-16 07:00:00+00:00,38.076,19.289701,10.676
10544,2022-03-16 08:00:00+00:00,38.126,21.454834,12.326
10545,2022-03-16 09:00:00+00:00,36.826,27.801004,15.226
10546,2022-03-16 10:00:00+00:00,35.226,32.15849,16.126
10547,2022-03-16 11:00:00+00:00,33.726,33.641254,15.526
10548,2022-03-16 12:00:00+00:00,31.075998,45.50107,17.925999
10549,2022-03-16 13:00:00+00:00,28.226,63.62988,20.675999
10550,2022-03-16 14:00:00+00:00,27.075998,71.70058,21.526
10551,2022-03-16 15:00:00+00:00,26.175999,81.585526,22.776
10552,2022-03-16 16:00:00+00:00,25.425999,90.60407,23.776
10553,2022-03-16 17:00:00+00:00,25.026,94.47532,24.075998
10554,2022-03-16 18:00:00+00:00,24.675999,95.60445,23.925999
10555,2022-03-16 19:00:00+00:00,24.026,97.03628,23.526
10556,2022-03-16 20:00:00+00:00,22.425999,98.191,22.126
10557,2022-03-16 21:00:00+00:00,21.526,94.33216,20.575998
10558,2022-03-16 22:00:00+00:00,20.876,91.70813,19.476
10559,2022-03-16 23:00:00+00:00,21.175999,85.65295,18.675999
10560,2022-03-17 00:00:00+00:00,20.575998,89.99031,18.876
10561,2022-03-17 01:00:00+00:00,22.925999,75.55391,18.376
10562,2022-03-17 02:00:00+00:00,24.526,69.4817,18.575998
10563,2022-03-17 03:00:00+00:00,28.325998,53.813625,18.075998
10564,2022-03-17 04:00:00+00:00,31.876,42.396416,17.526
10565,2022-03-17 05:00:00+00:00,34.626,33.352356,16.175999
10566,2022-03-17 06:00:00+00:00,36.076,30.007462,15.776
10567,2022-03-17 07:00:00+00:00,37.126,27.791275,15.476
10568,2022-03-17 08:00:00+00:00,37.776,24.510677,14.076
10569,2022-03-17 09:00:00+00:00,37.276,25.514997,14.276
10570,2022-03-17 10:00:00+00:00,36.126,27.349096,14.376
10571,2022-03-17 11:00:00+00:00,34.276,32.002476,15.226
10572,2022-03-17 12:00:00+00:00,30.976,51.2072,19.726
10573,2022-03-17 13:00:00+00:00,28.075998,76.5924,23.575998
10574,2022-03-17 14:00:00+00:00,27.175999,80.73093,23.575998
10575,2022-03-17 15:00:00+00:00,26.675999,85.67687,24.075998
10576,2022-03-17 16:00:00+00:00,26.325998,88.78464,24.325998
10577,2022-03-17 17:00:00+00:00,25.876,89.28416,23.976
10578,2022-03-17 18:00:00+00:00,25.026,93.066635,23.825998
10579,2022-03-17 19:00:00+00:00,24.376,93.31556,23.226
10580,2022-03-17 20:00:00+00:00,23.726,95.28485,22.925999
10581,2022-03-17 21:00:00+00:00,23.376,92.13741,22.026
10582,2022-03-17 22:00:00+00:00,22.476,87.66014,20.325998
10583,2022-03-17 23:00:00+00:00,20.976,89.18198,19.126
10584,2022-03-18 00:00:00+00:00,22.575998,92.37461,21.276
10585,2022-03-18 01:00:00+00:00,22.325998,90.393555,20.675999
10586,2022-03-18 02:00:00+00:00,24.575998,78.43695,20.575998
10587,2022-03-18 03:00:00+00:00,27.675999,66.518135,20.876
10588,2022-03-18 04:00:00+00:00,30.675999,53.069622,20.026
10589,2022-03-18 05:00:00+00:00,33.476,40.996723,18.425999
10590,2022-03-18 06:00:00+00:00,35.376,35.075222,17.626
10591,2022-03-18 07:00:00+00:00,36.476,31.786255,17.026
10592,2022-03-18 08:00:00+00:00,35.826,37.122265,18.925999
10593,2022-03-18 09:00:00+00:00,34.476,40.00243,18.925999
10594,2022-03-18 10:00:00+00:00,33.326,44.83339,19.726
10595,2022-03-18 11:00:00+00:00,31.226,56.40411,21.526
10596,2022-03-18 12:00:00+00:00,29.675999,67.94094,23.126
10597,2022-03-18 13:00:00+00:00,27.575998,81.75814,24.175999
10598,2022-03-18 14:00:00+00:00,26.925999,86.21642,24.425999
10599,2022-03-18 15:00:00+00:00,26.526,89.06637,24.575998
10600,2022-03-18 16:00:00+00:00,26.226,91.200935,24.675999
10601,2022-03-18 17:00:00+00:00,25.925999,93.111435,24.726
10602,2022-03-18 18:00:00+00:00,25.876,92.83107,24.626
10603,2022-03-18 19:00:00+00:00,25.626,93.655464,24.526
10604,2022-03-18 20:00:00+00:00,25.226,95.33626,24.425999
10605,2022-03-18 21:00:00+00:00,24.825998,96.47367,24.226
10606,2022-03-18 22:00:00+00:00,24.575998,96.75736,24.026
10607,2022-03-18 23:00:00+00:00,24.425999,97.04501,23.925999
10608,2022-03-19 00:00:00+00:00,25.026,95.329475,24.226
10609,2022-03-19 01:00:00+00:00,24.976,95.04219,24.126
10610,2022-03-19 02:00:00+00:00,25.925999,86.90319,23.575998
10611,2022-03-19 03:00:00+00:00,27.776,74.49091,22.825998
10612,2022-03-19 04:00:00+00:00,29.776,62.802498,21.925999
10613,2022-03-19 05:00:00+00:00,31.876,52.880173,21.075998
10614,2022-03-19 06:00:00+00:00,34.026,43.64949,19.925999
10615,2022-03-19 07:00:00+00:00,35.776,35.853245,18.325998
10616,2022-03-19 08:00:00+00:00,35.476,40.523987,20.026
10617,2022-03-19 09:00:00+00:00,34.226,49.56247,22.175999
10618,2022-03-19 10:00:00+00:00,33.326,49.78642,21.425999
10619,2022-03-19 11:00:00+00:00,31.726,57.391132,22.276
10620,2022-03-19 12:00:00+00:00,29.776,66.940636,22.976
10621,2022-03-19 13:00:00+00:00,28.425999,75.729004,23.726
10622,2022-03-19 14:00:00+00:00,27.776,81.050674,24.226
10623,2022-03-19 15:00:00+00:00,27.476,82.23793,24.175999
10624,2022-03-19 16:00:00+00:00,27.026,85.455086,24.376
10625,2022-03-19 17:00:00+00:00,26.776,86.980286,24.425999
10626,2022-03-19 18:00:00+00:00,26.276,90.38992,24.575998
10627,2022-03-19 19:00:00+00:00,25.675999,93.9382,24.626
10628,2022-03-19 20:00:00+00:00,25.276,96.48527,24.675999
10629,2022-03-19 21:00:00+00:00,25.126,97.06021,24.626
10630,2022-03-19 22:00:00+00:00,24.976,97.9318,24.626
10631,2022-03-19 23:00:00+00:00,24.976,97.9318,24.626
10632,2022-03-20 00:00:00+00:00,25.226,97.64377,24.825998
10633,2022-03-20 01:00:00+00:00,25.575998,95.34816,24.776
10634,2022-03-20 02:00:00+00:00,26.325998,91.20721,24.776
10635,2022-03-20 03:00:00+00:00,28.226,80.38323,24.526
10636,2022-03-20 04:00:00+00:00,31.726,58.803074,22.675999
10637,2022-03-20 05:00:00+00:00,33.926003,48.290085,21.476
10638,2022-03-20 06:00:00+00:00,35.676003,43.553646,21.376
10639,2022-03-20 07:00:00+00:00,35.026,42.716717,20.476
10640,2022-03-20 08:00:00+00:00,32.976,55.7999,22.976
10641,2022-03-20 09:00:00+00:00,33.676003,51.107998,22.175999
10642,2022-03-20 10:00:00+00:00,32.276,58.397987,23.075998
10643,2022-03-20 11:00:00+00:00,31.876,59.73507,23.075998
10644,2022-03-20 12:00:00+00:00,32.276,58.752155,23.175999
10645,2022-03-20 13:00:00+00:00,29.925999,67.78472,23.325998
10646,2022-03-20 14:00:00+00:00,28.776,74.653694,23.825998
10647,2022-03-20 15:00:00+00:00,28.226,78.244225,24.075998
10648,2022-03-20 16:00:00+00:00,27.776,81.53798,24.325998
10649,2022-03-20 17:00:00+00:00,27.276,86.50755,24.825998
10650,2022-03-20 18:00:00+00:00,26.976,90.97689,25.376
10651,2022-03-20 19:00:00+00:00,26.726,91.50413,25.226
10652,2022-03-20 20:00:00+00:00,26.575998,91.49505,25.075998
10653,2022-03-20 21:00:00+00:00,26.276,92.57524,24.976
10654,2022-03-20 22:00:00+00:00,26.626,88.01488,24.476
10655,2022-03-20 23:00:00+00:00,25.925999,89.8256,24.126
10656,2022-03-21 00:00:00+00:00,25.276,97.35366,24.825998
10657,2022-03-21 01:00:00+00:00,25.626,96.207054,24.976
10658,2022-03-21 02:00:00+00:00,27.825998,84.26973,24.925999
10659,2022-03-21 03:00:00+00:00,30.675999,67.9309,24.075998
10660,2022-03-21 04:00:00+00:00,33.326,52.27876,22.226
10661,2022-03-21 05:00:00+00:00,35.476,41.79532,20.526
10662,2022-03-21 06:00:00+00:00,37.276,35.81393,19.626
10663,2022-03-21 07:00:00+00:00,38.276,33.293728,19.325998
10664,2022-03-21 08:00:00+00:00,33.476,53.92824,22.876
10665,2022-03-21 09:00:00+00:00,35.326,42.665714,20.726
10666,2022-03-21 10:00:00+00:00,33.876,52.57538,22.825998
10667,2022-03-21 11:00:00+00:00,33.126,56.856823,23.425999
10668,2022-03-21 12:00:00+00:00,31.726,67.931366,25.075998
10669,2022-03-21 13:00:00+00:00,29.675999,81.04902,26.075998
10670,2022-03-21 14:00:00+00:00,28.726,88.18871,26.575998
10671,2022-03-21 15:00:00+00:00,28.276,91.8668,26.825998
10672,2022-03-21 16:00:00+00:00,28.075998,92.94301,26.825998
10673,2022-03-21 17:00:00+00:00,27.976,93.486435,26.825998
10674,2022-03-21 18:00:00+00:00,27.526,95.13303,26.675999
10675,2022-03-21 19:00:00+00:00,27.126,97.10299,26.626
10676,2022-03-21 20:00:00+00:00,26.976,97.67388,26.575998
10677,2022-03-21 21:00:00+00:00,26.575998,98.53627,26.325998
10678,2022-03-21 22:00:00+00:00,26.026,99.11592,25.876
10679,2022-03-21 23:00:00+00:00,25.925999,98.82187,25.726
10680,2022-03-22 00:00:00+00:00,26.575998,98.53627,26.325998
10681,2022-03-22 01:00:00+00:00,27.026,96.529915,26.425999
10682,2022-03-22 02:00:00+00:00,28.276,88.412704,26.175999
10683,2022-03-22 03:00:00+00:00,30.376,74.02531,25.226
10684,2022-03-22 04:00:00+00:00,32.376,62.607685,24.325998
10685,2022-03-22 05:00:00+00:00,34.476,51.155056,22.925999
10686,2022-03-22 06:00:00+00:00,35.626,44.755802,21.776
10687,2022-03-22 07:00:00+00:00,36.576,39.706875,20.675999
10688,2022-03-22 08:00:00+00:00,36.926003,37.075184,19.876
10689,2022-03-22 09:00:00+00:00,36.076,43.927677,21.876
10690,2022-03-22 10:00:00+00:00,33.826,55.00099,23.526
10691,2022-03-22 11:00:00+00:00,32.376,63.17266,24.476
10692,2022-03-22 12:00:00+00:00,31.575998,65.118095,24.226
10693,2022-03-22 13:00:00+00:00,29.276,79.33204,25.325998
10694,2022-03-22 14:00:00+00:00,28.425999,86.10277,25.876
10695,2022-03-22 15:00:00+00:00,27.925999,88.90955,25.925999
10696,2022-03-22 16:00:00+00:00,27.425999,92.636024,26.126
10697,2022-03-22 17:00:00+00:00,26.626,97.09238,26.126
10698,2022-03-22 18:00:00+00:00,26.626,97.66791,26.226
10699,2022-03-22 19:00:00+00:00,26.325998,99.11787,26.175999
10700,2022-03-22 20:00:00+00:00,26.675999,98.537346,26.425999
10701,2022-03-22 21:00:00+00:00,26.376,99.41136,26.276
10702,2022-03-22 22:00:00+00:00,26.126,99.70474,26.075998
10703,2022-03-22 23:00:00+00:00,25.925999,99.70434,25.876
10704,2022-03-23 00:00:00+00:00,26.376,98.53411,26.126
10705,2022-03-23 01:00:00+00:00,26.425999,97.08811,25.925999
10706,2022-03-23 02:00:00+00:00,27.376,90.733025,25.726
10707,2022-03-23 03:00:00+00:00,29.226,78.620026,25.126
10708,2022-03-23 04:00:00+00:00,31.276,67.64155,24.575998
10709,2022-03-23 05:00:00+00:00,33.176003,58.95927,24.075998
10710,2022-03-23 06:00:00+00:00,34.476,52.883865,23.476
10711,2022-03-23 07:00:00+00:00,34.976,48.56208,22.526
10712,2022-03-23 08:00:00+00:00,34.126,51.0666,22.575998
10713,2022-03-23 09:00:00+00:00,33.226,56.538513,23.425999
10714,2022-03-23 10:00:00+00:00,31.976,64.42486,24.425999
10715,2022-03-23 11:00:00+00:00,31.075998,69.03287,24.726
10716,2022-03-23 12:00:00+00:00,30.276,73.788704,25.075998
10717,2022-03-23 13:00:00+00:00,28.776,81.418564,25.276
10718,2022-03-23 14:00:00+00:00,28.026,87.35116,25.726
10719,2022-03-23 15:00:00+00:00,27.626,90.213615,25.876
10720,2022-03-23 16:00:00+00:00,27.175999,93.17294,25.976
10721,2022-03-23 17:00:00+00:00,26.925999,94.831,26.026
10722,2022-03-23 18:00:00+00:00,26.626,96.23463,25.976
10723,2022-03-23 19:00:00+00:00,26.575998,96.233246,25.925999
10724,2022-03-23 20:00:00+00:00,26.376,97.08705,25.876
10725,2022-03-23 21:00:00+00:00,26.175999,97.6602,25.776
10726,2022-03-23 22:00:00+00:00,26.026,97.94777,25.675999
10727,2022-03-23 23:00:00+00:00,25.925999,98.23737,25.626
10728,2022-03-24 00:00:00+00:00,25.876,98.52869,25.626
10729,2022-03-24 01:00:00+00:00,26.075998,96.79287,25.526
10730,2022-03-24 02:00:00+00:00,28.026,81.082275,24.476
10731,2022-03-24 03:00:00+00:00,29.976,71.565575,24.276
10732,2022-03-24 04:00:00+00:00,32.226,59.995308,23.476
10733,2022-03-24 05:00:00+00:00,34.226,51.558712,22.825998
10734,2022-03-24 06:00:00+00:00,35.726,43.834526,21.526
10735,2022-03-24 07:00:00+00:00,35.826,43.72723,21.575998
10736,2022-03-24 08:00:00+00:00,33.976,52.1244,22.776
10737,2022-03-24 09:00:00+00:00,31.575998,64.34118,24.026
10738,2022-03-24 10:00:00+00:00,32.126,61.251236,23.726
10739,2022-03-24 11:00:00+00:00,31.226,65.63476,24.026
10740,2022-03-24 12:00:00+00:00,30.226,69.91381,24.126
10741,2022-03-24 13:00:00+00:00,28.626,80.675476,24.976
10742,2022-03-24 14:00:00+00:00,27.925999,86.82544,25.526
10743,2022-03-24 15:00:00+00:00,27.575998,88.618935,25.526
10744,2022-03-24 16:00:00+00:00,27.376,89.92908,25.575998
10745,2022-03-24 17:00:00+00:00,26.976,91.79143,25.526
10746,2022-03-24 18:00:00+00:00,26.626,93.42313,25.476
10747,2022-03-24 19:00:00+00:00,26.325998,94.808495,25.425999
10748,2022-03-24 20:00:00+00:00,26.075998,95.64912,25.325998
10749,2022-03-24 21:00:00+00:00,25.776,96.49812,25.175999
10750,2022-03-24 22:00:00+00:00,25.575998,96.493004,24.976
10751,2022-03-24 23:00:00+00:00,25.376,96.487854,24.776
10752,2022-03-25 00:00:00+00:00,25.876,93.946945,24.825998
10753,2022-03-25 01:00:00+00:00,26.075998,92.28855,24.726
10754,2022-03-25 02:00:00+00:00,27.726,81.28775,24.226
10755,2022-03-25 03:00:00+00:00,29.526,71.27094,23.776
10756,2022-03-25 04:00:00+00:00,31.726,60.0634,23.026
10757,2022-03-25 05:00:00+00:00,33.676003,50.33507,21.925999
10758,2022-03-25 06:00:00+00:00,34.926003,45.676598,21.476
10759,2022-03-25 07:00:00+00:00,34.576,48.903267,22.276
10760,2022-03-25 08:00:00+00:00,33.726,53.501877,22.976
10761,2022-03-25 09:00:00+00:00,33.176003,53.203976,22.376
10762,2022-03-25 10:00:00+00:00,32.676003,54.05954,22.175999
10763,2022-03-25 11:00:00+00:00,31.575998,58.2351,22.376
10764,2022-03-25 12:00:00+00:00,30.226,67.43569,23.526
10765,2022-03-25 13:00:00+00:00,28.776,77.1594,24.376
10766,2022-03-25 14:00:00+00:00,28.226,82.32734,24.925999
10767,2022-03-25 15:00:00+00:00,27.925999,84.28043,25.026
10768,2022-03-25 16:00:00+00:00,27.726,85.27032,25.026
10769,2022-03-25 17:00:00+00:00,27.476,86.52616,25.026
10770,2022-03-25 18:00:00+00:00,27.175999,87.79865,24.976
10771,2022-03-25 19:00:00+00:00,26.726,89.348076,24.825998
10772,2022-03-25 20:00:00+00:00,26.276,90.11998,24.526
10773,2022-03-25 21:00:00+00:00,25.675999,92.54325,24.376
10774,2022-03-25 22:00:00+00:00,25.425999,93.36609,24.276
10775,2022-03-25 23:00:00+00:00,25.226,93.63709,24.126
10776,2022-03-26 00:00:00+00:00,25.526,93.93162,24.476
10777,2022-03-26 01:00:00+00:00,25.776,93.10398,24.575998
10778,2022-03-26 02:00:00+00:00,27.825998,82.279755,24.526
10779,2022-03-26 03:00:00+00:00,30.075998,70.51833,24.126
10780,2022-03-26 04:00:00+00:00,32.276,58.752155,23.175999
10781,2022-03-26 05:00:00+00:00,34.276,50.182102,22.425999
10782,2022-03-26 06:00:00+00:00,35.776,44.795536,21.925999
10783,2022-03-26 07:00:00+00:00,36.176003,43.420944,21.776
10784,2022-03-26 08:00:00+00:00,35.426003,47.511913,22.575998
10785,2022-03-26 09:00:00+00:00,34.226,51.71515,22.876
10786,2022-03-26 10:00:00+00:00,33.426003,55.907867,23.425999
10787,2022-03-26 11:00:00+00:00,32.326,58.76373,23.226
10788,2022-03-26 12:00:00+00:00,30.825998,66.94784,23.976
10789,2022-03-26 13:00:00+00:00,29.075998,78.83371,25.026
10790,2022-03-26 14:00:00+00:00,28.626,81.157814,25.075998
10791,2022-03-26 15:00:00+00:00,28.425999,82.10612,25.075998
10792,2022-03-26 16:00:00+00:00,28.126,83.05549,24.976
10793,2022-03-26 17:00:00+00:00,27.726,85.52479,25.075998
10794,2022-03-26 18:00:00+00:00,27.425999,85.49499,24.776
10795,2022-03-26 19:00:00+00:00,26.976,86.221176,24.476
10796,2022-03-26 20:00:00+00:00,26.526,88.00652,24.376
10797,2022-03-26 21:00:00+00:00,26.226,88.77678,24.226
10798,2022-03-26 22:00:00+00:00,25.876,89.82198,24.075998
10799,2022-03-26 23:00:00+00:00,25.526,91.15698,23.976
10800,2022-03-27 00:00:00+00:00,25.075998,93.63021,23.976
10801,2022-03-27 01:00:00+00:00,25.325998,91.970245,23.925999
10802,2022-03-27 02:00:00+00:00,27.325998,81.727486,23.925999
10803,2022-03-27 03:00:00+00:00,29.776,68.78597,23.425999
10804,2022-03-27 04:00:00+00:00,32.426003,55.836895,22.476
10805,2022-03-27 05:00:00+00:00,34.676003,46.456627,21.526
10806,2022-03-27 06:00:00+00:00,36.276,40.991383,20.925999
10807,2022-03-27 07:00:00+00:00,37.126,38.88792,20.825998
10808,2022-03-27 08:00:00+00:00,36.026,47.09452,22.976
10809,2022-03-27 09:00:00+00:00,34.726,51.9972,23.425999
10810,2022-03-27 10:00:00+00:00,33.326,53.89139,22.726
10811,2022-03-27 11:00:00+00:00,32.476,55.174084,22.325998
10812,2022-03-27 12:00:00+00:00,30.776,67.95032,24.175999
10813,2022-03-27 13:00:00+00:00,29.026,80.24804,25.276
10814,2022-03-27 14:00:00+00:00,28.476,84.339096,25.575998
10815,2022-03-27 15:00:00+00:00,28.175999,85.5694,25.526
10816,2022-03-27 16:00:00+00:00,27.726,88.10639,25.575998
10817,2022-03-27 17:00:00+00:00,27.276,90.189476,25.526
10818,2022-03-27 18:00:00+00:00,26.726,92.324295,25.376
10819,2022-03-27 19:00:00+00:00,26.425999,92.30782,25.075998
10820,2022-03-27 20:00:00+00:00,26.026,92.28578,24.675999
10821,2022-03-27 21:00:00+00:00,25.575998,93.09408,24.376
10822,2022-03-27 22:00:00+00:00,25.276,93.6394,24.175999
10823,2022-03-27 23:00:00+00:00,24.925999,94.755486,24.026
10824,2022-03-28 00:00:00+00:00,24.976,94.75737,24.075998
10825,2022-03-28 01:00:00+00:00,25.276,93.920654,24.226
10826,2022-03-28 02:00:00+00:00,27.376,83.468216,24.325998
10827,2022-03-28 03:00:00+00:00,30.126,68.64584,23.726
10828,2022-03-28 04:00:00+00:00,32.826,55.091553,22.626
10829,2022-03-28 05:00:00+00:00,35.076,46.137238,21.776
10830,2022-03-28 06:00:00+00:00,36.776,40.00608,20.976
10831,2022-03-28 07:00:00+00:00,37.726,37.177223,20.626
10832,2022-03-28 08:00:00+00:00,37.276,41.009068,21.825998
10833,2022-03-28 09:00:00+00:00,35.676003,50.234604,23.726
10834,2022-03-28 10:00:00+00:00,34.126,54.41451,23.626
10835,2022-03-28 11:00:00+00:00,32.926003,58.372547,23.675999
10836,2022-03-28 12:00:00+00:00,31.175999,69.25813,24.876
10837,2022-03-28 13:00:00+00:00,29.325998,79.8118,25.476
10838,2022-03-28 14:00:00+00:00,28.575998,85.608826,25.925999
10839,2022-03-28 15:00:00+00:00,28.376,85.84322,25.776
10840,2022-03-28 16:00:00+00:00,28.026,87.35116,25.726
10841,2022-03-28 17:00:00+00:00,27.675999,87.58039,25.425999
10842,2022-03-28 18:00:00+00:00,27.425999,86.00692,24.876
10843,2022-03-28 19:00:00+00:00,26.976,85.96346,24.425999
10844,2022-03-28 20:00:00+00:00,26.575998,86.70181,24.175999
10845,2022-03-28 21:00:00+00:00,26.226,86.93048,23.876
10846,2022-03-28 22:00:00+00:00,25.925999,86.90319,23.575998
10847,2022-03-28 23:00:00+00:00,25.675999,85.83685,23.126
10848,2022-03-29 00:00:00+00:00,25.376,84.0042,22.476
10849,2022-03-29 01:00:00+00:00,25.726,82.27642,22.476
10850,2022-03-29 02:00:00+00:00,27.825998,73.601265,22.675999
10851,2022-03-29 03:00:00+00:00,30.376,64.08852,22.825998
10852,2022-03-29 04:00:00+00:00,33.026,54.14552,22.526
10853,2022-03-29 05:00:00+00:00,35.626,43.80788,21.425999
10854,2022-03-29 06:00:00+00:00,37.626,36.807926,20.376
10855,2022-03-29 07:00:00+00:00,39.126,30.157475,18.476
10856,2022-03-29 08:00:00+00:00,38.626,32.06477,19.026
10857,2022-03-29 09:00:00+00:00,36.276,49.339466,23.976
10858,2022-03-29 10:00:00+00:00,35.276,51.822094,23.876
10859,2022-03-29 11:00:00+00:00,33.876,57.03393,24.175999
10860,2022-03-29 12:00:00+00:00,31.626,67.70977,24.925999
10861,2022-03-29 13:00:00+00:00,29.626,77.74626,25.325998
10862,2022-03-29 14:00:00+00:00,28.776,81.90425,25.376
10863,2022-03-29 15:00:00+00:00,28.476,83.59096,25.425999
10864,2022-03-29 16:00:00+00:00,28.126,84.553024,25.276
10865,2022-03-29 17:00:00+00:00,27.776,85.784836,25.175999
10866,2022-03-29 18:00:00+00:00,27.226,88.85516,25.226
10867,2022-03-29 19:00:00+00:00,26.825998,90.42725,25.126
10868,2022-03-29 20:00:00+00:00,26.476,90.13392,24.726
10869,2022-03-29 21:00:00+00:00,26.226,89.84712,24.425999
10870,2022-03-29 22:00:00+00:00,25.876,91.17899,24.325998
10871,2022-03-29 23:00:00+00:00,25.526,93.09155,24.325998
10872,2022-03-30 00:00:00+00:00,25.476,95.63005,24.726
10873,2022-03-30 01:00:00+00:00,25.876,94.22775,24.876
10874,2022-03-30 02:00:00+00:00,28.175999,82.07608,24.825998
10875,2022-03-30 03:00:00+00:00,30.476,71.014626,24.626
10876,2022-03-30 04:00:00+00:00,32.676003,61.926937,24.425999
10877,2022-03-30 05:00:00+00:00,35.176003,49.655224,23.075998
10878,2022-03-30 06:00:00+00:00,37.326,39.66546,21.325998
10879,2022-03-30 07:00:00+00:00,38.876,32.534164,19.476
10880,2022-03-30 08:00:00+00:00,39.726,27.857708,17.726
10881,2022-03-30 09:00:00+00:00,38.776,32.406315,19.325998
10882,2022-03-30 10:00:00+00:00,36.376,50.261124,24.376
10883,2022-03-30 11:00:00+00:00,35.226,53.54855,24.376
10884,2022-03-30 12:00:00+00:00,33.676003,60.3218,24.925999
10885,2022-03-30 13:00:00+00:00,31.175999,72.63452,25.675999
10886,2022-03-30 14:00:00+00:00,29.776,80.82234,26.126
10887,2022-03-30 15:00:00+00:00,28.876,85.89161,26.276
10888,2022-03-30 16:00:00+00:00,28.376,88.94433,26.376
10889,2022-03-30 17:00:00+00:00,27.976,91.04048,26.376
10890,2022-03-30 18:00:00+00:00,27.526,93.46545,26.376
10891,2022-03-30 19:00:00+00:00,27.325998,92.63077,26.026
10892,2022-03-30 20:00:00+00:00,27.075998,89.64068,25.226
10893,2022-03-30 21:00:00+00:00,26.825998,87.76888,24.626
10894,2022-03-30 22:00:00+00:00,26.476,86.953156,24.126
10895,2022-03-30 23:00:00+00:00,26.075998,89.03175,24.126
10896,2022-03-31 00:00:00+00:00,26.276,92.02463,24.876
10897,2022-03-31 01:00:00+00:00,26.526,90.40692,24.825998
10898,2022-03-31 02:00:00+00:00,28.376,79.20923,24.425999
10899,2022-03-31 03:00:00+00:00,30.675999,66.51657,23.726
10900,2022-03-31 04:00:00+00:00,33.176003,54.84327,22.876
10901,2022-03-31 05:00:00+00:00,35.626,44.619297,21.726
10902,2022-03-31 06:00:00+00:00,37.626,36.807926,20.376
10903,2022-03-31 07:00:00+00:00,39.076,29.39691,18.026
10904,2022-03-31 08:00:00+00:00,38.626,31.2735,18.626
10905,2022-03-31 09:00:00+00:00,36.076,48.259895,23.425999
10906,2022-03-31 10:00:00+00:00,35.076,48.293793,22.526
10907,2022-03-31 11:00:00+00:00,33.876,51.784115,22.575998
10908,2022-03-31 12:00:00+00:00,32.126,60.33556,23.476
10909,2022-03-31 13:00:00+00:00,30.026,72.436745,24.526
10910,2022-03-31 14:00:00+00:00,29.226,76.7662,24.726
10911,2022-03-31 15:00:00+00:00,28.825998,78.32957,24.675999
10912,2022-03-31 16:00:00+00:00,28.276,84.317795,25.376
10913,2022-03-31 17:00:00+00:00,27.825998,88.37638,25.726
10914,2022-03-31 18:00:00+00:00,27.425999,91.54624,25.925999
10915,2022-03-31 19:00:00+00:00,27.126,92.072815,25.726
10916,2022-03-31 20:00:00+00:00,26.876,89.62608,25.026
10917,2022-03-31 21:00:00+00:00,26.626,87.22773,24.325998
10918,2022-03-31 22:00:00+00:00,26.425999,84.62723,23.626
10919,2022-03-31 23:00:00+00:00,26.026,85.09738,23.325998
10920,2022-04-01 00:00:00+00:00,26.126,88.23756,24.026
10921,2022-04-01 01:00:00+00:00,26.276,87.98554,24.126
10922,2022-04-01 02:00:00+00:00,28.276,78.01685,24.075998
10923,2022-04-01 03:00:00+00:00,30.526,67.08979,23.726
10924,2022-04-01 04:00:00+00:00,32.876,54.936737,22.626
10925,2022-04-01 05:00:00+00:00,35.026,45.842976,21.626
10926,2022-04-01 06:00:00+00:00,36.776,39.883312,20.925999
10927,2022-04-01 07:00:00+00:00,37.376,38.479607,20.876
10928,2022-04-01 08:00:00+00:00,34.076,59.518814,25.075998
10929,2022-04-01 09:00:00+00:00,34.026,57.4121,24.425999
10930,2022-04-01 10:00:00+00:00,33.676003,57.675167,24.175999
10931,2022-04-01 11:00:00+00:00,32.326,63.922363,24.626
10932,2022-04-01 12:00:00+00:00,31.175999,70.92876,25.276
10933,2022-04-01 13:00:00+00:00,29.226,81.71609,25.776
10934,2022-04-01 14:00:00+00:00,28.876,83.63528,25.825998
10935,2022-04-01 15:00:00+00:00,28.726,82.142075,25.376
10936,2022-04-01 16:00:00+00:00,28.476,82.84867,25.276
10937,2022-04-01 17:00:00+00:00,28.126,83.05549,24.976
10938,2022-04-01 18:00:00+00:00,27.726,85.27032,25.026
10939,2022-04-01 19:00:00+00:00,27.325998,85.74082,24.726
10940,2022-04-01 20:00:00+00:00,26.726,88.02323,24.575998
10941,2022-04-01 21:00:00+00:00,26.226,91.200935,24.675999
10942,2022-04-01 22:00:00+00:00,26.026,92.56193,24.726
10943,2022-04-01 23:00:00+00:00,25.726,94.22148,24.726
10944,2022-04-02 00:00:00+00:00,25.726,94.50332,24.776
10945,2022-04-02 01:00:00+00:00,26.075998,92.01322,24.675999
10946,2022-04-02 02:00:00+00:00,27.976,80.35061,24.276
10947,2022-04-02 03:00:00+00:00,30.126,68.02849,23.575998
10948,2022-04-02 04:00:00+00:00,32.026,59.229668,23.075998
10949,2022-04-02 05:00:00+00:00,34.176003,50.61608,22.476
10950,2022-04-02 06:00:00+00:00,35.976,42.971252,21.425999
10951,2022-04-02 07:00:00+00:00,37.376,36.74021,20.126
10952,2022-04-02 08:00:00+00:00,37.126,38.88792,20.825998
10953,2022-04-02 09:00:00+00:00,34.876,54.10817,24.226
10954,2022-04-02 10:00:00+00:00,34.076,53.58814,23.325998
10955,2022-04-02 11:00:00+00:00,32.526,59.344124,23.575998
10956,2022-04-02 12:00:00+00:00,30.526,71.4492,24.776
10957,2022-04-02 13:00:00+00:00,28.526,82.85443,25.325998
10958,2022-04-02 14:00:00+00:00,27.925999,86.82544,25.526
10959,2022-04-02 15:00:00+00:00,27.526,89.93969,25.726
10960,2022-04-02 16:00:00+00:00,27.175999,90.98966,25.575998
10961,2022-04-02 17:00:00+00:00,26.825998,92.32978,25.476
10962,2022-04-02 18:00:00+00:00,26.075998,95.08171,25.226
10963,2022-04-02 19:00:00+00:00,25.526,96.4917,24.925999
10964,2022-04-02 20:00:00+00:00,25.376,96.776344,24.825998
10965,2022-04-02 21:00:00+00:00,25.126,97.35074,24.675999
10966,2022-04-02 22:00:00+00:00,24.876,97.93028,24.526
10967,2022-04-02 23:00:00+00:00,24.626,98.22033,24.325998
10968,2022-04-03 00:00:00+00:00,24.675999,98.51557,24.425999
10969,2022-04-03 01:00:00+00:00,24.876,97.93028,24.526
10970,2022-04-03 02:00:00+00:00,26.976,85.70644,24.376
10971,2022-04-03 03:00:00+00:00,29.276,71.87276,23.675999
10972,2022-04-03 04:00:00+00:00,31.726,58.803074,22.675999
10973,2022-04-03 05:00:00+00:00,33.976,49.801075,22.026
10974,2022-04-03 06:00:00+00:00,35.626,43.009438,21.126
10975,2022-04-03 07:00:00+00:00,35.926003,44.698795,22.026
10976,2022-04-03 08:00:00+00:00,35.026,50.525463,23.226
10977,2022-04-03 09:00:00+00:00,34.526,49.188778,22.325998
10978,2022-04-03 10:00:00+00:00,33.976,48.897465,21.726
10979,2022-04-03 11:00:00+00:00,32.576,55.198357,22.425999
10980,2022-04-03 12:00:00+00:00,30.976,64.0217,23.376
10981,2022-04-03 13:00:00+00:00,28.876,76.25518,24.276
10982,2022-04-03 14:00:00+00:00,27.876,85.53969,25.226
10983,2022-04-03 15:00:00+00:00,27.476,88.61095,25.425999
10984,2022-04-03 16:00:00+00:00,27.175999,90.18253,25.425999
10985,2022-04-03 17:00:00+00:00,26.925999,91.51619,25.425999
10986,2022-04-03 18:00:00+00:00,26.726,92.050186,25.325998
10987,2022-04-03 19:00:00+00:00,26.476,92.58585,25.175999
10988,2022-04-03 20:00:00+00:00,26.325998,92.30233,24.976
10989,2022-04-03 21:00:00+00:00,25.925999,93.66918,24.825998
10990,2022-04-03 22:00:00+00:00,25.476,94.49334,24.526
10991,2022-04-03 23:00:00+00:00,25.226,94.20052,24.226
10992,2022-04-04 00:00:00+00:00,25.126,96.19315,24.476
10993,2022-04-04 01:00:00+00:00,25.325998,95.054825,24.476
10994,2022-04-04 02:00:00+00:00,27.526,81.50701,24.075998
10995,2022-04-04 03:00:00+00:00,29.476,70.6211,23.575998
10996,2022-04-04 04:00:00+00:00,31.726,59.160786,22.776
10997,2022-04-04 05:00:00+00:00,33.876,49.775444,21.925999
10998,2022-04-04 06:00:00+00:00,35.526,43.513615,21.226
10999,2022-04-04 07:00:00+00:00,36.126,42.2283,21.276
11000,2022-04-04 08:00:00+00:00,35.476,47.959305,22.776
11001,2022-04-04 09:00:00+00:00,34.976,43.500313,20.726
11002,2022-04-04 10:00:00+00:00,34.126,45.185608,20.575998
11003,2022-04-04 11:00:00+00:00,32.626,51.311172,21.276
11004,2022-04-04 12:00:00+00:00,30.376,66.25607,23.376
11005,2022-04-04 13:00:00+00:00,28.526,77.122246,24.126
11006,2022-04-04 14:00:00+00:00,27.776,82.76752,24.575998
11007,2022-04-04 15:00:00+00:00,27.376,84.72685,24.575998
11008,2022-04-04 16:00:00+00:00,27.075998,86.23067,24.575998
11009,2022-04-04 17:00:00+00:00,26.776,87.764595,24.575998
11010,2022-04-04 18:00:00+00:00,26.425999,90.13044,24.675999
11011,2022-04-04 19:00:00+00:00,26.175999,91.47081,24.675999
11012,2022-04-04 20:00:00+00:00,25.925999,92.5566,24.626
11013,2022-04-04 21:00:00+00:00,25.776,93.10398,24.575998
11014,2022-04-04 22:00:00+00:00,25.776,92.271965,24.425999
11015,2022-04-04 23:00:00+00:00,25.526,92.81301,24.276
11016,2022-04-05 00:00:00+00:00,26.325998,89.31807,24.425999
11017,2022-04-05 01:00:00+00:00,26.175999,89.30679,24.276
11018,2022-04-05 02:00:00+00:00,27.526,80.77591,23.925999
11019,2022-04-05 03:00:00+00:00,29.425999,69.34507,23.226
11020,2022-04-05 04:00:00+00:00,31.226,60.68207,22.726
11021,2022-04-05 05:00:00+00:00,33.276,52.266216,22.175999
11022,2022-04-05 06:00:00+00:00,34.776,46.911003,21.776
11023,2022-04-05 07:00:00+00:00,35.226,47.45986,22.376
11024,2022-04-05 08:00:00+00:00,34.726,49.38993,22.575998
11025,2022-04-05 09:00:00+00:00,34.426003,46.81925,21.425999
11026,2022-04-05 10:00:00+00:00,33.226,52.253696,22.126
11027,2022-04-05 11:00:00+00:00,31.876,56.04506,22.026
11028,2022-04-05 12:00:00+00:00,29.925999,67.78472,23.325998
11029,2022-04-05 13:00:00+00:00,28.276,77.317055,23.925999
11030,2022-04-05 14:00:00+00:00,27.726,82.514435,24.476
11031,2022-04-05 15:00:00+00:00,27.376,84.221436,24.476
11032,2022-04-05 16:00:00+00:00,27.126,85.209625,24.425999
11033,2022-04-05 17:00:00+00:00,26.726,87.498146,24.476
11034,2022-04-05 18:00:00+00:00,26.325998,89.8543,24.526
11035,2022-04-05 19:00:00+00:00,25.925999,92.00467,24.526
11036,2022-04-05 20:00:00+00:00,25.476,94.21101,24.476
11037,2022-04-05 21:00:00+00:00,24.626,97.04936,24.126
11038,2022-04-05 22:00:00+00:00,23.726,98.80246,23.526
11039,2022-04-05 23:00:00+00:00,23.575998,99.09965,23.425999
11040,2022-04-06 00:00:00+00:00,24.075998,99.10301,23.925999
11041,2022-04-06 01:00:00+00:00,24.575998,98.2197,24.276
11042,2022-04-06 02:00:00+00:00,26.876,85.18422,24.175999
11043,2022-04-06 03:00:00+00:00,28.825998,73.32567,23.575998
11044,2022-04-06 04:00:00+00:00,30.976,60.995224,22.575998
11045,2022-04-06 05:00:00+00:00,33.226,49.913414,21.376
11046,2022-04-06 06:00:00+00:00,35.026,42.453926,20.376
11047,2022-04-06 07:00:00+00:00,35.926003,40.395565,20.376
11048,2022-04-06 08:00:00+00:00,35.076,45.856167,21.675999
11049,2022-04-06 09:00:00+00:00,34.576,41.552494,19.626
11050,2022-04-06 10:00:00+00:00,34.076,44.070126,20.126
11051,2022-04-06 11:00:00+00:00,32.826,46.25396,19.776
11052,2022-04-06 12:00:00+00:00,30.175999,66.6169,23.276
11053,2022-04-06 13:00:00+00:00,28.226,79.66463,24.376
11054,2022-04-06 14:00:00+00:00,27.575998,85.50991,24.925999
11055,2022-04-06 15:00:00+00:00,27.276,88.069084,25.126
11056,2022-04-06 16:00:00+00:00,27.075998,89.1085,25.126
11057,2022-04-06 17:00:00+00:00,26.675999,91.22904,25.126
11058,2022-04-06 18:00:00+00:00,26.575998,91.76801,25.126
11059,2022-04-06 19:00:00+00:00,26.075998,94.236084,25.075998
11060,2022-04-06 20:00:00+00:00,25.626,95.634834,24.876
11061,2022-04-06 21:00:00+00:00,25.876,94.50928,24.925999
11062,2022-04-06 22:00:00+00:00,26.325998,91.47991,24.825998
11063,2022-04-06 23:00:00+00:00,26.325998,90.12345,24.575998
11064,2022-04-07 00:00:00+00:00,26.026,93.11638,24.825998
11065,2022-04-07 01:00:00+00:00,26.325998,89.31807,24.425999
11066,2022-04-07 02:00:00+00:00,27.526,81.75201,24.126
11067,2022-04-07 03:00:00+00:00,29.626,71.28884,23.876
11068,2022-04-07 04:00:00+00:00,31.726,61.347317,23.376
11069,2022-04-07 05:00:00+00:00,33.626,51.407448,22.226
11070,2022-04-07 06:00:00+00:00,34.976,45.272068,21.376
11071,2022-04-07 07:00:00+00:00,35.176003,44.63641,21.325998
11072,2022-04-07 08:00:00+00:00,34.876,43.33979,20.575998
11073,2022-04-07 09:00:00+00:00,34.276,45.785362,20.925999
11074,2022-04-07 10:00:00+00:00,33.276,51.318947,21.876
11075,2022-04-07 11:00:00+00:00,31.626,59.13778,22.675999
11076,2022-04-07 12:00:00+00:00,29.976,66.98049,23.175999
11077,2022-04-07 13:00:00+00:00,28.276,77.54972,23.976
11078,2022-04-07 14:00:00+00:00,27.726,81.28775,24.226
11079,2022-04-07 15:00:00+00:00,27.276,83.707565,24.276
11080,2022-04-07 16:00:00+00:00,26.726,87.23661,24.425999
11081,2022-04-07 17:00:00+00:00,26.075998,90.919106,24.476
11082,2022-04-07 18:00:00+00:00,25.226,95.05122,24.376
11083,2022-04-07 19:00:00+00:00,25.026,95.61568,24.276
11084,2022-04-07 20:00:00+00:00,24.575998,97.34,24.126
11085,2022-04-07 21:00:00+00:00,25.126,96.77042,24.575998
11086,2022-04-07 22:00:00+00:00,25.325998,95.62526,24.575998
11087,2022-04-07 23:00:00+00:00,24.876,96.474945,24.276
11088,2022-04-08 00:00:00+00:00,24.976,96.47755,24.376
11089,2022-04-08 01:00:00+00:00,26.476,89.59683,24.626
11090,2022-04-08 02:00:00+00:00,28.226,78.244225,24.075998
11091,2022-04-08 03:00:00+00:00,29.976,69.0317,23.675999
11092,2022-04-08 04:00:00+00:00,31.675999,60.966923,23.226
11093,2022-04-08 05:00:00+00:00,33.126,54.4997,22.726
11094,2022-04-08 06:00:00+00:00,34.176003,49.700764,22.175999
11095,2022-04-08 07:00:00+00:00,34.526,49.188778,22.325998
11096,2022-04-08 08:00:00+00:00,34.276,49.27431,22.126
11097,2022-04-08 09:00:00+00:00,33.676003,51.26383,22.226
11098,2022-04-08 10:00:00+00:00,32.676003,55.727737,22.675999
11099,2022-04-08 11:00:00+00:00,31.376,61.641376,23.126
11100,2022-04-08 12:00:00+00:00,29.925999,68.60755,23.526
11101,2022-04-08 13:00:00+00:00,28.526,76.89113,24.075998
11102,2022-04-08 14:00:00+00:00,27.925999,81.31277,24.425999
11103,2022-04-08 15:00:00+00:00,27.526,83.48504,24.476
11104,2022-04-08 16:00:00+00:00,27.276,85.22482,24.575998
11105,2022-04-08 17:00:00+00:00,27.126,86.235435,24.626
11106,2022-04-08 18:00:00+00:00,26.626,88.80822,24.626
11107,2022-04-08 19:00:00+00:00,26.575998,89.07023,24.626
11108,2022-04-08 20:00:00+00:00,26.276,90.93198,24.675999
11109,2022-04-08 21:00:00+00:00,25.675999,94.21938,24.675999
11110,2022-04-08 22:00:00+00:00,25.526,95.06199,24.675999
11111,2022-04-08 23:00:00+00:00,25.276,95.9101,24.575998
11112,2022-04-09 00:00:00+00:00,25.876,95.07455,25.026
11113,2022-04-09 01:00:00+00:00,26.876,90.161736,25.126
11114,2022-04-09 02:00:00+00:00,28.575998,79.23662,24.626
11115,2022-04-09 03:00:00+00:00,30.325998,69.93236,24.226
11116,2022-04-09 04:00:00+00:00,32.126,61.06713,23.675999
11117,2022-04-09 05:00:00+00:00,33.526,54.59728,23.126
11118,2022-04-09 06:00:00+00:00,34.526,50.704926,22.825998
11119,2022-04-09 07:00:00+00:00,34.776,50.005634,22.825998
11120,2022-04-09 08:00:00+00:00,34.226,51.4027,22.776
11121,2022-04-09 09:00:00+00:00,33.626,53.15411,22.776
11122,2022-04-09 10:00:00+00:00,32.676003,56.92215,23.026
11123,2022-04-09 11:00:00+00:00,31.276,64.08503,23.675999
11124,2022-04-09 12:00:00+00:00,30.226,68.0479,23.675999
11125,2022-04-09 13:00:00+00:00,28.726,77.6155,24.425999
11126,2022-04-09 14:00:00+00:00,28.175999,81.58737,24.726
11127,2022-04-09 15:00:00+00:00,27.876,83.52418,24.825998
11128,2022-04-09 16:00:00+00:00,27.276,86.76612,24.876
11129,2022-04-09 17:00:00+00:00,26.726,89.88288,24.925999
11130,2022-04-09 18:00:00+00:00,26.175999,93.12381,24.976
11131,2022-04-09 19:00:00+00:00,25.626,95.634834,24.876
11132,2022-04-09 20:00:00+00:00,25.726,95.638016,24.976
11133,2022-04-09 21:00:00+00:00,24.876,97.93028,24.526
11134,2022-04-09 22:00:00+00:00,24.575998,98.81004,24.376
11135,2022-04-09 23:00:00+00:00,24.575998,99.403465,24.476
11136,2022-04-10 00:00:00+00:00,25.476,97.35755,25.026
11137,2022-04-10 01:00:00+00:00,26.526,93.14105,25.325998
11138,2022-04-10 02:00:00+00:00,28.226,82.57323,24.976
11139,2022-04-10 03:00:00+00:00,30.126,72.23769,24.575998
11140,2022-04-10 04:00:00+00:00,31.976,62.897877,24.026
11141,2022-04-10 05:00:00+00:00,33.726,54.645966,23.325998
11142,2022-04-10 06:00:00+00:00,34.126,52.161938,22.925999
11143,2022-04-10 07:00:00+00:00,34.076,51.991695,22.825998
11144,2022-04-10 08:00:00+00:00,33.976,52.75976,22.976
11145,2022-04-10 09:00:00+00:00,33.276,55.200592,23.075998
11146,2022-04-10 10:00:00+00:00,32.826,57.30284,23.276
11147,2022-04-10 11:00:00+00:00,31.825998,61.000355,23.376
11148,2022-04-10 12:00:00+00:00,30.276,68.88125,23.925999
11149,2022-04-10 13:00:00+00:00,28.925999,75.807076,24.226
11150,2022-04-10 14:00:00+00:00,28.575998,78.528786,24.476
11151,2022-04-10 15:00:00+00:00,28.226,80.865456,24.626
11152,2022-04-10 16:00:00+00:00,27.925999,82.291664,24.626
11153,2022-04-10 17:00:00+00:00,27.425999,84.73209,24.626
11154,2022-04-10 18:00:00+00:00,26.626,89.07404,24.675999
11155,2022-04-10 19:00:00+00:00,26.276,91.20408,24.726
11156,2022-04-10 20:00:00+00:00,26.726,88.81606,24.726
11157,2022-04-10 21:00:00+00:00,26.425999,90.40014,24.726
11158,2022-04-10 22:00:00+00:00,25.376,95.62687,24.626
11159,2022-04-10 23:00:00+00:00,24.976,97.34782,24.526
11160,2022-04-11 00:00:00+00:00,25.526,97.068825,25.026
11161,2022-04-11 01:00:00+00:00,26.876,89.893555,25.075998
11162,2022-04-11 02:00:00+00:00,28.425999,80.40926,24.726
11163,2022-04-11 03:00:00+00:00,30.325998,70.1423,24.276
11164,2022-04-11 04:00:00+00:00,32.126,61.06713,23.675999
11165,2022-04-11 05:00:00+00:00,33.926003,53.713245,23.226
11166,2022-04-11 06:00:00+00:00,34.526,50.39847,22.726
11167,2022-04-11 07:00:00+00:00,34.726,49.240196,22.526
11168,2022-04-11 08:00:00+00:00,34.626,48.47159,22.175999
11169,2022-04-11 09:00:00+00:00,34.176003,49.248577,22.026
11170,2022-04-11 10:00:00+00:00,33.226,53.216377,22.425999
11171,2022-04-11 11:00:00+00:00,31.776,61.35838,23.425999
11172,2022-04-11 12:00:00+00:00,30.376,67.46521,23.675999
11173,2022-04-11 13:00:00+00:00,29.026,74.470245,24.026
11174,2022-04-11 14:00:00+00:00,28.575998,77.82648,24.325998
11175,2022-04-11 15:00:00+00:00,28.226,80.14307,24.476
11176,2022-04-11 16:00:00+00:00,27.925999,81.80094,24.526
11177,2022-04-11 17:00:00+00:00,27.675999,83.50184,24.626
11178,2022-04-11 18:00:00+00:00,27.126,86.235435,24.626
11179,2022-04-11 19:00:00+00:00,26.876,87.77312,24.675999
11180,2022-04-11 20:00:00+00:00,26.825998,88.55913,24.776
11181,2022-04-11 21:00:00+00:00,26.925999,88.03996,24.776
11182,2022-04-11 22:00:00+00:00,26.976,88.04411,24.825998
11183,2022-04-11 23:00:00+00:00,26.726,89.08173,24.776
11184,2022-04-12 00:00:00+00:00,25.276,97.063446,24.776
11185,2022-04-12 01:00:00+00:00,26.175999,92.29407,24.825998
11186,2022-04-12 02:00:00+00:00,28.175999,80.85906,24.575998
11187,2022-04-12 03:00:00+00:00,30.376,69.10743,24.075998
11188,2022-04-12 04:00:00+00:00,32.526,58.10399,23.226
11189,2022-04-12 05:00:00+00:00,34.076,51.364883,22.626
11190,2022-04-12 06:00:00+00:00,34.526,48.298283,22.026
11191,2022-04-12 07:00:00+00:00,35.126,45.589798,21.626
11192,2022-04-12 08:00:00+00:00,35.026,45.56339,21.526
11193,2022-04-12 09:00:00+00:00,34.776,46.05824,21.476
11194,2022-04-12 10:00:00+00:00,33.226,55.021736,22.976
11195,2022-04-12 11:00:00+00:00,31.776,62.289936,23.675999
11196,2022-04-12 12:00:00+00:00,30.825998,66.1476,23.776
11197,2022-04-12 13:00:00+00:00,29.226,74.72646,24.276
11198,2022-04-12 14:00:00+00:00,28.825998,77.6301,24.526
11199,2022-04-12 15:00:00+00:00,28.575998,79.23662,24.626
11200,2022-04-12 16:00:00+00:00,28.376,80.1628,24.626
11201,2022-04-12 17:00:00+00:00,28.126,81.33774,24.626
11202,2022-04-12 18:00:00+00:00,28.026,81.813126,24.626
11203,2022-04-12 19:00:00+00:00,27.876,83.02684,24.726
11204,2022-04-12 20:00:00+00:00,27.075998,88.05245,24.925999
11205,2022-04-12 21:00:00+00:00,26.925999,89.89714,25.126
11206,2022-04-12 22:00:00+00:00,26.226,94.24233,25.226
11207,2022-04-12 23:00:00+00:00,26.276,93.68512,25.175999
11208,2022-04-13 00:00:00+00:00,25.726,97.36242,25.276
11209,2022-04-13 01:00:00+00:00,26.726,92.324295,25.376
11210,2022-04-13 02:00:00+00:00,28.325998,82.33922,25.026
11211,2022-04-13 03:00:00+00:00,30.126,72.02196,24.526
11212,2022-04-13 04:00:00+00:00,31.675999,63.402813,23.876
11213,2022-04-13 05:00:00+00:00,33.476,56.257977,23.575998
11214,2022-04-13 06:00:00+00:00,34.276,53.314816,23.425999
11215,2022-04-13 07:00:00+00:00,34.276,53.637314,23.526
11216,2022-04-13 08:00:00+00:00,34.176003,53.937023,23.526
11217,2022-04-13 09:00:00+00:00,34.026,55.049366,23.726
11218,2022-04-13 10:00:00+00:00,33.176003,58.430412,23.925999
11219,2022-04-13 11:00:00+00:00,32.226,61.828407,23.976
11220,2022-04-13 12:00:00+00:00,31.075998,68.416626,24.575998
11221,2022-04-13 13:00:00+00:00,29.626,76.14248,24.976
11222,2022-04-13 14:00:00+00:00,29.376,77.94187,25.126
11223,2022-04-13 15:00:00+00:00,28.925999,80.954384,25.325998
11224,2022-04-13 16:00:00+00:00,28.476,83.59096,25.425999
11225,2022-04-13 17:00:00+00:00,28.026,85.8092,25.425999
11226,2022-04-13 18:00:00+00:00,27.575998,88.35612,25.476
11227,2022-04-13 19:00:00+00:00,27.376,89.131355,25.425999
11228,2022-04-13 20:00:00+00:00,27.026,90.17216,25.276
11229,2022-04-13 21:00:00+00:00,26.376,92.58053,25.075998
11230,2022-04-13 22:00:00+00:00,25.526,96.20427,24.876
11231,2022-04-13 23:00:00+00:00,25.026,97.34877,24.575998
11232,2022-04-14 00:00:00+00:00,25.976,96.21672,25.325998
11233,2022-04-14 01:00:00+00:00,26.825998,90.69693,25.175999
11234,2022-04-14 02:00:00+00:00,28.675999,78.77806,24.626
11235,2022-04-14 03:00:00+00:00,30.876,67.56334,24.175999
11236,2022-04-14 04:00:00+00:00,32.676003,58.314575,23.425999
11237,2022-04-14 05:00:00+00:00,34.226,50.628788,22.526
11238,2022-04-14 06:00:00+00:00,35.976,43.76717,21.726
11239,2022-04-14 07:00:00+00:00,36.876,40.279552,21.175999
11240,2022-04-14 08:00:00+00:00,35.976,46.797142,22.825998
11241,2022-04-14 09:00:00+00:00,34.926003,48.54916,22.476
11242,2022-04-14 10:00:00+00:00,33.876,53.05521,22.976
11243,2022-04-14 11:00:00+00:00,32.526,58.10399,23.226
11244,2022-04-14 12:00:00+00:00,31.276,67.84412,24.626
11245,2022-04-14 13:00:00+00:00,29.776,74.81502,24.825998
11246,2022-04-14 14:00:00+00:00,29.175999,80.02942,25.376
11247,2022-04-14 15:00:00+00:00,29.026,81.20796,25.476
11248,2022-04-14 16:00:00+00:00,28.976,79.527855,25.075998
11249,2022-04-14 17:00:00+00:00,28.626,80.675476,24.976
11250,2022-04-14 18:00:00+00:00,28.476,78.75015,24.425999
11251,2022-04-14 19:00:00+00:00,28.026,79.16118,24.075998
11252,2022-04-14 20:00:00+00:00,27.776,80.083664,24.026
11253,2022-04-14 21:00:00+00:00,27.276,82.95784,24.126
11254,2022-04-14 22:00:00+00:00,26.626,87.22773,24.325998
11255,2022-04-14 23:00:00+00:00,26.175999,90.38314,24.476
11256,2022-04-15 00:00:00+00:00,26.876,86.72942,24.476
11257,2022-04-15 01:00:00+00:00,27.776,82.27378,24.476
11258,2022-04-15 02:00:00+00:00,29.626,73.68069,24.425999
11259,2022-04-15 03:00:00+00:00,31.876,62.124493,23.726
11260,2022-04-15 04:00:00+00:00,34.076,53.104755,23.175999
11261,2022-04-15 05:00:00+00:00,35.076,49.47966,22.925999
11262,2022-04-15 06:00:00+00:00,37.526,39.96307,21.626
11263,2022-04-15 07:00:00+00:00,37.926003,36.54966,20.526
11264,2022-04-15 08:00:00+00:00,38.226,36.7436,20.876
11265,2022-04-15 09:00:00+00:00,36.926003,44.42166,22.825998
11266,2022-04-15 10:00:00+00:00,35.426003,49.719074,23.325998
11267,2022-04-15 11:00:00+00:00,34.026,53.737812,23.325998
11268,2022-04-15 12:00:00+00:00,32.176003,63.69975,24.425999
11269,2022-04-15 13:00:00+00:00,30.226,78.29491,26.026
11270,2022-04-15 14:00:00+00:00,29.425999,84.93875,26.626
11271,2022-04-15 15:00:00+00:00,29.425999,81.25791,25.876
11272,2022-04-15 16:00:00+00:00,29.026,84.39745,26.126
11273,2022-04-15 17:00:00+00:00,28.726,86.13132,26.175999
11274,2022-04-15 18:00:00+00:00,28.526,86.62331,26.075998
11275,2022-04-15 19:00:00+00:00,28.226,87.62766,25.976
11276,2022-04-15 20:00:00+00:00,27.925999,88.90955,25.925999
11277,2022-04-15 21:00:00+00:00,27.776,89.161766,25.825998
11278,2022-04-15 22:00:00+00:00,27.425999,91.005585,25.825998
11279,2022-04-15 23:00:00+00:00,27.126,92.62023,25.825998
11280,2022-04-16 00:00:00+00:00,27.476,92.092514,26.075998
11281,2022-04-16 01:00:00+00:00,28.126,87.878914,25.925999
11282,2022-04-16 02:00:00+00:00,29.126,80.97968,25.526
11283,2022-04-16 03:00:00+00:00,31.726,67.931366,25.075998
11284,2022-04-16 04:00:00+00:00,33.976,57.400406,24.376
11285,2022-04-16 05:00:00+00:00,36.276,46.03182,22.825998
11286,2022-04-16 06:00:00+00:00,37.776,38.234177,21.126
11287,2022-04-16 07:00:00+00:00,38.326,36.997204,21.075998
11288,2022-04-16 08:00:00+00:00,38.326,38.032024,21.526
11289,2022-04-16 09:00:00+00:00,37.376,41.161263,21.976
11290,2022-04-16 10:00:00+00:00,36.076,44.331474,22.026
11291,2022-04-16 11:00:00+00:00,34.376,50.975082,22.776
11292,2022-04-16 12:00:00+00:00,32.226,65.64222,24.976
11293,2022-04-16 13:00:00+00:00,30.126,80.15415,26.325998
11294,2022-04-16 14:00:00+00:00,29.175999,86.9384,26.776
11295,2022-04-16 15:00:00+00:00,28.825998,89.240944,26.876
11296,2022-04-16 16:00:00+00:00,28.526,90.01007,26.726
11297,2022-04-16 17:00:00+00:00,28.425999,91.33704,26.876
11298,2022-04-16 18:00:00+00:00,28.126,92.94554,26.876
11299,2022-04-16 19:00:00+00:00,27.876,94.86628,26.976
11300,2022-04-16 20:00:00+00:00,27.526,95.69467,26.776
11301,2022-04-16 21:00:00+00:00,26.825998,97.38363,26.376
11302,2022-04-16 22:00:00+00:00,26.376,97.66363,25.976
11303,2022-04-16 23:00:00+00:00,25.925999,98.52925,25.675999
11304,2022-04-17 00:00:00+00:00,27.126,95.96487,26.425999
11305,2022-04-17 01:00:00+00:00,27.626,93.74607,26.526
11306,2022-04-17 02:00:00+00:00,29.175999,85.16401,26.425999
11307,2022-04-17 03:00:00+00:00,31.776,69.57682,25.526
11308,2022-04-17 04:00:00+00:00,34.276,54.287426,23.726
11309,2022-04-17 05:00:00+00:00,36.326,43.726795,22.026
11310,2022-04-17 06:00:00+00:00,37.226,40.250423,21.476
11311,2022-04-17 07:00:00+00:00,36.226,45.879402,22.726
11312,2022-04-17 08:00:00+00:00,35.626,47.276306,22.675999
11313,2022-04-17 09:00:00+00:00,35.026,49.767303,22.976
11314,2022-04-17 10:00:00+00:00,33.926003,56.19606,23.976
11315,2022-04-17 11:00:00+00:00,32.326,63.731506,24.575998
11316,2022-04-17 12:00:00+00:00,31.476,69.935875,25.325998
11317,2022-04-17 13:00:00+00:00,29.776,79.39983,25.825998
11318,2022-04-17 14:00:00+00:00,29.376,82.70734,26.126
11319,2022-04-17 15:00:00+00:00,29.276,82.69573,26.026
11320,2022-04-17 16:00:00+00:00,28.976,83.894295,25.976
11321,2022-04-17 17:00:00+00:00,28.776,84.370964,25.876
11322,2022-04-17 18:00:00+00:00,28.276,86.08844,25.726
11323,2022-04-17 19:00:00+00:00,27.976,88.12706,25.825998
11324,2022-04-17 20:00:00+00:00,27.476,91.54924,25.976
11325,2022-04-17 21:00:00+00:00,26.776,95.671196,26.026
11326,2022-04-17 22:00:00+00:00,26.526,96.51726,25.925999
11327,2022-04-17 23:00:00+00:00,26.126,97.659325,25.726
11328,2022-04-18 00:00:00+00:00,27.325998,93.180275,26.126
11329,2022-04-18 01:00:00+00:00,27.876,89.16933,25.925999
11330,2022-04-18 02:00:00+00:00,29.425999,79.35243,25.476
11331,2022-04-18 03:00:00+00:00,31.376,69.50236,25.126
11332,2022-04-18 04:00:00+00:00,33.326,58.64084,24.126
11333,2022-04-18 05:00:00+00:00,35.076,50.844185,23.376
11334,2022-04-18 06:00:00+00:00,36.126,47.120552,23.075998
11335,2022-04-18 07:00:00+00:00,36.676003,45.582012,23.026
11336,2022-04-18 08:00:00+00:00,35.826,46.053474,22.425999
11337,2022-04-18 09:00:00+00:00,36.426003,44.424217,22.376
11338,2022-04-18 10:00:00+00:00,34.676003,51.20554,23.126
11339,2022-04-18 11:00:00+00:00,33.176003,57.55821,23.675999
11340,2022-04-18 12:00:00+00:00,32.126,62.553604,24.075998
11341,2022-04-18 13:00:00+00:00,30.226,75.11022,25.325998
11342,2022-04-18 14:00:00+00:00,29.376,82.70734,26.126
11343,2022-04-18 15:00:00+00:00,29.175999,83.91606,26.175999
11344,2022-04-18 16:00:00+00:00,28.925999,84.88747,26.126
11345,2022-04-18 17:00:00+00:00,28.675999,85.8723,26.075998
11346,2022-04-18 18:00:00+00:00,28.276,87.373024,25.976
11347,2022-04-18 19:00:00+00:00,27.925999,89.173134,25.976
11348,2022-04-18 20:00:00+00:00,27.425999,91.81764,25.976
11349,2022-04-18 21:00:00+00:00,27.026,93.71908,25.925999
11350,2022-04-18 22:00:00+00:00,26.726,95.10483,25.876
11351,2022-04-18 23:00:00+00:00,26.476,95.37848,25.675999
11352,2022-04-19 00:00:00+00:00,26.276,97.084915,25.776
11353,2022-04-19 01:00:00+00:00,26.976,92.61232,25.675999
11354,2022-04-19 02:00:00+00:00,28.976,81.20169,25.425999
11355,2022-04-19 03:00:00+00:00,31.476,65.48915,24.226
11356,2022-04-19 04:00:00+00:00,33.926003,52.587837,22.876
11357,2022-04-19 05:00:00+00:00,35.976,44.44027,21.976
11358,2022-04-19 06:00:00+00:00,37.526,39.96307,21.626
11359,2022-04-19 07:00:00+00:00,37.876,41.295197,22.476
11360,2022-04-19 08:00:00+00:00,37.076,42.353325,22.175999
11361,2022-04-19 09:00:00+00:00,36.376,45.50317,22.726
11362,2022-04-19 10:00:00+00:00,35.726,46.8739,22.626
11363,2022-04-19 11:00:00+00:00,34.226,50.628788,22.526
11364,2022-04-19 12:00:00+00:00,32.276,61.284466,23.876
11365,2022-04-19 13:00:00+00:00,30.075998,77.35121,25.675999
11366,2022-04-19 14:00:00+00:00,29.226,83.67388,26.175999
11367,2022-04-19 15:00:00+00:00,28.925999,86.15034,26.376
11368,2022-04-19 16:00:00+00:00,28.575998,87.657585,26.325998
11369,2022-04-19 17:00:00+00:00,28.126,90.78194,26.476
11370,2022-04-19 18:00:00+00:00,27.675999,93.47246,26.526
11371,2022-04-19 19:00:00+00:00,27.226,95.6853,26.476
11372,2022-04-19 20:00:00+00:00,26.925999,97.09875,26.425999
11373,2022-04-19 21:00:00+00:00,26.626,97.95679,26.276
11374,2022-04-19 22:00:00+00:00,26.575998,98.24579,26.276
11375,2022-04-19 23:00:00+00:00,26.425999,98.243866,26.126
11376,2022-04-20 00:00:00+00:00,26.376,98.82576,26.175999
11377,2022-04-20 01:00:00+00:00,26.976,95.96047,26.276
11378,2022-04-20 02:00:00+00:00,29.075998,82.42789,25.776
11379,2022-04-20 03:00:00+00:00,31.825998,64.39351,24.276
11380,2022-04-20 04:00:00+00:00,34.276,52.67494,23.226
11381,2022-04-20 05:00:00+00:00,36.126,46.27226,22.776
11382,2022-04-20 06:00:00+00:00,37.176003,44.085655,22.925999
11383,2022-04-20 07:00:00+00:00,37.426003,45.36705,23.626
11384,2022-04-20 08:00:00+00:00,36.976,47.05746,23.825998
11385,2022-04-20 09:00:00+00:00,36.226,43.83368,21.976
11386,2022-04-20 10:00:00+00:00,35.176003,45.324978,21.575998
11387,2022-04-20 11:00:00+00:00,33.576,54.609463,23.175999
11388,2022-04-20 12:00:00+00:00,31.276,69.48372,25.026
11389,2022-04-20 13:00:00+00:00,29.626,80.32623,25.876
11390,2022-04-20 14:00:00+00:00,28.876,85.638306,26.226
11391,2022-04-20 15:00:00+00:00,28.575998,86.88433,26.175999
11392,2022-04-20 16:00:00+00:00,28.226,87.88733,26.026
11393,2022-04-20 17:00:00+00:00,27.925999,89.173134,25.976
11394,2022-04-20 18:00:00+00:00,27.575998,90.4778,25.876
11395,2022-04-20 19:00:00+00:00,27.325998,90.99922,25.726
11396,2022-04-20 20:00:00+00:00,26.925999,92.33525,25.575998
11397,2022-04-20 21:00:00+00:00,26.526,94.25481,25.526
11398,2022-04-20 22:00:00+00:00,26.226,95.37006,25.425999
11399,2022-04-20 23:00:00+00:00,25.925999,96.21537,25.276
11400,2022-04-21 00:00:00+00:00,26.226,95.653854,25.476
11401,2022-04-21 01:00:00+00:00,26.726,92.324295,25.376
11402,2022-04-21 02:00:00+00:00,28.825998,78.79895,24.776
11403,2022-04-21 03:00:00+00:00,31.075998,65.9996,23.976
11404,2022-04-21 04:00:00+00:00,33.276,55.87193,23.276
11405,2022-04-21 05:00:00+00:00,35.326,47.775208,22.575998
11406,2022-04-21 06:00:00+00:00,36.726,43.700016,22.376
11407,2022-04-21 07:00:00+00:00,36.476,47.784214,23.626
11408,2022-04-21 08:00:00+00:00,35.726,50.855167,23.976
11409,2022-04-21 09:00:00+00:00,35.376,47.35485,22.476
11410,2022-04-21 10:00:00+00:00,34.526,48.890358,22.226
11411,2022-04-21 11:00:00+00:00,32.876,56.114635,22.976
11412,2022-04-21 12:00:00+00:00,31.026,64.614006,23.575998
11413,2022-04-21 13:00:00+00:00,29.276,76.77372,24.776
11414,2022-04-21 14:00:00+00:00,28.776,79.97654,24.976
11415,2022-04-21 15:00:00+00:00,28.425999,81.3751,24.925999
11416,2022-04-21 16:00:00+00:00,28.026,83.04404,24.876
11417,2022-04-21 17:00:00+00:00,27.726,84.258995,24.825998
11418,2022-04-21 18:00:00+00:00,27.476,84.23216,24.575998
11419,2022-04-21 19:00:00+00:00,27.126,84.70073,24.325998
11420,2022-04-21 20:00:00+00:00,26.675999,86.451485,24.226
11421,2022-04-21 21:00:00+00:00,26.126,89.0356,24.175999
11422,2022-04-21 22:00:00+00:00,25.575998,91.434235,24.075998
11423,2022-04-21 23:00:00+00:00,25.276,92.24421,23.925999
11424,2022-04-22 00:00:00+00:00,25.325998,91.970245,23.925999
11425,2022-04-22 01:00:00+00:00,26.276,86.41389,23.825998
11426,2022-04-22 02:00:00+00:00,28.526,74.1647,23.476
11427,2022-04-22 03:00:00+00:00,30.626,63.177803,22.825998
11428,2022-04-22 04:00:00+00:00,32.726,53.092205,21.925999
11429,2022-04-22 05:00:00+00:00,34.576,46.005516,21.276
11430,2022-04-22 06:00:00+00:00,35.676003,44.22525,21.626
11431,2022-04-22 07:00:00+00:00,35.626,46.281715,22.325998
11432,2022-04-22 08:00:00+00:00,35.226,45.061695,21.526
11433,2022-04-22 09:00:00+00:00,34.876,45.803417,21.476
11434,2022-04-22 10:00:00+00:00,33.876,50.232815,22.075998
11435,2022-04-22 11:00:00+00:00,32.526,57.579475,23.075998
11436,2022-04-22 12:00:00+00:00,30.976,63.253,23.175999
11437,2022-04-22 13:00:00+00:00,29.675999,69.811714,23.575998
11438,2022-04-22 14:00:00+00:00,29.276,73.181435,23.976
11439,2022-04-22 15:00:00+00:00,28.726,78.78501,24.675999
11440,2022-04-22 16:00:00+00:00,28.376,81.855736,24.976
11441,2022-04-22 17:00:00+00:00,28.026,84.04038,25.075998
11442,2022-04-22 18:00:00+00:00,27.626,85.77018,25.026
11443,2022-04-22 19:00:00+00:00,27.376,86.51686,24.925999
11444,2022-04-22 20:00:00+00:00,27.175999,86.49824,24.726
11445,2022-04-22 21:00:00+00:00,26.325998,89.58584,24.476
11446,2022-04-22 22:00:00+00:00,25.925999,90.90941,24.325998
11447,2022-04-22 23:00:00+00:00,25.425999,92.252556,24.075998
11448,2022-04-23 00:00:00+00:00,26.575998,87.48508,24.325998
11449,2022-04-23 01:00:00+00:00,27.476,82.48494,24.226
11450,2022-04-23 02:00:00+00:00,29.175999,73.60556,23.976
11451,2022-04-23 03:00:00+00:00,30.976,63.253,23.175999
11452,2022-04-23 04:00:00+00:00,33.026,53.328793,22.276
11453,2022-04-23 05:00:00+00:00,35.026,45.42416,21.476
11454,2022-04-23 06:00:00+00:00,36.826,38.806793,20.526
11455,2022-04-23 07:00:00+00:00,37.476,38.38847,20.925999
11456,2022-04-23 08:00:00+00:00,36.176003,45.866272,22.675999
11457,2022-04-23 09:00:00+00:00,35.426003,45.52982,21.876
11458,2022-04-23 10:00:00+00:00,33.826,51.771557,22.526
11459,2022-04-23 11:00:00+00:00,32.326,58.94148,23.276
11460,2022-04-23 12:00:00+00:00,31.226,64.85051,23.825998
11461,2022-04-23 13:00:00+00:00,29.675999,74.57581,24.675999
11462,2022-04-23 14:00:00+00:00,28.876,80.46766,25.175999
11463,2022-04-23 15:00:00+00:00,28.425999,83.83421,25.425999
11464,2022-04-23 16:00:00+00:00,28.325998,85.33067,25.626
11465,2022-04-23 17:00:00+00:00,28.026,87.0925,25.675999
11466,2022-04-23 18:00:00+00:00,27.726,88.36826,25.626
11467,2022-04-23 19:00:00+00:00,27.276,90.189476,25.526
11468,2022-04-23 20:00:00+00:00,26.675999,92.596466,25.376
11469,2022-04-23 21:00:00+00:00,25.776,96.2112,25.126
11470,2022-04-23 22:00:00+00:00,25.675999,95.92206,24.976
11471,2022-04-23 23:00:00+00:00,25.626,96.207054,24.976
11472,2022-04-24 00:00:00+00:00,25.976,95.07812,25.126
11473,2022-04-24 01:00:00+00:00,26.825998,89.89002,25.026
11474,2022-04-24 02:00:00+00:00,28.876,77.4055,24.526
11475,2022-04-24 03:00:00+00:00,31.675999,62.644386,23.675999
11476,2022-04-24 04:00:00+00:00,34.276,50.182102,22.425999
11477,2022-04-24 05:00:00+00:00,36.676003,39.489986,20.675999
11478,2022-04-24 06:00:00+00:00,38.426003,32.92203,19.276
11479,2022-04-24 07:00:00+00:00,38.976,32.967716,19.776
11480,2022-04-24 08:00:00+00:00,38.326,36.209496,20.726
11481,2022-04-24 09:00:00+00:00,37.626,35.46649,19.776
11482,2022-04-24 10:00:00+00:00,36.926003,35.05732,18.976
11483,2022-04-24 11:00:00+00:00,34.926003,44.16109,20.925999
11484,2022-04-24 12:00:00+00:00,32.226,55.78873,22.276
11485,2022-04-24 13:00:00+00:00,29.675999,75.47193,24.876
11486,2022-04-24 14:00:00+00:00,28.675999,84.86174,25.876
11487,2022-04-24 15:00:00+00:00,28.226,88.67037,26.175999
11488,2022-04-24 16:00:00+00:00,27.876,90.23081,26.126
11489,2022-04-24 17:00:00+00:00,27.575998,91.55523,26.075998
11490,2022-04-24 18:00:00+00:00,27.226,92.07845,25.825998
11491,2022-04-24 19:00:00+00:00,26.776,94.26514,25.776
11492,2022-04-24 20:00:00+00:00,26.425999,94.81229,25.526
11493,2022-04-24 21:00:00+00:00,26.276,93.12872,25.075998
11494,2022-04-24 22:00:00+00:00,26.026,92.28578,24.675999
11495,2022-04-24 23:00:00+00:00,25.575998,92.815605,24.325998
11496,2022-04-25 00:00:00+00:00,25.526,94.213104,24.526
11497,2022-04-25 01:00:00+00:00,26.575998,88.27454,24.476
11498,2022-04-25 02:00:00+00:00,28.776,77.390785,24.425999
11499,2022-04-25 03:00:00+00:00,31.675999,61.707527,23.425999
11500,2022-04-25 04:00:00+00:00,34.576,46.572716,21.476
11501,2022-04-25 05:00:00+00:00,36.926003,36.846058,19.776
11502,2022-04-25 06:00:00+00:00,38.476,32.4266,19.075998
11503,2022-04-25 07:00:00+00:00,39.226,32.52718,19.776
11504,2022-04-25 08:00:00+00:00,38.726,35.326355,20.675999
11505,2022-04-25 09:00:00+00:00,37.076,43.92588,22.776
11506,2022-04-25 10:00:00+00:00,35.676003,50.083614,23.675999
11507,2022-04-25 11:00:00+00:00,34.576,51.18032,23.026
11508,2022-04-25 12:00:00+00:00,32.176003,64.85306,24.726
11509,2022-04-25 13:00:00+00:00,30.026,77.34386,25.626
11510,2022-04-25 14:00:00+00:00,29.276,82.20769,25.925999
11511,2022-04-25 15:00:00+00:00,29.026,83.158,25.876
11512,2022-04-25 16:00:00+00:00,28.776,83.376595,25.675999
11513,2022-04-25 17:00:00+00:00,28.376,85.33568,25.675999
11514,2022-04-25 18:00:00+00:00,27.925999,87.08358,25.575998
11515,2022-04-25 19:00:00+00:00,27.476,87.04329,25.126
11516,2022-04-25 20:00:00+00:00,26.925999,88.03996,24.776
11517,2022-04-25 21:00:00+00:00,26.276,90.93198,24.675999
11518,2022-04-25 22:00:00+00:00,25.825998,92.55126,24.526
11519,2022-04-25 23:00:00+00:00,25.575998,92.815605,24.325998
11520,2022-04-26 00:00:00+00:00,25.825998,93.94478,24.776
11521,2022-04-26 01:00:00+00:00,26.726,89.348076,24.825998
11522,2022-04-26 02:00:00+00:00,29.075998,76.28584,24.476
11523,2022-04-26 03:00:00+00:00,31.575998,64.34118,24.026
11524,2022-04-26 04:00:00+00:00,34.226,53.463543,23.425999
11525,2022-04-26 05:00:00+00:00,36.576,43.793243,22.276
11526,2022-04-26 06:00:00+00:00,38.426003,36.57227,20.976
11527,2022-04-26 07:00:00+00:00,38.876,37.373325,21.726
11528,2022-04-26 08:00:00+00:00,37.376,47.444733,24.325998
11529,2022-04-26 09:00:00+00:00,36.376,50.110775,24.325998
11530,2022-04-26 10:00:00+00:00,35.676003,48.1566,23.026
11531,2022-04-26 11:00:00+00:00,33.976,53.24073,23.126
11532,2022-04-26 12:00:00+00:00,31.976,62.521114,23.925999
11533,2022-04-26 13:00:00+00:00,30.075998,73.75557,24.876
11534,2022-04-26 14:00:00+00:00,29.276,82.94069,26.075998
11535,2022-04-26 15:00:00+00:00,28.876,83.14096,25.726
11536,2022-04-26 16:00:00+00:00,28.575998,85.862625,25.976
11537,2022-04-26 17:00:00+00:00,28.126,89.18824,26.175999
11538,2022-04-26 18:00:00+00:00,27.776,90.75916,26.126
11539,2022-04-26 19:00:00+00:00,27.376,92.086914,25.976
11540,2022-04-26 20:00:00+00:00,27.075998,92.6176,25.776
11541,2022-04-26 21:00:00+00:00,26.575998,93.698746,25.476
11542,2022-04-26 22:00:00+00:00,26.175999,94.52121,25.226
11543,2022-04-26 23:00:00+00:00,25.925999,94.511284,24.976
11544,2022-04-27 00:00:00+00:00,26.075998,93.676025,24.976
11545,2022-04-27 01:00:00+00:00,27.026,87.00284,24.675999
11546,2022-04-27 02:00:00+00:00,29.026,75.143776,24.175999
11547,2022-04-27 03:00:00+00:00,31.425999,62.026054,23.276
11548,2022-04-27 04:00:00+00:00,34.176003,48.799988,21.876
11549,2022-04-27 05:00:00+00:00,36.276,40.865555,20.876
11550,2022-04-27 06:00:00+00:00,37.576,38.415497,21.026
11551,2022-04-27 07:00:00+00:00,38.226,39.184578,21.925999
11552,2022-04-27 08:00:00+00:00,38.226,40.029224,22.276
11553,2022-04-27 09:00:00+00:00,37.276,41.386185,21.976
11554,2022-04-27 10:00:00+00:00,35.926003,42.174637,21.075998
11555,2022-04-27 11:00:00+00:00,34.176003,49.248577,22.026
11556,2022-04-27 12:00:00+00:00,32.026,63.477398,24.226
11557,2022-04-27 13:00:00+00:00,29.726,78.2241,25.526
11558,2022-04-27 14:00:00+00:00,28.925999,86.15034,26.376
11559,2022-04-27 15:00:00+00:00,28.575998,88.95972,26.575998
11560,2022-04-27 16:00:00+00:00,28.226,90.78842,26.575998
11561,2022-04-27 17:00:00+00:00,27.825998,92.11218,26.425999
11562,2022-04-27 18:00:00+00:00,27.376,93.45842,26.226
11563,2022-04-27 19:00:00+00:00,26.925999,94.55082,25.976
11564,2022-04-27 20:00:00+00:00,26.476,95.37848,25.675999
11565,2022-04-27 21:00:00+00:00,26.075998,95.933945,25.376
11566,2022-04-27 22:00:00+00:00,25.675999,96.208435,25.026
11567,2022-04-27 23:00:00+00:00,25.476,95.34475,24.675999
11568,2022-04-28 00:00:00+00:00,25.726,94.78587,24.825998
11569,2022-04-28 01:00:00+00:00,26.425999,90.94164,24.825998
11570,2022-04-28 02:00:00+00:00,28.675999,77.14456,24.276
11571,2022-04-28 03:00:00+00:00,31.226,63.88175,23.575998
11572,2022-04-28 04:00:00+00:00,34.276,46.636642,21.226
11573,2022-04-28 05:00:00+00:00,36.776,36.237926,19.376
11574,2022-04-28 06:00:00+00:00,38.576,30.581902,18.226
11575,2022-04-28 07:00:00+00:00,38.926003,33.99053,20.226
11576,2022-04-28 08:00:00+00:00,37.876,42.95463,23.126
11577,2022-04-28 09:00:00+00:00,36.376,49.0694,23.976
11578,2022-04-28 10:00:00+00:00,34.476,52.407368,23.325998
11579,2022-04-28 11:00:00+00:00,33.726,55.309307,23.526
11580,2022-04-28 12:00:00+00:00,32.326,64.497894,24.776
11581,2022-04-28 13:00:00+00:00,30.175999,76.00067,25.476
11582,2022-04-28 14:00:00+00:00,29.476,79.831726,25.626
11583,2022-04-28 15:00:00+00:00,28.976,84.39214,26.075998
11584,2022-04-28 16:00:00+00:00,28.675999,85.61868,26.026
11585,2022-04-28 17:00:00+00:00,28.126,88.40063,26.026
11586,2022-04-28 18:00:00+00:00,27.575998,90.4778,25.876
11587,2022-04-28 19:00:00+00:00,27.126,91.52824,25.626
11588,2022-04-28 20:00:00+00:00,26.776,89.35182,24.876
11589,2022-04-28 21:00:00+00:00,26.376,89.05484,24.425999
11590,2022-04-28 22:00:00+00:00,26.075998,90.10598,24.325998
11591,2022-04-28 23:00:00+00:00,25.776,92.271965,24.425999
11592,2022-04-29 00:00:00+00:00,25.726,94.50332,24.776
11593,2022-04-29 01:00:00+00:00,26.726,89.08173,24.776
11594,2022-04-29 02:00:00+00:00,29.175999,75.84597,24.476
11595,2022-04-29 03:00:00+00:00,31.726,64.56593,24.226
11596,2022-04-29 04:00:00+00:00,34.526,53.05591,23.575998
11597,2022-04-29 05:00:00+00:00,36.926003,43.093388,22.325998
11598,2022-04-29 06:00:00+00:00,38.526,37.622955,21.526
11599,2022-04-29 07:00:00+00:00,38.626,42.126472,23.476
11600,2022-04-29 08:00:00+00:00,38.126,44.203335,23.825998
11601,2022-04-29 09:00:00+00:00,37.926003,39.463947,21.776
11602,2022-04-29 10:00:00+00:00,36.876,40.403297,21.226
11603,2022-04-29 11:00:00+00:00,34.576,49.652218,22.526
11604,2022-04-29 12:00:00+00:00,32.626,59.725395,23.776
11605,2022-04-29 13:00:00+00:00,30.226,76.68811,25.675999
11606,2022-04-29 14:00:00+00:00,29.075998,86.9294,26.675999
11607,2022-04-29 15:00:00+00:00,28.776,87.93339,26.575998
11608,2022-04-29 16:00:00+00:00,28.276,92.13733,26.876
11609,2022-04-29 17:00:00+00:00,27.976,95.14883,27.126
11610,2022-04-29 18:00:00+00:00,27.575998,95.69622,26.825998
11611,2022-04-29 19:00:00+00:00,27.276,94.84405,26.376
11612,2022-04-29 20:00:00+00:00,27.126,91.52824,25.626
11613,2022-04-29 21:00:00+00:00,26.776,92.32701,25.425999
11614,2022-04-29 22:00:00+00:00,26.325998,95.090614,25.476
11615,2022-04-29 23:00:00+00:00,26.026,96.21812,25.376
11616,2022-04-30 00:00:00+00:00,25.776,94.5053,24.825998
11617,2022-04-30 01:00:00+00:00,26.675999,90.14786,24.925999
11618,2022-04-30 02:00:00+00:00,29.075998,79.304855,25.126
11619,2022-04-30 03:00:00+00:00,31.726,66.52746,24.726
11620,2022-04-30 04:00:00+00:00,34.526,54.511837,24.026
11621,2022-04-30 05:00:00+00:00,37.326,40.64843,21.726
11622,2022-04-30 06:00:00+00:00,39.626,28.901861,18.226
11623,2022-04-30 07:00:00+00:00,40.926003,23.989277,16.376
11624,2022-04-30 08:00:00+00:00,40.476,30.327848,19.726
11625,2022-04-30 09:00:00+00:00,38.576,45.260315,24.626
11626,2022-04-30 10:00:00+00:00,37.176003,46.128155,23.675999
11627,2022-04-30 11:00:00+00:00,35.676003,49.185993,23.376
11628,2022-04-30 12:00:00+00:00,32.976,63.868664,25.226
11629,2022-04-30 13:00:00+00:00,30.575998,79.50765,26.626
11630,2022-04-30 14:00:00+00:00,29.825998,81.54805,26.325998
11631,2022-04-30 15:00:00+00:00,29.276,85.67748,26.626
11632,2022-04-30 16:00:00+00:00,28.825998,88.1969,26.675999
11633,2022-04-30 17:00:00+00:00,28.226,92.95056,26.976
11634,2022-04-30 18:00:00+00:00,27.925999,94.58991,26.976
11635,2022-04-30 19:00:00+00:00,27.626,95.4168,26.825998
11636,2022-04-30 20:00:00+00:00,27.325998,96.253746,26.675999
11637,2022-04-30 21:00:00+00:00,27.075998,96.24693,26.425999
11638,2022-04-30 22:00:00+00:00,26.976,93.71684,25.876
11639,2022-04-30 23:00:00+00:00,26.675999,93.98178,25.626
11640,2022-05-01 00:00:00+00:00,27.325998,90.72976,25.675999
11641,2022-05-01 01:00:00+00:00,28.126,86.58643,25.675999
11642,2022-05-01 02:00:00+00:00,30.276,75.79071,25.526
11643,2022-05-01 03:00:00+00:00,32.776,63.636547,24.976
11644,2022-05-01 04:00:00+00:00,35.326,53.57308,24.476
11645,2022-05-01 05:00:00+00:00,37.726,43.700333,23.276
11646,2022-05-01 06:00:00+00:00,39.926003,33.841484,21.026
11647,2022-05-01 07:00:00+00:00,41.276,27.827087,19.026
11648,2022-05-01 08:00:00+00:00,40.926003,31.595207,20.776
11649,2022-05-01 09:00:00+00:00,39.276,39.94683,23.175999
11650,2022-05-01 10:00:00+00:00,37.676003,45.56935,23.925999
11651,2022-05-01 11:00:00+00:00,36.176003,49.462364,23.925999
11652,2022-05-01 12:00:00+00:00,32.576,68.29721,25.976
11653,2022-05-01 13:00:00+00:00,30.626,78.81473,26.526
11654,2022-05-01 14:00:00+00:00,29.626,88.00408,27.425999
11655,2022-05-01 15:00:00+00:00,29.526,85.70189,26.876
11656,2022-05-01 16:00:00+00:00,29.226,88.48888,27.126
11657,2022-05-01 17:00:00+00:00,29.026,88.733246,26.976
11658,2022-05-01 18:00:00+00:00,28.726,90.82078,27.075998
11659,2022-05-01 19:00:00+00:00,28.476,91.34008,26.925999
11660,2022-05-01 20:00:00+00:00,28.226,91.594025,26.726
11661,2022-05-01 21:00:00+00:00,28.126,90.78194,26.476
11662,2022-05-01 22:00:00+00:00,28.075998,89.18448,26.126
11663,2022-05-01 23:00:00+00:00,27.976,87.866295,25.776
11664,2022-05-02 00:00:00+00:00,27.425999,88.343925,25.325998
11665,2022-05-02 01:00:00+00:00,28.226,84.062065,25.276
11666,2022-05-02 02:00:00+00:00,30.726,71.0595,24.876
11667,2022-05-02 03:00:00+00:00,33.326,58.993694,24.226
11668,2022-05-02 04:00:00+00:00,36.126,46.694714,22.925999
11669,2022-05-02 05:00:00+00:00,38.626,37.76518,21.675999
11670,2022-05-02 06:00:00+00:00,40.676003,30.286928,19.876
11671,2022-05-02 07:00:00+00:00,40.726,30.019787,19.776
11672,2022-05-02 08:00:00+00:00,37.526,48.632347,24.876
11673,2022-05-02 09:00:00+00:00,36.476,48.801014,23.976
11674,2022-05-02 10:00:00+00:00,35.276,52.60619,24.126
11675,2022-05-02 11:00:00+00:00,34.726,54.234074,24.126
11676,2022-05-02 12:00:00+00:00,33.176003,58.95927,24.075998
11677,2022-05-02 13:00:00+00:00,30.976,74.12369,25.825998
11678,2022-05-02 14:00:00+00:00,30.175999,80.39753,26.425999
11679,2022-05-02 15:00:00+00:00,29.626,84.95915,26.825998
11680,2022-05-02 16:00:00+00:00,29.425999,84.93875,26.626
11681,2022-05-02 17:00:00+00:00,29.276,84.42387,26.376
11682,2022-05-02 18:00:00+00:00,29.026,85.400604,26.325998
11683,2022-05-02 19:00:00+00:00,28.675999,86.89337,26.276
11684,2022-05-02 20:00:00+00:00,28.476,88.428825,26.376
11685,2022-05-02 21:00:00+00:00,28.126,90.24797,26.376
11686,2022-05-02 22:00:00+00:00,27.876,91.57317,26.376
11687,2022-05-02 23:00:00+00:00,27.726,92.10655,26.325998
11688,2022-05-03 00:00:00+00:00,27.876,91.57317,26.376
11689,2022-05-03 01:00:00+00:00,28.726,85.3707,26.026
11690,2022-05-03 02:00:00+00:00,30.675999,74.074585,25.526
11691,2022-05-03 03:00:00+00:00,32.876,62.3421,24.726
11692,2022-05-03 04:00:00+00:00,35.226,50.72891,23.476
11693,2022-05-03 05:00:00+00:00,37.276,43.05567,22.626
11694,2022-05-03 06:00:00+00:00,38.426003,40.449673,22.626
11695,2022-05-03 07:00:00+00:00,37.026,51.48699,25.376
11696,2022-05-03 08:00:00+00:00,36.276,52.071354,24.876
11697,2022-05-03 09:00:00+00:00,35.526,53.622044,24.675999
11698,2022-05-03 10:00:00+00:00,34.826,55.242306,24.526
11699,2022-05-03 11:00:00+00:00,33.876,58.943146,24.726
11700,2022-05-03 12:00:00+00:00,31.925999,68.579056,25.425999
11701,2022-05-03 13:00:00+00:00,30.425999,77.17376,25.976
11702,2022-05-03 14:00:00+00:00,29.825998,81.54805,26.325998
11703,2022-05-03 15:00:00+00:00,29.626,83.471535,26.526
11704,2022-05-03 16:00:00+00:00,29.476,83.948616,26.476
11705,2022-05-03 17:00:00+00:00,29.276,85.42545,26.575998
11706,2022-05-03 18:00:00+00:00,29.026,86.924904,26.626
11707,2022-05-03 19:00:00+00:00,28.776,87.93339,26.575998
11708,2022-05-03 20:00:00+00:00,28.526,89.2184,26.575998
11709,2022-05-03 21:00:00+00:00,28.175999,90.25137,26.425999
11710,2022-05-03 22:00:00+00:00,27.925999,90.76893,26.276
11711,2022-05-03 23:00:00+00:00,27.726,91.29406,26.175999
11712,2022-05-04 00:00:00+00:00,27.776,90.22394,26.026
11713,2022-05-04 01:00:00+00:00,28.626,85.61375,25.976
11714,2022-05-04 02:00:00+00:00,30.325998,75.12611,25.425999
11715,2022-05-04 03:00:00+00:00,32.476,62.62928,24.425999
11716,2022-05-04 04:00:00+00:00,34.626,53.88498,23.925999
11717,2022-05-04 05:00:00+00:00,36.576,47.380096,23.575998
11718,2022-05-04 06:00:00+00:00,37.676003,44.084606,23.376
11719,2022-05-04 07:00:00+00:00,36.776,47.574802,23.825998
11720,2022-05-04 08:00:00+00:00,35.226,55.83548,25.075998
11721,2022-05-04 09:00:00+00:00,35.476,56.06145,25.376
11722,2022-05-04 10:00:00+00:00,33.676003,60.501965,24.976
11723,2022-05-04 11:00:00+00:00,32.926003,62.7263,24.876
11724,2022-05-04 12:00:00+00:00,31.726,68.94997,25.325998
11725,2022-05-04 13:00:00+00:00,30.425999,74.91913,25.476
11726,2022-05-04 14:00:00+00:00,29.776,78.69683,25.675999
11727,2022-05-04 15:00:00+00:00,29.526,80.313225,25.776
11728,2022-05-04 16:00:00+00:00,29.325998,81.72831,25.876
11729,2022-05-04 17:00:00+00:00,29.026,83.158,25.876
11730,2022-05-04 18:00:00+00:00,28.726,84.11602,25.776
11731,2022-05-04 19:00:00+00:00,28.376,85.082886,25.626
11732,2022-05-04 20:00:00+00:00,28.026,86.57718,25.575998
11733,2022-05-04 21:00:00+00:00,27.825998,87.59332,25.575998
11734,2022-05-04 22:00:00+00:00,27.526,89.40773,25.626
11735,2022-05-04 23:00:00+00:00,26.976,92.61232,25.675999
11736,2022-05-05 00:00:00+00:00,27.376,89.6625,25.526
11737,2022-05-05 01:00:00+00:00,28.026,86.8345,25.626
11738,2022-05-05 02:00:00+00:00,30.126,76.219086,25.476
11739,2022-05-05 03:00:00+00:00,32.226,65.64222,24.976
11740,2022-05-05 04:00:00+00:00,34.126,57.435516,24.526
11741,2022-05-05 05:00:00+00:00,35.776,50.867767,24.026
11742,2022-05-05 06:00:00+00:00,36.626,47.535976,23.675999
11743,2022-05-05 07:00:00+00:00,36.476,48.508583,23.876
11744,2022-05-05 08:00:00+00:00,35.076,57.485973,25.425999
11745,2022-05-05 09:00:00+00:00,34.826,56.241726,24.825998
11746,2022-05-05 10:00:00+00:00,34.776,54.409195,24.226
11747,2022-05-05 11:00:00+00:00,33.826,58.9317,24.675999
11748,2022-05-05 12:00:00+00:00,32.526,62.640083,24.476
11749,2022-05-05 13:00:00+00:00,30.925999,70.46236,24.925999
11750,2022-05-05 14:00:00+00:00,29.776,79.63539,25.876
11751,2022-05-05 15:00:00+00:00,29.476,80.30671,25.726
11752,2022-05-05 16:00:00+00:00,29.026,84.897736,26.226
11753,2022-05-05 17:00:00+00:00,28.575998,88.95972,26.575998
11754,2022-05-05 18:00:00+00:00,28.175999,92.403145,26.825998
11755,2022-05-05 19:00:00+00:00,27.925999,93.7595,26.825998
11756,2022-05-05 20:00:00+00:00,27.675999,94.580185,26.726
11757,2022-05-05 21:00:00+00:00,27.425999,95.69154,26.675999
11758,2022-05-05 22:00:00+00:00,27.226,96.53498,26.626
11759,2022-05-05 23:00:00+00:00,27.075998,96.81619,26.526
11760,2022-05-06 00:00:00+00:00,27.325998,96.53751,26.726
11761,2022-05-06 01:00:00+00:00,28.425999,86.87078,26.026
11762,2022-05-06 02:00:00+00:00,30.075998,76.89353,25.575998
11763,2022-05-06 03:00:00+00:00,32.326,64.30555,24.726
11764,2022-05-06 04:00:00+00:00,34.826,52.652756,23.726
11765,2022-05-06 05:00:00+00:00,36.976,43.76638,22.626
11766,2022-05-06 06:00:00+00:00,38.626,37.76518,21.675999
11767,2022-05-06 07:00:00+00:00,39.826,33.91873,20.976
11768,2022-05-06 08:00:00+00:00,39.176003,35.665874,21.226
11769,2022-05-06 09:00:00+00:00,35.626,55.434174,25.325998
11770,2022-05-06 10:00:00+00:00,34.276,59.56409,25.276
11771,2022-05-06 11:00:00+00:00,33.826,57.5375,24.276
11772,2022-05-06 12:00:00+00:00,31.825998,67.95073,25.175999
11773,2022-05-06 13:00:00+00:00,30.425999,76.49122,25.825998
11774,2022-05-06 14:00:00+00:00,29.526,84.94895,26.726
11775,2022-05-06 15:00:00+00:00,29.276,85.93014,26.675999
11776,2022-05-06 16:00:00+00:00,29.075998,86.9294,26.675999
11777,2022-05-06 17:00:00+00:00,28.726,89.23344,26.776
11778,2022-05-06 18:00:00+00:00,28.325998,92.14011,26.925999
11779,2022-05-06 19:00:00+00:00,27.925999,94.312386,26.925999
11780,2022-05-06 20:00:00+00:00,27.325998,97.1072,26.825998
11781,2022-05-06 21:00:00+00:00,27.325998,97.393166,26.876
11782,2022-05-06 22:00:00+00:00,27.226,97.39125,26.776
11783,2022-05-06 23:00:00+00:00,27.075998,97.3884,26.626
11784,2022-05-07 00:00:00+00:00,26.976,96.2442,26.325998
11785,2022-05-07 01:00:00+00:00,27.776,90.22394,26.026
11786,2022-05-07 02:00:00+00:00,29.476,79.831726,25.626
11787,2022-05-07 03:00:00+00:00,31.876,66.16127,24.776
11788,2022-05-07 04:00:00+00:00,34.226,53.625034,23.476
11789,2022-05-07 05:00:00+00:00,36.426003,43.355145,21.976
11790,2022-05-07 06:00:00+00:00,38.176003,36.168945,20.575998
11791,2022-05-07 07:00:00+00:00,37.976,38.170986,21.276
11792,2022-05-07 08:00:00+00:00,37.376,43.87238,23.026
11793,2022-05-07 09:00:00+00:00,36.326,51.15892,24.626
11794,2022-05-07 10:00:00+00:00,34.826,55.242306,24.526
11795,2022-05-07 11:00:00+00:00,33.926003,55.191128,23.675999
11796,2022-05-07 12:00:00+00:00,32.026,62.344353,23.925999
11797,2022-05-07 13:00:00+00:00,30.626,70.618385,24.675999
11798,2022-05-07 14:00:00+00:00,29.825998,77.085045,25.376
11799,2022-05-07 15:00:00+00:00,29.276,81.72218,25.825998
11800,2022-05-07 16:00:00+00:00,28.976,83.64632,25.925999
11801,2022-05-07 17:00:00+00:00,28.526,87.13698,26.175999
11802,2022-05-07 18:00:00+00:00,28.075998,90.51128,26.376
11803,2022-05-07 19:00:00+00:00,27.726,92.92538,26.476
11804,2022-05-07 20:00:00+00:00,27.425999,95.12953,26.575998
11805,2022-05-07 21:00:00+00:00,27.126,96.24831,26.476
11806,2022-05-07 22:00:00+00:00,26.976,96.81386,26.425999
11807,2022-05-07 23:00:00+00:00,26.776,97.67048,26.376
11808,2022-05-08 00:00:00+00:00,26.776,98.538414,26.526
11809,2022-05-08 01:00:00+00:00,27.876,92.114975,26.476
11810,2022-05-08 02:00:00+00:00,29.575998,81.758736,26.126
11811,2022-05-08 03:00:00+00:00,31.675999,71.018394,25.776
11812,2022-05-08 04:00:00+00:00,34.326,55.12184,24.026
11813,2022-05-08 05:00:00+00:00,36.376,44.007362,22.175999
11814,2022-05-08 06:00:00+00:00,37.926003,38.74656,21.476
11815,2022-05-08 07:00:00+00:00,36.076,48.11452,23.376
11816,2022-05-08 08:00:00+00:00,37.376,45.081345,23.476
11817,2022-05-08 09:00:00+00:00,36.376,44.681843,22.425999
11818,2022-05-08 10:00:00+00:00,35.576,45.569393,22.026
11819,2022-05-08 11:00:00+00:00,34.576,51.18032,23.026
11820,2022-05-08 12:00:00+00:00,33.326,49.78642,21.425999
11821,2022-05-08 13:00:00+00:00,31.376,62.39075,23.325998
11822,2022-05-08 14:00:00+00:00,30.325998,71.62754,24.626
11823,2022-05-08 15:00:00+00:00,29.726,75.47976,24.925999
11824,2022-05-08 16:00:00+00:00,29.226,79.08956,25.226
11825,2022-05-08 17:00:00+00:00,29.075998,81.4557,25.575998
11826,2022-05-08 18:00:00+00:00,28.526,84.84625,25.726
11827,2022-05-08 19:00:00+00:00,28.425999,87.1281,26.075998
11828,2022-05-08 20:00:00+00:00,27.925999,88.12294,25.776
11829,2022-05-08 21:00:00+00:00,27.526,89.14278,25.575998
11830,2022-05-08 22:00:00+00:00,28.026,85.30053,25.325998
11831,2022-05-08 23:00:00+00:00,27.876,85.53969,25.226
11832,2022-05-09 00:00:00+00:00,27.325998,91.26939,25.776
11833,2022-05-09 01:00:00+00:00,28.425999,84.584526,25.575998
11834,2022-05-09 02:00:00+00:00,30.425999,71.43146,24.675999
11835,2022-05-09 03:00:00+00:00,32.126,61.251236,23.726
11836,2022-05-09 04:00:00+00:00,33.976,52.44124,22.876
11837,2022-05-09 05:00:00+00:00,34.876,46.36726,21.675999
11838,2022-05-09 06:00:00+00:00,35.476,43.500263,21.175999
11839,2022-05-09 07:00:00+00:00,36.526,39.9386,20.726
11840,2022-05-09 08:00:00+00:00,38.176003,34.210575,19.675999
11841,2022-05-09 09:00:00+00:00,38.976,27.836487,17.075998
11842,2022-05-09 10:00:00+00:00,37.526,34.35452,19.175999
11843,2022-05-09 11:00:00+00:00,33.326,62.253853,25.126
11844,2022-05-09 12:00:00+00:00,31.776,65.35463,24.476
11845,2022-05-09 13:00:00+00:00,31.526,66.68659,24.575998
11846,2022-05-09 14:00:00+00:00,31.376,69.08944,25.026
11847,2022-05-09 15:00:00+00:00,31.226,70.09826,25.126
11848,2022-05-09 16:00:00+00:00,30.626,74.286674,25.526
11849,2022-05-09 17:00:00+00:00,29.876,79.41334,25.925999
11850,2022-05-09 18:00:00+00:00,29.425999,79.35243,25.476
11851,2022-05-09 19:00:00+00:00,28.476,90.00655,26.675999
11852,2022-05-09 20:00:00+00:00,28.675999,81.64885,25.226
11853,2022-05-09 21:00:00+00:00,28.526,80.182526,24.776
11854,2022-05-09 22:00:00+00:00,28.175999,81.83141,24.776
11855,2022-05-09 23:00:00+00:00,28.075998,81.81922,24.675999
11856,2022-05-10 00:00:00+00:00,27.825998,81.5442,24.376
11857,2022-05-10 01:00:00+00:00,27.876,81.30652,24.376
11858,2022-05-10 02:00:00+00:00,26.026,91.46169,24.526
11859,2022-05-10 03:00:00+00:00,25.825998,91.99893,24.425999
11860,2022-05-10 04:00:00+00:00,26.075998,93.118866,24.876
11861,2022-05-10 05:00:00+00:00,26.925999,89.89714,25.126
11862,2022-05-10 06:00:00+00:00,27.126,92.89501,25.876
11863,2022-05-10 07:00:00+00:00,26.976,95.3952,26.175999
11864,2022-05-10 08:00:00+00:00,26.925999,96.52741,26.325998
11865,2022-05-10 09:00:00+00:00,28.925999,78.577995,24.825998
11866,2022-05-10 10:00:00+00:00,28.476,76.19374,23.876
11867,2022-05-10 11:00:00+00:00,28.126,78.46527,24.026
11868,2022-05-10 12:00:00+00:00,26.726,91.50413,25.226
11869,2022-05-10 13:00:00+00:00,26.575998,95.38184,25.776
11870,2022-05-10 14:00:00+00:00,26.675999,91.50111,25.175999
11871,2022-05-10 15:00:00+00:00,26.376,90.39672,24.675999
11872,2022-05-10 16:00:00+00:00,26.325998,89.31807,24.425999
11873,2022-05-10 17:00:00+00:00,26.126,89.0356,24.175999
11874,2022-05-10 18:00:00+00:00,26.126,90.37971,24.425999
11875,2022-05-10 19:00:00+00:00,26.175999,90.65399,24.526
11876,2022-05-10 20:00:00+00:00,26.175999,89.84357,24.376
11877,2022-05-10 21:00:00+00:00,26.476,85.14344,23.776
11878,2022-05-10 22:00:00+00:00,26.425999,83.61302,23.425999
11879,2022-05-10 23:00:00+00:00,26.226,84.6061,23.425999
11880,2022-05-11 00:00:00+00:00,26.126,86.39975,23.675999
11881,2022-05-11 01:00:00+00:00,26.376,84.36731,23.526
11882,2022-05-11 02:00:00+00:00,26.325998,80.37688,22.675999
11883,2022-05-11 03:00:00+00:00,25.925999,82.55043,22.726
11884,2022-05-11 04:00:00+00:00,24.976,91.39744,23.476
11885,2022-05-11 05:00:00+00:00,26.026,90.102486,24.276
11886,2022-05-11 06:00:00+00:00,26.675999,88.28272,24.575998
11887,2022-05-11 07:00:00+00:00,27.175999,87.016365,24.825998
11888,2022-05-11 08:00:00+00:00,26.876,87.51118,24.626
11889,2022-05-11 09:00:00+00:00,26.925999,85.95865,24.376
11890,2022-05-11 10:00:00+00:00,26.626,87.22773,24.325998
11891,2022-05-11 11:00:00+00:00,26.075998,89.299255,24.175999
11892,2022-05-11 12:00:00+00:00,26.476,84.37801,23.626
11893,2022-05-11 13:00:00+00:00,25.726,89.54166,23.876
11894,2022-05-11 14:00:00+00:00,25.726,90.08145,23.976
11895,2022-05-11 15:00:00+00:00,25.726,90.3524,24.026
11896,2022-05-11 16:00:00+00:00,25.726,90.08145,23.976
11897,2022-05-11 17:00:00+00:00,25.425999,91.70018,23.976
11898,2022-05-11 18:00:00+00:00,25.376,92.24978,24.026
11899,2022-05-11 19:00:00+00:00,25.325998,91.41894,23.825998
11900,2022-05-11 20:00:00+00:00,25.226,91.412796,23.726
11901,2022-05-11 21:00:00+00:00,25.175999,91.96162,23.776
11902,2022-05-11 22:00:00+00:00,25.675999,86.09669,23.175999
11903,2022-05-11 23:00:00+00:00,26.126,81.827,22.776
11904,2022-05-12 00:00:00+00:00,24.376,94.44913,23.425999
11905,2022-05-12 01:00:00+00:00,24.226,95.01499,23.376
11906,2022-05-12 02:00:00+00:00,24.925999,95.61248,24.175999
11907,2022-05-12 03:00:00+00:00,26.126,90.92232,24.526
11908,2022-05-12 04:00:00+00:00,27.425999,81.25013,23.925999
11909,2022-05-12 05:00:00+00:00,27.425999,81.73975,24.026
11910,2022-05-12 06:00:00+00:00,28.026,79.876884,24.226
11911,2022-05-12 07:00:00+00:00,27.675999,87.841,25.476
11912,2022-05-12 08:00:00+00:00,27.175999,89.381714,25.276
11913,2022-05-12 09:00:00+00:00,26.376,92.856735,25.126
11914,2022-05-12 10:00:00+00:00,26.075998,94.236084,25.075998
11915,2022-05-12 11:00:00+00:00,26.276,96.5109,25.675999
11916,2022-05-12 12:00:00+00:00,27.425999,89.135185,25.476
11917,2022-05-12 13:00:00+00:00,26.626,89.87574,24.825998
11918,2022-05-12 14:00:00+00:00,26.026,92.28578,24.675999
11919,2022-05-12 15:00:00+00:00,25.876,91.45256,24.376
11920,2022-05-12 16:00:00+00:00,25.675999,90.62075,24.026
11921,2022-05-12 17:00:00+00:00,25.325998,92.80267,24.075998
11922,2022-05-12 18:00:00+00:00,25.376,93.64399,24.276
11923,2022-05-12 19:00:00+00:00,24.976,95.61408,24.226
11924,2022-05-12 20:00:00+00:00,24.925999,94.755486,24.026
11925,2022-05-12 21:00:00+00:00,25.026,93.066635,23.825998
11926,2022-05-12 22:00:00+00:00,25.226,91.964485,23.825998
11927,2022-05-12 23:00:00+00:00,25.276,92.24421,23.925999
11928,2022-05-13 00:00:00+00:00,25.376,94.48934,24.425999
11929,2022-05-13 01:00:00+00:00,25.976,92.00749,24.575998
11930,2022-05-13 02:00:00+00:00,27.276,85.22482,24.575998
11931,2022-05-13 03:00:00+00:00,28.726,77.6155,24.425999
11932,2022-05-13 04:00:00+00:00,29.626,73.90157,24.476
11933,2022-05-13 05:00:00+00:00,30.726,69.38085,24.476
11934,2022-05-13 06:00:00+00:00,31.626,65.51984,24.376
11935,2022-05-13 07:00:00+00:00,32.676003,61.741787,24.376
11936,2022-05-13 08:00:00+00:00,33.376,59.005116,24.276
11937,2022-05-13 09:00:00+00:00,33.376,58.30139,24.075998
11938,2022-05-13 10:00:00+00:00,32.576,61.16704,24.126
11939,2022-05-13 11:00:00+00:00,30.825998,74.98289,25.876
11940,2022-05-13 12:00:00+00:00,30.526,75.82943,25.776
11941,2022-05-13 13:00:00+00:00,29.126,82.18983,25.776
11942,2022-05-13 14:00:00+00:00,28.075998,86.83906,25.675999
11943,2022-05-13 15:00:00+00:00,27.575998,89.94324,25.776
11944,2022-05-13 16:00:00+00:00,27.075998,93.44433,25.925999
11945,2022-05-13 17:00:00+00:00,27.126,93.72361,26.026
11946,2022-05-13 18:00:00+00:00,27.175999,94.28164,26.175999
11947,2022-05-13 19:00:00+00:00,27.075998,93.44433,25.925999
11948,2022-05-13 20:00:00+00:00,27.026,91.522224,25.526
11949,2022-05-13 21:00:00+00:00,26.526,93.696465,25.425999
11950,2022-05-13 22:00:00+00:00,26.126,95.08349,25.276
11951,2022-05-13 23:00:00+00:00,25.976,95.64595,25.226
11952,2022-05-14 00:00:00+00:00,26.126,94.80098,25.226
11953,2022-05-14 01:00:00+00:00,27.526,89.40773,25.626
11954,2022-05-14 02:00:00+00:00,29.026,82.42198,25.726
11955,2022-05-14 03:00:00+00:00,30.626,73.19086,25.276
11956,2022-05-14 04:00:00+00:00,31.925999,66.56742,24.925999
11957,2022-05-14 05:00:00+00:00,33.026,61.450058,24.626
11958,2022-05-14 06:00:00+00:00,34.076,57.08102,24.376
11959,2022-05-14 07:00:00+00:00,34.826,54.25846,24.226
11960,2022-05-14 08:00:00+00:00,35.426003,52.48579,24.226
11961,2022-05-14 09:00:00+00:00,35.526,52.82606,24.425999
11962,2022-05-14 10:00:00+00:00,34.126,60.782604,25.476
11963,2022-05-14 11:00:00+00:00,32.176003,74.31892,27.026
11964,2022-05-14 12:00:00+00:00,31.126,77.04941,26.626
11965,2022-05-14 13:00:00+00:00,29.776,83.73434,26.726
11966,2022-05-14 14:00:00+00:00,29.075998,86.418846,26.575998
11967,2022-05-14 15:00:00+00:00,26.976,91.5192,25.476
11968,2022-05-14 16:00:00+00:00,26.376,91.48294,24.876
11969,2022-05-14 17:00:00+00:00,25.876,93.66689,24.776
11970,2022-05-14 18:00:00+00:00,25.526,93.650856,24.425999
11971,2022-05-14 19:00:00+00:00,25.776,91.17274,24.226
11972,2022-05-14 20:00:00+00:00,25.776,93.10398,24.575998
11973,2022-05-14 21:00:00+00:00,25.825998,93.38517,24.675999
11974,2022-05-14 22:00:00+00:00,25.825998,93.38517,24.675999
11975,2022-05-14 23:00:00+00:00,25.776,93.10398,24.575998
11976,2022-05-15 00:00:00+00:00,25.925999,93.111435,24.726
11977,2022-05-15 01:00:00+00:00,27.026,89.3705,25.126
11978,2022-05-15 02:00:00+00:00,28.876,82.40429,25.575998
11979,2022-05-15 03:00:00+00:00,30.675999,74.074585,25.526
11980,2022-05-15 04:00:00+00:00,32.326,65.85846,25.126
11981,2022-05-15 05:00:00+00:00,33.626,59.772835,24.726
11982,2022-05-15 06:00:00+00:00,34.276,57.299057,24.626
11983,2022-05-15 07:00:00+00:00,34.676003,55.371754,24.425999
11984,2022-05-15 08:00:00+00:00,34.726,57.063152,24.976
11985,2022-05-15 09:00:00+00:00,32.826,69.97691,26.626
11986,2022-05-15 10:00:00+00:00,32.276,74.11724,27.075998
11987,2022-05-15 11:00:00+00:00,31.626,76.222496,26.925999
11988,2022-05-15 12:00:00+00:00,30.876,74.54793,25.825998
11989,2022-05-15 13:00:00+00:00,29.575998,81.758736,26.126
11990,2022-05-15 14:00:00+00:00,26.126,91.467766,24.626
11991,2022-05-15 15:00:00+00:00,26.276,94.24442,25.276
11992,2022-05-15 16:00:00+00:00,26.376,94.24856,25.376
11993,2022-05-15 17:00:00+00:00,26.376,93.968735,25.325998
11994,2022-05-15 18:00:00+00:00,26.376,94.81038,25.476
11995,2022-05-15 19:00:00+00:00,26.175999,96.50836,25.575998
11996,2022-05-15 20:00:00+00:00,25.876,97.65502,25.476
11997,2022-05-15 21:00:00+00:00,25.626,98.23345,25.325998
11998,2022-05-15 22:00:00+00:00,25.425999,97.93867,25.075998
11999,2022-05-15 23:00:00+00:00,25.075998,98.22628,24.776
12000,2022-05-16 00:00:00+00:00,25.626,95.634834,24.876
12001,2022-05-16 01:00:00+00:00,26.626,89.87574,24.825998
12002,2022-05-16 02:00:00+00:00,27.925999,84.28043,25.026
12003,2022-05-16 03:00:00+00:00,29.425999,79.117004,25.425999
12004,2022-05-16 04:00:00+00:00,30.675999,74.959,25.726
12005,2022-05-16 05:00:00+00:00,32.026,68.802055,25.575998
12006,2022-05-16 06:00:00+00:00,32.926003,64.43072,25.325998
12007,2022-05-16 07:00:00+00:00,33.526,62.482662,25.376
12008,2022-05-16 08:00:00+00:00,33.026,67.78033,26.276
12009,2022-05-16 09:00:00+00:00,32.126,70.26294,26.026
12010,2022-05-16 10:00:00+00:00,31.675999,70.389366,25.626
12011,2022-05-16 11:00:00+00:00,30.925999,74.335495,25.825998
12012,2022-05-16 12:00:00+00:00,30.276,78.30196,26.075998
12013,2022-05-16 13:00:00+00:00,29.126,83.910614,26.126
12014,2022-05-16 14:00:00+00:00,28.776,85.6285,26.126
12015,2022-05-16 15:00:00+00:00,28.626,86.121796,26.075998
12016,2022-05-16 16:00:00+00:00,28.325998,87.63621,26.075998
12017,2022-05-16 17:00:00+00:00,28.376,87.6405,26.126
12018,2022-05-16 18:00:00+00:00,28.075998,90.77868,26.425999
12019,2022-05-16 19:00:00+00:00,27.575998,93.19245,26.376
12020,2022-05-16 20:00:00+00:00,26.876,95.39185,26.075998
12021,2022-05-16 21:00:00+00:00,26.526,94.25481,25.526
12022,2022-05-16 22:00:00+00:00,26.276,93.96441,25.226
12023,2022-05-16 23:00:00+00:00,26.026,95.93245,25.325998
12024,2022-05-17 00:00:00+00:00,25.825998,96.49941,25.226
12025,2022-05-17 01:00:00+00:00,26.976,90.16869,25.226
12026,2022-05-17 02:00:00+00:00,28.325998,84.072876,25.376
12027,2022-05-17 03:00:00+00:00,29.675999,78.91678,25.626
12028,2022-05-17 04:00:00+00:00,30.976,71.95578,25.325998
12029,2022-05-17 05:00:00+00:00,31.726,68.7452,25.276
12030,2022-05-17 06:00:00+00:00,32.526,65.703186,25.276
12031,2022-05-17 07:00:00+00:00,33.226,62.232155,25.026
12032,2022-05-17 08:00:00+00:00,33.326,61.884,25.026
12033,2022-05-17 09:00:00+00:00,32.076,70.462036,26.026
12034,2022-05-17 10:00:00+00:00,31.425999,70.76315,25.476
12035,2022-05-17 11:00:00+00:00,30.626,74.50754,25.575998
12036,2022-05-17 12:00:00+00:00,30.425999,76.03913,25.726
12037,2022-05-17 13:00:00+00:00,29.276,82.94069,26.075998
12038,2022-05-17 14:00:00+00:00,28.675999,87.15029,26.325998
12039,2022-05-17 15:00:00+00:00,28.526,88.69402,26.476
12040,2022-05-17 16:00:00+00:00,28.526,88.95587,26.526
12041,2022-05-17 17:00:00+00:00,28.476,87.13255,26.126
12042,2022-05-17 18:00:00+00:00,27.325998,88.33581,25.226
12043,2022-05-17 19:00:00+00:00,25.925999,89.55641,24.075998
12044,2022-05-17 20:00:00+00:00,25.276,92.24421,23.925999
12045,2022-05-17 21:00:00+00:00,25.175999,93.07415,23.976
12046,2022-05-17 22:00:00+00:00,25.026,94.759285,24.126
12047,2022-05-17 23:00:00+00:00,24.876,97.0548,24.376
12048,2022-05-18 00:00:00+00:00,25.626,94.49932,24.675999
12049,2022-05-18 01:00:00+00:00,26.376,90.39672,24.675999
12050,2022-05-18 02:00:00+00:00,27.626,84.75294,24.825998
12051,2022-05-18 03:00:00+00:00,28.925999,80.71396,25.276
12052,2022-05-18 04:00:00+00:00,30.575998,74.05816,25.425999
12053,2022-05-18 05:00:00+00:00,31.976,67.175255,25.126
12054,2022-05-18 06:00:00+00:00,32.376,65.47738,25.075998
12055,2022-05-18 07:00:00+00:00,32.376,65.67272,25.126
12056,2022-05-18 08:00:00+00:00,31.925999,67.97007,25.276
12057,2022-05-18 09:00:00+00:00,31.425999,69.92669,25.276
12058,2022-05-18 10:00:00+00:00,30.026,79.199005,26.026
12059,2022-05-18 11:00:00+00:00,29.726,78.68986,25.626
12060,2022-05-18 12:00:00+00:00,30.476,74.9271,25.526
12061,2022-05-18 13:00:00+00:00,29.376,80.05575,25.575998
12062,2022-05-18 14:00:00+00:00,28.876,83.8834,25.876
12063,2022-05-18 15:00:00+00:00,28.825998,83.62975,25.776
12064,2022-05-18 16:00:00+00:00,28.575998,84.34973,25.675999
12065,2022-05-18 17:00:00+00:00,28.126,85.818954,25.526
12066,2022-05-18 18:00:00+00:00,27.776,86.296974,25.276
12067,2022-05-18 19:00:00+00:00,27.175999,88.851265,25.175999
12068,2022-05-18 20:00:00+00:00,26.876,91.51317,25.376
12069,2022-05-18 21:00:00+00:00,26.476,94.53307,25.526
12070,2022-05-18 22:00:00+00:00,26.126,94.80098,25.226
12071,2022-05-18 23:00:00+00:00,25.825998,96.212585,25.175999
12072,2022-05-19 00:00:00+00:00,25.825998,91.99893,24.425999
12073,2022-05-19 01:00:00+00:00,26.575998,89.604164,24.726
12074,2022-05-19 02:00:00+00:00,28.075998,84.54776,25.226
12075,2022-05-19 03:00:00+00:00,29.575998,77.2777,25.175999
12076,2022-05-19 04:00:00+00:00,30.425999,73.59418,25.175999
12077,2022-05-19 05:00:00+00:00,31.376,68.678665,24.925999
12078,2022-05-19 06:00:00+00:00,32.126,65.81792,24.925999
12079,2022-05-19 07:00:00+00:00,32.676003,62.86005,24.675999
12080,2022-05-19 08:00:00+00:00,33.126,60.37888,24.425999
12081,2022-05-19 09:00:00+00:00,33.326,57.075787,23.675999
12082,2022-05-19 10:00:00+00:00,32.826,58.525425,23.626
12083,2022-05-19 11:00:00+00:00,31.575998,68.30846,25.026
12084,2022-05-19 12:00:00+00:00,30.126,75.31813,25.276
12085,2022-05-19 13:00:00+00:00,29.325998,79.575005,25.425999
12086,2022-05-19 14:00:00+00:00,29.175999,83.175,26.026
12087,2022-05-19 15:00:00+00:00,29.026,85.14884,26.276
12088,2022-05-19 16:00:00+00:00,28.626,86.63249,26.175999
12089,2022-05-19 17:00:00+00:00,28.776,79.97654,24.976
12090,2022-05-19 18:00:00+00:00,27.976,84.53722,25.126
12091,2022-05-19 19:00:00+00:00,27.726,87.324844,25.425999
12092,2022-05-19 20:00:00+00:00,26.976,89.10086,25.026
12093,2022-05-19 21:00:00+00:00,26.575998,88.80429,24.575998
12094,2022-05-19 22:00:00+00:00,26.876,75.48474,22.175999
12095,2022-05-19 23:00:00+00:00,26.575998,68.80131,20.376
12096,2022-05-20 00:00:00+00:00,26.276,68.74329,20.075998
12097,2022-05-20 01:00:00+00:00,26.626,69.66483,20.626
12098,2022-05-20 02:00:00+00:00,28.126,65.595474,21.075998
12099,2022-05-20 03:00:00+00:00,29.626,59.218716,20.825998
12100,2022-05-20 04:00:00+00:00,30.526,57.811756,21.276
12101,2022-05-20 05:00:00+00:00,30.776,57.693783,21.476
12102,2022-05-20 06:00:00+00:00,31.575998,53.953365,21.126
12103,2022-05-20 07:00:00+00:00,33.126,48.3787,20.776
12104,2022-05-20 08:00:00+00:00,34.076,44.618248,20.325998
12105,2022-05-20 09:00:00+00:00,33.526,46.153385,20.376
12106,2022-05-20 10:00:00+00:00,33.476,47.001984,20.626
12107,2022-05-20 11:00:00+00:00,33.326,47.6917,20.726
12108,2022-05-20 12:00:00+00:00,31.376,53.738407,20.876
12109,2022-05-20 13:00:00+00:00,30.825998,54.77137,20.675999
12110,2022-05-20 14:00:00+00:00,30.626,53.884018,20.226
12111,2022-05-20 15:00:00+00:00,30.425999,54.504414,20.226
12112,2022-05-20 16:00:00+00:00,29.876,56.776028,20.376
12113,2022-05-20 17:00:00+00:00,29.825998,56.589,20.276
12114,2022-05-20 18:00:00+00:00,29.325998,58.243553,20.276
12115,2022-05-20 19:00:00+00:00,28.526,61.95414,20.526
12116,2022-05-20 20:00:00+00:00,27.726,65.71467,20.726
12117,2022-05-20 21:00:00+00:00,27.325998,67.68622,20.825998
12118,2022-05-20 22:00:00+00:00,27.276,67.67632,20.776
12119,2022-05-20 23:00:00+00:00,27.075998,68.264626,20.726
12120,2022-05-21 00:00:00+00:00,26.376,72.0168,20.925999
12121,2022-05-21 01:00:00+00:00,27.126,69.54526,21.075998
12122,2022-05-21 02:00:00+00:00,28.276,66.43587,21.425999
12123,2022-05-21 03:00:00+00:00,29.425999,63.111095,21.675999
12124,2022-05-21 04:00:00+00:00,30.575998,59.801815,21.876
12125,2022-05-21 05:00:00+00:00,32.176003,54.432896,21.825998
12126,2022-05-21 06:00:00+00:00,33.276,50.079338,21.476
12127,2022-05-21 07:00:00+00:00,32.726,51.968987,21.575998
12128,2022-05-21 08:00:00+00:00,32.876,52.485348,21.876
12129,2022-05-21 09:00:00+00:00,32.826,52.472836,21.825998
12130,2022-05-21 10:00:00+00:00,33.126,50.65758,21.526
12131,2022-05-21 11:00:00+00:00,32.576,51.931183,21.425999
12132,2022-05-21 12:00:00+00:00,31.776,53.508293,21.175999
12133,2022-05-21 13:00:00+00:00,31.276,52.082783,20.276
12134,2022-05-21 14:00:00+00:00,30.376,52.503185,19.575998
12135,2022-05-21 15:00:00+00:00,29.675999,55.340233,19.776
12136,2022-05-21 16:00:00+00:00,28.976,57.444485,19.726
12137,2022-05-21 17:00:00+00:00,28.675999,56.487114,19.175999
12138,2022-05-21 18:00:00+00:00,28.376,59.295193,19.675999
12139,2022-05-21 19:00:00+00:00,28.026,62.41958,20.175999
12140,2022-05-21 20:00:00+00:00,27.876,64.14562,20.476
12141,2022-05-21 21:00:00+00:00,27.726,64.510635,20.425999
12142,2022-05-21 22:00:00+00:00,27.675999,64.30124,20.325998
12143,2022-05-21 23:00:00+00:00,27.526,65.47113,20.476
12144,2022-05-22 00:00:00+00:00,27.226,67.45839,20.675999
12145,2022-05-22 01:00:00+00:00,27.675999,68.17224,21.276
12146,2022-05-22 02:00:00+00:00,28.876,66.35467,21.976
12147,2022-05-22 03:00:00+00:00,30.126,62.687405,22.226
12148,2022-05-22 04:00:00+00:00,31.425999,59.451775,22.575998
12149,2022-05-22 05:00:00+00:00,32.676003,56.407543,22.876
12150,2022-05-22 06:00:00+00:00,33.876,52.257618,22.726
12151,2022-05-22 07:00:00+00:00,34.926003,48.40185,22.425999
12152,2022-05-22 08:00:00+00:00,35.726,44.919147,21.925999
12153,2022-05-22 09:00:00+00:00,36.076,43.12974,21.575998
12154,2022-05-22 10:00:00+00:00,36.076,42.474525,21.325998
12155,2022-05-22 11:00:00+00:00,35.776,43.7139,21.526
12156,2022-05-22 12:00:00+00:00,34.826,53.933926,24.126
12157,2022-05-22 13:00:00+00:00,31.825998,63.81677,24.126
12158,2022-05-22 14:00:00+00:00,31.325998,59.428867,22.476
12159,2022-05-22 15:00:00+00:00,31.876,52.55633,20.976
12160,2022-05-22 16:00:00+00:00,32.026,52.755608,21.175999
12161,2022-05-22 17:00:00+00:00,31.226,55.888416,21.376
12162,2022-05-22 18:00:00+00:00,31.325998,55.401176,21.325998
12163,2022-05-22 19:00:00+00:00,30.376,59.02943,21.476
12164,2022-05-22 20:00:00+00:00,29.675999,62.01819,21.626
12165,2022-05-22 21:00:00+00:00,29.175999,64.81595,21.876
12166,2022-05-22 22:00:00+00:00,28.675999,66.92413,21.925999
12167,2022-05-22 23:00:00+00:00,28.376,67.6861,21.825998
12168,2022-05-23 00:00:00+00:00,28.026,68.658905,21.726
12169,2022-05-23 01:00:00+00:00,28.276,68.91685,22.026
12170,2022-05-23 02:00:00+00:00,29.126,67.0141,22.376
12171,2022-05-23 03:00:00+00:00,30.325998,63.690514,22.675999
12172,2022-05-23 04:00:00+00:00,31.876,59.016243,22.876
12173,2022-05-23 05:00:00+00:00,33.326,55.212704,23.126
12174,2022-05-23 06:00:00+00:00,34.826,49.2659,22.626
12175,2022-05-23 07:00:00+00:00,35.976,45.25995,22.276
12176,2022-05-23 08:00:00+00:00,36.776,42.015797,21.776
12177,2022-05-23 09:00:00+00:00,37.126,40.4706,21.476
12178,2022-05-23 10:00:00+00:00,37.126,39.97772,21.276
12179,2022-05-23 11:00:00+00:00,36.726,41.746437,21.626
12180,2022-05-23 12:00:00+00:00,34.976,48.70975,22.575998
12181,2022-05-23 13:00:00+00:00,32.526,55.52269,22.476
12182,2022-05-23 14:00:00+00:00,31.825998,56.54773,22.126
12183,2022-05-23 15:00:00+00:00,31.526,55.280285,21.476
12184,2022-05-23 16:00:00+00:00,30.175999,59.164177,21.325998
12185,2022-05-23 17:00:00+00:00,28.776,65.72949,21.726
12186,2022-05-23 18:00:00+00:00,28.325998,70.62475,22.476
12187,2022-05-23 19:00:00+00:00,27.675999,83.0039,24.526
12188,2022-05-23 20:00:00+00:00,27.376,87.29407,25.075998
12189,2022-05-23 21:00:00+00:00,27.476,86.26861,24.976
12190,2022-05-23 22:00:00+00:00,27.376,85.74572,24.776
12191,2022-05-23 23:00:00+00:00,27.825998,78.4228,23.726
12192,2022-05-24 00:00:00+00:00,28.575998,66.49666,21.726
12193,2022-05-24 01:00:00+00:00,29.575998,66.496216,22.675999
12194,2022-05-24 02:00:00+00:00,30.825998,64.18355,23.276
12195,2022-05-24 03:00:00+00:00,31.976,60.85004,23.476
12196,2022-05-24 04:00:00+00:00,33.326,56.733006,23.575998
12197,2022-05-24 05:00:00+00:00,34.776,52.324192,23.575998
12198,2022-05-24 06:00:00+00:00,36.076,47.680683,23.226
12199,2022-05-24 07:00:00+00:00,37.226,41.880356,22.126
12200,2022-05-24 08:00:00+00:00,37.676003,38.917,21.325998
12201,2022-05-24 09:00:00+00:00,37.826,38.365185,21.226
12202,2022-05-24 10:00:00+00:00,37.626,37.72674,20.776
12203,2022-05-24 11:00:00+00:00,37.276,38.809002,20.925999
12204,2022-05-24 12:00:00+00:00,35.426003,64.567894,27.726
12205,2022-05-24 13:00:00+00:00,32.926003,55.95702,22.976
12206,2022-05-24 14:00:00+00:00,31.276,62.746803,23.325998
12207,2022-05-24 15:00:00+00:00,30.026,72.653725,24.575998
12208,2022-05-24 16:00:00+00:00,30.026,69.87674,23.925999
12209,2022-05-24 17:00:00+00:00,29.726,74.36138,24.675999
12210,2022-05-24 18:00:00+00:00,29.476,75.666176,24.726
12211,2022-05-24 19:00:00+00:00,29.026,77.89151,24.776
12212,2022-05-24 20:00:00+00:00,28.626,78.06712,24.425999
12213,2022-05-24 21:00:00+00:00,28.526,76.43073,23.976
12214,2022-05-24 22:00:00+00:00,28.276,76.62275,23.776
12215,2022-05-24 23:00:00+00:00,28.126,76.36958,23.575998
12216,2022-05-25 00:00:00+00:00,27.675999,85.2653,24.976
12217,2022-05-25 01:00:00+00:00,28.626,81.157814,25.075998
12218,2022-05-25 02:00:00+00:00,30.425999,72.28979,24.876
12219,2022-05-25 03:00:00+00:00,32.726,58.678856,23.575998
12220,2022-05-25 04:00:00+00:00,34.176003,53.29014,23.325998
12221,2022-05-25 05:00:00+00:00,35.326,48.947895,22.976
12222,2022-05-25 06:00:00+00:00,36.376,45.365368,22.675999
12223,2022-05-25 07:00:00+00:00,37.476,42.460052,22.575998
12224,2022-05-25 08:00:00+00:00,38.126,40.246635,22.276
12225,2022-05-25 09:00:00+00:00,37.626,41.10294,22.175999
12226,2022-05-25 10:00:00+00:00,34.976,54.948826,24.575998
12227,2022-05-25 11:00:00+00:00,34.226,57.97624,24.776
12228,2022-05-25 12:00:00+00:00,33.476,60.819275,24.876
12229,2022-05-25 13:00:00+00:00,31.876,69.59538,25.626
12230,2022-05-25 14:00:00+00:00,31.075998,73.920845,25.876
12231,2022-05-25 15:00:00+00:00,30.526,75.604965,25.726
12232,2022-05-25 16:00:00+00:00,30.276,74.67271,25.276
12233,2022-05-25 17:00:00+00:00,30.126,75.99295,25.425999
12234,2022-05-25 18:00:00+00:00,30.026,71.57443,24.325998
12235,2022-05-25 19:00:00+00:00,29.726,67.33704,23.026
12236,2022-05-25 20:00:00+00:00,29.276,66.43564,22.376
12237,2022-05-25 21:00:00+00:00,28.976,67.59825,22.376
12238,2022-05-25 22:00:00+00:00,28.876,68.40541,22.476
12239,2022-05-25 23:00:00+00:00,28.776,69.4326,22.626
12240,2022-05-26 00:00:00+00:00,28.425999,74.82212,23.526
12241,2022-05-26 01:00:00+00:00,29.425999,72.33278,23.925999
12242,2022-05-26 02:00:00+00:00,31.075998,67.400276,24.325998
12243,2022-05-26 03:00:00+00:00,33.276,57.7551,23.825998
12244,2022-05-26 04:00:00+00:00,35.276,47.907448,22.575998
12245,2022-05-26 05:00:00+00:00,36.776,40.00608,20.976
12246,2022-05-26 06:00:00+00:00,37.426003,37.788906,20.626
12247,2022-05-26 07:00:00+00:00,38.276,36.3076,20.726
12248,2022-05-26 08:00:00+00:00,38.926003,34.94747,20.675999
12249,2022-05-26 09:00:00+00:00,38.876,34.826508,20.575998
12250,2022-05-26 10:00:00+00:00,37.576,36.230145,20.075998
12251,2022-05-26 11:00:00+00:00,34.726,44.79128,20.976
12252,2022-05-26 12:00:00+00:00,35.376,46.075455,22.026
12253,2022-05-26 13:00:00+00:00,33.126,58.594692,23.925999
12254,2022-05-26 14:00:00+00:00,31.626,65.71631,24.425999
12255,2022-05-26 15:00:00+00:00,30.776,62.071262,22.675999
12256,2022-05-26 16:00:00+00:00,30.626,55.91496,20.825998
12257,2022-05-26 17:00:00+00:00,30.476,56.744915,20.925999
12258,2022-05-26 18:00:00+00:00,30.376,58.848972,21.425999
12259,2022-05-26 19:00:00+00:00,30.226,60.088223,21.626
12260,2022-05-26 20:00:00+00:00,29.726,61.46271,21.526
12261,2022-05-26 21:00:00+00:00,29.126,63.433414,21.476
12262,2022-05-26 22:00:00+00:00,28.575998,64.69005,21.276
12263,2022-05-26 23:00:00+00:00,28.175999,64.40737,20.825998
12264,2022-05-27 00:00:00+00:00,28.675999,60.29003,20.226
12265,2022-05-27 01:00:00+00:00,29.876,52.213665,19.026
12266,2022-05-27 02:00:00+00:00,31.126,50.456966,19.626
12267,2022-05-27 03:00:00+00:00,32.226,49.19797,20.226
12268,2022-05-27 04:00:00+00:00,33.526,46.296032,20.425999
12269,2022-05-27 05:00:00+00:00,34.826,41.49127,19.825998
12270,2022-05-27 06:00:00+00:00,36.076,37.65626,19.376
12271,2022-05-27 07:00:00+00:00,36.976,35.180412,19.075998
12272,2022-05-27 08:00:00+00:00,37.726,32.427235,18.425999
12273,2022-05-27 09:00:00+00:00,38.276,29.93086,17.626
12274,2022-05-27 10:00:00+00:00,38.426003,28.85712,17.175999
12275,2022-05-27 11:00:00+00:00,37.976,29.475618,17.126
12276,2022-05-27 12:00:00+00:00,35.476,52.341045,24.226
12277,2022-05-27 13:00:00+00:00,32.576,44.911976,19.075998
12278,2022-05-27 14:00:00+00:00,30.825998,54.940277,20.726
12279,2022-05-27 15:00:00+00:00,29.626,62.961834,21.825998
12280,2022-05-27 16:00:00+00:00,29.726,53.99471,19.425999
12281,2022-05-27 17:00:00+00:00,28.976,63.98636,21.476
12282,2022-05-27 18:00:00+00:00,28.726,66.934135,21.976
12283,2022-05-27 19:00:00+00:00,27.925999,69.48362,21.825998
12284,2022-05-27 20:00:00+00:00,27.526,67.725746,21.026
12285,2022-05-27 21:00:00+00:00,27.675999,60.813198,19.425999
12286,2022-05-27 22:00:00+00:00,28.175999,54.285492,18.075998
12287,2022-05-27 23:00:00+00:00,28.476,52.18461,17.726
12288,2022-05-28 00:00:00+00:00,29.226,52.53975,18.526
12289,2022-05-28 01:00:00+00:00,29.675999,54.319008,19.476
12290,2022-05-28 02:00:00+00:00,30.876,53.61417,20.376
12291,2022-05-28 03:00:00+00:00,32.226,51.05229,20.825998
12292,2022-05-28 04:00:00+00:00,33.726,47.21259,20.925999
12293,2022-05-28 05:00:00+00:00,35.326,42.534542,20.675999
12294,2022-05-28 06:00:00+00:00,36.576,39.099567,20.425999
12295,2022-05-28 07:00:00+00:00,37.526,35.99303,19.925999
12296,2022-05-28 08:00:00+00:00,38.226,33.38397,19.325998
12297,2022-05-28 09:00:00+00:00,38.526,31.739172,18.776
12298,2022-05-28 10:00:00+00:00,38.376,30.914282,18.226
12299,2022-05-28 11:00:00+00:00,38.076,30.640495,17.825998
12300,2022-05-28 12:00:00+00:00,36.626,34.64907,18.526
12301,2022-05-28 13:00:00+00:00,34.526,35.737194,17.175999
12302,2022-05-28 14:00:00+00:00,32.476,43.64034,18.526
12303,2022-05-28 15:00:00+00:00,31.026,62.31444,22.976
12304,2022-05-28 16:00:00+00:00,30.825998,59.49518,22.026
12305,2022-05-28 17:00:00+00:00,30.276,61.39756,22.026
12306,2022-05-28 18:00:00+00:00,29.376,63.876144,21.825998
12307,2022-05-28 19:00:00+00:00,28.726,65.7192,21.675999
12308,2022-05-28 20:00:00+00:00,28.425999,65.256226,21.276
12309,2022-05-28 21:00:00+00:00,28.126,62.056877,20.175999
12310,2022-05-28 22:00:00+00:00,27.776,59.897297,19.276
12311,2022-05-28 23:00:00+00:00,27.876,57.720203,18.776
12312,2022-05-29 00:00:00+00:00,29.776,49.63865,18.126
12313,2022-05-29 01:00:00+00:00,30.126,53.75967,19.726
12314,2022-05-29 02:00:00+00:00,31.126,54.676617,20.925999
12315,2022-05-29 03:00:00+00:00,32.376,52.199802,21.325998
12316,2022-05-29 04:00:00+00:00,33.976,47.13325,21.126
12317,2022-05-29 05:00:00+00:00,35.826,40.368538,20.276
12318,2022-05-29 06:00:00+00:00,37.126,36.108147,19.626
12319,2022-05-29 07:00:00+00:00,38.226,32.25839,18.776
12320,2022-05-29 08:00:00+00:00,38.426003,30.927677,18.276
12321,2022-05-29 09:00:00+00:00,38.776,29.875923,18.026
12322,2022-05-29 10:00:00+00:00,38.776,29.133081,17.626
12323,2022-05-29 11:00:00+00:00,38.326,29.197691,17.276
12324,2022-05-29 12:00:00+00:00,36.926003,33.660553,18.325998
12325,2022-05-29 13:00:00+00:00,34.476,37.33719,17.825998
12326,2022-05-29 14:00:00+00:00,32.376,52.199802,21.325998
12327,2022-05-29 15:00:00+00:00,31.325998,59.790924,22.575998
12328,2022-05-29 16:00:00+00:00,31.626,51.53172,20.425999
12329,2022-05-29 17:00:00+00:00,31.026,52.180717,20.075998
12330,2022-05-29 18:00:00+00:00,29.876,55.560833,20.026
12331,2022-05-29 19:00:00+00:00,29.126,56.245293,19.526
12332,2022-05-29 20:00:00+00:00,28.575998,57.52773,19.376
12333,2022-05-29 21:00:00+00:00,28.226,58.52795,19.325998
12334,2022-05-29 22:00:00+00:00,27.825998,59.90883,19.325998
12335,2022-05-29 23:00:00+00:00,27.075998,62.79306,19.376
12336,2022-05-30 00:00:00+00:00,27.626,64.688866,20.376
12337,2022-05-30 01:00:00+00:00,28.925999,62.233692,20.976
12338,2022-05-30 02:00:00+00:00,31.325998,54.55796,21.075998
12339,2022-05-30 03:00:00+00:00,32.776,49.49241,20.825998
12340,2022-05-30 04:00:00+00:00,34.276,47.211838,21.425999
12341,2022-05-30 05:00:00+00:00,36.026,42.331127,21.226
12342,2022-05-30 06:00:00+00:00,37.526,37.3528,20.526
12343,2022-05-30 07:00:00+00:00,38.776,32.608524,19.425999
12344,2022-05-30 08:00:00+00:00,39.576,28.88865,18.175999
12345,2022-05-30 09:00:00+00:00,40.026,26.985258,17.476
12346,2022-05-30 10:00:00+00:00,39.926003,26.959196,17.376
12347,2022-05-30 11:00:00+00:00,38.476,28.87038,17.226
12348,2022-05-30 12:00:00+00:00,35.326,52.776646,24.226
12349,2022-05-30 13:00:00+00:00,32.426003,67.26368,25.575998
12350,2022-05-30 14:00:00+00:00,31.675999,66.716515,24.726
12351,2022-05-30 15:00:00+00:00,31.226,69.06117,24.876
12352,2022-05-30 16:00:00+00:00,30.825998,70.654686,24.876
12353,2022-05-30 17:00:00+00:00,30.976,66.97761,24.126
12354,2022-05-30 18:00:00+00:00,30.675999,61.861202,22.526
12355,2022-05-30 19:00:00+00:00,30.376,56.026806,20.626
12356,2022-05-30 20:00:00+00:00,30.026,55.59738,20.175999
12357,2022-05-30 21:00:00+00:00,29.675999,55.857132,19.925999
12358,2022-05-30 22:00:00+00:00,28.825998,59.399494,20.126
12359,2022-05-30 23:00:00+00:00,28.925999,59.23924,20.175999
12360,2022-05-31 00:00:00+00:00,28.425999,67.07866,21.726
12361,2022-05-31 01:00:00+00:00,29.626,56.540867,20.075998
12362,2022-05-31 02:00:00+00:00,30.776,54.759098,20.626
12363,2022-05-31 03:00:00+00:00,31.626,55.814133,21.726
12364,2022-05-31 04:00:00+00:00,32.176003,55.101204,22.026
12365,2022-05-31 05:00:00+00:00,33.526,49.382446,21.476
12366,2022-05-31 06:00:00+00:00,35.726,42.51108,21.026
12367,2022-05-31 07:00:00+00:00,37.226,38.795498,20.876
12368,2022-05-31 08:00:00+00:00,37.926003,36.437126,20.476
12369,2022-05-31 09:00:00+00:00,36.676003,39.36854,20.626
12370,2022-05-31 10:00:00+00:00,36.876,37.523632,20.026
12371,2022-05-31 11:00:00+00:00,35.826,39.25983,19.825998
12372,2022-05-31 12:00:00+00:00,34.626,45.318275,21.075998
12373,2022-05-31 13:00:00+00:00,32.776,57.46436,23.276
12374,2022-05-31 14:00:00+00:00,32.176003,53.44377,21.526
12375,2022-05-31 15:00:00+00:00,31.776,54.334652,21.425999
12376,2022-05-31 16:00:00+00:00,31.276,54.881645,21.126
12377,2022-05-31 17:00:00+00:00,30.675999,56.099277,20.925999
12378,2022-05-31 18:00:00+00:00,30.376,56.54673,20.776
12379,2022-05-31 19:00:00+00:00,29.925999,58.564114,20.925999
12380,2022-05-31 20:00:00+00:00,29.376,61.00899,21.075998
12381,2022-05-31 21:00:00+00:00,29.175999,61.15173,20.925999
12382,2022-05-31 22:00:00+00:00,29.776,56.576965,20.226
12383,2022-05-31 23:00:00+00:00,29.925999,55.745197,20.126
12384,2022-06-01 00:00:00+00:00,29.925999,58.925125,21.026
12385,2022-06-01 01:00:00+00:00,29.925999,61.31957,21.675999
12386,2022-06-01 02:00:00+00:00,30.675999,59.279526,21.825998
12387,2022-06-01 03:00:00+00:00,32.076,55.245132,21.976
12388,2022-06-01 04:00:00+00:00,33.826,50.37335,22.075998
12389,2022-06-01 05:00:00+00:00,35.726,44.50969,21.776
12390,2022-06-01 06:00:00+00:00,37.126,39.97772,21.276
12391,2022-06-01 07:00:00+00:00,38.176003,36.504726,20.726
12392,2022-06-01 08:00:00+00:00,38.926003,34.306927,20.376
12393,2022-06-01 09:00:00+00:00,39.426003,32.480114,19.925999
12394,2022-06-01 10:00:00+00:00,39.776,31.679302,19.825998
12395,2022-06-01 11:00:00+00:00,39.426003,31.292421,19.325998
12396,2022-06-01 12:00:00+00:00,37.476,55.547085,27.075998
12397,2022-06-01 13:00:00+00:00,35.226,41.727966,20.276
12398,2022-06-01 14:00:00+00:00,33.326,52.758045,22.376
12399,2022-06-01 15:00:00+00:00,32.526,56.542892,22.776
12400,2022-06-01 16:00:00+00:00,32.026,60.31304,23.376
12401,2022-06-01 17:00:00+00:00,31.825998,55.18436,21.726
12402,2022-06-01 18:00:00+00:00,31.376,55.243782,21.325998
12403,2022-06-01 19:00:00+00:00,30.925999,54.79591,20.776
12404,2022-06-01 20:00:00+00:00,30.325998,53.97636,19.976
12405,2022-06-01 21:00:00+00:00,29.925999,55.230118,19.976
12406,2022-06-01 22:00:00+00:00,30.126,54.430347,19.925999
12407,2022-06-01 23:00:00+00:00,30.276,54.131294,19.976
12408,2022-06-02 00:00:00+00:00,30.526,55.89076,20.726
12409,2022-06-02 01:00:00+00:00,30.726,58.214024,21.575998
12410,2022-06-02 02:00:00+00:00,31.726,57.042816,22.175999
12411,2022-06-02 03:00:00+00:00,33.176003,53.52836,22.476
12412,2022-06-02 04:00:00+00:00,34.776,48.9548,22.476
12413,2022-06-02 05:00:00+00:00,36.526,43.381775,22.075998
12414,2022-06-02 06:00:00+00:00,37.826,39.07687,21.526
12415,2022-06-02 07:00:00+00:00,38.826,35.462288,20.825998
12416,2022-06-02 08:00:00+00:00,39.626,33.553616,20.626
12417,2022-06-02 09:00:00+00:00,40.176003,32.181206,20.425999
12418,2022-06-02 10:00:00+00:00,34.326,51.89708,23.026
12419,2022-06-02 11:00:00+00:00,34.676003,47.316433,21.825998
12420,2022-06-02 12:00:00+00:00,33.876,52.89484,22.925999
12421,2022-06-02 13:00:00+00:00,32.476,56.35977,22.675999
12422,2022-06-02 14:00:00+00:00,31.976,58.32828,22.776
12423,2022-06-02 15:00:00+00:00,31.276,61.6193,23.026
12424,2022-06-02 16:00:00+00:00,31.226,56.231754,21.476
12425,2022-06-02 17:00:00+00:00,30.776,56.296013,21.075998
12426,2022-06-02 18:00:00+00:00,30.776,55.779552,20.925999
12427,2022-06-02 19:00:00+00:00,30.626,55.060715,20.575998
12428,2022-06-02 20:00:00+00:00,30.626,55.230656,20.626
12429,2022-06-02 21:00:00+00:00,30.126,57.717365,20.876
12430,2022-06-02 22:00:00+00:00,29.675999,59.41268,20.925999
12431,2022-06-02 23:00:00+00:00,29.276,61.3623,21.075998
12432,2022-06-03 00:00:00+00:00,28.526,67.50943,21.925999
12433,2022-06-03 01:00:00+00:00,29.026,66.99415,22.276
12434,2022-06-03 02:00:00+00:00,30.325998,63.305134,22.575998
12435,2022-06-03 03:00:00+00:00,32.076,58.528522,22.925999
12436,2022-06-03 04:00:00+00:00,34.026,52.772194,23.026
12437,2022-06-03 05:00:00+00:00,35.876,47.19822,22.876
12438,2022-06-03 06:00:00+00:00,37.426003,42.575798,22.575998
12439,2022-06-03 07:00:00+00:00,38.726,38.37311,22.026
12440,2022-06-03 08:00:00+00:00,39.976,34.908466,21.575998
12441,2022-06-03 09:00:00+00:00,39.026,36.6219,21.526
12442,2022-06-03 10:00:00+00:00,36.126,51.108715,24.425999
12443,2022-06-03 11:00:00+00:00,34.226,59.552784,25.226
12444,2022-06-03 12:00:00+00:00,33.026,60.175858,24.276
12445,2022-06-03 13:00:00+00:00,31.675999,66.51747,24.675999
12446,2022-06-03 14:00:00+00:00,30.675999,70.41677,24.675999
12447,2022-06-03 15:00:00+00:00,30.526,70.17906,24.476
12448,2022-06-03 16:00:00+00:00,30.626,65.709785,23.476
12449,2022-06-03 17:00:00+00:00,30.726,64.746475,23.325998
12450,2022-06-03 18:00:00+00:00,30.126,69.47661,23.925999
12451,2022-06-03 19:00:00+00:00,29.626,72.80293,24.226
12452,2022-06-03 20:00:00+00:00,29.825998,69.62969,23.675999
12453,2022-06-03 21:00:00+00:00,29.976,63.809505,22.376
12454,2022-06-03 22:00:00+00:00,30.526,51.251305,19.325998
12455,2022-06-03 23:00:00+00:00,30.126,55.62173,20.276
12456,2022-06-04 00:00:00+00:00,29.876,59.09476,21.026
12457,2022-06-04 01:00:00+00:00,30.675999,59.64246,21.925999
12458,2022-06-04 02:00:00+00:00,31.675999,58.258434,22.476
12459,2022-06-04 03:00:00+00:00,32.576,56.89845,22.925999
12460,2022-06-04 04:00:00+00:00,34.676003,51.20554,23.126
12461,2022-06-04 05:00:00+00:00,36.526,45.404846,22.825998
12462,2022-06-04 06:00:00+00:00,38.126,40.002373,22.175999
12463,2022-06-04 07:00:00+00:00,39.726,33.99622,20.925999
12464,2022-06-04 08:00:00+00:00,40.926003,30.072721,19.976
12465,2022-06-04 09:00:00+00:00,39.926003,31.52351,19.876
12466,2022-06-04 10:00:00+00:00,37.026,46.22807,23.575998
12467,2022-06-04 11:00:00+00:00,36.126,55.06173,25.675999
12468,2022-06-04 12:00:00+00:00,38.376,34.69157,20.075998
12469,2022-06-04 13:00:00+00:00,34.826,48.523327,22.376
12470,2022-06-04 14:00:00+00:00,32.626,64.1766,24.976
12471,2022-06-04 15:00:00+00:00,32.326,62.596897,24.276
12472,2022-06-04 16:00:00+00:00,31.976,63.086994,24.075998
12473,2022-06-04 17:00:00+00:00,31.825998,61.184658,23.425999
12474,2022-06-04 18:00:00+00:00,31.425999,58.91248,22.425999
12475,2022-06-04 19:00:00+00:00,30.876,56.666576,21.276
12476,2022-06-04 20:00:00+00:00,30.175999,57.198975,20.776
12477,2022-06-04 21:00:00+00:00,29.675999,58.68611,20.726
12478,2022-06-04 22:00:00+00:00,29.276,59.871197,20.675999
12479,2022-06-04 23:00:00+00:00,28.976,59.987198,20.425999
12480,2022-06-05 00:00:00+00:00,28.776,60.686306,20.425999
12481,2022-06-05 01:00:00+00:00,29.376,61.00899,21.075998
12482,2022-06-05 02:00:00+00:00,31.675999,53.81277,21.175999
12483,2022-06-05 03:00:00+00:00,33.726,47.796227,21.126
12484,2022-06-05 04:00:00+00:00,35.476,45.96149,22.075998
12485,2022-06-05 05:00:00+00:00,37.176003,41.99472,22.126
12486,2022-06-05 06:00:00+00:00,38.576,37.521473,21.526
12487,2022-06-05 07:00:00+00:00,39.676003,33.258167,20.526
12488,2022-06-05 08:00:00+00:00,40.526,30.81473,20.026
12489,2022-06-05 09:00:00+00:00,40.276,30.748257,19.776
12490,2022-06-05 10:00:00+00:00,37.676003,44.351364,23.476
12491,2022-06-05 11:00:00+00:00,35.426003,51.548943,23.925999
12492,2022-06-05 12:00:00+00:00,34.726,55.21822,24.425999
12493,2022-06-05 13:00:00+00:00,33.026,65.415405,25.675999
12494,2022-06-05 14:00:00+00:00,32.276,70.915825,26.325998
12495,2022-06-05 15:00:00+00:00,31.776,71.88218,26.075998
12496,2022-06-05 16:00:00+00:00,31.575998,69.3331,25.276
12497,2022-06-05 17:00:00+00:00,31.175999,71.99071,25.526
12498,2022-06-05 18:00:00+00:00,30.876,69.82503,24.726
12499,2022-06-05 19:00:00+00:00,30.876,61.158344,22.526
12500,2022-06-05 20:00:00+00:00,30.425999,58.14374,21.276
12501,2022-06-05 21:00:00+00:00,30.026,58.04977,20.876
12502,2022-06-05 22:00:00+00:00,30.175999,55.120613,20.175999
12503,2022-06-05 23:00:00+00:00,30.226,55.646057,20.376
12504,2022-06-06 00:00:00+00:00,28.226,70.39205,22.325998
12505,2022-06-06 01:00:00+00:00,28.376,71.06405,22.626
12506,2022-06-06 02:00:00+00:00,29.425999,67.68677,22.825998
12507,2022-06-06 03:00:00+00:00,30.776,63.210064,22.976
12508,2022-06-06 04:00:00+00:00,33.076,55.65533,23.026
12509,2022-06-06 05:00:00+00:00,34.326,50.65419,22.626
12510,2022-06-06 06:00:00+00:00,36.176003,43.55373,21.825998
12511,2022-06-06 07:00:00+00:00,37.376,39.07523,21.126
12512,2022-06-06 08:00:00+00:00,38.526,35.381317,20.526
12513,2022-06-06 09:00:00+00:00,39.076,33.405766,20.075998
12514,2022-06-06 10:00:00+00:00,38.576,33.374615,19.626
12515,2022-06-06 11:00:00+00:00,35.976,43.103024,21.476
12516,2022-06-06 12:00:00+00:00,31.325998,66.84659,24.425999
12517,2022-06-06 13:00:00+00:00,30.575998,69.97856,24.476
12518,2022-06-06 14:00:00+00:00,29.575998,75.681816,24.825998
12519,2022-06-06 15:00:00+00:00,29.126,76.980896,24.675999
12520,2022-06-06 16:00:00+00:00,29.175999,74.494675,24.175999
12521,2022-06-06 17:00:00+00:00,29.276,72.524506,23.825998
12522,2022-06-06 18:00:00+00:00,29.026,71.6123,23.376
12523,2022-06-06 19:00:00+00:00,28.976,69.68106,22.876
12524,2022-06-06 20:00:00+00:00,28.925999,69.04088,22.675999
12525,2022-06-06 21:00:00+00:00,28.675999,70.261475,22.726
12526,2022-06-06 22:00:00+00:00,28.526,70.66131,22.675999
12527,2022-06-06 23:00:00+00:00,28.276,70.83049,22.476
12528,2022-06-07 00:00:00+00:00,27.876,75.18673,23.075998
12529,2022-06-07 01:00:00+00:00,28.425999,73.701904,23.276
12530,2022-06-07 02:00:00+00:00,30.376,65.65866,23.226
12531,2022-06-07 03:00:00+00:00,32.676003,54.88808,22.425999
12532,2022-06-07 04:00:00+00:00,34.126,49.839504,22.175999
12533,2022-06-07 05:00:00+00:00,35.426003,46.795513,22.325998
12534,2022-06-07 06:00:00+00:00,36.776,43.31632,22.276
12535,2022-06-07 07:00:00+00:00,37.776,39.908314,21.825998
12536,2022-06-07 08:00:00+00:00,39.326,35.488113,21.276
12537,2022-06-07 09:00:00+00:00,35.576,45.70849,22.075998
12538,2022-06-07 10:00:00+00:00,35.426003,46.653378,22.276
12539,2022-06-07 11:00:00+00:00,35.626,46.281715,22.325998
12540,2022-06-07 12:00:00+00:00,36.176003,41.217144,20.925999
12541,2022-06-07 13:00:00+00:00,34.626,43.67528,20.476
12542,2022-06-07 14:00:00+00:00,32.926003,49.53112,20.976
12543,2022-06-07 15:00:00+00:00,32.326,51.39264,21.026
12544,2022-06-07 16:00:00+00:00,31.776,52.855164,20.976
12545,2022-06-07 17:00:00+00:00,31.276,54.881645,21.126
12546,2022-06-07 18:00:00+00:00,30.825998,56.82861,21.276
12547,2022-06-07 19:00:00+00:00,30.626,57.83531,21.376
12548,2022-06-07 20:00:00+00:00,30.726,57.32965,21.325998
12549,2022-06-07 21:00:00+00:00,30.526,57.28219,21.126
12550,2022-06-07 22:00:00+00:00,30.476,56.050972,20.726
12551,2022-06-07 23:00:00+00:00,30.126,56.66104,20.575998
12552,2022-06-08 00:00:00+00:00,30.226,58.814144,21.276
12553,2022-06-08 01:00:00+00:00,30.376,60.122356,21.776
12554,2022-06-08 02:00:00+00:00,31.075998,59.01105,22.126
12555,2022-06-08 03:00:00+00:00,32.326,55.643368,22.325998
12556,2022-06-08 04:00:00+00:00,33.976,50.71928,22.325998
12557,2022-06-08 05:00:00+00:00,35.626,45.72165,22.126
12558,2022-06-08 06:00:00+00:00,37.076,41.33257,21.776
12559,2022-06-08 07:00:00+00:00,38.326,37.6843,21.376
12560,2022-06-08 08:00:00+00:00,39.076,34.773235,20.726
12561,2022-06-08 09:00:00+00:00,39.676003,32.54714,20.175999
12562,2022-06-08 10:00:00+00:00,37.326,37.529625,20.425999
12563,2022-06-08 11:00:00+00:00,35.326,44.26763,21.325998
12564,2022-06-08 12:00:00+00:00,36.076,44.46679,22.075998
12565,2022-06-08 13:00:00+00:00,34.676003,46.173077,21.425999
12566,2022-06-08 14:00:00+00:00,33.876,46.674717,20.876
12567,2022-06-08 15:00:00+00:00,33.276,48.12089,20.825998
12568,2022-06-08 16:00:00+00:00,32.626,47.361343,19.976
12569,2022-06-08 17:00:00+00:00,32.576,47.201744,19.876
12570,2022-06-08 18:00:00+00:00,31.925999,50.04041,20.226
12571,2022-06-08 19:00:00+00:00,31.726,49.834362,19.976
12572,2022-06-08 20:00:00+00:00,31.325998,50.98001,19.976
12573,2022-06-08 21:00:00+00:00,31.075998,52.679577,20.276
12574,2022-06-08 22:00:00+00:00,30.726,55.08518,20.675999
12575,2022-06-08 23:00:00+00:00,30.276,57.575645,20.976
12576,2022-06-09 00:00:00+00:00,29.876,62.632965,21.976
12577,2022-06-09 01:00:00+00:00,30.075998,62.676537,22.175999
12578,2022-06-09 02:00:00+00:00,30.925999,59.699646,22.175999
12579,2022-06-09 03:00:00+00:00,32.226,55.9587,22.325998
12580,2022-06-09 04:00:00+00:00,33.826,51.14599,22.325998
12581,2022-06-09 05:00:00+00:00,35.526,46.396458,22.276
12582,2022-06-09 06:00:00+00:00,37.076,41.840218,21.976
12583,2022-06-09 07:00:00+00:00,38.226,38.355587,21.575998
12584,2022-06-09 08:00:00+00:00,38.926003,35.380318,20.876
12585,2022-06-09 09:00:00+00:00,39.376,34.53416,20.876
12586,2022-06-09 10:00:00+00:00,37.926003,36.775654,20.626
12587,2022-06-09 11:00:00+00:00,37.226,37.618496,20.376
12588,2022-06-09 12:00:00+00:00,36.676003,38.766182,20.376
12589,2022-06-09 13:00:00+00:00,33.626,53.15411,22.776
12590,2022-06-09 14:00:00+00:00,31.626,60.771763,23.126
12591,2022-06-09 15:00:00+00:00,31.276,60.693306,22.776
12592,2022-06-09 16:00:00+00:00,31.276,58.34253,22.126
12593,2022-06-09 17:00:00+00:00,30.925999,62.860916,23.026
12594,2022-06-09 18:00:00+00:00,30.825998,61.894238,22.675999
12595,2022-06-09 19:00:00+00:00,30.476,59.961765,21.825998
12596,2022-06-09 20:00:00+00:00,30.226,58.09678,21.075998
12597,2022-06-09 21:00:00+00:00,29.726,58.33746,20.675999
12598,2022-06-09 22:00:00+00:00,29.325998,58.967125,20.476
12599,2022-06-09 23:00:00+00:00,29.276,57.872856,20.126
12600,2022-06-10 00:00:00+00:00,30.325998,54.311493,20.075998
12601,2022-06-10 01:00:00+00:00,30.876,54.112656,20.526
12602,2022-06-10 02:00:00+00:00,31.876,51.913837,20.776
12603,2022-06-10 03:00:00+00:00,33.176003,48.69025,20.925999
12604,2022-06-10 04:00:00+00:00,34.826,44.27039,20.876
12605,2022-06-10 05:00:00+00:00,36.276,39.994175,20.526
12606,2022-06-10 06:00:00+00:00,37.426003,36.640293,20.126
12607,2022-06-10 07:00:00+00:00,38.526,33.46488,19.626
12608,2022-06-10 08:00:00+00:00,39.326,31.46094,19.325998
12609,2022-06-10 09:00:00+00:00,39.576,30.561926,19.075998
12610,2022-06-10 10:00:00+00:00,38.426003,33.02465,19.325998
12611,2022-06-10 11:00:00+00:00,35.526,48.703888,23.075998
12612,2022-06-10 12:00:00+00:00,36.126,38.85713,19.925999
12613,2022-06-10 13:00:00+00:00,32.776,58.86739,23.675999
12614,2022-06-10 14:00:00+00:00,31.226,65.63476,24.026
12615,2022-06-10 15:00:00+00:00,31.575998,65.118095,24.226
12616,2022-06-10 16:00:00+00:00,30.976,71.10427,25.126
12617,2022-06-10 17:00:00+00:00,30.675999,71.90333,25.026
12618,2022-06-10 18:00:00+00:00,30.325998,70.98768,24.476
12619,2022-06-10 19:00:00+00:00,30.226,68.0479,23.675999
12620,2022-06-10 20:00:00+00:00,30.126,64.23024,22.626
12621,2022-06-10 21:00:00+00:00,30.126,58.971516,21.226
12622,2022-06-10 22:00:00+00:00,30.526,54.697662,20.376
12623,2022-06-10 23:00:00+00:00,30.626,54.553688,20.425999
12624,2022-06-11 00:00:00+00:00,30.175999,54.95045,20.126
12625,2022-06-11 01:00:00+00:00,30.226,55.646057,20.376
12626,2022-06-11 02:00:00+00:00,31.026,53.651478,20.526
12627,2022-06-11 03:00:00+00:00,32.326,50.29802,20.675999
12628,2022-06-11 04:00:00+00:00,33.926003,45.833736,20.626
12629,2022-06-11 05:00:00+00:00,35.476,41.53829,20.425999
12630,2022-06-11 06:00:00+00:00,36.676003,38.171913,20.126
12631,2022-06-11 07:00:00+00:00,37.676003,35.370216,19.776
12632,2022-06-11 08:00:00+00:00,38.426003,32.92203,19.276
12633,2022-06-11 09:00:00+00:00,39.076,31.787651,19.276
12634,2022-06-11 10:00:00+00:00,38.676003,32.581635,19.325998
12635,2022-06-11 11:00:00+00:00,36.776,35.789543,19.175999
12636,2022-06-11 12:00:00+00:00,34.176003,51.39009,22.726
12637,2022-06-11 13:00:00+00:00,31.325998,59.428867,22.476
12638,2022-06-11 14:00:00+00:00,30.925999,66.367004,23.925999
12639,2022-06-11 15:00:00+00:00,30.726,67.33141,23.976
12640,2022-06-11 16:00:00+00:00,30.476,67.892,23.876
12641,2022-06-11 17:00:00+00:00,29.925999,71.77156,24.276
12642,2022-06-11 18:00:00+00:00,29.226,75.853714,24.526
12643,2022-06-11 19:00:00+00:00,29.776,66.7383,22.925999
12644,2022-06-11 20:00:00+00:00,31.026,52.666996,20.226
12645,2022-06-11 21:00:00+00:00,31.075998,53.663914,20.575998
12646,2022-06-11 22:00:00+00:00,30.626,56.2599,20.925999
12647,2022-06-11 23:00:00+00:00,30.126,58.251965,21.026
12648,2022-06-12 00:00:00+00:00,29.325998,61.751236,21.226
12649,2022-06-12 01:00:00+00:00,29.726,61.08757,21.425999
12650,2022-06-12 02:00:00+00:00,30.825998,57.003056,21.325998
12651,2022-06-12 03:00:00+00:00,32.276,52.495518,21.325998
12652,2022-06-12 04:00:00+00:00,33.776,47.809273,21.175999
12653,2022-06-12 05:00:00+00:00,35.426003,42.82404,20.876
12654,2022-06-12 06:00:00+00:00,36.776,38.913063,20.526
12655,2022-06-12 07:00:00+00:00,38.026,35.574764,20.175999
12656,2022-06-12 08:00:00+00:00,39.126,33.419212,20.126
12657,2022-06-12 09:00:00+00:00,38.426003,33.85572,19.726
12658,2022-06-12 10:00:00+00:00,36.276,44.519764,22.276
12659,2022-06-12 11:00:00+00:00,33.976,54.050873,23.376
12660,2022-06-12 12:00:00+00:00,32.526,56.371727,22.726
12661,2022-06-12 13:00:00+00:00,31.526,62.423397,23.476
12662,2022-06-12 14:00:00+00:00,30.726,68.55461,24.276
12663,2022-06-12 15:00:00+00:00,30.526,69.135765,24.226
12664,2022-06-12 16:00:00+00:00,30.325998,63.497574,22.626
12665,2022-06-12 17:00:00+00:00,30.175999,62.31776,22.175999
12666,2022-06-12 18:00:00+00:00,29.976,65.77557,22.876
12667,2022-06-12 19:00:00+00:00,29.226,71.00269,23.425999
12668,2022-06-12 20:00:00+00:00,29.075998,70.54809,23.175999
12669,2022-06-12 21:00:00+00:00,29.276,63.65999,21.675999
12670,2022-06-12 22:00:00+00:00,28.976,61.48405,20.825998
12671,2022-06-12 23:00:00+00:00,28.976,61.67345,20.876
12672,2022-06-13 00:00:00+00:00,27.976,68.43972,21.626
12673,2022-06-13 01:00:00+00:00,28.325998,69.3476,22.175999
12674,2022-06-13 02:00:00+00:00,29.925999,63.60509,22.276
12675,2022-06-13 03:00:00+00:00,31.126,58.48557,22.026
12676,2022-06-13 04:00:00+00:00,33.126,51.28095,21.726
12677,2022-06-13 05:00:00+00:00,34.926003,44.433315,21.026
12678,2022-06-13 06:00:00+00:00,36.426003,39.66632,20.526
12679,2022-06-13 07:00:00+00:00,37.576,36.454926,20.175999
12680,2022-06-13 08:00:00+00:00,38.676003,34.45187,20.226
12681,2022-06-13 09:00:00+00:00,38.176003,35.069168,20.075998
12682,2022-06-13 10:00:00+00:00,36.426003,43.22311,21.925999
12683,2022-06-13 11:00:00+00:00,34.276,53.154217,23.376
12684,2022-06-13 12:00:00+00:00,33.126,54.831093,22.825998
12685,2022-06-13 13:00:00+00:00,31.575998,59.486103,22.726
12686,2022-06-13 14:00:00+00:00,30.776,64.95256,23.425999
12687,2022-06-13 15:00:00+00:00,30.376,68.48754,23.925999
12688,2022-06-13 16:00:00+00:00,30.226,68.0479,23.675999
12689,2022-06-13 17:00:00+00:00,29.726,70.2427,23.726
12690,2022-06-13 18:00:00+00:00,29.376,71.45893,23.675999
12691,2022-06-13 19:00:00+00:00,29.075998,72.05441,23.526
12692,2022-06-13 20:00:00+00:00,28.825998,71.14526,23.075998
12693,2022-06-13 21:00:00+00:00,28.575998,71.5322,22.925999
12694,2022-06-13 22:00:00+00:00,28.476,72.16703,22.976
12695,2022-06-13 23:00:00+00:00,28.575998,71.10018,22.825998
12696,2022-06-14 00:00:00+00:00,28.626,71.75793,23.026
12697,2022-06-14 01:00:00+00:00,29.476,67.901886,22.925999
12698,2022-06-14 02:00:00+00:00,31.626,55.814133,21.726
12699,2022-06-14 03:00:00+00:00,32.776,51.349213,21.425999
12700,2022-06-14 04:00:00+00:00,34.276,46.351357,21.126
12701,2022-06-14 05:00:00+00:00,35.676003,42.62843,21.026
12702,2022-06-14 06:00:00+00:00,36.826,39.53053,20.825998
12703,2022-06-14 07:00:00+00:00,37.876,37.332466,20.825998
12704,2022-06-14 08:00:00+00:00,38.776,35.558025,20.825998
12705,2022-06-14 09:00:00+00:00,38.476,35.806522,20.675999
12706,2022-06-14 10:00:00+00:00,37.026,39.950764,21.175999
12707,2022-06-14 11:00:00+00:00,34.626,52.129295,23.376
12708,2022-06-14 12:00:00+00:00,33.926003,50.706577,22.276
12709,2022-06-14 13:00:00+00:00,32.926003,56.296642,23.075998
12710,2022-06-14 14:00:00+00:00,31.776,63.614902,24.026
12711,2022-06-14 15:00:00+00:00,31.175999,66.01986,24.075998
12712,2022-06-14 16:00:00+00:00,30.526,69.55143,24.325998
12713,2022-06-14 17:00:00+00:00,30.425999,66.667015,23.526
12714,2022-06-14 18:00:00+00:00,28.575998,73.28336,23.325998
12715,2022-06-14 19:00:00+00:00,26.075998,90.64735,24.425999
12716,2022-06-14 20:00:00+00:00,25.976,90.91265,24.376
12717,2022-06-14 21:00:00+00:00,25.776,90.08495,24.026
12718,2022-06-14 22:00:00+00:00,25.776,92.548584,24.476
12719,2022-06-14 23:00:00+00:00,25.825998,91.99893,24.425999
12720,2022-06-15 00:00:00+00:00,26.476,79.18657,22.575998
12721,2022-06-15 01:00:00+00:00,26.876,77.81409,22.675999
12722,2022-06-15 02:00:00+00:00,27.675999,74.7007,22.776
12723,2022-06-15 03:00:00+00:00,28.675999,71.11823,22.925999
12724,2022-06-15 04:00:00+00:00,30.675999,63.57238,22.976
12725,2022-06-15 05:00:00+00:00,31.976,58.68283,22.876
12726,2022-06-15 06:00:00+00:00,33.026,54.80677,22.726
12727,2022-06-15 07:00:00+00:00,34.576,49.954597,22.626
12728,2022-06-15 08:00:00+00:00,35.576,47.840065,22.825998
12729,2022-06-15 09:00:00+00:00,35.576,47.6953,22.776
12730,2022-06-15 10:00:00+00:00,34.976,49.60409,22.876
12731,2022-06-15 11:00:00+00:00,32.726,63.815998,24.976
12732,2022-06-15 12:00:00+00:00,30.976,66.576706,24.026
12733,2022-06-15 13:00:00+00:00,30.026,70.08701,23.976
12734,2022-06-15 14:00:00+00:00,29.425999,74.982765,24.526
12735,2022-06-15 15:00:00+00:00,29.075998,79.06897,25.075998
12736,2022-06-15 16:00:00+00:00,28.876,80.94805,25.276
12737,2022-06-15 17:00:00+00:00,28.526,83.845184,25.526
12738,2022-06-15 18:00:00+00:00,28.376,82.8371,25.175999
12739,2022-06-15 19:00:00+00:00,28.226,80.865456,24.626
12740,2022-06-15 20:00:00+00:00,25.825998,84.05345,22.925999
12741,2022-06-15 21:00:00+00:00,25.726,86.6231,23.325998
12742,2022-06-15 22:00:00+00:00,25.675999,88.73331,23.675999
12743,2022-06-15 23:00:00+00:00,25.726,88.47055,23.675999
12744,2022-06-16 00:00:00+00:00,25.976,83.562645,22.976
12745,2022-06-16 01:00:00+00:00,26.976,81.193504,23.476
12746,2022-06-16 02:00:00+00:00,28.876,72.45524,23.425999
12747,2022-06-16 03:00:00+00:00,30.876,62.85008,22.976
12748,2022-06-16 04:00:00+00:00,32.226,58.386387,23.026
12749,2022-06-16 05:00:00+00:00,33.576,53.464863,22.825998
12750,2022-06-16 06:00:00+00:00,34.676003,49.227356,22.476
12751,2022-06-16 07:00:00+00:00,35.776,46.321045,22.476
12752,2022-06-16 08:00:00+00:00,34.726,48.350094,22.226
12753,2022-06-16 09:00:00+00:00,32.726,60.28909,24.026
12754,2022-06-16 10:00:00+00:00,32.226,61.457912,23.876
12755,2022-06-16 11:00:00+00:00,31.776,65.943726,24.626
12756,2022-06-16 12:00:00+00:00,31.175999,67.824684,24.526
12757,2022-06-16 13:00:00+00:00,30.075998,72.87983,24.675999
12758,2022-06-16 14:00:00+00:00,29.575998,76.362206,24.976
12759,2022-06-16 15:00:00+00:00,29.376,77.47882,25.026
12760,2022-06-16 16:00:00+00:00,29.126,79.31164,25.175999
12761,2022-06-16 17:00:00+00:00,26.526,86.697205,24.126
12762,2022-06-16 18:00:00+00:00,26.425999,86.16872,23.925999
12763,2022-06-16 19:00:00+00:00,25.626,92.8182,24.376
12764,2022-06-16 20:00:00+00:00,24.976,93.62559,23.876
12765,2022-06-16 21:00:00+00:00,24.575998,93.88974,23.526
12766,2022-06-16 22:00:00+00:00,24.425999,95.884605,23.726
12767,2022-06-16 23:00:00+00:00,24.376,97.043915,23.876
12768,2022-06-17 00:00:00+00:00,25.425999,91.425064,23.925999
12769,2022-06-17 01:00:00+00:00,26.376,86.944084,24.026
12770,2022-06-17 02:00:00+00:00,27.876,77.25781,23.526
12771,2022-06-17 03:00:00+00:00,29.626,70.64843,23.726
12772,2022-06-17 04:00:00+00:00,31.476,63.551094,23.726
12773,2022-06-17 05:00:00+00:00,32.976,58.384132,23.726
12774,2022-06-17 06:00:00+00:00,34.176003,54.75528,23.776
12775,2022-06-17 07:00:00+00:00,34.376,53.661892,23.626
12776,2022-06-17 08:00:00+00:00,31.976,64.0401,24.325998
12777,2022-06-17 09:00:00+00:00,32.676003,61.926937,24.425999
12778,2022-06-17 10:00:00+00:00,32.226,62.387806,24.126
12779,2022-06-17 11:00:00+00:00,31.075998,67.19861,24.276
12780,2022-06-17 12:00:00+00:00,30.476,68.09637,23.925999
12781,2022-06-17 13:00:00+00:00,29.425999,76.796265,24.925999
12782,2022-06-17 14:00:00+00:00,28.876,80.2284,25.126
12783,2022-06-17 15:00:00+00:00,28.575998,82.36885,25.276
12784,2022-06-17 16:00:00+00:00,28.325998,83.574326,25.276
12785,2022-06-17 17:00:00+00:00,28.126,84.3018,25.226
12786,2022-06-17 18:00:00+00:00,27.825998,86.04539,25.276
12787,2022-06-17 19:00:00+00:00,27.526,84.742516,24.726
12788,2022-06-17 20:00:00+00:00,27.126,84.447296,24.276
12789,2022-06-17 21:00:00+00:00,26.876,85.44008,24.226
12790,2022-06-17 22:00:00+00:00,26.575998,86.962234,24.226
12791,2022-06-17 23:00:00+00:00,26.575998,86.962234,24.226
12792,2022-06-18 00:00:00+00:00,26.825998,86.206894,24.325998
12793,2022-06-18 01:00:00+00:00,27.526,84.995995,24.776
12794,2022-06-18 02:00:00+00:00,28.825998,79.50762,24.925999
12795,2022-06-18 03:00:00+00:00,29.976,74.62432,24.976
12796,2022-06-18 04:00:00+00:00,31.425999,67.87325,24.776
12797,2022-06-18 05:00:00+00:00,32.326,63.541176,24.526
12798,2022-06-18 06:00:00+00:00,33.626,57.49069,24.075998
12799,2022-06-18 07:00:00+00:00,30.825998,69.607414,24.626
12800,2022-06-18 08:00:00+00:00,31.575998,68.30846,25.026
12801,2022-06-18 09:00:00+00:00,30.575998,71.24507,24.776
12802,2022-06-18 10:00:00+00:00,31.175999,70.71802,25.226
12803,2022-06-18 11:00:00+00:00,31.226,70.307304,25.175999
12804,2022-06-18 12:00:00+00:00,31.476,67.680565,24.776
12805,2022-06-18 13:00:00+00:00,30.126,73.76385,24.925999
12806,2022-06-18 14:00:00+00:00,29.575998,75.90803,24.876
12807,2022-06-18 15:00:00+00:00,29.325998,76.09636,24.675999
12808,2022-06-18 16:00:00+00:00,29.026,77.89151,24.776
12809,2022-06-18 17:00:00+00:00,28.776,80.93537,25.175999
12810,2022-06-18 18:00:00+00:00,28.476,81.138985,24.925999
12811,2022-06-18 19:00:00+00:00,28.075998,80.604675,24.425999
12812,2022-06-18 20:00:00+00:00,27.675999,81.281494,24.175999
12813,2022-06-18 21:00:00+00:00,27.276,82.95784,24.126
12814,2022-06-18 22:00:00+00:00,27.126,83.69094,24.126
12815,2022-06-18 23:00:00+00:00,26.776,85.430046,24.126
12816,2022-06-19 00:00:00+00:00,27.075998,85.460075,24.425999
12817,2022-06-19 01:00:00+00:00,27.675999,83.50184,24.626
12818,2022-06-19 02:00:00+00:00,29.075998,76.973465,24.626
12819,2022-06-19 03:00:00+00:00,30.325998,68.27237,23.825998
12820,2022-06-19 04:00:00+00:00,31.726,61.347317,23.376
12821,2022-06-19 05:00:00+00:00,32.676003,57.614693,23.226
12822,2022-06-19 06:00:00+00:00,33.526,54.92828,23.226
12823,2022-06-19 07:00:00+00:00,34.826,51.55367,23.376
12824,2022-06-19 08:00:00+00:00,35.226,48.77418,22.825998
12825,2022-06-19 09:00:00+00:00,33.926003,51.483147,22.526
12826,2022-06-19 10:00:00+00:00,32.276,62.398655,24.175999
12827,2022-06-19 11:00:00+00:00,31.976,65.59129,24.726
12828,2022-06-19 12:00:00+00:00,31.526,69.94508,25.376
12829,2022-06-19 13:00:00+00:00,30.476,74.483246,25.425999
12830,2022-06-19 14:00:00+00:00,29.776,78.231186,25.575998
12831,2022-06-19 15:00:00+00:00,29.476,79.35921,25.526
12832,2022-06-19 16:00:00+00:00,29.226,80.9923,25.626
12833,2022-06-19 17:00:00+00:00,28.876,84.631615,26.026
12834,2022-06-19 18:00:00+00:00,27.726,86.03576,25.175999
12835,2022-06-19 19:00:00+00:00,27.226,83.20139,24.126
12836,2022-06-19 20:00:00+00:00,26.425999,86.42802,23.976
12837,2022-06-19 21:00:00+00:00,26.126,85.88086,23.575998
12838,2022-06-19 22:00:00+00:00,25.925999,85.861336,23.376
12839,2022-06-19 23:00:00+00:00,25.876,86.11595,23.376
12840,2022-06-20 00:00:00+00:00,25.575998,93.93383,24.526
12841,2022-06-20 01:00:00+00:00,26.325998,89.58584,24.476
12842,2022-06-20 02:00:00+00:00,27.976,79.87021,24.175999
12843,2022-06-20 03:00:00+00:00,30.026,68.009056,23.476
12844,2022-06-20 04:00:00+00:00,31.776,60.621964,23.226
12845,2022-06-20 05:00:00+00:00,33.226,55.523327,23.126
12846,2022-06-20 06:00:00+00:00,34.326,51.583874,22.925999
12847,2022-06-20 07:00:00+00:00,34.926003,50.04388,22.976
12848,2022-06-20 08:00:00+00:00,35.076,50.690956,23.325998
12849,2022-06-20 09:00:00+00:00,35.576,48.864243,23.175999
12850,2022-06-20 10:00:00+00:00,32.326,58.94148,23.276
12851,2022-06-20 11:00:00+00:00,33.476,52.79539,22.526
12852,2022-06-20 12:00:00+00:00,33.326,53.241184,22.526
12853,2022-06-20 13:00:00+00:00,31.376,59.260033,22.476
12854,2022-06-20 14:00:00+00:00,29.925999,71.12874,24.126
12855,2022-06-20 15:00:00+00:00,29.325998,76.32406,24.726
12856,2022-06-20 16:00:00+00:00,29.126,76.75116,24.626
12857,2022-06-20 17:00:00+00:00,28.776,78.32247,24.626
12858,2022-06-20 18:00:00+00:00,28.675999,76.224495,24.075998
12859,2022-06-20 19:00:00+00:00,28.675999,74.189415,23.626
12860,2022-06-20 20:00:00+00:00,28.325998,69.3476,22.175999
12861,2022-06-20 21:00:00+00:00,27.976,69.493065,21.876
12862,2022-06-20 22:00:00+00:00,27.175999,73.49163,22.026
12863,2022-06-20 23:00:00+00:00,26.476,78.230095,22.376
12864,2022-06-21 00:00:00+00:00,26.925999,79.4887,23.075998
12865,2022-06-21 01:00:00+00:00,27.526,78.85428,23.526
12866,2022-06-21 02:00:00+00:00,29.226,68.88903,22.925999
12867,2022-06-21 03:00:00+00:00,30.526,61.640373,22.325998
12868,2022-06-21 04:00:00+00:00,31.276,59.77952,22.526
12869,2022-06-21 05:00:00+00:00,32.176003,57.14943,22.626
12870,2022-06-21 06:00:00+00:00,32.776,56.431385,22.976
12871,2022-06-21 07:00:00+00:00,33.126,54.997463,22.876
12872,2022-06-21 08:00:00+00:00,33.326,52.4381,22.276
12873,2022-06-21 09:00:00+00:00,33.276,51.790688,22.026
12874,2022-06-21 10:00:00+00:00,32.876,53.45415,22.175999
12875,2022-06-21 11:00:00+00:00,32.926003,53.46653,22.226
12876,2022-06-21 12:00:00+00:00,32.376,55.655422,22.376
12877,2022-06-21 13:00:00+00:00,31.026,59.90443,22.325998
12878,2022-06-21 14:00:00+00:00,30.075998,63.830822,22.476
12879,2022-06-21 15:00:00+00:00,29.776,65.535484,22.626
12880,2022-06-21 16:00:00+00:00,29.075998,71.62118,23.425999
12881,2022-06-21 17:00:00+00:00,28.976,70.31676,23.026
12882,2022-06-21 18:00:00+00:00,29.276,64.050186,21.776
12883,2022-06-21 19:00:00+00:00,29.276,64.246056,21.825998
12884,2022-06-21 20:00:00+00:00,28.575998,67.51932,21.976
12885,2022-06-21 21:00:00+00:00,28.276,69.127205,22.075998
12886,2022-06-21 22:00:00+00:00,28.126,68.25995,21.726
12887,2022-06-21 23:00:00+00:00,28.126,67.43019,21.526
12888,2022-06-22 00:00:00+00:00,26.175999,88.77284,24.175999
12889,2022-06-22 01:00:00+00:00,26.575998,88.27454,24.476
12890,2022-06-22 02:00:00+00:00,28.226,81.350204,24.726
12891,2022-06-22 03:00:00+00:00,30.026,68.009056,23.476
12892,2022-06-22 04:00:00+00:00,31.276,61.433113,22.976
12893,2022-06-22 05:00:00+00:00,32.376,56.165092,22.526
12894,2022-06-22 06:00:00+00:00,33.326,52.119843,22.175999
12895,2022-06-22 07:00:00+00:00,34.126,49.085762,21.925999
12896,2022-06-22 08:00:00+00:00,34.176003,50.00425,22.276
12897,2022-06-22 09:00:00+00:00,34.676003,48.48453,22.226
12898,2022-06-22 10:00:00+00:00,34.676003,47.751553,21.976
12899,2022-06-22 11:00:00+00:00,33.476,50.74673,21.876
12900,2022-06-22 12:00:00+00:00,32.426003,66.86539,25.476
12901,2022-06-22 13:00:00+00:00,30.776,67.13931,23.976
12902,2022-06-22 14:00:00+00:00,30.226,65.82666,23.126
12903,2022-06-22 15:00:00+00:00,29.476,67.28756,22.776
12904,2022-06-22 16:00:00+00:00,28.175999,71.89594,22.626
12905,2022-06-22 17:00:00+00:00,27.476,75.80909,22.825998
12906,2022-06-22 18:00:00+00:00,25.776,89.54534,23.925999
12907,2022-06-22 19:00:00+00:00,25.925999,87.95611,23.776
12908,2022-06-22 20:00:00+00:00,25.425999,90.331856,23.726
12909,2022-06-22 21:00:00+00:00,25.175999,90.860756,23.575998
12910,2022-06-22 22:00:00+00:00,25.075998,90.85425,23.476
12911,2022-06-22 23:00:00+00:00,25.126,90.58401,23.476
12912,2022-06-23 00:00:00+00:00,25.126,91.40667,23.626
12913,2022-06-23 01:00:00+00:00,25.626,90.34555,23.925999
12914,2022-06-23 02:00:00+00:00,26.526,89.86861,24.726
12915,2022-06-23 03:00:00+00:00,27.726,81.53179,24.276
12916,2022-06-23 04:00:00+00:00,29.026,73.13902,23.726
12917,2022-06-23 05:00:00+00:00,30.226,67.43569,23.526
12918,2022-06-23 06:00:00+00:00,32.026,61.413723,23.675999
12919,2022-06-23 07:00:00+00:00,33.326,57.247856,23.726
12920,2022-06-23 08:00:00+00:00,33.926003,54.859665,23.575998
12921,2022-06-23 09:00:00+00:00,34.176003,54.75528,23.776
12922,2022-06-23 10:00:00+00:00,33.826,55.00099,23.526
12923,2022-06-23 11:00:00+00:00,33.226,56.028908,23.276
12924,2022-06-23 12:00:00+00:00,30.575998,67.09971,23.776
12925,2022-06-23 13:00:00+00:00,29.126,74.26329,24.075998
12926,2022-06-23 14:00:00+00:00,28.575998,75.07195,23.726
12927,2022-06-23 15:00:00+00:00,28.575998,78.29407,24.425999
12928,2022-06-23 16:00:00+00:00,28.175999,82.32141,24.876
12929,2022-06-23 17:00:00+00:00,28.276,83.568756,25.226
12930,2022-06-23 18:00:00+00:00,27.876,85.03185,25.126
12931,2022-06-23 19:00:00+00:00,27.526,85.50494,24.876
12932,2022-06-23 20:00:00+00:00,27.226,86.76153,24.825998
12933,2022-06-23 21:00:00+00:00,27.175999,85.21471,24.476
12934,2022-06-23 22:00:00+00:00,27.126,82.44353,23.876
12935,2022-06-23 23:00:00+00:00,26.825998,81.66595,23.425999
12936,2022-06-24 00:00:00+00:00,26.976,80.46193,23.325998
12937,2022-06-24 01:00:00+00:00,27.825998,77.71751,23.575998
12938,2022-06-24 02:00:00+00:00,29.476,71.26199,23.726
12939,2022-06-24 03:00:00+00:00,30.876,61.344322,22.575998
12940,2022-06-24 04:00:00+00:00,31.976,57.10208,22.425999
12941,2022-06-24 05:00:00+00:00,33.076,53.50365,22.376
12942,2022-06-24 06:00:00+00:00,34.026,50.73198,22.376
12943,2022-06-24 07:00:00+00:00,33.476,51.369534,22.075998
12944,2022-06-24 08:00:00+00:00,34.326,49.287178,22.175999
12945,2022-06-24 09:00:00+00:00,33.926003,51.01596,22.376
12946,2022-06-24 10:00:00+00:00,33.676003,50.797585,22.075998
12947,2022-06-24 11:00:00+00:00,33.976,49.498257,21.925999
12948,2022-06-24 12:00:00+00:00,33.226,60.945545,24.675999
12949,2022-06-24 13:00:00+00:00,31.175999,70.71802,25.226
12950,2022-06-24 14:00:00+00:00,30.276,67.242584,23.526
12951,2022-06-24 15:00:00+00:00,29.425999,75.65838,24.675999
12952,2022-06-24 16:00:00+00:00,29.075998,76.05783,24.425999
12953,2022-06-24 17:00:00+00:00,29.075998,76.51446,24.526
12954,2022-06-24 18:00:00+00:00,28.726,80.44823,25.026
12955,2022-06-24 19:00:00+00:00,28.425999,81.86182,25.026
12956,2022-06-24 20:00:00+00:00,28.126,82.80816,24.925999
12957,2022-06-24 21:00:00+00:00,27.825998,82.526215,24.575998
12958,2022-06-24 22:00:00+00:00,27.575998,80.29827,23.876
12959,2022-06-24 23:00:00+00:00,27.425999,78.365944,23.325998
12960,2022-06-25 00:00:00+00:00,28.026,69.07957,21.825998
12961,2022-06-25 01:00:00+00:00,28.575998,67.93222,22.075998
12962,2022-06-25 02:00:00+00:00,29.876,62.44222,21.925999
12963,2022-06-25 03:00:00+00:00,30.976,56.690495,21.376
12964,2022-06-25 04:00:00+00:00,32.026,54.06447,21.575998
12965,2022-06-25 05:00:00+00:00,32.976,51.71505,21.726
12966,2022-06-25 06:00:00+00:00,34.126,48.638325,21.776
12967,2022-06-25 07:00:00+00:00,34.976,45.97017,21.626
12968,2022-06-25 08:00:00+00:00,35.426003,44.430046,21.476
12969,2022-06-25 09:00:00+00:00,35.576,43.12826,21.126
12970,2022-06-25 10:00:00+00:00,35.376,43.607212,21.126
12971,2022-06-25 11:00:00+00:00,34.976,45.133564,21.325998
12972,2022-06-25 12:00:00+00:00,34.376,44.1503,20.425999
12973,2022-06-25 13:00:00+00:00,32.926003,45.994423,19.776
12974,2022-06-25 14:00:00+00:00,31.575998,49.487747,19.726
12975,2022-06-25 15:00:00+00:00,30.626,52.56627,19.825998
12976,2022-06-25 16:00:00+00:00,30.175999,56.324787,20.526
12977,2022-06-25 17:00:00+00:00,30.126,57.01125,20.675999
12978,2022-06-25 18:00:00+00:00,29.925999,57.84792,20.726
12979,2022-06-25 19:00:00+00:00,29.075998,61.885532,21.026
12980,2022-06-25 20:00:00+00:00,28.175999,66.82374,21.425999
12981,2022-06-25 21:00:00+00:00,27.925999,68.01254,21.476
12982,2022-06-25 22:00:00+00:00,27.925999,68.01254,21.476
12983,2022-06-25 23:00:00+00:00,27.675999,69.012726,21.476
12984,2022-06-26 00:00:00+00:00,26.575998,74.06679,21.575998
12985,2022-06-26 01:00:00+00:00,27.726,70.085396,21.776
12986,2022-06-26 02:00:00+00:00,28.976,66.984146,22.226
12987,2022-06-26 03:00:00+00:00,30.626,56.955376,21.126
12988,2022-06-26 04:00:00+00:00,31.825998,53.520718,21.226
12989,2022-06-26 05:00:00+00:00,33.176003,49.14107,21.075998
12990,2022-06-26 06:00:00+00:00,34.076,47.015045,21.175999
12991,2022-06-26 07:00:00+00:00,34.876,44.69372,21.075998
12992,2022-06-26 08:00:00+00:00,35.676003,42.23721,20.876
12993,2022-06-26 09:00:00+00:00,34.176003,46.7536,21.175999
12994,2022-06-26 10:00:00+00:00,34.026,46.714172,21.026
12995,2022-06-26 11:00:00+00:00,33.576,48.644665,21.276
12996,2022-06-26 12:00:00+00:00,33.676003,46.193047,20.526
12997,2022-06-26 13:00:00+00:00,32.526,48.073357,20.126
12998,2022-06-26 14:00:00+00:00,30.175999,62.698288,22.276
12999,2022-06-26 15:00:00+00:00,29.276,69.10738,23.026
13000,2022-06-26 16:00:00+00:00,28.825998,75.33783,24.026
13001,2022-06-26 17:00:00+00:00,29.226,70.15053,23.226
13002,2022-06-26 18:00:00+00:00,28.526,67.09862,21.825998
13003,2022-06-26 19:00:00+00:00,28.075998,69.08911,21.876
13004,2022-06-26 20:00:00+00:00,27.726,68.39121,21.376
13005,2022-06-26 21:00:00+00:00,27.276,70.86422,21.526
13006,2022-06-26 22:00:00+00:00,26.925999,72.556786,21.575998
13007,2022-06-26 23:00:00+00:00,26.526,74.05846,21.526
13008,2022-06-27 00:00:00+00:00,26.575998,81.3887,23.126
13009,2022-06-27 01:00:00+00:00,27.325998,79.78322,23.526
13010,2022-06-27 02:00:00+00:00,28.276,78.01685,24.075998
13011,2022-06-27 03:00:00+00:00,29.276,71.011734,23.476
13012,2022-06-27 04:00:00+00:00,30.325998,59.927578,21.675999
13013,2022-06-27 05:00:00+00:00,31.325998,54.39068,21.026
13014,2022-06-27 06:00:00+00:00,31.976,52.743084,21.126
13015,2022-06-27 07:00:00+00:00,32.726,50.86665,21.226
13016,2022-06-27 08:00:00+00:00,33.526,47.890945,20.976
13017,2022-06-27 09:00:00+00:00,33.726,47.06767,20.876
13018,2022-06-27 10:00:00+00:00,34.176003,45.899868,20.876
13019,2022-06-27 11:00:00+00:00,34.076,45.873436,20.776
13020,2022-06-27 12:00:00+00:00,32.526,50.815655,21.026
13021,2022-06-27 13:00:00+00:00,30.776,59.66534,22.026
13022,2022-06-27 14:00:00+00:00,30.075998,63.059254,22.276
13023,2022-06-27 15:00:00+00:00,29.226,63.261093,21.526
13024,2022-06-27 16:00:00+00:00,28.925999,74.00764,23.825998
13025,2022-06-27 17:00:00+00:00,28.925999,72.68272,23.526
13026,2022-06-27 18:00:00+00:00,28.726,74.64559,23.776
13027,2022-06-27 19:00:00+00:00,28.126,77.06264,23.726
13028,2022-06-27 20:00:00+00:00,27.226,81.96127,23.876
13029,2022-06-27 21:00:00+00:00,26.226,87.192154,23.925999
13030,2022-06-27 22:00:00+00:00,25.526,84.788605,22.776
13031,2022-06-27 23:00:00+00:00,25.325998,83.23591,22.276
13032,2022-06-28 00:00:00+00:00,24.976,93.34449,23.825998
13033,2022-06-28 01:00:00+00:00,25.226,93.63709,24.126
13034,2022-06-28 02:00:00+00:00,25.825998,92.55126,24.526
13035,2022-06-28 03:00:00+00:00,27.226,83.45138,24.175999
13036,2022-06-28 04:00:00+00:00,29.276,70.3719,23.325998
13037,2022-06-28 05:00:00+00:00,29.575998,66.29478,22.626
13038,2022-06-28 06:00:00+00:00,29.425999,66.26437,22.476
13039,2022-06-28 07:00:00+00:00,30.075998,62.676537,22.175999
13040,2022-06-28 08:00:00+00:00,30.726,59.653893,21.976
13041,2022-06-28 09:00:00+00:00,31.675999,57.204918,22.175999
13042,2022-06-28 10:00:00+00:00,31.925999,54.872475,21.726
13043,2022-06-28 11:00:00+00:00,31.675999,54.9794,21.526
13044,2022-06-28 12:00:00+00:00,30.126,73.54412,24.876
13045,2022-06-28 13:00:00+00:00,28.925999,71.16325,23.175999
13046,2022-06-28 14:00:00+00:00,28.376,73.47119,23.175999
13047,2022-06-28 15:00:00+00:00,27.876,73.609665,22.726
13048,2022-06-28 16:00:00+00:00,28.126,70.80317,22.325998
13049,2022-06-28 17:00:00+00:00,27.526,80.050545,23.776
13050,2022-06-28 18:00:00+00:00,27.575998,79.57693,23.726
13051,2022-06-28 19:00:00+00:00,27.376,79.78992,23.575998
13052,2022-06-28 20:00:00+00:00,27.476,80.28513,23.776
13053,2022-06-28 21:00:00+00:00,27.376,78.83334,23.376
13054,2022-06-28 22:00:00+00:00,26.876,77.343254,22.575998
13055,2022-06-28 23:00:00+00:00,26.376,77.26886,22.075998
13056,2022-06-29 00:00:00+00:00,27.476,73.31892,22.276
13057,2022-06-29 01:00:00+00:00,28.075998,70.364395,22.175999
13058,2022-06-29 02:00:00+00:00,28.925999,68.415085,22.526
13059,2022-06-29 03:00:00+00:00,30.026,63.43327,22.325998
13060,2022-06-29 04:00:00+00:00,30.976,59.893047,22.276
13061,2022-06-29 05:00:00+00:00,31.976,57.799976,22.626
13062,2022-06-29 06:00:00+00:00,33.276,54.371357,22.825998
13063,2022-06-29 07:00:00+00:00,34.276,50.79542,22.626
13064,2022-06-29 08:00:00+00:00,35.076,47.4208,22.226
13065,2022-06-29 09:00:00+00:00,35.176003,46.304596,21.925999
13066,2022-06-29 10:00:00+00:00,35.326,46.344,22.075998
13067,2022-06-29 11:00:00+00:00,34.076,49.373207,21.976
13068,2022-06-29 12:00:00+00:00,34.226,71.26202,28.276
13069,2022-06-29 13:00:00+00:00,30.876,71.51123,25.126
13070,2022-06-29 14:00:00+00:00,29.526,75.673996,24.776
13071,2022-06-29 15:00:00+00:00,29.126,79.31164,25.175999
13072,2022-06-29 16:00:00+00:00,28.825998,79.50762,24.925999
13073,2022-06-29 17:00:00+00:00,28.276,78.72221,24.226
13074,2022-06-29 18:00:00+00:00,27.825998,79.37188,23.925999
13075,2022-06-29 19:00:00+00:00,27.325998,81.23757,23.825998
13076,2022-06-29 20:00:00+00:00,27.476,79.32405,23.575998
13077,2022-06-29 21:00:00+00:00,27.575998,76.98029,23.175999
13078,2022-06-29 22:00:00+00:00,28.276,69.97431,22.276
13079,2022-06-29 23:00:00+00:00,28.425999,66.87398,21.675999
13080,2022-06-30 00:00:00+00:00,26.526,82.621254,23.325998
13081,2022-06-30 01:00:00+00:00,27.726,74.93548,22.876
13082,2022-06-30 02:00:00+00:00,29.175999,66.61778,22.325998
13083,2022-06-30 03:00:00+00:00,30.126,63.070038,22.325998
13084,2022-06-30 04:00:00+00:00,31.476,59.103268,22.526
13085,2022-06-30 05:00:00+00:00,32.876,54.936737,22.626
13086,2022-06-30 06:00:00+00:00,34.076,52.14945,22.876
13087,2022-06-30 07:00:00+00:00,35.276,48.053078,22.626
13088,2022-06-30 08:00:00+00:00,35.676003,45.318703,22.026
13089,2022-06-30 09:00:00+00:00,35.976,44.98526,22.175999
13090,2022-06-30 10:00:00+00:00,36.076,44.602478,22.126
13091,2022-06-30 11:00:00+00:00,35.976,44.304928,21.925999
13092,2022-06-30 12:00:00+00:00,33.876,72.24543,28.175999
13093,2022-06-30 13:00:00+00:00,31.876,64.403946,24.325998
13094,2022-06-30 14:00:00+00:00,29.976,74.18047,24.876
13095,2022-06-30 15:00:00+00:00,30.175999,68.2434,23.675999
13096,2022-06-30 16:00:00+00:00,29.226,64.03955,21.726
13097,2022-06-30 17:00:00+00:00,29.276,64.246056,21.825998
13098,2022-06-30 18:00:00+00:00,29.325998,65.842354,22.276
13099,2022-06-30 19:00:00+00:00,28.726,69.63421,22.626
13100,2022-06-30 20:00:00+00:00,28.726,69.00279,22.476
13101,2022-06-30 21:00:00+00:00,28.425999,69.577866,22.325998
13102,2022-06-30 22:00:00+00:00,28.376,69.56846,22.276
13103,2022-06-30 23:00:00+00:00,28.226,69.75232,22.175999
13104,2022-07-01 00:00:00+00:00,26.175999,83.33282,23.126
13105,2022-07-01 01:00:00+00:00,26.925999,80.6987,23.325998
13106,2022-07-01 02:00:00+00:00,28.425999,75.27437,23.626
13107,2022-07-01 03:00:00+00:00,30.175999,66.01578,23.126
13108,2022-07-01 04:00:00+00:00,31.626,60.405277,23.026
13109,2022-07-01 05:00:00+00:00,32.876,56.114635,22.976
13110,2022-07-01 06:00:00+00:00,34.176003,51.702576,22.825998
13111,2022-07-01 07:00:00+00:00,35.026,48.87069,22.675999
13112,2022-07-01 08:00:00+00:00,35.476,47.093975,22.476
13113,2022-07-01 09:00:00+00:00,35.326,47.630367,22.526
13114,2022-07-01 10:00:00+00:00,35.126,48.74842,22.726
13115,2022-07-01 11:00:00+00:00,35.026,49.466846,22.876
13116,2022-07-01 12:00:00+00:00,34.576,52.74945,23.526
13117,2022-07-01 13:00:00+00:00,32.676003,56.066742,22.776
13118,2022-07-01 14:00:00+00:00,29.825998,69.00326,23.526
13119,2022-07-01 15:00:00+00:00,27.526,88.878525,25.526
13120,2022-07-01 16:00:00+00:00,27.476,83.980606,24.526
13121,2022-07-01 17:00:00+00:00,26.476,91.21656,24.925999
13122,2022-07-01 18:00:00+00:00,26.726,87.498146,24.476
13123,2022-07-01 19:00:00+00:00,26.425999,86.94863,24.075998
13124,2022-07-01 20:00:00+00:00,26.126,86.92139,23.776
13125,2022-07-01 21:00:00+00:00,26.026,86.91229,23.675999
13126,2022-07-01 22:00:00+00:00,26.075998,86.6556,23.675999
13127,2022-07-01 23:00:00+00:00,25.925999,87.42826,23.675999
13128,2022-07-02 00:00:00+00:00,26.276,84.86687,23.526
13129,2022-07-02 01:00:00+00:00,26.976,79.016106,23.026
13130,2022-07-02 02:00:00+00:00,27.575998,79.09919,23.626
13131,2022-07-02 03:00:00+00:00,28.626,75.988235,23.976
13132,2022-07-02 04:00:00+00:00,30.126,67.21291,23.376
13133,2022-07-02 05:00:00+00:00,31.925999,60.2905,23.276
13134,2022-07-02 06:00:00+00:00,33.076,56.33246,23.226
13135,2022-07-02 07:00:00+00:00,34.276,51.104534,22.726
13136,2022-07-02 08:00:00+00:00,34.926003,47.81657,22.226
13137,2022-07-02 09:00:00+00:00,35.226,46.176678,21.925999
13138,2022-07-02 10:00:00+00:00,34.726,49.09086,22.476
13139,2022-07-02 11:00:00+00:00,34.576,51.6467,23.175999
13140,2022-07-02 12:00:00+00:00,33.226,60.220848,24.476
13141,2022-07-02 13:00:00+00:00,31.675999,60.41656,23.075998
13142,2022-07-02 14:00:00+00:00,30.226,68.66496,23.825998
13143,2022-07-02 15:00:00+00:00,29.876,65.15953,22.626
13144,2022-07-02 16:00:00+00:00,28.075998,75.902794,23.425999
13145,2022-07-02 17:00:00+00:00,27.626,86.28279,25.126
13146,2022-07-02 18:00:00+00:00,27.776,83.513016,24.726
13147,2022-07-02 19:00:00+00:00,27.175999,89.381714,25.276
13148,2022-07-02 20:00:00+00:00,26.776,91.77972,25.325998
13149,2022-07-02 21:00:00+00:00,26.325998,89.31807,24.425999
13150,2022-07-02 22:00:00+00:00,25.925999,86.90319,23.575998
13151,2022-07-02 23:00:00+00:00,25.925999,84.319046,23.075998
13152,2022-07-03 00:00:00+00:00,27.126,81.21241,23.626
13153,2022-07-03 01:00:00+00:00,27.825998,75.63487,23.126
13154,2022-07-03 02:00:00+00:00,28.925999,70.52064,23.026
13155,2022-07-03 03:00:00+00:00,30.075998,65.39881,22.876
13156,2022-07-03 04:00:00+00:00,31.126,62.147984,23.026
13157,2022-07-03 05:00:00+00:00,32.026,59.229668,23.075998
13158,2022-07-03 06:00:00+00:00,32.976,56.821316,23.276
13159,2022-07-03 07:00:00+00:00,33.776,54.82327,23.425999
13160,2022-07-03 08:00:00+00:00,34.426003,51.142445,22.876
13161,2022-07-03 09:00:00+00:00,34.976,48.70975,22.575998
13162,2022-07-03 10:00:00+00:00,35.076,48.44065,22.575998
13163,2022-07-03 11:00:00+00:00,34.726,49.38993,22.575998
13164,2022-07-03 12:00:00+00:00,32.776,59.939262,23.976
13165,2022-07-03 13:00:00+00:00,30.976,68.39744,24.476
13166,2022-07-03 14:00:00+00:00,29.925999,66.970566,23.126
13167,2022-07-03 15:00:00+00:00,29.675999,67.53122,23.026
13168,2022-07-03 16:00:00+00:00,29.876,66.1548,22.876
13169,2022-07-03 17:00:00+00:00,29.476,66.073494,22.476
13170,2022-07-03 18:00:00+00:00,27.276,73.95755,22.226
13171,2022-07-03 19:00:00+00:00,25.825998,86.6324,23.425999
13172,2022-07-03 20:00:00+00:00,25.726,90.3524,24.026
13173,2022-07-03 21:00:00+00:00,25.976,89.024025,24.026
13174,2022-07-03 22:00:00+00:00,26.175999,87.18771,23.876
13175,2022-07-03 23:00:00+00:00,26.876,78.287445,22.776
13176,2022-07-04 00:00:00+00:00,26.976,76.89001,22.575998
13177,2022-07-04 01:00:00+00:00,27.825998,69.89034,21.825998
13178,2022-07-04 02:00:00+00:00,28.325998,68.29883,21.925999
13179,2022-07-04 03:00:00+00:00,29.226,65.821846,22.175999
13180,2022-07-04 04:00:00+00:00,29.925999,62.64388,22.026
13181,2022-07-04 05:00:00+00:00,30.226,61.95029,22.126
13182,2022-07-04 06:00:00+00:00,30.776,60.03008,22.126
13183,2022-07-04 07:00:00+00:00,31.575998,56.487957,21.876
13184,2022-07-04 08:00:00+00:00,32.426003,53.342583,21.726
13185,2022-07-04 09:00:00+00:00,33.076,50.955738,21.575998
13186,2022-07-04 10:00:00+00:00,32.776,53.104637,21.976
13187,2022-07-04 11:00:00+00:00,32.326,55.137676,22.175999
13188,2022-07-04 12:00:00+00:00,32.176003,58.72907,23.075998
13189,2022-07-04 13:00:00+00:00,30.976,60.995224,22.575998
13190,2022-07-04 14:00:00+00:00,30.526,58.7039,21.526
13191,2022-07-04 15:00:00+00:00,30.075998,60.979412,21.726
13192,2022-07-04 16:00:00+00:00,29.925999,61.31957,21.675999
13193,2022-07-04 17:00:00+00:00,29.325998,64.25666,21.876
13194,2022-07-04 18:00:00+00:00,28.876,66.35467,21.976
13195,2022-07-04 19:00:00+00:00,28.376,67.6861,21.825998
13196,2022-07-04 20:00:00+00:00,28.226,67.244064,21.575998
13197,2022-07-04 21:00:00+00:00,28.026,66.99858,21.325998
13198,2022-07-04 22:00:00+00:00,27.776,67.77508,21.276
13199,2022-07-04 23:00:00+00:00,27.675999,68.38151,21.325998
13200,2022-07-05 00:00:00+00:00,27.276,71.29906,21.626
13201,2022-07-05 01:00:00+00:00,27.726,71.81623,22.175999
13202,2022-07-05 02:00:00+00:00,29.026,66.99415,22.276
13203,2022-07-05 03:00:00+00:00,30.126,63.070038,22.325998
13204,2022-07-05 04:00:00+00:00,31.026,60.637123,22.526
13205,2022-07-05 05:00:00+00:00,31.776,56.708286,22.126
13206,2022-07-05 06:00:00+00:00,31.976,55.389576,21.925999
13207,2022-07-05 07:00:00+00:00,31.376,58.543713,22.276
13208,2022-07-05 08:00:00+00:00,30.726,62.24886,22.675999
13209,2022-07-05 09:00:00+00:00,29.476,69.98527,23.425999
13210,2022-07-05 10:00:00+00:00,30.276,66.43613,23.325998
13211,2022-07-05 11:00:00+00:00,29.925999,69.43912,23.726
13212,2022-07-05 12:00:00+00:00,30.276,65.63816,23.126
13213,2022-07-05 13:00:00+00:00,26.575998,87.48508,24.325998
13214,2022-07-05 14:00:00+00:00,26.226,90.38653,24.526
13215,2022-07-05 15:00:00+00:00,26.126,93.12132,24.925999
13216,2022-07-05 16:00:00+00:00,25.925999,92.83365,24.675999
13217,2022-07-05 17:00:00+00:00,25.626,93.936,24.575998
13218,2022-07-05 18:00:00+00:00,25.675999,92.26642,24.325998
13219,2022-07-05 19:00:00+00:00,25.675999,92.26642,24.325998
13220,2022-07-05 20:00:00+00:00,25.575998,91.434235,24.075998
13221,2022-07-05 21:00:00+00:00,25.425999,90.87702,23.825998
13222,2022-07-05 22:00:00+00:00,25.226,90.59068,23.575998
13223,2022-07-05 23:00:00+00:00,25.325998,88.17141,23.226
13224,2022-07-06 00:00:00+00:00,24.925999,90.025,23.175999
13225,2022-07-06 01:00:00+00:00,25.425999,87.913864,23.276
13226,2022-07-06 02:00:00+00:00,26.126,85.62244,23.526
13227,2022-07-06 03:00:00+00:00,26.876,81.9187,23.526
13228,2022-07-06 04:00:00+00:00,27.876,77.49099,23.575998
13229,2022-07-06 05:00:00+00:00,27.876,78.19422,23.726
13230,2022-07-06 06:00:00+00:00,27.925999,78.67317,23.876
13231,2022-07-06 07:00:00+00:00,28.276,76.62275,23.776
13232,2022-07-06 08:00:00+00:00,28.675999,73.74368,23.526
13233,2022-07-06 09:00:00+00:00,28.976,73.572044,23.776
13234,2022-07-06 10:00:00+00:00,29.376,71.89036,23.776
13235,2022-07-06 11:00:00+00:00,29.126,70.770645,23.276
13236,2022-07-06 12:00:00+00:00,27.976,77.973625,23.776
13237,2022-07-06 13:00:00+00:00,27.626,79.10608,23.675999
13238,2022-07-06 14:00:00+00:00,27.226,81.715195,23.825998
13239,2022-07-06 15:00:00+00:00,26.925999,84.17294,24.026
13240,2022-07-06 16:00:00+00:00,26.626,86.18781,24.126
13241,2022-07-06 17:00:00+00:00,26.425999,87.47201,24.175999
13242,2022-07-06 18:00:00+00:00,26.325998,88.25403,24.226
13243,2022-07-06 19:00:00+00:00,26.126,89.83994,24.325998
13244,2022-07-06 20:00:00+00:00,25.976,90.369484,24.276
13245,2022-07-06 21:00:00+00:00,26.026,87.700424,23.825998
13246,2022-07-06 22:00:00+00:00,26.075998,84.846054,23.325998
13247,2022-07-06 23:00:00+00:00,26.075998,82.06932,22.776
13248,2022-07-07 00:00:00+00:00,25.575998,87.3975,23.325998
13249,2022-07-07 01:00:00+00:00,25.976,84.83565,23.226
13250,2022-07-07 02:00:00+00:00,26.526,82.372185,23.276
13251,2022-07-07 03:00:00+00:00,27.726,76.3082,23.175999
13252,2022-07-07 04:00:00+00:00,29.226,68.680725,22.876
13253,2022-07-07 05:00:00+00:00,30.825998,63.029793,22.976
13254,2022-07-07 06:00:00+00:00,30.876,62.85008,22.976
13255,2022-07-07 07:00:00+00:00,31.526,60.565804,22.976
13256,2022-07-07 08:00:00+00:00,31.726,59.160786,22.776
13257,2022-07-07 09:00:00+00:00,31.825998,56.7202,22.175999
13258,2022-07-07 10:00:00+00:00,30.425999,61.806046,22.276
13259,2022-07-07 11:00:00+00:00,29.976,64.982864,22.675999
13260,2022-07-07 12:00:00+00:00,29.376,67.47207,22.726
13261,2022-07-07 13:00:00+00:00,28.976,69.0504,22.726
13262,2022-07-07 14:00:00+00:00,28.776,69.01232,22.526
13263,2022-07-07 15:00:00+00:00,28.476,69.58726,22.376
13264,2022-07-07 16:00:00+00:00,27.925999,72.07045,22.425999
13265,2022-07-07 17:00:00+00:00,27.776,72.26353,22.325998
13266,2022-07-07 18:00:00+00:00,28.026,69.29076,21.876
13267,2022-07-07 19:00:00+00:00,27.075998,73.25085,21.876
13268,2022-07-07 20:00:00+00:00,26.276,78.43979,22.226
13269,2022-07-07 21:00:00+00:00,25.226,87.10255,22.925999
13270,2022-07-07 22:00:00+00:00,25.325998,85.28368,22.675999
13271,2022-07-07 23:00:00+00:00,25.325998,84.25435,22.476
13272,2022-07-08 00:00:00+00:00,24.575998,89.18531,22.675999
13273,2022-07-08 01:00:00+00:00,24.726,90.010826,22.976
13274,2022-07-08 02:00:00+00:00,25.026,89.760574,23.226
13275,2022-07-08 03:00:00+00:00,25.376,89.24629,23.476
13276,2022-07-08 04:00:00+00:00,25.726,89.00469,23.776
13277,2022-07-08 05:00:00+00:00,26.476,85.914955,23.925999
13278,2022-07-08 06:00:00+00:00,27.325998,81.97342,23.976
13279,2022-07-08 07:00:00+00:00,28.226,77.07756,23.825998
13280,2022-07-08 08:00:00+00:00,29.325998,71.45004,23.626
13281,2022-07-08 09:00:00+00:00,29.126,72.936264,23.776
13282,2022-07-08 10:00:00+00:00,28.976,73.572044,23.776
13283,2022-07-08 11:00:00+00:00,29.075998,73.36788,23.825998
13284,2022-07-08 12:00:00+00:00,27.376,79.54983,23.526
13285,2022-07-08 13:00:00+00:00,27.425999,77.42469,23.126
13286,2022-07-08 14:00:00+00:00,27.276,74.63559,22.376
13287,2022-07-08 15:00:00+00:00,27.425999,73.08758,22.175999
13288,2022-07-08 16:00:00+00:00,27.276,73.73274,22.175999
13289,2022-07-08 17:00:00+00:00,26.626,78.48959,22.575998
13290,2022-07-08 18:00:00+00:00,25.876,84.56909,23.075998
13291,2022-07-08 19:00:00+00:00,25.226,89.50462,23.376
13292,2022-07-08 20:00:00+00:00,24.825998,92.49754,23.526
13293,2022-07-08 21:00:00+00:00,24.675999,91.93274,23.276
13294,2022-07-08 22:00:00+00:00,24.575998,91.372795,23.075998
13295,2022-07-08 23:00:00+00:00,24.476,91.09042,22.925999
13296,2022-07-09 00:00:00+00:00,24.476,89.17764,22.575998
13297,2022-07-09 01:00:00+00:00,25.026,86.8208,22.675999
13298,2022-07-09 02:00:00+00:00,25.876,83.04662,22.776
13299,2022-07-09 03:00:00+00:00,28.175999,72.7733,22.825998
13300,2022-07-09 04:00:00+00:00,29.575998,67.51152,22.925999
13301,2022-07-09 05:00:00+00:00,30.776,62.638393,22.825998
13302,2022-07-09 06:00:00+00:00,31.425999,60.177555,22.776
13303,2022-07-09 07:00:00+00:00,31.925999,56.057087,22.075998
13304,2022-07-09 08:00:00+00:00,31.825998,59.004734,22.825998
13305,2022-07-09 09:00:00+00:00,31.825998,58.648113,22.726
13306,2022-07-09 10:00:00+00:00,31.876,57.25222,22.376
13307,2022-07-09 11:00:00+00:00,31.126,60.109562,22.476
13308,2022-07-09 12:00:00+00:00,29.675999,63.358093,21.976
13309,2022-07-09 13:00:00+00:00,29.476,63.121902,21.726
13310,2022-07-09 14:00:00+00:00,29.376,62.332638,21.425999
13311,2022-07-09 15:00:00+00:00,28.626,66.91409,21.876
13312,2022-07-09 16:00:00+00:00,28.226,68.697426,21.925999
13313,2022-07-09 17:00:00+00:00,27.825998,69.89034,21.825998
13314,2022-07-09 18:00:00+00:00,27.675999,69.64904,21.626
13315,2022-07-09 19:00:00+00:00,27.376,70.450165,21.526
13316,2022-07-09 20:00:00+00:00,26.976,72.12292,21.526
13317,2022-07-09 21:00:00+00:00,26.675999,73.631775,21.575998
13318,2022-07-09 22:00:00+00:00,26.476,74.2771,21.526
13319,2022-07-09 23:00:00+00:00,26.376,74.48826,21.476
13320,2022-07-10 00:00:00+00:00,25.776,79.57359,21.976
13321,2022-07-10 01:00:00+00:00,25.976,78.87658,22.026
13322,2022-07-10 02:00:00+00:00,26.126,80.106804,22.425999
13323,2022-07-10 03:00:00+00:00,27.226,73.94921,22.175999
13324,2022-07-10 04:00:00+00:00,28.376,69.99292,22.376
13325,2022-07-10 05:00:00+00:00,29.925999,63.798874,22.325998
13326,2022-07-10 06:00:00+00:00,30.976,59.529545,22.175999
13327,2022-07-10 07:00:00+00:00,30.626,60.362835,22.075998
13328,2022-07-10 08:00:00+00:00,31.325998,57.823265,22.026
13329,2022-07-10 09:00:00+00:00,30.876,59.870255,22.175999
13330,2022-07-10 10:00:00+00:00,30.476,61.629307,22.276
13331,2022-07-10 11:00:00+00:00,30.876,60.787857,22.425999
13332,2022-07-10 12:00:00+00:00,29.925999,62.64388,22.026
13333,2022-07-10 13:00:00+00:00,29.626,62.38748,21.675999
13334,2022-07-10 14:00:00+00:00,29.376,62.52378,21.476
13335,2022-07-10 15:00:00+00:00,28.976,64.18249,21.526
13336,2022-07-10 16:00:00+00:00,28.925999,64.17188,21.476
13337,2022-07-10 17:00:00+00:00,28.776,64.73208,21.476
13338,2022-07-10 18:00:00+00:00,28.626,64.50254,21.276
13339,2022-07-10 19:00:00+00:00,28.425999,64.26264,21.026
13340,2022-07-10 20:00:00+00:00,28.126,64.7942,20.876
13341,2022-07-10 21:00:00+00:00,27.876,65.543724,20.825998
13342,2022-07-10 22:00:00+00:00,27.575998,66.293465,20.726
13343,2022-07-10 23:00:00+00:00,27.425999,66.672386,20.675999
13344,2022-07-11 00:00:00+00:00,27.376,67.90455,20.925999
13345,2022-07-11 01:00:00+00:00,27.476,68.763245,21.226
13346,2022-07-11 02:00:00+00:00,27.876,68.420334,21.526
13347,2022-07-11 03:00:00+00:00,28.825998,66.954155,22.075998
13348,2022-07-11 04:00:00+00:00,29.526,64.298935,22.075998
13349,2022-07-11 05:00:00+00:00,30.425999,61.430935,22.175999
13350,2022-07-11 06:00:00+00:00,30.476,61.25527,22.175999
13351,2022-07-11 07:00:00+00:00,31.726,55.83827,21.825998
13352,2022-07-11 08:00:00+00:00,31.276,56.762154,21.675999
13353,2022-07-11 09:00:00+00:00,30.876,57.541046,21.526
13354,2022-07-11 10:00:00+00:00,30.325998,58.65738,21.325998
13355,2022-07-11 11:00:00+00:00,29.925999,60.75957,21.526
13356,2022-07-11 12:00:00+00:00,28.726,68.58463,22.376
13357,2022-07-11 13:00:00+00:00,28.925999,65.55989,21.825998
13358,2022-07-11 14:00:00+00:00,29.026,62.447105,21.126
13359,2022-07-11 15:00:00+00:00,28.425999,65.85881,21.425999
13360,2022-07-11 16:00:00+00:00,28.175999,67.02865,21.476
13361,2022-07-11 17:00:00+00:00,28.126,66.405426,21.276
13362,2022-07-11 18:00:00+00:00,27.976,66.37494,21.126
13363,2022-07-11 19:00:00+00:00,27.476,68.3426,21.126
13364,2022-07-11 20:00:00+00:00,26.976,71.02684,21.276
13365,2022-07-11 21:00:00+00:00,26.476,74.050125,21.476
13366,2022-07-11 22:00:00+00:00,26.126,75.82813,21.526
13367,2022-07-11 23:00:00+00:00,25.476,80.020134,21.776
13368,2022-07-12 00:00:00+00:00,26.526,72.264885,21.126
13369,2022-07-12 01:00:00+00:00,26.726,72.07878,21.276
13370,2022-07-12 02:00:00+00:00,27.126,70.6201,21.325998
13371,2022-07-12 03:00:00+00:00,27.726,68.811356,21.476
13372,2022-07-12 04:00:00+00:00,27.675999,71.371086,22.026
13373,2022-07-12 05:00:00+00:00,28.226,68.90728,21.976
13374,2022-07-12 06:00:00+00:00,28.726,66.32423,21.825998
13375,2022-07-12 07:00:00+00:00,29.075998,64.79501,21.776
13376,2022-07-12 08:00:00+00:00,29.626,60.691875,21.226
13377,2022-07-12 09:00:00+00:00,30.026,61.154778,21.726
13378,2022-07-12 10:00:00+00:00,29.976,61.330715,21.726
13379,2022-07-12 11:00:00+00:00,30.425999,57.43455,21.075998
13380,2022-07-12 12:00:00+00:00,30.425999,56.55874,20.825998
13381,2022-07-12 13:00:00+00:00,30.226,55.646057,20.376
13382,2022-07-12 14:00:00+00:00,30.075998,55.437954,20.175999
13383,2022-07-12 15:00:00+00:00,29.675999,57.96734,20.526
13384,2022-07-12 16:00:00+00:00,29.175999,60.218185,20.675999
13385,2022-07-12 17:00:00+00:00,28.876,61.46172,20.726
13386,2022-07-12 18:00:00+00:00,28.526,62.9157,20.776
13387,2022-07-12 19:00:00+00:00,28.226,63.434196,20.626
13388,2022-07-12 20:00:00+00:00,28.026,63.000828,20.325998
13389,2022-07-12 21:00:00+00:00,27.876,62.77373,20.126
13390,2022-07-12 22:00:00+00:00,27.575998,64.08158,20.175999
13391,2022-07-12 23:00:00+00:00,27.175999,66.21172,20.325998
13392,2022-07-13 00:00:00+00:00,24.526,87.03929,22.226
13393,2022-07-13 01:00:00+00:00,24.626,88.381,22.575998
13394,2022-07-13 02:00:00+00:00,25.026,88.41367,22.976
13395,2022-07-13 03:00:00+00:00,26.226,82.33635,22.976
13396,2022-07-13 04:00:00+00:00,27.925999,72.07045,22.425999
13397,2022-07-13 05:00:00+00:00,28.476,70.438065,22.575998
13398,2022-07-13 06:00:00+00:00,29.126,67.83344,22.575998
13399,2022-07-13 07:00:00+00:00,28.925999,69.04088,22.675999
13400,2022-07-13 08:00:00+00:00,28.925999,69.46087,22.776
13401,2022-07-13 09:00:00+00:00,29.325998,69.957466,23.276
13402,2022-07-13 10:00:00+00:00,29.675999,66.71826,22.825998
13403,2022-07-13 11:00:00+00:00,29.626,65.305855,22.425999
13404,2022-07-13 12:00:00+00:00,27.825998,72.71293,22.476
13405,2022-07-13 13:00:00+00:00,27.276,74.18297,22.276
13406,2022-07-13 14:00:00+00:00,27.325998,72.40515,21.925999
13407,2022-07-13 15:00:00+00:00,27.376,70.66602,21.575998
13408,2022-07-13 16:00:00+00:00,27.126,71.271996,21.476
13409,2022-07-13 17:00:00+00:00,26.876,71.445526,21.276
13410,2022-07-13 18:00:00+00:00,26.575998,72.27368,21.175999
13411,2022-07-13 19:00:00+00:00,26.425999,72.24729,21.026
13412,2022-07-13 20:00:00+00:00,26.026,74.659386,21.175999
13413,2022-07-13 21:00:00+00:00,25.476,78.80632,21.526
13414,2022-07-13 22:00:00+00:00,25.226,79.742226,21.476
13415,2022-07-13 23:00:00+00:00,25.075998,80.21182,21.425999
13416,2022-07-14 00:00:00+00:00,24.226,86.74694,21.876
13417,2022-07-14 01:00:00+00:00,24.425999,87.561844,22.226
13418,2022-07-14 02:00:00+00:00,25.476,81.00295,21.976
13419,2022-07-14 03:00:00+00:00,27.526,70.9098,21.776
13420,2022-07-14 04:00:00+00:00,29.075998,64.203705,21.626
13421,2022-07-14 05:00:00+00:00,28.925999,63.780064,21.376
13422,2022-07-14 06:00:00+00:00,30.126,61.92824,22.026
13423,2022-07-14 07:00:00+00:00,31.226,57.62365,21.876
13424,2022-07-14 08:00:00+00:00,33.476,48.17302,21.026
13425,2022-07-14 09:00:00+00:00,34.326,46.506977,21.226
13426,2022-07-14 10:00:00+00:00,33.976,49.801075,22.026
13427,2022-07-14 11:00:00+00:00,32.276,53.14249,21.526
13428,2022-07-14 12:00:00+00:00,31.075998,57.412567,21.675999
13429,2022-07-14 13:00:00+00:00,29.976,60.40005,21.476
13430,2022-07-14 14:00:00+00:00,29.925999,59.470287,21.175999
13431,2022-07-14 15:00:00+00:00,29.325998,60.06727,20.776
13432,2022-07-14 16:00:00+00:00,28.976,60.918938,20.675999
13433,2022-07-14 17:00:00+00:00,28.376,64.054855,20.925999
13434,2022-07-14 18:00:00+00:00,27.575998,67.52794,21.026
13435,2022-07-14 19:00:00+00:00,27.876,63.948036,20.425999
13436,2022-07-14 20:00:00+00:00,28.075998,61.85418,20.075998
13437,2022-07-14 21:00:00+00:00,27.626,62.71894,19.876
13438,2022-07-14 22:00:00+00:00,27.376,63.250023,19.776
13439,2022-07-14 23:00:00+00:00,27.425999,62.869793,19.726
13440,2022-07-15 00:00:00+00:00,27.876,61.618378,19.825998
13441,2022-07-15 01:00:00+00:00,27.876,63.3585,20.276
13442,2022-07-15 02:00:00+00:00,28.675999,63.92238,21.175999
13443,2022-07-15 03:00:00+00:00,29.526,61.6066,21.376
13444,2022-07-15 04:00:00+00:00,30.575998,56.594734,20.976
13445,2022-07-15 05:00:00+00:00,31.376,54.737938,21.175999
13446,2022-07-15 06:00:00+00:00,33.876,45.398552,20.425999
13447,2022-07-15 07:00:00+00:00,33.626,46.75266,20.675999
13448,2022-07-15 08:00:00+00:00,34.476,44.45016,20.626
13449,2022-07-15 09:00:00+00:00,35.476,41.79532,20.526
13450,2022-07-15 10:00:00+00:00,34.226,47.48872,21.476
13451,2022-07-15 11:00:00+00:00,34.676003,45.891052,21.325998
13452,2022-07-15 12:00:00+00:00,32.526,53.204693,21.776
13453,2022-07-15 13:00:00+00:00,32.176003,51.354538,20.876
13454,2022-07-15 14:00:00+00:00,31.425999,51.4809,20.226
13455,2022-07-15 15:00:00+00:00,30.425999,55.866554,20.626
13456,2022-07-15 16:00:00+00:00,29.526,60.48333,21.075998
13457,2022-07-15 17:00:00+00:00,28.526,65.47725,21.425999
13458,2022-07-15 18:00:00+00:00,28.476,65.26662,21.325998
13459,2022-07-15 19:00:00+00:00,28.876,61.084324,20.626
13460,2022-07-15 20:00:00+00:00,28.825998,60.138275,20.325998
13461,2022-07-15 21:00:00+00:00,28.626,60.839912,20.325998
13462,2022-07-15 22:00:00+00:00,28.226,62.656677,20.425999
13463,2022-07-15 23:00:00+00:00,27.876,64.54238,20.575998
13464,2022-07-16 00:00:00+00:00,28.026,64.17759,20.626
13465,2022-07-16 01:00:00+00:00,28.075998,65.18333,20.925999
13466,2022-07-16 02:00:00+00:00,28.976,64.18249,21.526
13467,2022-07-16 03:00:00+00:00,30.126,60.619057,21.675999
13468,2022-07-16 04:00:00+00:00,30.925999,58.61765,21.876
13469,2022-07-16 05:00:00+00:00,31.825998,54.84805,21.626
13470,2022-07-16 06:00:00+00:00,33.076,51.26829,21.675999
13471,2022-07-16 07:00:00+00:00,33.826,50.52706,22.126
13472,2022-07-16 08:00:00+00:00,34.376,49.752003,22.376
13473,2022-07-16 09:00:00+00:00,34.676003,47.89737,22.026
13474,2022-07-16 10:00:00+00:00,34.576,48.75467,22.226
13475,2022-07-16 11:00:00+00:00,34.226,50.93712,22.626
13476,2022-07-16 12:00:00+00:00,32.876,56.114635,22.976
13477,2022-07-16 13:00:00+00:00,28.325998,72.799126,22.976
13478,2022-07-16 14:00:00+00:00,28.276,75.25051,23.476
13479,2022-07-16 15:00:00+00:00,28.075998,74.31485,23.075998
13480,2022-07-16 16:00:00+00:00,27.925999,74.741264,23.026
13481,2022-07-16 17:00:00+00:00,28.026,74.30663,23.026
13482,2022-07-16 18:00:00+00:00,28.126,72.98554,22.825998
13483,2022-07-16 19:00:00+00:00,28.175999,69.53079,22.075998
13484,2022-07-16 20:00:00+00:00,28.126,67.843956,21.626
13485,2022-07-16 21:00:00+00:00,28.175999,66.009605,21.226
13486,2022-07-16 22:00:00+00:00,28.175999,65.20418,21.026
13487,2022-07-16 23:00:00+00:00,28.026,65.373566,20.925999
13488,2022-07-17 00:00:00+00:00,26.876,71.884766,21.376
13489,2022-07-17 01:00:00+00:00,27.425999,70.67519,21.626
13490,2022-07-17 02:00:00+00:00,28.126,69.52137,22.026
13491,2022-07-17 03:00:00+00:00,28.925999,67.17837,22.226
13492,2022-07-17 04:00:00+00:00,29.925999,63.41182,22.226
13493,2022-07-17 05:00:00+00:00,31.425999,58.733673,22.376
13494,2022-07-17 06:00:00+00:00,32.226,55.281532,22.126
13495,2022-07-17 07:00:00+00:00,32.876,53.780556,22.276
13496,2022-07-17 08:00:00+00:00,33.426003,51.35689,22.026
13497,2022-07-17 09:00:00+00:00,33.826,48.26411,21.376
13498,2022-07-17 10:00:00+00:00,33.176003,52.881325,22.276
13499,2022-07-17 11:00:00+00:00,32.176003,57.14943,22.626
13500,2022-07-17 12:00:00+00:00,31.226,79.36163,27.226
13501,2022-07-17 13:00:00+00:00,30.425999,68.497154,23.976
13502,2022-07-17 14:00:00+00:00,29.325998,73.40998,24.075998
13503,2022-07-17 15:00:00+00:00,29.226,67.64746,22.626
13504,2022-07-17 16:00:00+00:00,28.575998,68.97418,22.325998
13505,2022-07-17 17:00:00+00:00,28.226,71.90478,22.675999
13506,2022-07-17 18:00:00+00:00,27.876,74.50725,22.925999
13507,2022-07-17 19:00:00+00:00,27.925999,73.17295,22.675999
13508,2022-07-17 20:00:00+00:00,27.776,73.36982,22.575998
13509,2022-07-17 21:00:00+00:00,27.675999,73.352875,22.476
13510,2022-07-17 22:00:00+00:00,27.425999,74.207756,22.425999
13511,2022-07-17 23:00:00+00:00,26.976,76.89001,22.575998
13512,2022-07-18 00:00:00+00:00,26.276,83.84903,23.325998
13513,2022-07-18 01:00:00+00:00,25.825998,89.28038,23.925999
13514,2022-07-18 02:00:00+00:00,26.126,90.92232,24.526
13515,2022-07-18 03:00:00+00:00,27.175999,85.72609,24.575998
13516,2022-07-18 04:00:00+00:00,28.476,78.75015,24.425999
13517,2022-07-18 05:00:00+00:00,30.075998,69.88603,23.976
13518,2022-07-18 06:00:00+00:00,31.476,61.477394,23.175999
13519,2022-07-18 07:00:00+00:00,32.676003,58.138916,23.376
13520,2022-07-18 08:00:00+00:00,33.076,55.319443,22.925999
13521,2022-07-18 09:00:00+00:00,33.276,54.53633,22.876
13522,2022-07-18 10:00:00+00:00,30.325998,70.35281,24.325998
13523,2022-07-18 11:00:00+00:00,29.675999,74.79897,24.726
13524,2022-07-18 12:00:00+00:00,30.526,68.10605,23.976
13525,2022-07-18 13:00:00+00:00,29.276,80.28067,25.526
13526,2022-07-18 14:00:00+00:00,27.876,82.28568,24.575998
13527,2022-07-18 15:00:00+00:00,27.325998,83.964264,24.376
13528,2022-07-18 16:00:00+00:00,26.925999,84.17294,24.026
13529,2022-07-18 17:00:00+00:00,26.626,85.92953,24.075998
13530,2022-07-18 18:00:00+00:00,26.126,89.57113,24.276
13531,2022-07-18 19:00:00+00:00,26.026,89.563774,24.175999
13532,2022-07-18 20:00:00+00:00,26.075998,89.03175,24.126
13533,2022-07-18 21:00:00+00:00,25.925999,89.02018,23.976
13534,2022-07-18 22:00:00+00:00,25.276,91.96737,23.876
13535,2022-07-18 23:00:00+00:00,25.126,91.40667,23.626
13536,2022-07-19 00:00:00+00:00,25.226,93.35648,24.075998
13537,2022-07-19 01:00:00+00:00,25.976,89.82918,24.175999
13538,2022-07-19 02:00:00+00:00,27.726,83.00961,24.575998
13539,2022-07-19 03:00:00+00:00,29.325998,69.3262,23.126
13540,2022-07-19 04:00:00+00:00,30.575998,63.551025,22.876
13541,2022-07-19 05:00:00+00:00,31.776,58.458885,22.626
13542,2022-07-19 06:00:00+00:00,32.926003,54.285683,22.476
13543,2022-07-19 07:00:00+00:00,33.826,51.301754,22.376
13544,2022-07-19 08:00:00+00:00,34.276,49.57529,22.226
13545,2022-07-19 09:00:00+00:00,34.526,48.741745,22.175999
13546,2022-07-19 10:00:00+00:00,34.676003,48.929035,22.376
13547,2022-07-19 11:00:00+00:00,34.576,48.017605,21.976
13548,2022-07-19 12:00:00+00:00,33.126,56.174435,23.226
13549,2022-07-19 13:00:00+00:00,29.626,77.74626,25.325998
13550,2022-07-19 14:00:00+00:00,28.626,79.7183,24.776
13551,2022-07-19 15:00:00+00:00,28.526,82.85443,25.325998
13552,2022-07-19 16:00:00+00:00,28.376,81.126396,24.825998
13553,2022-07-19 17:00:00+00:00,28.126,81.33774,24.626
13554,2022-07-19 18:00:00+00:00,27.876,81.55034,24.425999
13555,2022-07-19 19:00:00+00:00,27.626,81.031654,24.075998
13556,2022-07-19 20:00:00+00:00,27.526,80.533485,23.876
13557,2022-07-19 21:00:00+00:00,27.425999,80.76308,23.825998
13558,2022-07-19 22:00:00+00:00,27.175999,81.95521,23.825998
13559,2022-07-19 23:00:00+00:00,26.075998,84.846054,23.325998
13560,2022-07-20 00:00:00+00:00,25.726,90.89647,24.126
13561,2022-07-20 01:00:00+00:00,26.325998,88.78464,24.325998
13562,2022-07-20 02:00:00+00:00,27.726,82.7617,24.526
13563,2022-07-20 03:00:00+00:00,29.425999,72.33278,23.925999
13564,2022-07-20 04:00:00+00:00,30.976,64.798546,23.575998
13565,2022-07-20 05:00:00+00:00,32.276,60.916954,23.776
13566,2022-07-20 06:00:00+00:00,33.276,58.6293,24.075998
13567,2022-07-20 07:00:00+00:00,34.276,55.60837,24.126
13568,2022-07-20 08:00:00+00:00,34.876,52.506916,23.726
13569,2022-07-20 09:00:00+00:00,34.426003,52.394924,23.276
13570,2022-07-20 10:00:00+00:00,31.126,71.981964,25.476
13571,2022-07-20 11:00:00+00:00,31.226,69.2675,24.925999
13572,2022-07-20 12:00:00+00:00,30.925999,70.043106,24.825998
13573,2022-07-20 13:00:00+00:00,30.276,75.34174,25.425999
13574,2022-07-20 14:00:00+00:00,29.425999,78.64802,25.325998
13575,2022-07-20 15:00:00+00:00,28.726,79.257126,24.776
13576,2022-07-20 16:00:00+00:00,28.075998,81.57505,24.626
13577,2022-07-20 17:00:00+00:00,26.026,89.563774,24.175999
13578,2022-07-20 18:00:00+00:00,25.925999,93.111435,24.726
13579,2022-07-20 19:00:00+00:00,25.976,93.95132,24.925999
13580,2022-07-20 20:00:00+00:00,25.876,94.50928,24.925999
13581,2022-07-20 21:00:00+00:00,25.276,95.05301,24.425999
13582,2022-07-20 22:00:00+00:00,25.126,93.351715,23.976
13583,2022-07-20 23:00:00+00:00,25.126,91.95874,23.726
13584,2022-07-21 00:00:00+00:00,25.876,87.68752,23.675999
13585,2022-07-21 01:00:00+00:00,26.925999,83.41764,23.876
13586,2022-07-21 02:00:00+00:00,28.876,74.44579,23.876
13587,2022-07-21 03:00:00+00:00,30.376,65.85726,23.276
13588,2022-07-21 04:00:00+00:00,31.575998,62.05889,23.425999
13589,2022-07-21 05:00:00+00:00,32.776,57.812347,23.376
13590,2022-07-21 06:00:00+00:00,33.526,56.439594,23.675999
13591,2022-07-21 07:00:00+00:00,34.126,55.572395,23.976
13592,2022-07-21 08:00:00+00:00,32.826,61.039272,24.325998
13593,2022-07-21 09:00:00+00:00,33.876,56.184147,23.925999
13594,2022-07-21 10:00:00+00:00,33.526,55.094425,23.276
13595,2022-07-21 11:00:00+00:00,33.926003,52.587837,22.876
13596,2022-07-21 12:00:00+00:00,32.726,59.7481,23.876
13597,2022-07-21 13:00:00+00:00,30.925999,67.370804,24.175999
13598,2022-07-21 14:00:00+00:00,30.226,71.60985,24.526
13599,2022-07-21 15:00:00+00:00,28.776,81.17666,25.226
13600,2022-07-21 16:00:00+00:00,28.026,86.06454,25.476
13601,2022-07-21 17:00:00+00:00,27.026,95.11542,26.175999
13602,2022-07-21 18:00:00+00:00,26.376,96.227745,25.726
13603,2022-07-21 19:00:00+00:00,25.276,94.20262,24.276
13604,2022-07-21 20:00:00+00:00,24.925999,95.61248,24.175999
13605,2022-07-21 21:00:00+00:00,25.126,96.19315,24.476
13606,2022-07-21 22:00:00+00:00,25.226,95.33626,24.425999
13607,2022-07-21 23:00:00+00:00,25.226,94.48334,24.276
13608,2022-07-22 00:00:00+00:00,25.026,93.90963,23.976
13609,2022-07-22 01:00:00+00:00,25.175999,95.620476,24.425999
13610,2022-07-22 02:00:00+00:00,25.575998,94.215195,24.575998
13611,2022-07-22 03:00:00+00:00,26.075998,92.01322,24.675999
13612,2022-07-22 04:00:00+00:00,26.976,86.99835,24.626
13613,2022-07-22 05:00:00+00:00,27.776,83.26386,24.675999
13614,2022-07-22 06:00:00+00:00,28.075998,81.81922,24.675999
13615,2022-07-22 07:00:00+00:00,27.876,85.28544,25.175999
13616,2022-07-22 08:00:00+00:00,28.126,84.553024,25.276
13617,2022-07-22 09:00:00+00:00,28.776,79.97654,24.976
13618,2022-07-22 10:00:00+00:00,29.175999,77.21867,24.776
13619,2022-07-22 11:00:00+00:00,29.175999,76.30113,24.575998
13620,2022-07-22 12:00:00+00:00,29.276,74.958755,24.376
13621,2022-07-22 13:00:00+00:00,28.526,80.90364,24.925999
13622,2022-07-22 14:00:00+00:00,28.626,79.00695,24.626
13623,2022-07-22 15:00:00+00:00,27.776,85.02163,25.026
13624,2022-07-22 16:00:00+00:00,27.476,86.01172,24.925999
13625,2022-07-22 17:00:00+00:00,27.276,84.71643,24.476
13626,2022-07-22 18:00:00+00:00,26.825998,87.506836,24.575998
13627,2022-07-22 19:00:00+00:00,26.825998,85.69169,24.226
13628,2022-07-22 20:00:00+00:00,26.825998,83.15576,23.726
13629,2022-07-22 21:00:00+00:00,26.876,79.722664,23.075998
13630,2022-07-22 22:00:00+00:00,26.376,79.17275,22.476
13631,2022-07-22 23:00:00+00:00,25.026,88.68163,23.026
13632,2022-07-23 00:00:00+00:00,24.776,90.5605,23.126
13633,2022-07-23 01:00:00+00:00,24.925999,91.394356,23.425999
13634,2022-07-23 02:00:00+00:00,25.976,89.024025,24.026
13635,2022-07-23 03:00:00+00:00,27.876,78.66614,23.825998
13636,2022-07-23 04:00:00+00:00,29.626,68.757324,23.276
13637,2022-07-23 05:00:00+00:00,30.925999,64.20463,23.376
13638,2022-07-23 06:00:00+00:00,31.976,60.66679,23.425999
13639,2022-07-23 07:00:00+00:00,32.226,58.03402,22.925999
13640,2022-07-23 08:00:00+00:00,32.776,55.75181,22.776
13641,2022-07-23 09:00:00+00:00,33.076,53.82986,22.476
13642,2022-07-23 10:00:00+00:00,32.776,53.755882,22.175999
13643,2022-07-23 11:00:00+00:00,31.325998,58.354187,22.175999
13644,2022-07-23 12:00:00+00:00,31.175999,62.15894,23.075998
13645,2022-07-23 13:00:00+00:00,29.675999,77.753525,25.376
13646,2022-07-23 14:00:00+00:00,28.075998,81.57505,24.626
13647,2022-07-23 15:00:00+00:00,27.575998,86.27807,25.075998
13648,2022-07-23 16:00:00+00:00,27.075998,88.5791,25.026
13649,2022-07-23 17:00:00+00:00,27.126,85.209625,24.425999
13650,2022-07-23 18:00:00+00:00,26.876,84.67453,24.075998
13651,2022-07-23 19:00:00+00:00,26.626,85.92953,24.075998
13652,2022-07-23 20:00:00+00:00,26.425999,86.94863,24.075998
13653,2022-07-23 21:00:00+00:00,26.126,87.70901,23.925999
13654,2022-07-23 22:00:00+00:00,25.876,83.298676,22.825998
13655,2022-07-23 23:00:00+00:00,25.776,79.08956,21.876
13656,2022-07-24 00:00:00+00:00,24.876,94.75357,23.976
13657,2022-07-24 01:00:00+00:00,25.075998,91.67937,23.626
13658,2022-07-24 02:00:00+00:00,25.675999,88.46651,23.626
13659,2022-07-24 03:00:00+00:00,27.276,79.776505,23.476
13660,2022-07-24 04:00:00+00:00,28.776,70.2799,22.825998
13661,2022-07-24 05:00:00+00:00,30.126,63.45471,22.425999
13662,2022-07-24 06:00:00+00:00,31.175999,59.214054,22.276
13663,2022-07-24 07:00:00+00:00,31.726,58.44727,22.575998
13664,2022-07-24 08:00:00+00:00,32.976,53.805206,22.376
13665,2022-07-24 09:00:00+00:00,33.526,51.06998,22.026
13666,2022-07-24 10:00:00+00:00,33.576,50.309536,21.825998
13667,2022-07-24 11:00:00+00:00,32.526,54.02262,22.026
13668,2022-07-24 12:00:00+00:00,32.026,60.861202,23.526
13669,2022-07-24 13:00:00+00:00,30.876,67.76627,24.226
13670,2022-07-24 14:00:00+00:00,27.925999,75.194725,23.126
13671,2022-07-24 15:00:00+00:00,26.026,87.43702,23.776
13672,2022-07-24 16:00:00+00:00,26.075998,83.82697,23.126
13673,2022-07-24 17:00:00+00:00,25.876,89.01629,23.925999
13674,2022-07-24 18:00:00+00:00,26.325998,83.601845,23.325998
13675,2022-07-24 19:00:00+00:00,26.126,84.85126,23.376
13676,2022-07-24 20:00:00+00:00,25.575998,89.26147,23.675999
13677,2022-07-24 21:00:00+00:00,25.276,90.32153,23.575998
13678,2022-07-24 22:00:00+00:00,25.026,91.67637,23.575998
13679,2022-07-24 23:00:00+00:00,25.276,88.96976,23.325998
13680,2022-07-25 00:00:00+00:00,25.175999,93.3541,24.026
13681,2022-07-25 01:00:00+00:00,25.976,87.69612,23.776
13682,2022-07-25 02:00:00+00:00,27.726,80.5594,24.075998
13683,2022-07-25 03:00:00+00:00,29.626,66.50629,22.726
13684,2022-07-25 04:00:00+00:00,30.575998,61.83914,22.425999
13685,2022-07-25 05:00:00+00:00,31.526,58.75681,22.476
13686,2022-07-25 06:00:00+00:00,32.626,56.054745,22.726
13687,2022-07-25 07:00:00+00:00,33.476,53.60242,22.776
13688,2022-07-25 08:00:00+00:00,34.076,52.14945,22.876
13689,2022-07-25 09:00:00+00:00,33.776,51.445305,22.376
13690,2022-07-25 10:00:00+00:00,30.726,70.215775,24.675999
13691,2022-07-25 11:00:00+00:00,30.126,71.59215,24.425999
13692,2022-07-25 12:00:00+00:00,30.626,69.98778,24.526
13693,2022-07-25 13:00:00+00:00,29.126,74.48651,24.126
13694,2022-07-25 14:00:00+00:00,28.425999,78.50763,24.325998
13695,2022-07-25 15:00:00+00:00,27.925999,81.80094,24.526
13696,2022-07-25 16:00:00+00:00,27.476,85.49995,24.825998
13697,2022-07-25 17:00:00+00:00,27.226,87.54153,24.976
13698,2022-07-25 18:00:00+00:00,27.126,89.11232,25.175999
13699,2022-07-25 19:00:00+00:00,26.876,90.70021,25.226
13700,2022-07-25 20:00:00+00:00,26.575998,90.95128,24.976
13701,2022-07-25 21:00:00+00:00,26.325998,91.75334,24.876
13702,2022-07-25 22:00:00+00:00,26.075998,93.39708,24.925999
13703,2022-07-25 23:00:00+00:00,26.026,92.28578,24.675999
13704,2022-07-26 00:00:00+00:00,25.575998,95.34816,24.776
13705,2022-07-26 01:00:00+00:00,26.276,94.806625,25.376
13706,2022-07-26 02:00:00+00:00,27.175999,87.53721,24.925999
13707,2022-07-26 03:00:00+00:00,26.126,86.92139,23.776
13708,2022-07-26 04:00:00+00:00,26.575998,86.183044,24.075998
13709,2022-07-26 05:00:00+00:00,27.376,83.21847,24.276
13710,2022-07-26 06:00:00+00:00,29.226,72.515854,23.776
13711,2022-07-26 07:00:00+00:00,30.075998,68.224075,23.575998
13712,2022-07-26 08:00:00+00:00,30.876,65.760826,23.726
13713,2022-07-26 09:00:00+00:00,31.476,63.742607,23.776
13714,2022-07-26 10:00:00+00:00,31.376,64.1061,23.776
13715,2022-07-26 11:00:00+00:00,31.126,65.0251,23.776
13716,2022-07-26 12:00:00+00:00,28.626,76.44596,24.075998
13717,2022-07-26 13:00:00+00:00,27.626,82.502655,24.376
13718,2022-07-26 14:00:00+00:00,26.376,88.78858,24.376
13719,2022-07-26 15:00:00+00:00,26.276,89.04715,24.325998
13720,2022-07-26 16:00:00+00:00,25.675999,92.82076,24.425999
13721,2022-07-26 17:00:00+00:00,25.425999,93.646286,24.325998
13722,2022-07-26 18:00:00+00:00,25.075998,95.04584,24.226
13723,2022-07-26 19:00:00+00:00,24.976,95.32776,24.175999
13724,2022-07-26 20:00:00+00:00,25.075998,93.06915,23.876
13725,2022-07-26 21:00:00+00:00,24.925999,91.9472,23.526
13726,2022-07-26 22:00:00+00:00,24.476,94.16887,23.476
13727,2022-07-26 23:00:00+00:00,24.526,94.17098,23.526
13728,2022-07-27 00:00:00+00:00,24.376,92.47318,23.075998
13729,2022-07-27 01:00:00+00:00,25.226,89.23488,23.325998
13730,2022-07-27 02:00:00+00:00,26.776,83.150024,23.675999
13731,2022-07-27 03:00:00+00:00,28.376,75.03993,23.526
13732,2022-07-27 04:00:00+00:00,29.575998,68.95574,23.276
13733,2022-07-27 05:00:00+00:00,30.325998,65.84709,23.226
13734,2022-07-27 06:00:00+00:00,30.626,66.70702,23.726
13735,2022-07-27 07:00:00+00:00,30.925999,67.97943,24.325998
13736,2022-07-27 08:00:00+00:00,31.376,67.45914,24.626
13737,2022-07-27 09:00:00+00:00,31.575998,66.69659,24.626
13738,2022-07-27 10:00:00+00:00,30.776,70.01545,24.675999
13739,2022-07-27 11:00:00+00:00,29.776,72.176796,24.226
13740,2022-07-27 12:00:00+00:00,29.476,72.777214,24.075998
13741,2022-07-27 13:00:00+00:00,28.226,78.95164,24.226
13742,2022-07-27 14:00:00+00:00,27.075998,85.20457,24.376
13743,2022-07-27 15:00:00+00:00,26.325998,90.12345,24.575998
13744,2022-07-27 16:00:00+00:00,25.925999,92.5566,24.626
13745,2022-07-27 17:00:00+00:00,25.726,93.940384,24.675999
13746,2022-07-27 18:00:00+00:00,25.575998,95.34816,24.776
13747,2022-07-27 19:00:00+00:00,25.425999,95.91461,24.726
13748,2022-07-27 20:00:00+00:00,25.175999,96.19455,24.526
13749,2022-07-27 21:00:00+00:00,25.075998,95.90416,24.376
13750,2022-07-27 22:00:00+00:00,24.976,96.47755,24.376
13751,2022-07-27 23:00:00+00:00,24.726,97.05155,24.226
13752,2022-07-28 00:00:00+00:00,24.776,97.34389,24.325998
13753,2022-07-28 01:00:00+00:00,26.175999,92.01894,24.776
13754,2022-07-28 02:00:00+00:00,27.675999,85.01139,24.925999
13755,2022-07-28 03:00:00+00:00,28.925999,76.95105,24.476
13756,2022-07-28 04:00:00+00:00,29.925999,72.20294,24.376
13757,2022-07-28 05:00:00+00:00,30.376,70.99666,24.526
13758,2022-07-28 06:00:00+00:00,31.175999,71.14003,25.325998
13759,2022-07-28 07:00:00+00:00,31.876,67.55692,25.126
13760,2022-07-28 08:00:00+00:00,32.076,66.00442,24.925999
13761,2022-07-28 09:00:00+00:00,31.876,63.06554,23.976
13762,2022-07-28 10:00:00+00:00,31.276,66.83665,24.376
13763,2022-07-28 11:00:00+00:00,30.526,68.928734,24.175999
13764,2022-07-28 12:00:00+00:00,30.126,71.80677,24.476
13765,2022-07-28 13:00:00+00:00,28.976,75.58791,24.226
13766,2022-07-28 14:00:00+00:00,28.175999,78.944695,24.175999
13767,2022-07-28 15:00:00+00:00,27.526,82.7384,24.325998
13768,2022-07-28 16:00:00+00:00,27.175999,84.4526,24.325998
13769,2022-07-28 17:00:00+00:00,26.776,86.72024,24.376
13770,2022-07-28 18:00:00+00:00,26.175999,90.92554,24.575998
13771,2022-07-28 19:00:00+00:00,25.825998,93.38517,24.675999
13772,2022-07-28 20:00:00+00:00,25.726,93.940384,24.675999
13773,2022-07-28 21:00:00+00:00,25.726,91.71794,24.276
13774,2022-07-28 22:00:00+00:00,25.126,94.76312,24.226
13775,2022-07-28 23:00:00+00:00,24.876,95.89814,24.175999
13776,2022-07-29 00:00:00+00:00,25.376,94.48934,24.425999
13777,2022-07-29 01:00:00+00:00,26.526,89.33309,24.626
13778,2022-07-29 02:00:00+00:00,28.026,82.79656,24.825998
13779,2022-07-29 03:00:00+00:00,29.575998,73.452,24.325998
13780,2022-07-29 04:00:00+00:00,30.726,67.33141,23.976
13781,2022-07-29 05:00:00+00:00,31.876,61.937763,23.675999
13782,2022-07-29 06:00:00+00:00,32.826,58.525425,23.626
13783,2022-07-29 07:00:00+00:00,33.326,58.64084,24.126
13784,2022-07-29 08:00:00+00:00,32.726,60.652122,24.126
13785,2022-07-29 09:00:00+00:00,32.026,64.6284,24.526
13786,2022-07-29 10:00:00+00:00,31.626,65.91332,24.476
13787,2022-07-29 11:00:00+00:00,30.925999,69.21116,24.626
13788,2022-07-29 12:00:00+00:00,30.526,66.68702,23.626
13789,2022-07-29 13:00:00+00:00,29.026,76.27817,24.425999
13790,2022-07-29 14:00:00+00:00,28.075998,81.81922,24.675999
13791,2022-07-29 15:00:00+00:00,27.726,85.0165,24.976
13792,2022-07-29 16:00:00+00:00,27.376,88.603004,25.325998
13793,2022-07-29 17:00:00+00:00,26.976,92.06434,25.575998
13794,2022-07-29 18:00:00+00:00,26.675999,93.98178,25.626
13795,2022-07-29 19:00:00+00:00,26.476,95.09594,25.626
13796,2022-07-29 20:00:00+00:00,26.376,95.09239,25.526
13797,2022-07-29 21:00:00+00:00,25.976,96.21672,25.325998
13798,2022-07-29 22:00:00+00:00,25.675999,96.78343,25.126
13799,2022-07-29 23:00:00+00:00,25.526,96.4917,24.925999
13800,2022-07-30 00:00:00+00:00,25.675999,90.89323,24.075998
13801,2022-07-30 01:00:00+00:00,25.825998,84.30829,22.976
13802,2022-07-30 02:00:00+00:00,26.976,79.4955,23.126
13803,2022-07-30 03:00:00+00:00,28.626,72.630974,23.226
13804,2022-07-30 04:00:00+00:00,30.226,66.828316,23.376
13805,2022-07-30 05:00:00+00:00,31.476,62.790043,23.526
13806,2022-07-30 06:00:00+00:00,32.926003,57.673256,23.476
13807,2022-07-30 07:00:00+00:00,33.926003,54.859665,23.575998
13808,2022-07-30 08:00:00+00:00,34.326,52.68737,23.276
13809,2022-07-30 09:00:00+00:00,31.976,67.777824,25.276
13810,2022-07-30 10:00:00+00:00,31.626,67.912,24.976
13811,2022-07-30 11:00:00+00:00,31.026,68.81741,24.626
13812,2022-07-30 12:00:00+00:00,30.325998,70.1423,24.276
13813,2022-07-30 13:00:00+00:00,29.075998,75.60359,24.325998
13814,2022-07-30 14:00:00+00:00,28.276,80.14965,24.526
13815,2022-07-30 15:00:00+00:00,27.776,84.26437,24.876
13816,2022-07-30 16:00:00+00:00,27.526,86.788956,25.126
13817,2022-07-30 17:00:00+00:00,27.175999,88.32358,25.075998
13818,2022-07-30 18:00:00+00:00,26.976,89.10086,25.026
13819,2022-07-30 19:00:00+00:00,26.776,89.886444,24.976
13820,2022-07-30 20:00:00+00:00,26.626,88.80822,24.626
13821,2022-07-30 21:00:00+00:00,26.526,88.00652,24.376
13822,2022-07-30 22:00:00+00:00,24.325998,92.4705,23.026
13823,2022-07-30 23:00:00+00:00,24.575998,90.54704,22.925999
13824,2022-07-31 00:00:00+00:00,25.776,86.889496,23.425999
13825,2022-07-31 01:00:00+00:00,26.175999,84.34589,23.325998
13826,2022-07-31 02:00:00+00:00,27.675999,78.16559,23.526
13827,2022-07-31 03:00:00+00:00,29.626,70.861336,23.776
13828,2022-07-31 04:00:00+00:00,31.226,65.0458,23.876
13829,2022-07-31 05:00:00+00:00,32.576,59.53457,23.675999
13830,2022-07-31 06:00:00+00:00,33.576,56.281822,23.675999
13831,2022-07-31 07:00:00+00:00,34.426003,54.32401,23.876
13832,2022-07-31 08:00:00+00:00,34.176003,55.417698,23.976
13833,2022-07-31 09:00:00+00:00,32.826,62.51778,24.726
13834,2022-07-31 10:00:00+00:00,31.675999,68.53142,25.175999
13835,2022-07-31 11:00:00+00:00,31.276,68.04719,24.675999
13836,2022-07-31 12:00:00+00:00,31.026,68.20265,24.476
13837,2022-07-31 13:00:00+00:00,29.726,75.70519,24.976
13838,2022-07-31 14:00:00+00:00,28.976,80.24149,25.226
13839,2022-07-31 15:00:00+00:00,28.626,82.62003,25.376
13840,2022-07-31 16:00:00+00:00,28.476,83.59096,25.425999
13841,2022-07-31 17:00:00+00:00,27.976,85.29552,25.276
13842,2022-07-31 18:00:00+00:00,27.226,86.24492,24.726
13843,2022-07-31 19:00:00+00:00,26.626,85.92953,24.075998
13844,2022-07-31 20:00:00+00:00,26.325998,86.4186,23.876
13845,2022-07-31 21:00:00+00:00,25.925999,88.22107,23.825998
13846,2022-07-31 22:00:00+00:00,25.425999,88.71347,23.425999
13847,2022-07-31 23:00:00+00:00,25.175999,88.42592,23.126
13848,2022-08-01 00:00:00+00:00,26.376,92.856735,25.126
13849,2022-08-01 01:00:00+00:00,26.876,87.24989,24.575998
13850,2022-08-01 02:00:00+00:00,27.976,78.20853,23.825998
13851,2022-08-01 03:00:00+00:00,29.526,71.91675,23.925999
13852,2022-08-01 04:00:00+00:00,30.925999,66.766945,24.026
13853,2022-08-01 05:00:00+00:00,32.426003,60.76744,23.876
13854,2022-08-01 06:00:00+00:00,33.526,56.269894,23.626
13855,2022-08-01 07:00:00+00:00,34.476,53.364147,23.626
13856,2022-08-01 08:00:00+00:00,35.076,50.997807,23.425999
13857,2022-08-01 09:00:00+00:00,33.176003,58.606243,23.976
13858,2022-08-01 10:00:00+00:00,32.476,65.69303,25.226
13859,2022-08-01 11:00:00+00:00,32.426003,66.075005,25.276
13860,2022-08-01 12:00:00+00:00,31.825998,67.14572,24.976
13861,2022-08-01 13:00:00+00:00,30.075998,75.759674,25.325998
13862,2022-08-01 14:00:00+00:00,29.226,81.4742,25.726
13863,2022-08-01 15:00:00+00:00,28.976,83.894295,25.976
13864,2022-08-01 16:00:00+00:00,28.075998,88.13531,25.925999
13865,2022-08-01 17:00:00+00:00,25.325998,91.69424,23.876
13866,2022-08-01 18:00:00+00:00,25.276,91.69125,23.825998
13867,2022-08-01 19:00:00+00:00,25.175999,92.238655,23.825998
13868,2022-08-01 20:00:00+00:00,24.825998,93.90079,23.776
13869,2022-08-01 21:00:00+00:00,24.726,95.89363,24.026
13870,2022-08-01 22:00:00+00:00,24.675999,95.03135,23.825998
13871,2022-08-01 23:00:00+00:00,24.675999,94.461266,23.726
13872,2022-08-02 00:00:00+00:00,25.476,90.6074,23.825998
13873,2022-08-02 01:00:00+00:00,25.976,88.22519,23.876
13874,2022-08-02 02:00:00+00:00,27.325998,81.97342,23.976
13875,2022-08-02 03:00:00+00:00,29.075998,74.03245,23.976
13876,2022-08-02 04:00:00+00:00,30.976,65.38659,23.726
13877,2022-08-02 05:00:00+00:00,32.476,58.975952,23.425999
13878,2022-08-02 06:00:00+00:00,33.676003,55.464203,23.526
13879,2022-08-02 07:00:00+00:00,34.726,53.425713,23.876
13880,2022-08-02 08:00:00+00:00,35.226,51.80959,23.825998
13881,2022-08-02 09:00:00+00:00,31.075998,72.83324,25.626
13882,2022-08-02 10:00:00+00:00,30.825998,69.607414,24.626
13883,2022-08-02 11:00:00+00:00,30.175999,71.815575,24.526
13884,2022-08-02 12:00:00+00:00,30.575998,66.89811,23.726
13885,2022-08-02 13:00:00+00:00,29.526,72.350136,24.026
13886,2022-08-02 14:00:00+00:00,28.976,76.728584,24.476
13887,2022-08-02 15:00:00+00:00,28.126,83.05549,24.976
13888,2022-08-02 16:00:00+00:00,27.976,81.807014,24.575998
13889,2022-08-02 17:00:00+00:00,27.626,82.25586,24.325998
13890,2022-08-02 18:00:00+00:00,27.126,86.49356,24.675999
13891,2022-08-02 19:00:00+00:00,26.126,93.399445,24.976
13892,2022-08-02 20:00:00+00:00,25.526,93.650856,24.425999
13893,2022-08-02 21:00:00+00:00,25.226,93.35648,24.075998
13894,2022-08-02 22:00:00+00:00,24.425999,92.47592,23.126
13895,2022-08-02 23:00:00+00:00,24.425999,93.03656,23.226
13896,2022-08-03 00:00:00+00:00,24.675999,93.04912,23.476
13897,2022-08-03 01:00:00+00:00,24.526,93.60477,23.425999
13898,2022-08-03 02:00:00+00:00,24.575998,91.372795,23.075998
13899,2022-08-03 03:00:00+00:00,25.476,86.8621,23.126
13900,2022-08-03 04:00:00+00:00,26.175999,82.33038,22.925999
13901,2022-08-03 05:00:00+00:00,27.376,76.48569,22.876
13902,2022-08-03 06:00:00+00:00,28.776,72.21952,23.276
13903,2022-08-03 07:00:00+00:00,29.526,69.994545,23.476
13904,2022-08-03 08:00:00+00:00,29.925999,67.989624,23.376
13905,2022-08-03 09:00:00+00:00,30.026,67.600006,23.376
13906,2022-08-03 10:00:00+00:00,30.175999,68.449135,23.726
13907,2022-08-03 11:00:00+00:00,30.075998,69.67636,23.925999
13908,2022-08-03 12:00:00+00:00,29.925999,71.12874,24.126
13909,2022-08-03 13:00:00+00:00,28.626,78.53581,24.526
13910,2022-08-03 14:00:00+00:00,27.575998,83.241196,24.476
13911,2022-08-03 15:00:00+00:00,27.175999,84.96,24.425999
13912,2022-08-03 16:00:00+00:00,26.776,88.02742,24.626
13913,2022-08-03 17:00:00+00:00,26.476,90.67383,24.825998
13914,2022-08-03 18:00:00+00:00,26.126,92.567245,24.825998
13915,2022-08-03 19:00:00+00:00,25.876,91.45256,24.376
13916,2022-08-03 20:00:00+00:00,25.376,92.80527,24.126
13917,2022-08-03 21:00:00+00:00,25.276,93.6394,24.175999
13918,2022-08-03 22:00:00+00:00,24.925999,95.04039,24.075998
13919,2022-08-03 23:00:00+00:00,24.026,98.80513,23.825998
13920,2022-08-04 00:00:00+00:00,25.126,93.91403,24.075998
13921,2022-08-04 01:00:00+00:00,25.575998,94.49734,24.626
13922,2022-08-04 02:00:00+00:00,26.626,89.87574,24.825998
13923,2022-08-04 03:00:00+00:00,27.675999,84.50557,24.825998
13924,2022-08-04 04:00:00+00:00,29.425999,76.111755,24.776
13925,2022-08-04 05:00:00+00:00,30.776,71.06847,24.925999
13926,2022-08-04 06:00:00+00:00,31.476,68.49321,24.976
13927,2022-08-04 07:00:00+00:00,31.876,65.96396,24.726
13928,2022-08-04 08:00:00+00:00,28.376,82.34513,25.075998
13929,2022-08-04 09:00:00+00:00,28.126,84.05123,25.175999
13930,2022-08-04 10:00:00+00:00,28.876,81.91635,25.476
13931,2022-08-04 11:00:00+00:00,29.575998,78.43557,25.425999
13932,2022-08-04 12:00:00+00:00,28.026,84.29111,25.126
13933,2022-08-04 13:00:00+00:00,27.376,88.0774,25.226
13934,2022-08-04 14:00:00+00:00,26.776,91.50714,25.276
13935,2022-08-04 15:00:00+00:00,26.425999,93.13615,25.226
13936,2022-08-04 16:00:00+00:00,26.126,93.95785,25.075998
13937,2022-08-04 17:00:00+00:00,25.876,93.946945,24.825998
13938,2022-08-04 18:00:00+00:00,25.726,95.638016,24.976
13939,2022-08-04 19:00:00+00:00,25.675999,96.495544,25.075998
13940,2022-08-04 20:00:00+00:00,25.726,94.78587,24.825998
13941,2022-08-04 21:00:00+00:00,25.626,88.196266,23.526
13942,2022-08-04 22:00:00+00:00,25.526,86.08222,23.026
13943,2022-08-04 23:00:00+00:00,25.476,85.0408,22.776
13944,2022-08-05 00:00:00+00:00,25.925999,86.90319,23.575998
13945,2022-08-05 01:00:00+00:00,26.175999,86.66486,23.776
13946,2022-08-05 02:00:00+00:00,27.425999,81.49463,23.976
13947,2022-08-05 03:00:00+00:00,28.575998,74.396805,23.575998
13948,2022-08-05 04:00:00+00:00,28.876,71.58564,23.226
13949,2022-08-05 05:00:00+00:00,28.976,72.03684,23.425999
13950,2022-08-05 06:00:00+00:00,29.425999,69.554825,23.276
13951,2022-08-05 07:00:00+00:00,29.825998,66.74833,22.976
13952,2022-08-05 08:00:00+00:00,30.075998,66.39584,23.126
13953,2022-08-05 09:00:00+00:00,29.226,72.515854,23.776
13954,2022-08-05 10:00:00+00:00,30.276,64.45693,22.825998
13955,2022-08-05 11:00:00+00:00,30.675999,62.80681,22.776
13956,2022-08-05 12:00:00+00:00,30.575998,64.715195,23.175999
13957,2022-08-05 13:00:00+00:00,29.425999,67.68677,22.825998
13958,2022-08-05 14:00:00+00:00,25.575998,88.458405,23.526
13959,2022-08-05 15:00:00+00:00,25.675999,89.53796,23.825998
13960,2022-08-05 16:00:00+00:00,25.776,90.08495,24.026
13961,2022-08-05 17:00:00+00:00,25.876,89.28416,23.976
13962,2022-08-05 18:00:00+00:00,25.925999,88.22107,23.825998
13963,2022-08-05 19:00:00+00:00,25.876,87.95188,23.726
13964,2022-08-05 20:00:00+00:00,25.675999,88.73331,23.675999
13965,2022-08-05 21:00:00+00:00,26.026,85.8711,23.476
13966,2022-08-05 22:00:00+00:00,26.626,77.541534,22.376
13967,2022-08-05 23:00:00+00:00,26.675999,73.631775,21.575998
13968,2022-08-06 00:00:00+00:00,26.075998,76.98855,21.726
13969,2022-08-06 01:00:00+00:00,26.175999,78.186966,22.075998
13970,2022-08-06 02:00:00+00:00,27.126,73.93253,22.075998
13971,2022-08-06 03:00:00+00:00,27.776,70.30898,21.876
13972,2022-08-06 04:00:00+00:00,28.526,67.09862,21.825998
13973,2022-08-06 05:00:00+00:00,28.675999,67.33356,22.026
13974,2022-08-06 06:00:00+00:00,29.175999,66.61778,22.325998
13975,2022-08-06 07:00:00+00:00,31.075998,59.733902,22.325998
13976,2022-08-06 08:00:00+00:00,31.626,57.7178,22.276
13977,2022-08-06 09:00:00+00:00,32.026,56.59546,22.325998
13978,2022-08-06 10:00:00+00:00,32.176003,58.198322,22.925999
13979,2022-08-06 11:00:00+00:00,31.526,59.655304,22.726
13980,2022-08-06 12:00:00+00:00,30.925999,63.433735,23.175999
13981,2022-08-06 13:00:00+00:00,30.226,62.139236,22.175999
13982,2022-08-06 14:00:00+00:00,29.075998,66.80062,22.276
13983,2022-08-06 15:00:00+00:00,28.376,70.84869,22.575998
13984,2022-08-06 16:00:00+00:00,27.626,76.0624,23.026
13985,2022-08-06 17:00:00+00:00,27.126,79.99742,23.376
13986,2022-08-06 18:00:00+00:00,26.726,81.40745,23.276
13987,2022-08-06 19:00:00+00:00,26.876,79.0022,22.925999
13988,2022-08-06 20:00:00+00:00,26.726,77.08629,22.376
13989,2022-08-06 21:00:00+00:00,26.026,80.82726,22.476
13990,2022-08-06 22:00:00+00:00,25.726,83.029305,22.626
13991,2022-08-06 23:00:00+00:00,25.325998,86.58584,22.925999
13992,2022-08-07 00:00:00+00:00,25.126,86.83001,22.776
13993,2022-08-07 01:00:00+00:00,25.526,85.30399,22.876
13994,2022-08-07 02:00:00+00:00,26.376,81.610306,22.976
13995,2022-08-07 03:00:00+00:00,27.175999,76.920166,22.776
13996,2022-08-07 04:00:00+00:00,28.976,68.424736,22.575998
13997,2022-08-07 05:00:00+00:00,28.876,69.87376,22.825998
13998,2022-08-07 06:00:00+00:00,28.925999,70.948494,23.126
13999,2022-08-07 07:00:00+00:00,29.876,68.39137,23.425999
14000,2022-08-07 08:00:00+00:00,29.675999,68.1466,23.175999
14001,2022-08-07 09:00:00+00:00,28.925999,72.02808,23.376
14002,2022-08-07 10:00:00+00:00,29.626,69.59228,23.476
14003,2022-08-07 11:00:00+00:00,30.575998,66.49649,23.626
14004,2022-08-07 12:00:00+00:00,28.276,80.389725,24.575998
14005,2022-08-07 13:00:00+00:00,27.126,87.272026,24.825998
14006,2022-08-07 14:00:00+00:00,26.675999,92.32155,25.325998
14007,2022-08-07 15:00:00+00:00,26.526,90.67715,24.876
14008,2022-08-07 16:00:00+00:00,26.425999,89.3256,24.526
14009,2022-08-07 17:00:00+00:00,26.325998,89.58584,24.476
14010,2022-08-07 18:00:00+00:00,26.175999,89.03948,24.226
14011,2022-08-07 19:00:00+00:00,25.776,90.35582,24.075998
14012,2022-08-07 20:00:00+00:00,25.776,86.10633,23.276
14013,2022-08-07 21:00:00+00:00,25.726,83.788216,22.776
14014,2022-08-07 22:00:00+00:00,26.026,79.12429,22.126
14015,2022-08-07 23:00:00+00:00,26.325998,74.937416,21.526
14016,2022-08-08 00:00:00+00:00,26.476,72.92433,21.226
14017,2022-08-08 01:00:00+00:00,26.726,72.07878,21.276
14018,2022-08-08 02:00:00+00:00,27.175999,71.49943,21.575998
14019,2022-08-08 03:00:00+00:00,28.276,68.91685,22.026
14020,2022-08-08 04:00:00+00:00,29.825998,62.813374,21.976
14021,2022-08-08 05:00:00+00:00,31.276,58.16504,22.075998
14022,2022-08-08 06:00:00+00:00,32.476,53.192257,21.726
14023,2022-08-08 07:00:00+00:00,32.426003,53.50578,21.776
14024,2022-08-08 08:00:00+00:00,32.376,54.150654,21.925999
14025,2022-08-08 09:00:00+00:00,32.476,54.672653,22.175999
14026,2022-08-08 10:00:00+00:00,32.676003,54.721493,22.376
14027,2022-08-08 11:00:00+00:00,31.376,59.440304,22.526
14028,2022-08-08 12:00:00+00:00,30.675999,62.237934,22.626
14029,2022-08-08 13:00:00+00:00,28.976,68.841286,22.675999
14030,2022-08-08 14:00:00+00:00,28.325998,71.055016,22.575998
14031,2022-08-08 15:00:00+00:00,28.026,72.74744,22.675999
14032,2022-08-08 16:00:00+00:00,27.425999,76.03135,22.825998
14033,2022-08-08 17:00:00+00:00,26.825998,80.44235,23.175999
14034,2022-08-08 18:00:00+00:00,26.425999,81.61652,23.026
14035,2022-08-08 19:00:00+00:00,26.526,78.23728,22.425999
14036,2022-08-08 20:00:00+00:00,26.825998,73.88242,21.776
14037,2022-08-08 21:00:00+00:00,27.075998,71.04503,21.376
14038,2022-08-08 22:00:00+00:00,26.925999,70.151215,21.026
14039,2022-08-08 23:00:00+00:00,27.175999,68.07437,20.776
14040,2022-08-09 00:00:00+00:00,27.126,67.43849,20.575998
14041,2022-08-09 01:00:00+00:00,27.226,68.08417,20.825998
14042,2022-08-09 02:00:00+00:00,28.325998,66.24289,21.425999
14043,2022-08-09 03:00:00+00:00,29.876,59.45876,21.126
14044,2022-08-09 04:00:00+00:00,30.575998,56.76886,21.026
14045,2022-08-09 05:00:00+00:00,31.376,54.570225,21.126
14046,2022-08-09 06:00:00+00:00,32.326,51.235,20.976
14047,2022-08-09 07:00:00+00:00,33.576,45.882492,20.325998
14048,2022-08-09 08:00:00+00:00,33.826,46.232677,20.675999
14049,2022-08-09 09:00:00+00:00,35.126,43.80892,20.976
14050,2022-08-09 10:00:00+00:00,34.176003,46.18292,20.976
14051,2022-08-09 11:00:00+00:00,33.776,47.809273,21.175999
14052,2022-08-09 12:00:00+00:00,32.576,51.772377,21.376
14053,2022-08-09 13:00:00+00:00,31.276,54.37836,20.976
14054,2022-08-09 14:00:00+00:00,30.425999,56.90765,20.925999
14055,2022-08-09 15:00:00+00:00,30.026,58.228508,20.925999
14056,2022-08-09 16:00:00+00:00,29.726,59.424206,20.976
14057,2022-08-09 17:00:00+00:00,29.075998,61.506386,20.925999
14058,2022-08-09 18:00:00+00:00,28.876,60.896374,20.575998
14059,2022-08-09 19:00:00+00:00,28.476,61.37221,20.325998
14060,2022-08-09 20:00:00+00:00,27.825998,63.740257,20.325998
14061,2022-08-09 21:00:00+00:00,27.376,65.03691,20.226
14062,2022-08-09 22:00:00+00:00,27.276,63.42476,19.726
14063,2022-08-09 23:00:00+00:00,27.226,61.856674,19.276
14064,2022-08-10 00:00:00+00:00,27.325998,61.11335,19.175999
14065,2022-08-10 01:00:00+00:00,27.376,62.276035,19.526
14066,2022-08-10 02:00:00+00:00,28.476,60.61827,20.126
14067,2022-08-10 03:00:00+00:00,30.075998,55.26681,20.126
14068,2022-08-10 04:00:00+00:00,31.376,51.94743,20.325998
14069,2022-08-10 05:00:00+00:00,32.726,48.423664,20.425999
14070,2022-08-10 06:00:00+00:00,33.726,44.801277,20.075998
14071,2022-08-10 07:00:00+00:00,33.926003,43.89383,19.925999
14072,2022-08-10 08:00:00+00:00,34.826,43.86364,20.726
14073,2022-08-10 09:00:00+00:00,35.176003,43.286743,20.825998
14074,2022-08-10 10:00:00+00:00,35.076,41.558777,20.075998
14075,2022-08-10 11:00:00+00:00,34.926003,42.165615,20.175999
14076,2022-08-10 12:00:00+00:00,33.276,46.229935,20.175999
14077,2022-08-10 13:00:00+00:00,32.476,46.73833,19.626
14078,2022-08-10 14:00:00+00:00,31.876,48.20158,19.575998
14079,2022-08-10 15:00:00+00:00,31.026,52.019505,20.026
14080,2022-08-10 16:00:00+00:00,29.925999,57.139412,20.526
14081,2022-08-10 17:00:00+00:00,29.425999,58.267063,20.376
14082,2022-08-10 18:00:00+00:00,29.126,57.65853,19.925999
14083,2022-08-10 19:00:00+00:00,28.175999,60.92646,19.925999
14084,2022-08-10 20:00:00+00:00,27.425999,64.248,20.075998
14085,2022-08-10 21:00:00+00:00,26.626,68.176575,20.276
14086,2022-08-10 22:00:00+00:00,26.526,68.579506,20.276
14087,2022-08-10 23:00:00+00:00,26.376,68.9755,20.226
14088,2022-08-11 00:00:00+00:00,26.476,68.99473,20.325998
14089,2022-08-11 01:00:00+00:00,26.726,69.68371,20.726
14090,2022-08-11 02:00:00+00:00,28.026,67.61704,21.476
14091,2022-08-11 03:00:00+00:00,29.226,61.91873,21.175999
14092,2022-08-11 04:00:00+00:00,30.976,53.970818,20.575998
14093,2022-08-11 05:00:00+00:00,32.626,49.301582,20.626
14094,2022-08-11 06:00:00+00:00,34.276,44.12358,20.325998
14095,2022-08-11 07:00:00+00:00,34.626,42.084763,19.876
14096,2022-08-11 08:00:00+00:00,36.076,37.422657,19.276
14097,2022-08-11 09:00:00+00:00,35.676003,39.585724,19.825998
14098,2022-08-11 10:00:00+00:00,35.626,40.564552,20.175999
14099,2022-08-11 11:00:00+00:00,34.976,44.03887,20.925999
14100,2022-08-11 12:00:00+00:00,33.726,49.433956,21.675999
14101,2022-08-11 13:00:00+00:00,32.026,51.63322,20.825998
14102,2022-08-11 14:00:00+00:00,30.876,55.29164,20.876
14103,2022-08-11 15:00:00+00:00,29.876,60.008446,21.276
14104,2022-08-11 16:00:00+00:00,29.575998,60.6806,21.175999
14105,2022-08-11 17:00:00+00:00,29.526,60.48333,21.075998
14106,2022-08-11 18:00:00+00:00,30.026,57.16325,20.626
14107,2022-08-11 19:00:00+00:00,29.526,57.931934,20.376
14108,2022-08-11 20:00:00+00:00,28.876,60.33561,20.425999
14109,2022-08-11 21:00:00+00:00,28.575998,61.01677,20.325998
14110,2022-08-11 22:00:00+00:00,28.226,61.887543,20.226
14111,2022-08-11 23:00:00+00:00,27.876,63.163048,20.226
14112,2022-08-12 00:00:00+00:00,28.175999,61.87642,20.175999
14113,2022-08-12 01:00:00+00:00,28.175999,63.619133,20.626
14114,2022-08-12 02:00:00+00:00,29.476,60.101505,20.925999
14115,2022-08-12 03:00:00+00:00,30.526,56.409035,20.876
14116,2022-08-12 04:00:00+00:00,32.026,51.316418,20.726
14117,2022-08-12 05:00:00+00:00,32.526,49.886696,20.726
14118,2022-08-12 06:00:00+00:00,34.126,45.04654,20.526
14119,2022-08-12 07:00:00+00:00,33.876,45.679466,20.526
14120,2022-08-12 08:00:00+00:00,35.026,42.192547,20.276
14121,2022-08-12 09:00:00+00:00,34.526,42.582287,19.976
14122,2022-08-12 10:00:00+00:00,34.476,43.63512,20.325998
14123,2022-08-12 11:00:00+00:00,34.576,43.66191,20.425999
14124,2022-08-12 12:00:00+00:00,33.376,46.686787,20.425999
14125,2022-08-12 13:00:00+00:00,32.626,47.655403,20.075998
14126,2022-08-12 14:00:00+00:00,31.675999,50.442055,20.126
14127,2022-08-12 15:00:00+00:00,29.675999,63.745544,22.075998
14128,2022-08-12 16:00:00+00:00,28.976,64.77403,21.675999
14129,2022-08-12 17:00:00+00:00,28.476,67.088646,21.776
14130,2022-08-12 18:00:00+00:00,28.825998,62.980988,21.075998
14131,2022-08-12 19:00:00+00:00,29.026,60.556084,20.626
14132,2022-08-12 20:00:00+00:00,28.726,61.42818,20.575998
14133,2022-08-12 21:00:00+00:00,29.126,58.557533,20.175999
14134,2022-08-12 22:00:00+00:00,28.776,58.11396,19.726
14135,2022-08-12 23:00:00+00:00,28.226,59.814934,19.675999
14136,2022-08-13 00:00:00+00:00,28.226,60.561455,19.876
14137,2022-08-13 01:00:00+00:00,28.276,61.517265,20.175999
14138,2022-08-13 02:00:00+00:00,28.876,61.084324,20.626
14139,2022-08-13 03:00:00+00:00,30.226,57.3871,20.876
14140,2022-08-13 04:00:00+00:00,31.626,52.817585,20.825998
14141,2022-08-13 05:00:00+00:00,32.876,50.5938,21.276
14142,2022-08-13 06:00:00+00:00,34.126,46.597202,21.075998
14143,2022-08-13 07:00:00+00:00,35.426003,42.955894,20.925999
14144,2022-08-13 08:00:00+00:00,36.026,41.814617,21.026
14145,2022-08-13 09:00:00+00:00,36.476,39.557713,20.526
14146,2022-08-13 10:00:00+00:00,36.126,38.140884,19.626
14147,2022-08-13 11:00:00+00:00,35.176003,40.9473,19.925999
14148,2022-08-13 12:00:00+00:00,33.376,45.125595,19.876
14149,2022-08-13 13:00:00+00:00,32.526,45.603493,19.276
14150,2022-08-13 14:00:00+00:00,31.776,48.02587,19.425999
14151,2022-08-13 15:00:00+00:00,31.175999,50.31344,19.626
14152,2022-08-13 16:00:00+00:00,30.976,51.048565,19.675999
14153,2022-08-13 17:00:00+00:00,30.675999,52.416195,19.825998
14154,2022-08-13 18:00:00+00:00,30.226,55.132854,20.226
14155,2022-08-13 19:00:00+00:00,29.675999,57.433346,20.376
14156,2022-08-13 20:00:00+00:00,29.526,57.575264,20.276
14157,2022-08-13 21:00:00+00:00,29.175999,57.31428,19.876
14158,2022-08-13 22:00:00+00:00,28.726,55.973564,19.075998
14159,2022-08-13 23:00:00+00:00,28.476,54.87343,18.526
14160,2022-08-14 00:00:00+00:00,28.325998,56.57879,18.876
14161,2022-08-14 01:00:00+00:00,28.175999,58.152905,19.175999
14162,2022-08-14 02:00:00+00:00,28.626,58.80392,19.776
14163,2022-08-14 03:00:00+00:00,29.325998,57.88469,20.175999
14164,2022-08-14 04:00:00+00:00,30.626,54.89125,20.526
14165,2022-08-14 05:00:00+00:00,31.126,54.00796,20.726
14166,2022-08-14 06:00:00+00:00,32.376,49.694645,20.526
14167,2022-08-14 07:00:00+00:00,33.676003,45.908974,20.425999
14168,2022-08-14 08:00:00+00:00,34.576,41.94106,19.776
14169,2022-08-14 09:00:00+00:00,34.726,40.825485,19.476
14170,2022-08-14 10:00:00+00:00,33.976,43.232124,19.726
14171,2022-08-14 11:00:00+00:00,33.326,45.252308,19.876
14172,2022-08-14 12:00:00+00:00,31.425999,53.09349,20.726
14173,2022-08-14 13:00:00+00:00,30.175999,58.08504,21.026
14174,2022-08-14 14:00:00+00:00,28.976,64.37914,21.575998
14175,2022-08-14 15:00:00+00:00,28.675999,64.711075,21.376
14176,2022-08-14 16:00:00+00:00,28.276,65.42546,21.175999
14177,2022-08-14 17:00:00+00:00,27.825998,67.16425,21.175999
14178,2022-08-14 18:00:00+00:00,27.476,69.8248,21.476
14179,2022-08-14 19:00:00+00:00,27.276,71.29906,21.626
14180,2022-08-14 20:00:00+00:00,26.925999,72.556786,21.575998
14181,2022-08-14 21:00:00+00:00,26.726,72.96743,21.476
14182,2022-08-14 22:00:00+00:00,26.825998,71.21774,21.175999
14183,2022-08-14 23:00:00+00:00,27.026,69.31298,20.925999
14184,2022-08-15 00:00:00+00:00,25.276,85.797554,22.726
14185,2022-08-15 01:00:00+00:00,25.526,88.98918,23.575998
14186,2022-08-15 02:00:00+00:00,26.825998,84.669304,24.026
14187,2022-08-15 03:00:00+00:00,28.925999,69.46087,22.776
14188,2022-08-15 04:00:00+00:00,30.776,54.255024,20.476
14189,2022-08-15 05:00:00+00:00,32.476,49.26275,20.476
14190,2022-08-15 06:00:00+00:00,33.976,45.006638,20.376
14191,2022-08-15 07:00:00+00:00,34.226,44.24667,20.325998
14192,2022-08-15 08:00:00+00:00,35.476,41.92435,20.575998
14193,2022-08-15 09:00:00+00:00,34.576,43.25939,20.276
14194,2022-08-15 10:00:00+00:00,35.026,40.02723,19.425999
14195,2022-08-15 11:00:00+00:00,34.176003,41.573456,19.276
14196,2022-08-15 12:00:00+00:00,31.476,58.92402,22.476
14197,2022-08-15 13:00:00+00:00,29.276,75.861465,24.575998
14198,2022-08-15 14:00:00+00:00,29.226,73.17294,23.925999
14199,2022-08-15 15:00:00+00:00,28.776,76.239845,24.175999
14200,2022-08-15 16:00:00+00:00,28.575998,76.898636,24.126
14201,2022-08-15 17:00:00+00:00,28.376,79.44669,24.476
14202,2022-08-15 18:00:00+00:00,27.976,82.2976,24.675999
14203,2022-08-15 19:00:00+00:00,27.376,85.490005,24.726
14204,2022-08-15 20:00:00+00:00,26.325998,87.463264,24.075998
14205,2022-08-15 21:00:00+00:00,25.675999,90.07793,23.925999
14206,2022-08-15 22:00:00+00:00,25.726,89.00469,23.776
14207,2022-08-15 23:00:00+00:00,25.726,89.27282,23.825998
14208,2022-08-16 00:00:00+00:00,25.726,96.20981,25.075998
14209,2022-08-16 01:00:00+00:00,26.925999,89.62974,25.075998
14210,2022-08-16 02:00:00+00:00,28.626,78.53581,24.526
14211,2022-08-16 03:00:00+00:00,30.726,65.33516,23.476
14212,2022-08-16 04:00:00+00:00,32.476,53.681767,21.876
14213,2022-08-16 05:00:00+00:00,33.926003,49.034157,21.726
14214,2022-08-16 06:00:00+00:00,34.726,46.61209,21.626
14215,2022-08-16 07:00:00+00:00,35.576,44.334103,21.575998
14216,2022-08-16 08:00:00+00:00,35.276,44.937244,21.526
14217,2022-08-16 09:00:00+00:00,32.476,61.69787,24.175999
14218,2022-08-16 10:00:00+00:00,32.526,58.80982,23.425999
14219,2022-08-16 11:00:00+00:00,32.526,62.640083,24.476
14220,2022-08-16 12:00:00+00:00,31.226,67.22818,24.425999
14221,2022-08-16 13:00:00+00:00,29.925999,73.730644,24.726
14222,2022-08-16 14:00:00+00:00,29.276,78.16006,25.075998
14223,2022-08-16 15:00:00+00:00,28.925999,79.284424,24.976
14224,2022-08-16 16:00:00+00:00,28.526,82.11812,25.175999
14225,2022-08-16 17:00:00+00:00,28.276,82.088104,24.925999
14226,2022-08-16 18:00:00+00:00,27.976,83.53534,24.925999
14227,2022-08-16 19:00:00+00:00,27.675999,83.0039,24.526
14228,2022-08-16 20:00:00+00:00,27.126,84.447296,24.276
14229,2022-08-16 21:00:00+00:00,26.476,85.39994,23.825998
14230,2022-08-16 22:00:00+00:00,26.026,86.13037,23.526
14231,2022-08-16 23:00:00+00:00,25.876,87.42387,23.626
14232,2022-08-17 00:00:00+00:00,26.626,86.966736,24.276
14233,2022-08-17 01:00:00+00:00,27.126,85.209625,24.425999
14234,2022-08-17 02:00:00+00:00,28.776,77.6228,24.476
14235,2022-08-17 03:00:00+00:00,30.925999,63.62571,23.226
14236,2022-08-17 04:00:00+00:00,32.626,54.543114,22.276
14237,2022-08-17 05:00:00+00:00,34.176003,49.54964,22.126
14238,2022-08-17 06:00:00+00:00,35.526,45.417454,21.925999
14239,2022-08-17 07:00:00+00:00,36.576,42.4784,21.776
14240,2022-08-17 08:00:00+00:00,37.226,40.62154,21.626
14241,2022-08-17 09:00:00+00:00,36.826,41.26546,21.526
14242,2022-08-17 10:00:00+00:00,33.926003,55.52434,23.776
14243,2022-08-17 11:00:00+00:00,31.726,65.14901,24.376
14244,2022-08-17 12:00:00+00:00,32.126,64.07166,24.476
14245,2022-08-17 13:00:00+00:00,30.575998,70.60933,24.626
14246,2022-08-17 14:00:00+00:00,29.626,76.369804,25.026
14247,2022-08-17 15:00:00+00:00,29.226,76.99582,24.776
14248,2022-08-17 16:00:00+00:00,28.776,81.17666,25.226
14249,2022-08-17 17:00:00+00:00,28.325998,85.077805,25.575998
14250,2022-08-17 18:00:00+00:00,27.575998,89.676994,25.726
14251,2022-08-17 19:00:00+00:00,27.175999,91.53125,25.675999
14252,2022-08-17 20:00:00+00:00,26.976,91.5192,25.476
14253,2022-08-17 21:00:00+00:00,27.126,89.377975,25.226
14254,2022-08-17 22:00:00+00:00,26.776,90.1548,25.026
14255,2022-08-17 23:00:00+00:00,27.075998,85.460075,24.425999
14256,2022-08-18 00:00:00+00:00,26.226,89.57849,24.376
14257,2022-08-18 01:00:00+00:00,26.476,90.67383,24.825998
14258,2022-08-18 02:00:00+00:00,27.925999,84.029564,24.976
14259,2022-08-18 03:00:00+00:00,30.575998,65.89802,23.476
14260,2022-08-18 04:00:00+00:00,32.476,53.845818,21.925999
14261,2022-08-18 05:00:00+00:00,34.126,48.787064,21.825998
14262,2022-08-18 06:00:00+00:00,35.226,45.75576,21.776
14263,2022-08-18 07:00:00+00:00,35.926003,43.6203,21.626
14264,2022-08-18 08:00:00+00:00,36.676003,41.225147,21.376
14265,2022-08-18 09:00:00+00:00,37.126,39.85532,21.226
14266,2022-08-18 10:00:00+00:00,36.676003,40.22563,20.976
14267,2022-08-18 11:00:00+00:00,34.576,44.7514,20.825998
14268,2022-08-18 12:00:00+00:00,33.476,49.672733,21.526
14269,2022-08-18 13:00:00+00:00,32.026,58.516922,22.876
14270,2022-08-18 14:00:00+00:00,30.726,65.532425,23.526
14271,2022-08-18 15:00:00+00:00,29.726,71.95188,24.126
14272,2022-08-18 16:00:00+00:00,29.276,76.54476,24.726
14273,2022-08-18 17:00:00+00:00,29.175999,78.613045,25.075998
14274,2022-08-18 18:00:00+00:00,29.026,77.89151,24.776
14275,2022-08-18 19:00:00+00:00,28.776,77.390785,24.425999
14276,2022-08-18 20:00:00+00:00,28.976,74.91064,24.075998
14277,2022-08-18 21:00:00+00:00,28.925999,66.364815,22.026
14278,2022-08-18 22:00:00+00:00,28.376,64.846695,21.126
14279,2022-08-18 23:00:00+00:00,27.876,67.17423,21.226
14280,2022-08-19 00:00:00+00:00,27.175999,71.28102,21.526
14281,2022-08-19 01:00:00+00:00,27.276,71.736244,21.726
14282,2022-08-19 02:00:00+00:00,28.325998,68.926414,22.075998
14283,2022-08-19 03:00:00+00:00,30.126,61.177128,21.825998
14284,2022-08-19 04:00:00+00:00,31.675999,55.655952,21.726
14285,2022-08-19 05:00:00+00:00,33.226,50.373978,21.526
14286,2022-08-19 06:00:00+00:00,34.676003,46.598972,21.575998
14287,2022-08-19 07:00:00+00:00,36.126,41.97007,21.175999
14288,2022-08-19 08:00:00+00:00,37.026,38.860893,20.726
14289,2022-08-19 09:00:00+00:00,37.526,36.780853,20.276
14290,2022-08-19 10:00:00+00:00,37.476,36.65384,20.175999
14291,2022-08-19 11:00:00+00:00,36.876,37.40766,19.976
14292,2022-08-19 12:00:00+00:00,34.676003,41.708675,19.776
14293,2022-08-19 13:00:00+00:00,32.176003,49.95042,20.425999
14294,2022-08-19 14:00:00+00:00,30.476,63.72246,22.825998
14295,2022-08-19 15:00:00+00:00,29.325998,76.09636,24.675999
14296,2022-08-19 16:00:00+00:00,29.126,76.06552,24.476
14297,2022-08-19 17:00:00+00:00,28.776,77.390785,24.425999
14298,2022-08-19 18:00:00+00:00,28.575998,69.39486,22.425999
14299,2022-08-19 19:00:00+00:00,29.476,59.549515,20.776
14300,2022-08-19 20:00:00+00:00,28.876,61.65118,20.776
14301,2022-08-19 21:00:00+00:00,28.526,63.498894,20.925999
14302,2022-08-19 22:00:00+00:00,28.876,61.27276,20.675999
14303,2022-08-19 23:00:00+00:00,28.825998,60.885105,20.526
14304,2022-08-20 00:00:00+00:00,28.925999,60.533386,20.526
14305,2022-08-20 01:00:00+00:00,29.226,60.22957,20.726
14306,2022-08-20 02:00:00+00:00,30.226,57.563797,20.925999
14307,2022-08-20 03:00:00+00:00,31.276,54.21149,20.925999
14308,2022-08-20 04:00:00+00:00,32.726,49.938152,20.925999
14309,2022-08-20 05:00:00+00:00,34.076,46.298656,20.925999
14310,2022-08-20 06:00:00+00:00,35.426003,42.692528,20.825998
14311,2022-08-20 07:00:00+00:00,36.426003,39.911583,20.626
14312,2022-08-20 08:00:00+00:00,37.576,36.79439,20.325998
14313,2022-08-20 09:00:00+00:00,37.926003,35.1102,19.876
14314,2022-08-20 10:00:00+00:00,37.676003,34.82555,19.526
14315,2022-08-20 11:00:00+00:00,36.876,35.92835,19.325998
14316,2022-08-20 12:00:00+00:00,35.626,38.96279,19.526
14317,2022-08-20 13:00:00+00:00,33.226,50.838257,21.675999
14318,2022-08-20 14:00:00+00:00,31.626,54.63156,21.376
14319,2022-08-20 15:00:00+00:00,30.276,70.97865,24.425999
14320,2022-08-20 16:00:00+00:00,29.776,73.70566,24.575998
14321,2022-08-20 17:00:00+00:00,28.976,80.24149,25.226
14322,2022-08-20 18:00:00+00:00,29.276,71.87276,23.675999
14323,2022-08-20 19:00:00+00:00,28.876,70.08577,22.876
14324,2022-08-20 20:00:00+00:00,27.575998,75.366806,22.825998
14325,2022-08-20 21:00:00+00:00,26.726,78.50379,22.675999
14326,2022-08-20 22:00:00+00:00,27.075998,77.60776,22.825998
14327,2022-08-20 23:00:00+00:00,27.526,73.10468,22.276
14328,2022-08-21 00:00:00+00:00,28.476,67.499535,21.876
14329,2022-08-21 01:00:00+00:00,28.776,66.74035,21.976
14330,2022-08-21 02:00:00+00:00,29.925999,61.69542,21.776
14331,2022-08-21 03:00:00+00:00,30.776,58.761974,21.776
14332,2022-08-21 04:00:00+00:00,32.526,52.55818,21.575998
14333,2022-08-21 05:00:00+00:00,34.176003,47.91355,21.575998
14334,2022-08-21 06:00:00+00:00,35.276,44.25432,21.276
14335,2022-08-21 07:00:00+00:00,36.676003,39.97909,20.876
14336,2022-08-21 08:00:00+00:00,37.326,37.413986,20.376
14337,2022-08-21 09:00:00+00:00,37.226,37.386887,20.276
14338,2022-08-21 10:00:00+00:00,36.326,39.152687,20.226
14339,2022-08-21 11:00:00+00:00,35.426003,40.63605,20.026
14340,2022-08-21 12:00:00+00:00,31.626,61.140198,23.226
14341,2022-08-21 13:00:00+00:00,29.526,69.994545,23.476
14342,2022-08-21 14:00:00+00:00,29.376,70.178215,23.376
14343,2022-08-21 15:00:00+00:00,28.976,70.104294,22.976
14344,2022-08-21 16:00:00+00:00,28.476,71.731346,22.876
14345,2022-08-21 17:00:00+00:00,28.175999,73.43747,22.976
14346,2022-08-21 18:00:00+00:00,28.075998,71.878265,22.526
14347,2022-08-21 19:00:00+00:00,28.126,69.52137,22.026
14348,2022-08-21 20:00:00+00:00,27.876,70.11329,21.925999
14349,2022-08-21 21:00:00+00:00,28.075998,68.45911,21.726
14350,2022-08-21 22:00:00+00:00,28.425999,65.256226,21.276
14351,2022-08-21 23:00:00+00:00,28.226,65.81772,21.226
14352,2022-08-22 00:00:00+00:00,27.575998,68.78251,21.325998
14353,2022-08-22 01:00:00+00:00,27.976,66.578926,21.175999
14354,2022-08-22 02:00:00+00:00,29.075998,61.885532,21.026
14355,2022-08-22 03:00:00+00:00,30.425999,57.08282,20.976
14356,2022-08-22 04:00:00+00:00,31.976,52.259415,20.976
14357,2022-08-22 05:00:00+00:00,33.626,46.75266,20.675999
14358,2022-08-22 06:00:00+00:00,35.526,40.53751,20.075998
14359,2022-08-22 07:00:00+00:00,36.726,36.111794,19.276
14360,2022-08-22 08:00:00+00:00,37.026,34.866318,18.976
14361,2022-08-22 09:00:00+00:00,36.676003,35.98595,19.175999
14362,2022-08-22 10:00:00+00:00,36.226,36.77027,19.126
14363,2022-08-22 11:00:00+00:00,36.476,36.495934,19.226
14364,2022-08-22 12:00:00+00:00,35.626,38.00492,19.126
14365,2022-08-22 13:00:00+00:00,33.126,46.476906,20.126
14366,2022-08-22 14:00:00+00:00,30.876,60.787857,22.425999
14367,2022-08-22 15:00:00+00:00,29.726,67.133575,22.976
14368,2022-08-22 16:00:00+00:00,29.376,64.07143,21.876
14369,2022-08-22 17:00:00+00:00,28.675999,68.36672,22.276
14370,2022-08-22 18:00:00+00:00,28.876,66.35467,21.976
14371,2022-08-22 19:00:00+00:00,28.325998,67.26397,21.675999
14372,2022-08-22 20:00:00+00:00,28.175999,65.00418,20.976
14373,2022-08-22 21:00:00+00:00,27.925999,65.75594,20.925999
14374,2022-08-22 22:00:00+00:00,27.876,66.35459,21.026
14375,2022-08-22 23:00:00+00:00,27.825998,66.958466,21.126
14376,2022-08-23 00:00:00+00:00,26.325998,77.02621,21.976
14377,2022-08-23 01:00:00+00:00,27.175999,73.71595,22.075998
14378,2022-08-23 02:00:00+00:00,29.026,65.18144,21.825998
14379,2022-08-23 03:00:00+00:00,30.726,57.50558,21.376
14380,2022-08-23 04:00:00+00:00,32.476,51.58867,21.226
14381,2022-08-23 05:00:00+00:00,34.176003,46.467487,21.075998
14382,2022-08-23 06:00:00+00:00,35.626,42.094067,20.776
14383,2022-08-23 07:00:00+00:00,37.076,38.28029,20.526
14384,2022-08-23 08:00:00+00:00,38.226,35.08268,20.126
14385,2022-08-23 09:00:00+00:00,38.476,33.659733,19.675999
14386,2022-08-23 10:00:00+00:00,37.526,34.676884,19.325998
14387,2022-08-23 11:00:00+00:00,35.376,40.122166,19.776
14388,2022-08-23 12:00:00+00:00,32.726,56.933987,23.075998
14389,2022-08-23 13:00:00+00:00,30.376,67.060036,23.575998
14390,2022-08-23 14:00:00+00:00,29.825998,72.402145,24.325998
14391,2022-08-23 15:00:00+00:00,29.626,75.46404,24.825998
14392,2022-08-23 16:00:00+00:00,29.425999,77.25559,25.026
14393,2022-08-23 17:00:00+00:00,29.126,80.49998,25.425999
14394,2022-08-23 18:00:00+00:00,27.575998,81.75814,24.175999
14395,2022-08-23 19:00:00+00:00,27.175999,79.76307,23.376
14396,2022-08-23 20:00:00+00:00,27.175999,76.223465,22.626
14397,2022-08-23 21:00:00+00:00,27.325998,72.84811,22.026
14398,2022-08-23 22:00:00+00:00,27.226,72.608955,21.876
14399,2022-08-23 23:00:00+00:00,27.376,71.53527,21.776
14400,2022-08-24 00:00:00+00:00,27.925999,69.48362,21.825998
14401,2022-08-24 01:00:00+00:00,26.226,82.33635,22.976
14402,2022-08-24 02:00:00+00:00,27.825998,74.27374,22.825998
14403,2022-08-24 03:00:00+00:00,30.226,61.38643,21.976
14404,2022-08-24 04:00:00+00:00,31.425999,56.62477,21.776
14405,2022-08-24 05:00:00+00:00,33.026,51.569885,21.726
14406,2022-08-24 06:00:00+00:00,34.076,49.222843,21.925999
14407,2022-08-24 07:00:00+00:00,34.876,46.36726,21.675999
14408,2022-08-24 08:00:00+00:00,35.776,43.314228,21.376
14409,2022-08-24 09:00:00+00:00,35.626,42.353844,20.876
14410,2022-08-24 10:00:00+00:00,30.175999,62.88931,22.325998
14411,2022-08-24 11:00:00+00:00,31.126,58.664085,22.075998
14412,2022-08-24 12:00:00+00:00,31.675999,56.339783,21.925999
14413,2022-08-24 13:00:00+00:00,30.026,70.29783,24.026
14414,2022-08-24 14:00:00+00:00,29.026,76.50684,24.476
14415,2022-08-24 15:00:00+00:00,28.476,80.897285,24.876
14416,2022-08-24 16:00:00+00:00,27.876,85.53969,25.226
14417,2022-08-24 17:00:00+00:00,27.675999,86.54477,25.226
14418,2022-08-24 18:00:00+00:00,27.575998,85.00113,24.825998
14419,2022-08-24 19:00:00+00:00,26.276,82.5918,23.075998
14420,2022-08-24 20:00:00+00:00,26.075998,83.32145,23.026
14421,2022-08-24 21:00:00+00:00,25.726,83.788216,22.776
14422,2022-08-24 22:00:00+00:00,25.575998,83.26449,22.526
14423,2022-08-24 23:00:00+00:00,25.575998,82.00854,22.276
14424,2022-08-25 00:00:00+00:00,26.026,79.12429,22.126
14425,2022-08-25 01:00:00+00:00,26.476,77.51941,22.226
14426,2022-08-25 02:00:00+00:00,27.825998,71.834,22.276
14427,2022-08-25 03:00:00+00:00,29.626,64.51617,22.226
14428,2022-08-25 04:00:00+00:00,31.526,57.51885,22.126
14429,2022-08-25 05:00:00+00:00,33.276,51.948772,22.075998
14430,2022-08-25 06:00:00+00:00,34.726,47.91035,22.075998
14431,2022-08-25 07:00:00+00:00,35.526,45.003456,21.776
14432,2022-08-25 08:00:00+00:00,36.076,43.52711,21.726
14433,2022-08-25 09:00:00+00:00,34.276,49.27431,22.126
14434,2022-08-25 10:00:00+00:00,31.175999,65.23131,23.876
14435,2022-08-25 11:00:00+00:00,31.776,63.233845,23.925999
14436,2022-08-25 12:00:00+00:00,29.976,68.82414,23.626
14437,2022-08-25 13:00:00+00:00,29.575998,69.7931,23.476
14438,2022-08-25 14:00:00+00:00,27.325998,86.51222,24.876
14439,2022-08-25 15:00:00+00:00,26.575998,89.604164,24.726
14440,2022-08-25 16:00:00+00:00,26.325998,89.31807,24.425999
14441,2022-08-25 17:00:00+00:00,26.026,90.64404,24.376
14442,2022-08-25 18:00:00+00:00,25.626,94.2173,24.626
14443,2022-08-25 19:00:00+00:00,25.126,95.90563,24.425999
14444,2022-08-25 20:00:00+00:00,25.126,95.90563,24.425999
14445,2022-08-25 21:00:00+00:00,24.726,92.492134,23.425999
14446,2022-08-25 22:00:00+00:00,24.376,90.80842,22.776
14447,2022-08-25 23:00:00+00:00,24.325998,90.53016,22.675999
14448,2022-08-26 00:00:00+00:00,25.276,89.77869,23.476
14449,2022-08-26 01:00:00+00:00,25.626,86.09188,23.126
14450,2022-08-26 02:00:00+00:00,26.976,77.12374,22.626
14451,2022-08-26 03:00:00+00:00,29.175999,67.22807,22.476
14452,2022-08-26 04:00:00+00:00,31.226,59.58677,22.425999
14453,2022-08-26 05:00:00+00:00,32.876,54.108692,22.376
14454,2022-08-26 06:00:00+00:00,34.226,50.93712,22.626
14455,2022-08-26 07:00:00+00:00,34.826,49.2659,22.626
14456,2022-08-26 08:00:00+00:00,35.526,45.417454,21.925999
14457,2022-08-26 09:00:00+00:00,30.776,71.28072,24.976
14458,2022-08-26 10:00:00+00:00,32.776,58.51385,23.575998
14459,2022-08-26 11:00:00+00:00,32.276,57.870235,22.925999
14460,2022-08-26 12:00:00+00:00,31.325998,61.258553,22.976
14461,2022-08-26 13:00:00+00:00,29.726,71.52121,24.026
14462,2022-08-26 14:00:00+00:00,27.876,79.37869,23.976
14463,2022-08-26 15:00:00+00:00,26.325998,90.9352,24.726
14464,2022-08-26 16:00:00+00:00,25.675999,95.92206,24.976
14465,2022-08-26 17:00:00+00:00,25.776,95.92502,25.075998
14466,2022-08-26 18:00:00+00:00,25.526,93.370865,24.376
14467,2022-08-26 19:00:00+00:00,25.126,93.91403,24.075998
14468,2022-08-26 20:00:00+00:00,24.876,94.18578,23.876
14469,2022-08-26 21:00:00+00:00,24.226,94.158264,23.226
14470,2022-08-26 22:00:00+00:00,24.425999,92.47592,23.126
14471,2022-08-26 23:00:00+00:00,24.675999,90.55378,23.026
14472,2022-08-27 00:00:00+00:00,25.825998,83.54581,22.825998
14473,2022-08-27 01:00:00+00:00,26.026,82.31242,22.776
14474,2022-08-27 02:00:00+00:00,27.175999,78.56754,23.126
14475,2022-08-27 03:00:00+00:00,28.925999,71.59453,23.276
14476,2022-08-27 04:00:00+00:00,30.575998,65.30426,23.325998
14477,2022-08-27 05:00:00+00:00,32.026,60.31304,23.376
14478,2022-08-27 06:00:00+00:00,32.926003,57.499577,23.425999
14479,2022-08-27 07:00:00+00:00,33.776,56.1603,23.825998
14480,2022-08-27 08:00:00+00:00,34.226,53.949276,23.575998
14481,2022-08-27 09:00:00+00:00,34.626,51.19292,23.075998
14482,2022-08-27 10:00:00+00:00,33.476,54.255795,22.976
14483,2022-08-27 11:00:00+00:00,31.276,67.64155,24.575998
14484,2022-08-27 12:00:00+00:00,31.376,66.856514,24.476
14485,2022-08-27 13:00:00+00:00,29.825998,74.82307,24.876
14486,2022-08-27 14:00:00+00:00,28.726,79.257126,24.776
14487,2022-08-27 15:00:00+00:00,25.425999,93.646286,24.325998
14488,2022-08-27 16:00:00+00:00,25.776,92.271965,24.425999
14489,2022-08-27 17:00:00+00:00,25.675999,95.63642,24.925999
14490,2022-08-27 18:00:00+00:00,25.726,97.07314,25.226
14491,2022-08-27 19:00:00+00:00,25.376,96.776344,24.825998
14492,2022-08-27 20:00:00+00:00,24.776,91.385124,23.276
14493,2022-08-27 21:00:00+00:00,24.526,92.76108,23.276
14494,2022-08-27 22:00:00+00:00,24.476,93.039055,23.276
14495,2022-08-27 23:00:00+00:00,24.476,93.039055,23.276
14496,2022-08-28 00:00:00+00:00,25.425999,89.2501,23.526
14497,2022-08-28 01:00:00+00:00,26.075998,86.39505,23.626
14498,2022-08-28 02:00:00+00:00,27.075998,82.685844,23.876
14499,2022-08-28 03:00:00+00:00,28.526,74.83825,23.626
14500,2022-08-28 04:00:00+00:00,30.175999,68.03821,23.626
14501,2022-08-28 05:00:00+00:00,31.825998,62.30084,23.726
14502,2022-08-28 06:00:00+00:00,32.876,60.322792,24.175999
14503,2022-08-28 07:00:00+00:00,33.926003,54.69459,23.526
14504,2022-08-28 08:00:00+00:00,30.526,68.310905,24.026
14505,2022-08-28 09:00:00+00:00,29.526,73.443596,24.276
14506,2022-08-28 10:00:00+00:00,31.876,64.21124,24.276
14507,2022-08-28 11:00:00+00:00,32.526,60.244072,23.825998
14508,2022-08-28 12:00:00+00:00,29.925999,71.12874,24.126
14509,2022-08-28 13:00:00+00:00,29.325998,74.51904,24.325998
14510,2022-08-28 14:00:00+00:00,28.026,83.79033,25.026
14511,2022-08-28 15:00:00+00:00,27.325998,87.28968,25.026
14512,2022-08-28 16:00:00+00:00,27.175999,86.24017,24.675999
14513,2022-08-28 17:00:00+00:00,27.075998,85.20457,24.376
14514,2022-08-28 18:00:00+00:00,26.876,86.21166,24.376
14515,2022-08-28 19:00:00+00:00,26.726,87.76035,24.526
14516,2022-08-28 20:00:00+00:00,24.175999,98.80648,23.976
14517,2022-08-28 21:00:00+00:00,24.575998,97.34,24.126
14518,2022-08-28 22:00:00+00:00,24.626,98.22033,24.325998
14519,2022-08-28 23:00:00+00:00,24.825998,98.222984,24.526
14520,2022-08-29 00:00:00+00:00,25.376,94.20683,24.376
14521,2022-08-29 01:00:00+00:00,25.376,95.341354,24.575998
14522,2022-08-29 02:00:00+00:00,26.276,91.47688,24.776
14523,2022-08-29 03:00:00+00:00,27.476,83.980606,24.526
14524,2022-08-29 04:00:00+00:00,28.825998,76.936104,24.376
14525,2022-08-29 05:00:00+00:00,30.276,71.61867,24.575998
14526,2022-08-29 06:00:00+00:00,31.626,66.50745,24.626
14527,2022-08-29 07:00:00+00:00,32.976,60.89,24.425999
14528,2022-08-29 08:00:00+00:00,29.476,75.89251,24.776
14529,2022-08-29 09:00:00+00:00,31.476,67.47873,24.726
14530,2022-08-29 10:00:00+00:00,31.325998,66.64673,24.376
14531,2022-08-29 11:00:00+00:00,30.476,71.22719,24.675999
14532,2022-08-29 12:00:00+00:00,29.675999,73.909874,24.526
14533,2022-08-29 13:00:00+00:00,28.276,79.671326,24.425999
14534,2022-08-29 14:00:00+00:00,27.476,84.73729,24.675999
14535,2022-08-29 15:00:00+00:00,27.126,87.53288,24.876
14536,2022-08-29 16:00:00+00:00,26.626,92.5938,25.325998
14537,2022-08-29 17:00:00+00:00,26.175999,92.56994,24.876
14538,2022-08-29 18:00:00+00:00,25.675999,94.50132,24.726
14539,2022-08-29 19:00:00+00:00,25.575998,94.78019,24.675999
14540,2022-08-29 20:00:00+00:00,25.175999,97.06129,24.675999
14541,2022-08-29 21:00:00+00:00,25.126,97.35074,24.675999
14542,2022-08-29 22:00:00+00:00,24.726,99.10732,24.575998
14543,2022-08-29 23:00:00+00:00,24.825998,98.222984,24.526
14544,2022-08-30 00:00:00+00:00,25.825998,96.212585,25.175999
14545,2022-08-30 01:00:00+00:00,26.325998,97.662766,25.925999
14546,2022-08-30 02:00:00+00:00,27.126,88.58308,25.075998
14547,2022-08-30 03:00:00+00:00,28.126,81.33774,24.626
14548,2022-08-30 04:00:00+00:00,29.526,74.5515,24.526
14549,2022-08-30 05:00:00+00:00,30.476,69.5421,24.276
14550,2022-08-30 06:00:00+00:00,30.925999,68.387856,24.425999
14551,2022-08-30 07:00:00+00:00,30.726,68.55461,24.276
14552,2022-08-30 08:00:00+00:00,30.626,71.46695,24.876
14553,2022-08-30 09:00:00+00:00,31.075998,69.03287,24.726
14554,2022-08-30 10:00:00+00:00,30.825998,68.36864,24.325998
14555,2022-08-30 11:00:00+00:00,30.226,70.334496,24.226
14556,2022-08-30 12:00:00+00:00,29.026,75.59575,24.276
14557,2022-08-30 13:00:00+00:00,28.075998,79.40594,24.175999
14558,2022-08-30 14:00:00+00:00,27.425999,83.47385,24.376
14559,2022-08-30 15:00:00+00:00,26.876,87.77312,24.675999
14560,2022-08-30 16:00:00+00:00,26.575998,90.410324,24.876
14561,2022-08-30 17:00:00+00:00,26.526,90.40692,24.825998
14562,2022-08-30 18:00:00+00:00,26.325998,91.20721,24.776
14563,2022-08-30 19:00:00+00:00,26.075998,92.28855,24.726
14564,2022-08-30 20:00:00+00:00,25.876,93.946945,24.825998
14565,2022-08-30 21:00:00+00:00,26.175999,91.744514,24.726
14566,2022-08-30 22:00:00+00:00,26.276,90.93198,24.675999
14567,2022-08-30 23:00:00+00:00,25.226,96.48398,24.626
14568,2022-08-31 00:00:00+00:00,25.526,91.15698,23.976
14569,2022-08-31 01:00:00+00:00,26.226,88.77678,24.226
14570,2022-08-31 02:00:00+00:00,27.526,82.49084,24.276
14571,2022-08-31 03:00:00+00:00,29.175999,74.94274,24.276
14572,2022-08-31 04:00:00+00:00,28.626,76.90613,24.175999
14573,2022-08-31 05:00:00+00:00,29.126,76.75116,24.626
14574,2022-08-31 06:00:00+00:00,29.976,71.351364,24.226
14575,2022-08-31 07:00:00+00:00,29.825998,71.11078,24.026
14576,2022-08-31 08:00:00+00:00,29.876,68.59795,23.476
14577,2022-08-31 09:00:00+00:00,29.226,73.393135,23.976
14578,2022-08-31 10:00:00+00:00,29.325998,73.85187,24.175999
14579,2022-08-31 11:00:00+00:00,29.175999,73.60556,23.976
14580,2022-08-31 12:00:00+00:00,28.276,76.62275,23.776
14581,2022-08-31 13:00:00+00:00,27.526,79.810036,23.726
14582,2022-08-31 14:00:00+00:00,26.925999,83.66874,23.925999
14583,2022-08-31 15:00:00+00:00,26.876,84.42069,24.026
14584,2022-08-31 16:00:00+00:00,26.476,87.21442,24.175999
14585,2022-08-31 17:00:00+00:00,25.825998,91.44949,24.325998
14586,2022-08-31 18:00:00+00:00,25.876,90.90617,24.276
14587,2022-08-31 19:00:00+00:00,25.425999,93.646286,24.325998
14588,2022-08-31 20:00:00+00:00,25.126,95.047615,24.276
14589,2022-08-31 21:00:00+00:00,24.976,95.61408,24.226
14590,2022-08-31 22:00:00+00:00,24.825998,95.32265,24.026
14591,2022-08-31 23:00:00+00:00,25.075998,93.349304,23.925999
14592,2022-09-01 00:00:00+00:00,24.776,95.32094,23.976
14593,2022-09-01 01:00:00+00:00,25.175999,92.79491,23.925999
14594,2022-09-01 02:00:00+00:00,25.825998,87.15643,23.526
14595,2022-09-01 03:00:00+00:00,25.726,87.674614,23.526
14596,2022-09-01 04:00:00+00:00,26.126,85.62244,23.526
14597,2022-09-01 05:00:00+00:00,29.026,75.59575,24.276
14598,2022-09-01 06:00:00+00:00,30.425999,71.21828,24.626
14599,2022-09-01 07:00:00+00:00,31.175999,67.218346,24.376
14600,2022-09-01 08:00:00+00:00,28.925999,73.78536,23.776
14601,2022-09-01 09:00:00+00:00,28.925999,76.26285,24.325998
14602,2022-09-01 10:00:00+00:00,29.276,72.524506,23.825998
14603,2022-09-01 11:00:00+00:00,28.425999,76.41547,23.876
14604,2022-09-01 12:00:00+00:00,27.226,80.98085,23.675999
14605,2022-09-01 13:00:00+00:00,26.575998,83.88209,23.626
14606,2022-09-01 14:00:00+00:00,26.075998,87.704735,23.876
14607,2022-09-01 15:00:00+00:00,26.376,85.90522,23.825998
14608,2022-09-01 16:00:00+00:00,26.476,85.14344,23.776
14609,2022-09-01 17:00:00+00:00,25.626,92.54055,24.325998
14610,2022-09-01 18:00:00+00:00,25.776,92.82593,24.526
14611,2022-09-01 19:00:00+00:00,25.476,94.21101,24.476
14612,2022-09-01 20:00:00+00:00,25.776,91.44646,24.276
14613,2022-09-01 21:00:00+00:00,25.476,93.08908,24.276
14614,2022-09-01 22:00:00+00:00,25.026,94.1921,24.026
14615,2022-09-01 23:00:00+00:00,25.075998,93.349304,23.925999
14616,2022-09-02 00:00:00+00:00,24.876,96.474945,24.276
14617,2022-09-02 01:00:00+00:00,25.075998,95.61728,24.325998
14618,2022-09-02 02:00:00+00:00,26.425999,88.52705,24.376
14619,2022-09-02 03:00:00+00:00,27.575998,82.2499,24.276
14620,2022-09-02 04:00:00+00:00,29.075998,74.25513,24.026
14621,2022-09-02 05:00:00+00:00,30.325998,68.27237,23.825998
14622,2022-09-02 06:00:00+00:00,31.226,65.2416,23.925999
14623,2022-09-02 07:00:00+00:00,31.425999,64.697426,23.976
14624,2022-09-02 08:00:00+00:00,31.376,64.881645,23.976
14625,2022-09-02 09:00:00+00:00,31.276,65.644966,24.075998
14626,2022-09-02 10:00:00+00:00,30.626,67.92117,24.026
14627,2022-09-02 11:00:00+00:00,29.925999,69.85819,23.825998
14628,2022-09-02 12:00:00+00:00,29.175999,71.2082,23.425999
14629,2022-09-02 13:00:00+00:00,27.976,76.577194,23.476
14630,2022-09-02 14:00:00+00:00,26.976,82.67412,23.776
14631,2022-09-02 15:00:00+00:00,26.425999,86.42802,23.976
14632,2022-09-02 16:00:00+00:00,25.976,89.291695,24.075998
14633,2022-09-02 17:00:00+00:00,25.976,89.291695,24.075998
14634,2022-09-02 18:00:00+00:00,25.626,91.71203,24.175999
14635,2022-09-02 19:00:00+00:00,25.575998,92.53789,24.276
14636,2022-09-02 20:00:00+00:00,25.976,90.09899,24.226
14637,2022-09-02 21:00:00+00:00,25.825998,90.90296,24.226
14638,2022-09-02 22:00:00+00:00,24.776,96.183365,24.126
14639,2022-09-02 23:00:00+00:00,24.726,96.18196,24.075998
14640,2022-09-03 00:00:00+00:00,25.175999,91.40974,23.675999
14641,2022-09-03 01:00:00+00:00,25.825998,87.94767,23.675999
14642,2022-09-03 02:00:00+00:00,27.376,81.73363,23.976
14643,2022-09-03 03:00:00+00:00,29.026,73.80201,23.876
14644,2022-09-03 04:00:00+00:00,30.575998,65.89802,23.476
14645,2022-09-03 05:00:00+00:00,32.076,59.780582,23.276
14646,2022-09-03 06:00:00+00:00,32.976,56.308586,23.126
14647,2022-09-03 07:00:00+00:00,33.526,54.43243,23.075998
14648,2022-09-03 08:00:00+00:00,33.126,56.685555,23.376
14649,2022-09-03 09:00:00+00:00,32.726,59.568714,23.825998
14650,2022-09-03 10:00:00+00:00,31.175999,67.419914,24.425999
14651,2022-09-03 11:00:00+00:00,30.825998,67.35111,24.075998
14652,2022-09-03 12:00:00+00:00,29.825998,70.89753,23.976
14653,2022-09-03 13:00:00+00:00,28.575998,76.898636,24.126
14654,2022-09-03 14:00:00+00:00,28.325998,78.96547,24.325998
14655,2022-09-03 15:00:00+00:00,28.075998,80.84632,24.476
14656,2022-09-03 16:00:00+00:00,27.825998,82.77335,24.626
14657,2022-09-03 17:00:00+00:00,27.526,85.25012,24.825998
14658,2022-09-03 18:00:00+00:00,27.175999,87.27645,24.876
14659,2022-09-03 19:00:00+00:00,26.876,88.5631,24.825998
14660,2022-09-03 20:00:00+00:00,26.075998,93.39708,24.925999
14661,2022-09-03 21:00:00+00:00,26.175999,92.01894,24.776
14662,2022-09-03 22:00:00+00:00,26.126,91.194664,24.575998
14663,2022-09-03 23:00:00+00:00,25.925999,91.729774,24.476
14664,2022-09-04 00:00:00+00:00,26.075998,91.19157,24.526
14665,2022-09-04 01:00:00+00:00,26.575998,89.07023,24.626
14666,2022-09-04 02:00:00+00:00,28.175999,79.89688,24.376
14667,2022-09-04 03:00:00+00:00,29.726,71.52121,24.026
14668,2022-09-04 04:00:00+00:00,31.226,65.43793,23.976
14669,2022-09-04 05:00:00+00:00,32.376,60.210285,23.675999
14670,2022-09-04 06:00:00+00:00,33.276,56.72114,23.526
14671,2022-09-04 07:00:00+00:00,33.726,55.811424,23.675999
14672,2022-09-04 08:00:00+00:00,33.476,56.257977,23.575998
14673,2022-09-04 09:00:00+00:00,32.326,63.922363,24.626
14674,2022-09-04 10:00:00+00:00,32.326,62.036247,24.126
14675,2022-09-04 11:00:00+00:00,31.276,65.842285,24.126
14676,2022-09-04 12:00:00+00:00,30.476,67.892,23.876
14677,2022-09-04 13:00:00+00:00,29.126,76.522,24.575998
14678,2022-09-04 14:00:00+00:00,28.575998,79.95004,24.776
14679,2022-09-04 15:00:00+00:00,28.226,83.563194,25.175999
14680,2022-09-04 16:00:00+00:00,27.976,86.05973,25.425999
14681,2022-09-04 17:00:00+00:00,27.626,88.360176,25.526
14682,2022-09-04 18:00:00+00:00,27.325998,89.92556,25.526
14683,2022-09-04 19:00:00+00:00,27.175999,90.18253,25.425999
14684,2022-09-04 20:00:00+00:00,27.276,88.59506,25.226
14685,2022-09-04 21:00:00+00:00,26.976,89.10086,25.026
14686,2022-09-04 22:00:00+00:00,26.276,88.51497,24.226
14687,2022-09-04 23:00:00+00:00,25.876,87.42387,23.626
14688,2022-09-05 00:00:00+00:00,26.175999,84.60085,23.376
14689,2022-09-05 01:00:00+00:00,26.626,78.72819,22.626
14690,2022-09-05 02:00:00+00:00,27.626,74.46636,22.675999
14691,2022-09-05 03:00:00+00:00,29.226,69.7278,23.126
14692,2022-09-05 04:00:00+00:00,30.876,63.807545,23.226
14693,2022-09-05 05:00:00+00:00,32.326,58.23326,23.075998
14694,2022-09-05 06:00:00+00:00,33.476,54.0918,22.925999
14695,2022-09-05 07:00:00+00:00,34.476,52.407368,23.325998
14696,2022-09-05 08:00:00+00:00,34.176003,53.774666,23.476
14697,2022-09-05 09:00:00+00:00,31.925999,67.566696,25.175999
14698,2022-09-05 10:00:00+00:00,31.876,65.375114,24.575998
14699,2022-09-05 11:00:00+00:00,30.726,68.14474,24.175999
14700,2022-09-05 12:00:00+00:00,29.925999,69.64838,23.776
14701,2022-09-05 13:00:00+00:00,28.925999,75.807076,24.226
14702,2022-09-05 14:00:00+00:00,28.575998,79.4738,24.675999
14703,2022-09-05 15:00:00+00:00,28.526,81.14527,24.976
14704,2022-09-05 16:00:00+00:00,28.175999,83.80681,25.175999
14705,2022-09-05 17:00:00+00:00,28.026,84.04038,25.075998
14706,2022-09-05 18:00:00+00:00,27.726,84.51085,24.876
14707,2022-09-05 19:00:00+00:00,26.776,85.174034,24.075998
14708,2022-09-05 20:00:00+00:00,26.226,87.192154,23.925999
14709,2022-09-05 21:00:00+00:00,25.726,89.54166,23.876
14710,2022-09-05 22:00:00+00:00,24.476,91.921135,23.075998
14711,2022-09-05 23:00:00+00:00,24.425999,92.47592,23.126
14712,2022-09-06 00:00:00+00:00,25.175999,92.51642,23.876
14713,2022-09-06 01:00:00+00:00,25.825998,88.212814,23.726
14714,2022-09-06 02:00:00+00:00,26.976,81.193504,23.476
14715,2022-09-06 03:00:00+00:00,28.726,72.86783,23.376
14716,2022-09-06 04:00:00+00:00,30.575998,64.51989,23.126
14717,2022-09-06 05:00:00+00:00,32.226,58.563267,23.075998
14718,2022-09-06 06:00:00+00:00,33.276,56.550404,23.476
14719,2022-09-06 07:00:00+00:00,33.826,55.667633,23.726
14720,2022-09-06 08:00:00+00:00,30.825998,68.16407,24.276
14721,2022-09-06 09:00:00+00:00,31.425999,67.46895,24.675999
14722,2022-09-06 10:00:00+00:00,31.575998,66.896225,24.675999
14723,2022-09-06 11:00:00+00:00,30.575998,69.97856,24.476
14724,2022-09-06 12:00:00+00:00,30.175999,70.53657,24.226
14725,2022-09-06 13:00:00+00:00,29.175999,76.529625,24.626
14726,2022-09-06 14:00:00+00:00,28.776,79.73839,24.925999
14727,2022-09-06 15:00:00+00:00,28.476,82.112114,25.126
14728,2022-09-06 16:00:00+00:00,27.976,85.54959,25.325998
14729,2022-09-06 17:00:00+00:00,27.476,89.40401,25.575998
14730,2022-09-06 18:00:00+00:00,27.526,90.47443,25.825998
14731,2022-09-06 19:00:00+00:00,25.526,93.650856,24.425999
14732,2022-09-06 20:00:00+00:00,25.325998,95.91162,24.626
14733,2022-09-06 21:00:00+00:00,25.376,95.341354,24.575998
14734,2022-09-06 22:00:00+00:00,25.276,93.920654,24.226
14735,2022-09-06 23:00:00+00:00,25.126,95.047615,24.276
14736,2022-09-07 00:00:00+00:00,25.425999,94.20892,24.425999
14737,2022-09-07 01:00:00+00:00,25.925999,93.38995,24.776
14738,2022-09-07 02:00:00+00:00,26.976,86.99835,24.626
14739,2022-09-07 03:00:00+00:00,28.226,80.38323,24.526
14740,2022-09-07 04:00:00+00:00,29.825998,72.18551,24.276
14741,2022-09-07 05:00:00+00:00,30.976,67.58292,24.276
14742,2022-09-07 06:00:00+00:00,31.726,64.17975,24.126
14743,2022-09-07 07:00:00+00:00,32.576,60.43672,23.925999
14744,2022-09-07 08:00:00+00:00,32.376,60.5738,23.776
14745,2022-09-07 09:00:00+00:00,28.526,80.90364,24.925999
14746,2022-09-07 10:00:00+00:00,28.675999,81.406166,25.175999
14747,2022-09-07 11:00:00+00:00,29.325998,78.16721,25.126
14748,2022-09-07 12:00:00+00:00,28.925999,76.49166,24.376
14749,2022-09-07 13:00:00+00:00,27.925999,84.784134,25.126
14750,2022-09-07 14:00:00+00:00,27.276,91.808914,25.825998
14751,2022-09-07 15:00:00+00:00,25.825998,93.38517,24.675999
14752,2022-09-07 16:00:00+00:00,23.226,94.97836,22.376
14753,2022-09-07 17:00:00+00:00,23.376,94.9839,22.526
14754,2022-09-07 18:00:00+00:00,23.626,94.41871,22.675999
14755,2022-09-07 19:00:00+00:00,23.675999,95.57212,22.925999
14756,2022-09-07 20:00:00+00:00,23.925999,97.03409,23.425999
14757,2022-09-07 21:00:00+00:00,24.325998,95.305534,23.526
14758,2022-09-07 22:00:00+00:00,24.675999,93.330055,23.526
14759,2022-09-07 23:00:00+00:00,24.675999,94.461266,23.726
14760,2022-09-08 00:00:00+00:00,24.976,92.22749,23.626
14761,2022-09-08 01:00:00+00:00,25.276,90.59404,23.626
14762,2022-09-08 02:00:00+00:00,25.726,89.81119,23.925999
14763,2022-09-08 03:00:00+00:00,25.876,91.17899,24.325998
14764,2022-09-08 04:00:00+00:00,25.876,91.72681,24.425999
14765,2022-09-08 05:00:00+00:00,26.126,90.65066,24.476
14766,2022-09-08 06:00:00+00:00,27.075998,85.20457,24.376
14767,2022-09-08 07:00:00+00:00,26.825998,88.29502,24.726
14768,2022-09-08 08:00:00+00:00,27.175999,84.4526,24.325998
14769,2022-09-08 09:00:00+00:00,27.776,81.78262,24.376
14770,2022-09-08 10:00:00+00:00,27.825998,81.78873,24.425999
14771,2022-09-08 11:00:00+00:00,28.325998,79.20239,24.376
14772,2022-09-08 12:00:00+00:00,27.126,89.377975,25.226
14773,2022-09-08 13:00:00+00:00,26.075998,90.919106,24.476
14774,2022-09-08 14:00:00+00:00,25.675999,93.9382,24.626
14775,2022-09-08 15:00:00+00:00,25.626,95.634834,24.876
14776,2022-09-08 16:00:00+00:00,25.726,95.923546,25.026
14777,2022-09-08 17:00:00+00:00,25.776,96.2112,25.126
14778,2022-09-08 18:00:00+00:00,25.675999,95.92206,24.976
14779,2022-09-08 19:00:00+00:00,25.476,95.0602,24.626
14780,2022-09-08 20:00:00+00:00,25.376,94.48934,24.425999
14781,2022-09-08 21:00:00+00:00,25.276,94.76882,24.376
14782,2022-09-08 22:00:00+00:00,25.276,94.48533,24.325998
14783,2022-09-08 23:00:00+00:00,25.175999,94.48136,24.226
14784,2022-09-09 00:00:00+00:00,25.226,95.90862,24.526
14785,2022-09-09 01:00:00+00:00,25.825998,92.55126,24.526
14786,2022-09-09 02:00:00+00:00,26.675999,88.547104,24.626
14787,2022-09-09 03:00:00+00:00,27.425999,83.47385,24.376
14788,2022-09-09 04:00:00+00:00,28.075998,79.16807,24.126
14789,2022-09-09 05:00:00+00:00,29.126,73.15598,23.825998
14790,2022-09-09 06:00:00+00:00,29.226,72.515854,23.776
14791,2022-09-09 07:00:00+00:00,30.276,68.0576,23.726
14792,2022-09-09 08:00:00+00:00,30.876,65.16941,23.575998
14793,2022-09-09 09:00:00+00:00,31.825998,60.63318,23.276
14794,2022-09-09 10:00:00+00:00,32.076,59.600304,23.226
14795,2022-09-09 11:00:00+00:00,31.925999,60.108685,23.226
14796,2022-09-09 12:00:00+00:00,30.276,71.404785,24.526
14797,2022-09-09 13:00:00+00:00,29.325998,73.63064,24.126
14798,2022-09-09 14:00:00+00:00,29.325998,71.45004,23.626
14799,2022-09-09 15:00:00+00:00,26.976,82.42573,23.726
14800,2022-09-09 16:00:00+00:00,25.476,87.3887,23.226
14801,2022-09-09 17:00:00+00:00,24.726,94.463264,23.776
14802,2022-09-09 18:00:00+00:00,24.526,95.59961,23.776
14803,2022-09-09 19:00:00+00:00,24.626,96.46847,24.026
14804,2022-09-09 20:00:00+00:00,24.575998,95.60124,23.825998
14805,2022-09-09 21:00:00+00:00,25.075998,91.95586,23.675999
14806,2022-09-09 22:00:00+00:00,24.976,92.50563,23.675999
14807,2022-09-09 23:00:00+00:00,24.876,93.33968,23.726
14808,2022-09-10 00:00:00+00:00,25.476,90.335266,23.776
14809,2022-09-10 01:00:00+00:00,25.675999,90.62075,24.026
14810,2022-09-10 02:00:00+00:00,26.526,89.06637,24.575998
14811,2022-09-10 03:00:00+00:00,28.325998,76.17064,23.726
14812,2022-09-10 04:00:00+00:00,29.626,68.96523,23.325998
14813,2022-09-10 05:00:00+00:00,30.026,66.99047,23.226
14814,2022-09-10 06:00:00+00:00,29.226,70.362724,23.276
14815,2022-09-10 07:00:00+00:00,30.026,67.39628,23.325998
14816,2022-09-10 08:00:00+00:00,31.276,63.892345,23.626
14817,2022-09-10 09:00:00+00:00,30.175999,68.449135,23.726
14818,2022-09-10 10:00:00+00:00,31.075998,64.81936,23.675999
14819,2022-09-10 11:00:00+00:00,31.325998,63.710796,23.626
14820,2022-09-10 12:00:00+00:00,30.075998,65.796036,22.976
14821,2022-09-10 13:00:00+00:00,29.075998,68.44406,22.675999
14822,2022-09-10 14:00:00+00:00,28.425999,72.377045,22.976
14823,2022-09-10 15:00:00+00:00,27.626,79.10608,23.675999
14824,2022-09-10 16:00:00+00:00,25.925999,88.22107,23.825998
14825,2022-09-10 17:00:00+00:00,25.675999,89.807594,23.876
14826,2022-09-10 18:00:00+00:00,26.075998,87.44141,23.825998
14827,2022-09-10 19:00:00+00:00,26.126,87.70901,23.925999
14828,2022-09-10 20:00:00+00:00,25.976,87.960304,23.825998
14829,2022-09-10 21:00:00+00:00,26.075998,86.39505,23.626
14830,2022-09-10 22:00:00+00:00,26.175999,84.09162,23.276
14831,2022-09-10 23:00:00+00:00,26.026,83.56826,23.026
14832,2022-09-11 00:00:00+00:00,26.226,82.83608,23.075998
14833,2022-09-11 01:00:00+00:00,26.476,81.37617,23.026
14834,2022-09-11 02:00:00+00:00,26.825998,80.199585,23.126
14835,2022-09-11 03:00:00+00:00,27.476,77.66639,23.226
14836,2022-09-11 04:00:00+00:00,27.976,74.07383,22.925999
14837,2022-09-11 05:00:00+00:00,27.925999,74.51543,22.976
14838,2022-09-11 06:00:00+00:00,29.276,68.27546,22.825998
14839,2022-09-11 07:00:00+00:00,30.776,60.580845,22.276
14840,2022-09-11 08:00:00+00:00,31.976,56.411594,22.226
14841,2022-09-11 09:00:00+00:00,32.976,53.969006,22.425999
14842,2022-09-11 10:00:00+00:00,33.126,53.515984,22.425999
14843,2022-09-11 11:00:00+00:00,32.176003,57.14943,22.626
14844,2022-09-11 12:00:00+00:00,29.726,67.54104,23.075998
14845,2022-09-11 13:00:00+00:00,28.075998,73.86653,22.976
14846,2022-09-11 14:00:00+00:00,27.776,76.31591,23.226
14847,2022-09-11 15:00:00+00:00,27.726,78.17274,23.575998
14848,2022-09-11 16:00:00+00:00,27.825998,78.4228,23.726
14849,2022-09-11 17:00:00+00:00,27.626,78.15841,23.476
14850,2022-09-11 18:00:00+00:00,27.526,77.205795,23.175999
14851,2022-09-11 19:00:00+00:00,27.175999,77.62244,22.925999
14852,2022-09-11 20:00:00+00:00,27.126,76.67971,22.675999
14853,2022-09-11 21:00:00+00:00,26.776,76.85979,22.376
14854,2022-09-11 22:00:00+00:00,26.526,75.659706,21.876
14855,2022-09-11 23:00:00+00:00,26.026,75.81239,21.425999
14856,2022-09-12 00:00:00+00:00,25.276,81.97191,21.976
14857,2022-09-12 01:00:00+00:00,25.376,81.48582,21.976
14858,2022-09-12 02:00:00+00:00,26.925999,77.350685,22.626
14859,2022-09-12 03:00:00+00:00,29.175999,66.61778,22.325998
14860,2022-09-12 04:00:00+00:00,30.825998,57.705578,21.526
14861,2022-09-12 05:00:00+00:00,31.726,55.49824,21.726
14862,2022-09-12 06:00:00+00:00,32.726,51.810238,21.526
14863,2022-09-12 07:00:00+00:00,33.526,48.78103,21.276
14864,2022-09-12 08:00:00+00:00,34.476,45.97911,21.175999
14865,2022-09-12 09:00:00+00:00,35.026,44.187744,21.026
14866,2022-09-12 10:00:00+00:00,35.026,45.983334,21.675999
14867,2022-09-12 11:00:00+00:00,34.626,46.585835,21.526
14868,2022-09-12 12:00:00+00:00,33.776,51.75897,22.476
14869,2022-09-12 13:00:00+00:00,30.126,65.806244,23.026
14870,2022-09-12 14:00:00+00:00,28.876,82.89477,25.675999
14871,2022-09-12 15:00:00+00:00,28.376,83.08405,25.226
14872,2022-09-12 16:00:00+00:00,28.376,80.40275,24.675999
14873,2022-09-12 17:00:00+00:00,28.075998,79.883545,24.276
14874,2022-09-12 18:00:00+00:00,27.876,79.37869,23.976
14875,2022-09-12 19:00:00+00:00,27.476,79.80332,23.675999
14876,2022-09-12 20:00:00+00:00,27.126,80.72449,23.526
14877,2022-09-12 21:00:00+00:00,26.425999,83.86558,23.476
14878,2022-09-12 22:00:00+00:00,26.126,83.832466,23.175999
14879,2022-09-12 23:00:00+00:00,26.075998,78.172554,21.976
14880,2022-09-13 00:00:00+00:00,26.026,71.95465,20.575998
14881,2022-09-13 01:00:00+00:00,26.476,70.50026,20.675999
14882,2022-09-13 02:00:00+00:00,28.026,68.44941,21.675999
14883,2022-09-13 03:00:00+00:00,29.776,58.709408,20.825998
14884,2022-09-13 04:00:00+00:00,31.126,54.676617,20.925999
14885,2022-09-13 05:00:00+00:00,32.376,52.040054,21.276
14886,2022-09-13 06:00:00+00:00,33.426003,50.11775,21.626
14887,2022-09-13 07:00:00+00:00,34.576,46.005516,21.276
14888,2022-09-13 08:00:00+00:00,34.826,46.496048,21.675999
14889,2022-09-13 09:00:00+00:00,35.126,45.173294,21.476
14890,2022-09-13 10:00:00+00:00,35.126,46.00967,21.776
14891,2022-09-13 11:00:00+00:00,33.826,49.158394,21.675999
14892,2022-09-13 12:00:00+00:00,30.526,70.81164,24.626
14893,2022-09-13 13:00:00+00:00,28.675999,82.380684,25.376
14894,2022-09-13 14:00:00+00:00,28.425999,82.35107,25.126
14895,2022-09-13 15:00:00+00:00,28.276,82.82552,25.075998
14896,2022-09-13 16:00:00+00:00,27.825998,85.02675,25.075998
14897,2022-09-13 17:00:00+00:00,27.276,88.069084,25.126
14898,2022-09-13 18:00:00+00:00,27.226,85.98762,24.675999
14899,2022-09-13 19:00:00+00:00,27.276,82.70923,24.075998
14900,2022-09-13 20:00:00+00:00,27.126,79.5159,23.276
14901,2022-09-13 21:00:00+00:00,26.726,79.46143,22.876
14902,2022-09-13 22:00:00+00:00,26.425999,80.87866,22.876
14903,2022-09-13 23:00:00+00:00,26.175999,82.83028,23.026
14904,2022-09-14 00:00:00+00:00,26.376,85.64721,23.776
14905,2022-09-14 01:00:00+00:00,26.976,83.92598,24.026
14906,2022-09-14 02:00:00+00:00,28.425999,77.80475,24.175999
14907,2022-09-14 03:00:00+00:00,30.526,65.09703,23.226
14908,2022-09-14 04:00:00+00:00,31.876,58.305,22.675999
14909,2022-09-14 05:00:00+00:00,32.976,53.805206,22.376
14910,2022-09-14 06:00:00+00:00,34.026,50.57794,22.325998
14911,2022-09-14 07:00:00+00:00,34.926003,47.526264,22.126
14912,2022-09-14 08:00:00+00:00,35.526,45.695305,22.026
14913,2022-09-14 09:00:00+00:00,34.976,45.8298,21.575998
14914,2022-09-14 10:00:00+00:00,34.326,47.514835,21.575998
14915,2022-09-14 11:00:00+00:00,30.325998,65.055595,23.026
14916,2022-09-14 12:00:00+00:00,30.526,70.81164,24.626
14917,2022-09-14 13:00:00+00:00,29.325998,78.63405,25.226
14918,2022-09-14 14:00:00+00:00,29.026,78.59202,24.925999
14919,2022-09-14 15:00:00+00:00,28.376,85.082886,25.626
14920,2022-09-14 16:00:00+00:00,28.376,81.855736,24.976
14921,2022-09-14 17:00:00+00:00,28.226,75.92615,23.575998
14922,2022-09-14 18:00:00+00:00,27.976,72.95984,22.675999
14923,2022-09-14 19:00:00+00:00,27.425999,75.571815,22.726
14924,2022-09-14 20:00:00+00:00,26.726,81.16195,23.226
14925,2022-09-14 21:00:00+00:00,26.575998,85.409996,23.925999
14926,2022-09-14 22:00:00+00:00,25.925999,87.42826,23.675999
14927,2022-09-14 23:00:00+00:00,25.526,87.39309,23.276
14928,2022-09-15 00:00:00+00:00,24.825998,90.83793,23.226
14929,2022-09-15 01:00:00+00:00,25.325998,90.59739,23.675999
14930,2022-09-15 02:00:00+00:00,26.376,85.64721,23.776
14931,2022-09-15 03:00:00+00:00,28.226,75.69768,23.526
14932,2022-09-15 04:00:00+00:00,29.776,67.14352,23.026
14933,2022-09-15 05:00:00+00:00,31.376,60.89988,22.925999
14934,2022-09-15 06:00:00+00:00,32.626,55.884987,22.675999
14935,2022-09-15 07:00:00+00:00,33.376,53.41543,22.626
14936,2022-09-15 08:00:00+00:00,34.126,50.449783,22.376
14937,2022-09-15 09:00:00+00:00,34.876,48.536236,22.425999
14938,2022-09-15 10:00:00+00:00,34.276,50.182102,22.425999
14939,2022-09-15 11:00:00+00:00,33.826,50.067173,21.976
14940,2022-09-15 12:00:00+00:00,31.825998,60.816517,23.325998
14941,2022-09-15 13:00:00+00:00,29.675999,67.53122,23.026
14942,2022-09-15 14:00:00+00:00,29.276,72.08944,23.726
14943,2022-09-15 15:00:00+00:00,28.825998,68.6039,22.476
14944,2022-09-15 16:00:00+00:00,28.325998,70.41046,22.425999
14945,2022-09-15 17:00:00+00:00,27.876,77.49099,23.575998
14946,2022-09-15 18:00:00+00:00,27.276,83.20709,24.175999
14947,2022-09-15 19:00:00+00:00,26.876,83.41198,23.825998
14948,2022-09-15 20:00:00+00:00,26.526,82.621254,23.325998
14949,2022-09-15 21:00:00+00:00,26.526,78.71412,22.526
14950,2022-09-15 22:00:00+00:00,26.626,76.138275,22.075998
14951,2022-09-15 23:00:00+00:00,26.925999,72.556786,21.575998
14952,2022-09-16 00:00:00+00:00,26.825998,75.018234,22.026
14953,2022-09-16 01:00:00+00:00,27.526,71.34409,21.876
14954,2022-09-16 02:00:00+00:00,28.425999,66.87398,21.675999
14955,2022-09-16 03:00:00+00:00,29.925999,60.573902,21.476
14956,2022-09-16 04:00:00+00:00,31.325998,56.083958,21.526
14957,2022-09-16 05:00:00+00:00,32.726,52.287754,21.675999
14958,2022-09-16 06:00:00+00:00,33.826,49.459705,21.776
14959,2022-09-16 07:00:00+00:00,34.476,47.119846,21.575998
14960,2022-09-16 08:00:00+00:00,35.526,43.114872,21.075998
14961,2022-09-16 09:00:00+00:00,35.876,42.161224,21.026
14962,2022-09-16 10:00:00+00:00,35.426003,41.65316,20.425999
14963,2022-09-16 11:00:00+00:00,34.976,43.10018,20.575998
14964,2022-09-16 12:00:00+00:00,33.676003,46.478664,20.626
14965,2022-09-16 13:00:00+00:00,31.226,60.31503,22.626
14966,2022-09-16 14:00:00+00:00,29.976,66.17509,22.976
14967,2022-09-16 15:00:00+00:00,29.226,72.734314,23.825998
14968,2022-09-16 16:00:00+00:00,28.425999,79.691475,24.575998
14969,2022-09-16 17:00:00+00:00,28.175999,79.657875,24.325998
14970,2022-09-16 18:00:00+00:00,28.126,74.99983,23.276
14971,2022-09-16 19:00:00+00:00,27.976,71.20798,22.276
14972,2022-09-16 20:00:00+00:00,27.626,71.798485,22.075998
14973,2022-09-16 21:00:00+00:00,27.726,70.29972,21.825998
14974,2022-09-16 22:00:00+00:00,27.575998,70.05747,21.626
14975,2022-09-16 23:00:00+00:00,27.175999,71.49943,21.575998
14976,2022-09-17 00:00:00+00:00,26.876,74.343155,21.925999
14977,2022-09-17 01:00:00+00:00,27.876,70.32747,21.976
14978,2022-09-17 02:00:00+00:00,29.175999,64.81595,21.876
14979,2022-09-17 03:00:00+00:00,30.325998,60.479286,21.825998
14980,2022-09-17 04:00:00+00:00,31.675999,56.168137,21.876
14981,2022-09-17 05:00:00+00:00,33.076,51.42521,21.726
14982,2022-09-17 06:00:00+00:00,34.026,48.464043,21.626
14983,2022-09-17 07:00:00+00:00,34.676003,45.891052,21.325998
14984,2022-09-17 08:00:00+00:00,35.676003,42.891,21.126
14985,2022-09-17 09:00:00+00:00,36.176003,40.713093,20.726
14986,2022-09-17 10:00:00+00:00,36.126,40.449593,20.575998
14987,2022-09-17 11:00:00+00:00,35.626,41.068886,20.376
14988,2022-09-17 12:00:00+00:00,34.626,42.084763,19.876
14989,2022-09-17 13:00:00+00:00,32.476,53.192257,21.726
14990,2022-09-17 14:00:00+00:00,30.825998,56.13546,21.075998
14991,2022-09-17 15:00:00+00:00,29.825998,64.36226,22.376
14992,2022-09-17 16:00:00+00:00,28.476,74.60502,23.526
14993,2022-09-17 17:00:00+00:00,28.075998,73.42058,22.876
14994,2022-09-17 18:00:00+00:00,27.876,71.189926,22.175999
14995,2022-09-17 19:00:00+00:00,27.425999,73.08758,22.175999
14996,2022-09-17 20:00:00+00:00,26.776,77.79951,22.575998
14997,2022-09-17 21:00:00+00:00,26.776,78.036,22.626
14998,2022-09-17 22:00:00+00:00,27.976,69.493065,21.876
14999,2022-09-17 23:00:00+00:00,28.226,66.629486,21.425999
15000,2022-09-18 00:00:00+00:00,28.226,65.41509,21.126
15001,2022-09-18 01:00:00+00:00,28.325998,65.63679,21.276
15002,2022-09-18 02:00:00+00:00,29.425999,61.962986,21.376
15003,2022-09-18 03:00:00+00:00,30.825998,57.177982,21.376
15004,2022-09-18 04:00:00+00:00,32.276,52.495518,21.325998
15005,2022-09-18 05:00:00+00:00,33.576,47.904003,21.026
15006,2022-09-18 06:00:00+00:00,34.776,43.85027,20.675999
15007,2022-09-18 07:00:00+00:00,35.576,41.437267,20.476
15008,2022-09-18 08:00:00+00:00,36.326,37.959064,19.726
15009,2022-09-18 09:00:00+00:00,36.476,35.708008,18.876
15010,2022-09-18 10:00:00+00:00,36.176003,35.182873,18.376
15011,2022-09-18 11:00:00+00:00,35.426003,37.24563,18.626
15012,2022-09-18 12:00:00+00:00,34.276,40.19843,18.825998
15013,2022-09-18 13:00:00+00:00,32.676003,44.659523,19.075998
15014,2022-09-18 14:00:00+00:00,30.976,55.316013,20.976
15015,2022-09-18 15:00:00+00:00,31.776,47.87676,19.376
15016,2022-09-18 16:00:00+00:00,30.626,52.729427,19.876
15017,2022-09-18 17:00:00+00:00,28.626,63.71579,21.075998
15018,2022-09-18 18:00:00+00:00,28.425999,68.94553,22.175999
15019,2022-09-18 19:00:00+00:00,27.726,76.3082,23.175999
15020,2022-09-18 20:00:00+00:00,27.226,78.10092,23.075998
15021,2022-09-18 21:00:00+00:00,27.675999,71.15381,21.976
15022,2022-09-18 22:00:00+00:00,28.175999,63.619133,20.626
15023,2022-09-18 23:00:00+00:00,28.026,65.5748,20.976
15024,2022-09-19 00:00:00+00:00,28.075998,66.80361,21.325998
15025,2022-09-19 01:00:00+00:00,28.226,67.03866,21.526
15026,2022-09-19 02:00:00+00:00,28.825998,64.94095,21.575998
15027,2022-09-19 03:00:00+00:00,29.626,61.62883,21.476
15028,2022-09-19 04:00:00+00:00,30.526,58.524513,21.476
15029,2022-09-19 05:00:00+00:00,31.626,54.799137,21.425999
15030,2022-09-19 06:00:00+00:00,32.626,50.997406,21.175999
15031,2022-09-19 07:00:00+00:00,33.676003,46.765823,20.726
15032,2022-09-19 08:00:00+00:00,34.126,44.083485,20.175999
15033,2022-09-19 09:00:00+00:00,34.326,43.32614,20.075998
15034,2022-09-19 10:00:00+00:00,34.626,41.308727,19.575998
15035,2022-09-19 11:00:00+00:00,34.176003,40.676247,18.925999
15036,2022-09-19 12:00:00+00:00,32.776,45.67006,19.526
15037,2022-09-19 13:00:00+00:00,31.026,52.34237,20.126
15038,2022-09-19 14:00:00+00:00,30.825998,50.85192,19.476
15039,2022-09-19 15:00:00+00:00,30.425999,52.67907,19.675999
15040,2022-09-19 16:00:00+00:00,30.575998,52.228638,19.675999
15041,2022-09-19 17:00:00+00:00,29.476,57.741516,20.276
15042,2022-09-19 18:00:00+00:00,28.476,67.499535,21.876
15043,2022-09-19 19:00:00+00:00,27.626,80.54646,23.976
15044,2022-09-19 20:00:00+00:00,27.376,75.56391,22.675999
15045,2022-09-19 21:00:00+00:00,27.776,66.94842,21.075998
15046,2022-09-19 22:00:00+00:00,27.626,64.489456,20.325998
15047,2022-09-19 23:00:00+00:00,28.476,57.503883,19.276
15048,2022-09-20 00:00:00+00:00,28.626,58.078514,19.575998
15049,2022-09-20 01:00:00+00:00,28.425999,58.211964,19.425999
15050,2022-09-20 02:00:00+00:00,29.026,56.57162,19.526
15051,2022-09-20 03:00:00+00:00,29.825998,54.69456,19.726
15052,2022-09-20 04:00:00+00:00,30.976,52.329746,20.075998
15053,2022-09-20 05:00:00+00:00,33.176003,46.3466,20.126
15054,2022-09-20 06:00:00+00:00,34.626,41.95454,19.825998
15055,2022-09-20 07:00:00+00:00,35.576,39.19198,19.575998
15056,2022-09-20 08:00:00+00:00,36.426003,36.9394,19.376
15057,2022-09-20 09:00:00+00:00,36.576,35.735207,18.976
15058,2022-09-20 10:00:00+00:00,36.326,35.2237,18.526
15059,2022-09-20 11:00:00+00:00,35.826,35.754623,18.325998
15060,2022-09-20 12:00:00+00:00,33.826,37.8703,17.476
15061,2022-09-20 13:00:00+00:00,32.426003,39.193012,16.776
15062,2022-09-20 14:00:00+00:00,31.175999,38.35389,15.326
15063,2022-09-20 15:00:00+00:00,29.526,41.486233,15.076
15064,2022-09-20 16:00:00+00:00,26.976,52.13105,16.325998
15065,2022-09-20 17:00:00+00:00,27.575998,49.533684,16.075998
15066,2022-09-20 18:00:00+00:00,27.026,54.859325,17.175999
15067,2022-09-20 19:00:00+00:00,25.226,63.175568,17.726
15068,2022-09-20 20:00:00+00:00,25.376,60.096127,17.075998
15069,2022-09-20 21:00:00+00:00,25.626,59.02313,17.026
15070,2022-09-20 22:00:00+00:00,26.425999,57.55448,17.376
15071,2022-09-20 23:00:00+00:00,26.675999,58.161545,17.776
15072,2022-09-21 00:00:00+00:00,26.376,62.05378,18.526
15073,2022-09-21 01:00:00+00:00,26.925999,63.546097,19.425999
15074,2022-09-21 02:00:00+00:00,28.526,60.629616,20.175999
15075,2022-09-21 03:00:00+00:00,30.026,56.462593,20.425999
15076,2022-09-21 04:00:00+00:00,31.825998,51.4238,20.575998
15077,2022-09-21 05:00:00+00:00,33.276,46.804707,20.376
15078,2022-09-21 06:00:00+00:00,34.726,42.242283,20.026
15079,2022-09-21 07:00:00+00:00,35.176003,40.820652,19.876
15080,2022-09-21 08:00:00+00:00,35.326,40.108624,19.726
15081,2022-09-21 09:00:00+00:00,35.676003,38.855495,19.526
15082,2022-09-21 10:00:00+00:00,35.926003,37.850346,19.325998
15083,2022-09-21 11:00:00+00:00,35.126,39.4364,19.276
15084,2022-09-21 12:00:00+00:00,32.326,47.135868,19.626
15085,2022-09-21 13:00:00+00:00,30.075998,60.793346,21.675999
15086,2022-09-21 14:00:00+00:00,28.626,73.51327,23.425999
15087,2022-09-21 15:00:00+00:00,28.075998,80.36368,24.376
15088,2022-09-21 16:00:00+00:00,27.476,85.75551,24.876
15089,2022-09-21 17:00:00+00:00,27.175999,87.016365,24.825998
15090,2022-09-21 18:00:00+00:00,26.976,87.25876,24.675999
15091,2022-09-21 19:00:00+00:00,26.675999,84.65354,23.876
15092,2022-09-21 20:00:00+00:00,26.276,82.84192,23.126
15093,2022-09-21 21:00:00+00:00,26.126,83.32712,23.075998
15094,2022-09-21 22:00:00+00:00,25.876,83.298676,22.825998
15095,2022-09-21 23:00:00+00:00,25.976,80.82081,22.425999
15096,2022-09-22 00:00:00+00:00,27.825998,55.92905,18.226
15097,2022-09-22 01:00:00+00:00,28.126,57.59977,18.976
15098,2022-09-22 02:00:00+00:00,29.075998,56.408207,19.526
15099,2022-09-22 03:00:00+00:00,30.075998,53.248894,19.526
15100,2022-09-22 04:00:00+00:00,31.825998,47.592922,19.325998
15101,2022-09-22 05:00:00+00:00,33.326,42.523136,18.876
15102,2022-09-22 06:00:00+00:00,34.476,38.40805,18.276
15103,2022-09-22 07:00:00+00:00,34.976,35.63486,17.526
15104,2022-09-22 08:00:00+00:00,35.876,31.825647,16.526
15105,2022-09-22 09:00:00+00:00,36.076,29.154799,15.326
15106,2022-09-22 10:00:00+00:00,36.126,27.526394,14.476
15107,2022-09-22 11:00:00+00:00,35.676003,27.764404,14.226
15108,2022-09-22 12:00:00+00:00,34.176003,33.123207,15.676
15109,2022-09-22 13:00:00+00:00,32.876,34.38997,15.126
15110,2022-09-22 14:00:00+00:00,31.575998,37.97494,15.526
15111,2022-09-22 15:00:00+00:00,29.575998,45.09746,16.425999
15112,2022-09-22 16:00:00+00:00,29.126,44.83236,15.926
15113,2022-09-22 17:00:00+00:00,28.276,51.479332,17.325998
15114,2022-09-22 18:00:00+00:00,27.776,52.83478,17.276
15115,2022-09-22 19:00:00+00:00,26.925999,57.312412,17.776
15116,2022-09-22 20:00:00+00:00,25.825998,75.086464,21.075998
15117,2022-09-22 21:00:00+00:00,25.226,85.53272,22.626
15118,2022-09-22 22:00:00+00:00,24.976,89.21585,23.075998
15119,2022-09-22 23:00:00+00:00,24.626,90.00372,22.876
15120,2022-09-23 00:00:00+00:00,24.925999,84.21099,22.075998
15121,2022-09-23 01:00:00+00:00,26.226,71.108795,20.575998
15122,2022-09-23 02:00:00+00:00,28.876,53.95119,18.626
15123,2022-09-23 03:00:00+00:00,30.825998,49.1393,18.925999
15124,2022-09-23 04:00:00+00:00,32.426003,44.176376,18.675999
15125,2022-09-23 05:00:00+00:00,33.876,39.71431,18.276
15126,2022-09-23 06:00:00+00:00,35.076,35.88765,17.726
15127,2022-09-23 07:00:00+00:00,35.826,32.9422,17.026
15128,2022-09-23 08:00:00+00:00,36.376,30.766607,16.425999
15129,2022-09-23 09:00:00+00:00,36.626,29.208525,15.826
15130,2022-09-23 10:00:00+00:00,36.626,27.39306,14.826
15131,2022-09-23 11:00:00+00:00,36.276,26.775948,14.176
15132,2022-09-23 12:00:00+00:00,34.726,29.835903,14.526
15133,2022-09-23 13:00:00+00:00,32.676003,34.66784,15.076
15134,2022-09-23 14:00:00+00:00,30.026,44.50705,16.626
15135,2022-09-23 15:00:00+00:00,28.925999,48.795322,17.075998
15136,2022-09-23 16:00:00+00:00,27.976,67.81446,21.476
15137,2022-09-23 17:00:00+00:00,26.376,87.73043,24.175999
15138,2022-09-23 18:00:00+00:00,25.776,91.996086,24.376
15139,2022-09-23 19:00:00+00:00,25.575998,88.19213,23.476
15140,2022-09-23 20:00:00+00:00,25.626,81.02214,22.126
15141,2022-09-23 21:00:00+00:00,25.526,74.80734,20.726
15142,2022-09-23 22:00:00+00:00,26.276,62.61689,18.575998
15143,2022-09-23 23:00:00+00:00,26.976,61.225006,18.876
15144,2022-09-24 00:00:00+00:00,27.276,63.032337,19.626
15145,2022-09-24 01:00:00+00:00,27.976,62.60183,20.175999
15146,2022-09-24 02:00:00+00:00,29.325998,58.42371,20.325998
15147,2022-09-24 03:00:00+00:00,30.976,53.14473,20.325998
15148,2022-09-24 04:00:00+00:00,32.676003,47.374493,20.026
15149,2022-09-24 05:00:00+00:00,34.126,41.43069,19.175999
15150,2022-09-24 06:00:00+00:00,35.226,38.01458,18.776
15151,2022-09-24 07:00:00+00:00,36.176003,35.51504,18.526
15152,2022-09-24 08:00:00+00:00,36.826,33.42296,18.126
15153,2022-09-24 09:00:00+00:00,37.676003,30.34104,17.325998
15154,2022-09-24 10:00:00+00:00,37.126,28.878307,16.075998
15155,2022-09-24 11:00:00+00:00,32.426003,52.37253,21.425999
15156,2022-09-24 12:00:00+00:00,30.226,61.199482,21.925999
15157,2022-09-24 13:00:00+00:00,30.026,60.22678,21.476
15158,2022-09-24 14:00:00+00:00,28.825998,70.28913,22.876
15159,2022-09-24 15:00:00+00:00,28.526,71.30693,22.825998
15160,2022-09-24 16:00:00+00:00,28.226,71.469696,22.575998
15161,2022-09-24 17:00:00+00:00,27.526,74.6763,22.626
15162,2022-09-24 18:00:00+00:00,26.925999,79.97077,23.175999
15163,2022-09-24 19:00:00+00:00,26.776,79.46824,22.925999
15164,2022-09-24 20:00:00+00:00,27.126,74.61112,22.226
15165,2022-09-24 21:00:00+00:00,26.726,75.92223,22.126
15166,2022-09-24 22:00:00+00:00,25.925999,80.81438,22.376
15167,2022-09-24 23:00:00+00:00,26.376,77.26886,22.075998
15168,2022-09-25 00:00:00+00:00,26.575998,75.66761,21.925999
15169,2022-09-25 01:00:00+00:00,27.675999,68.80175,21.425999
15170,2022-09-25 02:00:00+00:00,30.325998,54.648457,20.175999
15171,2022-09-25 03:00:00+00:00,31.876,48.20158,19.575998
15172,2022-09-25 04:00:00+00:00,33.476,44.182926,19.626
15173,2022-09-25 05:00:00+00:00,34.926003,41.13406,19.776
15174,2022-09-25 06:00:00+00:00,36.226,38.2866,19.776
15175,2022-09-25 07:00:00+00:00,37.276,35.152287,19.325998
15176,2022-09-25 08:00:00+00:00,35.926003,38.205105,19.476
15177,2022-09-25 09:00:00+00:00,33.276,50.386753,21.575998
15178,2022-09-25 10:00:00+00:00,33.576,48.05134,21.075998
15179,2022-09-25 11:00:00+00:00,33.626,48.06436,21.126
15180,2022-09-25 12:00:00+00:00,32.276,52.014835,21.175999
15181,2022-09-25 13:00:00+00:00,30.675999,60.742954,22.226
15182,2022-09-25 14:00:00+00:00,29.976,66.37564,23.026
15183,2022-09-25 15:00:00+00:00,29.126,73.59716,23.925999
15184,2022-09-25 16:00:00+00:00,28.575998,78.05998,24.376
15185,2022-09-25 17:00:00+00:00,28.726,76.003716,24.075998
15186,2022-09-25 18:00:00+00:00,28.325998,77.79024,24.075998
15187,2022-09-25 19:00:00+00:00,27.876,80.57884,24.226
15188,2022-09-25 20:00:00+00:00,24.825998,92.49754,23.526
15189,2022-09-25 21:00:00+00:00,24.075998,93.867516,23.026
15190,2022-09-25 22:00:00+00:00,24.276,93.87643,23.226
15191,2022-09-25 23:00:00+00:00,24.126,95.87552,23.425999
15192,2022-09-26 00:00:00+00:00,25.175999,90.31467,23.476
15193,2022-09-26 01:00:00+00:00,26.075998,88.49885,24.026
15194,2022-09-26 02:00:00+00:00,27.476,81.2564,23.976
15195,2022-09-26 03:00:00+00:00,29.075998,68.029915,22.575998
15196,2022-09-26 04:00:00+00:00,31.526,57.870193,22.226
15197,2022-09-26 05:00:00+00:00,33.226,52.253696,22.126
15198,2022-09-26 06:00:00+00:00,34.176003,50.00425,22.276
15199,2022-09-26 07:00:00+00:00,35.326,46.202972,22.026
15200,2022-09-26 08:00:00+00:00,34.826,46.496048,21.675999
15201,2022-09-26 09:00:00+00:00,31.325998,64.09559,23.726
15202,2022-09-26 10:00:00+00:00,32.176003,58.55169,23.026
15203,2022-09-26 11:00:00+00:00,32.176003,58.02235,22.876
15204,2022-09-26 12:00:00+00:00,28.226,79.42632,24.325998
15205,2022-09-26 13:00:00+00:00,26.925999,84.679794,24.126
15206,2022-09-26 14:00:00+00:00,26.075998,90.64735,24.425999
15207,2022-09-26 15:00:00+00:00,26.075998,94.51723,25.126
15208,2022-09-26 16:00:00+00:00,26.026,91.18842,24.476
15209,2022-09-26 17:00:00+00:00,25.425999,91.15069,23.876
15210,2022-09-26 18:00:00+00:00,25.226,92.241425,23.876
15211,2022-09-26 19:00:00+00:00,24.626,93.32764,23.476
15212,2022-09-26 20:00:00+00:00,24.175999,94.44108,23.226
15213,2022-09-26 21:00:00+00:00,24.325998,92.4705,23.026
15214,2022-09-26 22:00:00+00:00,24.175999,93.30587,23.026
15215,2022-09-26 23:00:00+00:00,24.325998,93.595535,23.226
15216,2022-09-27 00:00:00+00:00,25.776,84.558495,22.976
15217,2022-09-27 01:00:00+00:00,26.226,84.35125,23.376
15218,2022-09-27 02:00:00+00:00,28.226,77.30967,23.876
15219,2022-09-27 03:00:00+00:00,30.226,66.626915,23.325998
15220,2022-09-27 04:00:00+00:00,31.726,59.700912,22.925999
15221,2022-09-27 05:00:00+00:00,33.126,54.997463,22.876
15222,2022-09-27 06:00:00+00:00,34.376,50.975082,22.776
15223,2022-09-27 07:00:00+00:00,34.576,49.20165,22.376
15224,2022-09-27 08:00:00+00:00,33.276,53.067276,22.425999
15225,2022-09-27 09:00:00+00:00,31.825998,63.244556,23.976
15226,2022-09-27 10:00:00+00:00,32.326,61.850338,24.075998
15227,2022-09-27 11:00:00+00:00,31.575998,65.118095,24.226
15228,2022-09-27 12:00:00+00:00,30.575998,66.09698,23.526
15229,2022-09-27 13:00:00+00:00,29.226,74.05717,24.126
15230,2022-09-27 14:00:00+00:00,28.425999,81.61815,24.976
15231,2022-09-27 15:00:00+00:00,27.976,84.78932,25.175999
15232,2022-09-27 16:00:00+00:00,27.675999,85.51985,25.026
15233,2022-09-27 17:00:00+00:00,26.476,92.03598,25.075998
15234,2022-09-27 18:00:00+00:00,26.175999,92.01894,24.776
15235,2022-09-27 19:00:00+00:00,25.476,92.53252,24.175999
15236,2022-09-27 20:00:00+00:00,24.825998,93.90079,23.776
15237,2022-09-27 21:00:00+00:00,24.226,97.333084,23.776
15238,2022-09-27 22:00:00+00:00,24.126,96.165115,23.476
15239,2022-09-27 23:00:00+00:00,24.126,97.33112,23.675999
15240,2022-09-28 00:00:00+00:00,25.976,92.55925,24.675999
15241,2022-09-28 01:00:00+00:00,25.325998,93.641716,24.226
15242,2022-09-28 02:00:00+00:00,25.776,90.08495,24.026
15243,2022-09-28 03:00:00+00:00,28.026,81.082275,24.476
15244,2022-09-28 04:00:00+00:00,29.976,71.137695,24.175999
15245,2022-09-28 05:00:00+00:00,31.425999,64.50332,23.925999
15246,2022-09-28 06:00:00+00:00,32.576,59.355564,23.626
15247,2022-09-28 07:00:00+00:00,33.176003,57.212532,23.575998
15248,2022-09-28 08:00:00+00:00,34.076,54.896038,23.726
15249,2022-09-28 09:00:00+00:00,33.526,55.094425,23.276
15250,2022-09-28 10:00:00+00:00,29.126,79.54808,25.226
15251,2022-09-28 11:00:00+00:00,29.376,76.10404,24.726
15252,2022-09-28 12:00:00+00:00,29.776,73.26598,24.476
15253,2022-09-28 13:00:00+00:00,28.175999,82.56736,24.925999
15254,2022-09-28 14:00:00+00:00,25.276,95.9101,24.575998
15255,2022-09-28 15:00:00+00:00,25.626,97.360466,25.175999
15256,2022-09-28 16:00:00+00:00,25.175999,94.765015,24.276
15257,2022-09-28 17:00:00+00:00,25.226,95.05122,24.376
15258,2022-09-28 18:00:00+00:00,25.126,94.76312,24.226
15259,2022-09-28 19:00:00+00:00,24.925999,93.90522,23.876
15260,2022-09-28 20:00:00+00:00,24.825998,93.61867,23.726
15261,2022-09-28 21:00:00+00:00,24.626,95.029526,23.776
15262,2022-09-28 22:00:00+00:00,24.626,94.74401,23.726
15263,2022-09-28 23:00:00+00:00,24.476,94.73826,23.575998
15264,2022-09-29 00:00:00+00:00,25.126,94.76312,24.226
15265,2022-09-29 01:00:00+00:00,25.226,93.35648,24.075998
15266,2022-09-29 02:00:00+00:00,25.476,91.97886,24.075998
15267,2022-09-29 03:00:00+00:00,25.575998,91.434235,24.075998
15268,2022-09-29 04:00:00+00:00,26.526,85.14856,23.825998
15269,2022-09-29 05:00:00+00:00,27.376,81.73363,23.976
15270,2022-09-29 06:00:00+00:00,30.325998,66.44622,23.376
15271,2022-09-29 07:00:00+00:00,31.526,61.117935,23.126
15272,2022-09-29 08:00:00+00:00,31.476,60.922237,23.026
15273,2022-09-29 09:00:00+00:00,31.675999,61.33624,23.325998
15274,2022-09-29 10:00:00+00:00,32.176003,59.443317,23.276
15275,2022-09-29 11:00:00+00:00,31.876,61.75153,23.626
15276,2022-09-29 12:00:00+00:00,29.925999,69.2304,23.675999
15277,2022-09-29 13:00:00+00:00,28.175999,81.10121,24.626
15278,2022-09-29 14:00:00+00:00,27.075998,85.20457,24.376
15279,2022-09-29 15:00:00+00:00,26.526,93.97527,25.476
15280,2022-09-29 16:00:00+00:00,25.825998,94.5073,24.876
15281,2022-09-29 17:00:00+00:00,24.925999,97.05588,24.425999
15282,2022-09-29 18:00:00+00:00,24.675999,98.22102,24.376
15283,2022-09-29 19:00:00+00:00,24.325998,98.21639,24.026
15284,2022-09-29 20:00:00+00:00,24.226,98.80691,24.026
15285,2022-09-29 21:00:00+00:00,24.126,99.40144,24.026
15286,2022-09-29 22:00:00+00:00,24.226,96.45807,23.626
15287,2022-09-29 23:00:00+00:00,24.126,97.918755,23.776
15288,2022-09-30 00:00:00+00:00,24.026,92.45417,22.726
15289,2022-09-30 01:00:00+00:00,24.325998,90.53016,22.675999
15290,2022-09-30 02:00:00+00:00,25.425999,84.0097,22.526
15291,2022-09-30 03:00:00+00:00,26.626,78.72819,22.626
15292,2022-09-30 04:00:00+00:00,27.976,73.40367,22.776
15293,2022-09-30 05:00:00+00:00,29.376,67.88235,22.825998
15294,2022-09-30 06:00:00+00:00,29.825998,66.14466,22.825998
15295,2022-09-30 07:00:00+00:00,30.976,64.409096,23.476
15296,2022-09-30 08:00:00+00:00,30.075998,66.39584,23.126
15297,2022-09-30 09:00:00+00:00,30.026,68.6267,23.626
15298,2022-09-30 10:00:00+00:00,30.075998,69.25869,23.825998
15299,2022-09-30 11:00:00+00:00,30.126,68.64584,23.726
15300,2022-09-30 12:00:00+00:00,28.825998,72.665474,23.425999
15301,2022-09-30 13:00:00+00:00,28.026,75.210686,23.226
15302,2022-09-30 14:00:00+00:00,25.526,89.79675,23.726
15303,2022-09-30 15:00:00+00:00,25.175999,91.40974,23.675999
15304,2022-09-30 16:00:00+00:00,25.126,92.23586,23.776
15305,2022-09-30 17:00:00+00:00,25.175999,93.3541,24.026
15306,2022-09-30 18:00:00+00:00,25.175999,94.198425,24.175999
15307,2022-09-30 19:00:00+00:00,25.075998,94.194214,24.075998
15308,2022-09-30 20:00:00+00:00,24.575998,94.457245,23.626
15309,2022-09-30 21:00:00+00:00,24.526,95.59961,23.776
15310,2022-09-30 22:00:00+00:00,24.476,94.16887,23.476
15311,2022-09-30 23:00:00+00:00,24.276,93.59318,23.175999
15312,2022-10-01 00:00:00+00:00,24.425999,92.47592,23.126
15313,2022-10-01 01:00:00+00:00,24.425999,92.75585,23.175999
15314,2022-10-01 02:00:00+00:00,24.476,93.885284,23.425999
15315,2022-10-01 03:00:00+00:00,24.825998,91.9414,23.425999
15316,2022-10-01 04:00:00+00:00,24.976,91.39744,23.476
15317,2022-10-01 05:00:00+00:00,25.376,91.422,23.876
15318,2022-10-01 06:00:00+00:00,26.075998,91.19157,24.526
15319,2022-10-01 07:00:00+00:00,26.376,90.938416,24.776
15320,2022-10-01 08:00:00+00:00,26.276,91.75039,24.825998
15321,2022-10-01 09:00:00+00:00,26.825998,88.82391,24.825998
15322,2022-10-01 10:00:00+00:00,27.126,88.31951,25.026
15323,2022-10-01 11:00:00+00:00,27.825998,83.26954,24.726
15324,2022-10-01 12:00:00+00:00,26.575998,87.74756,24.376
15325,2022-10-01 13:00:00+00:00,26.325998,87.20107,24.026
15326,2022-10-01 14:00:00+00:00,26.175999,85.62741,23.575998
15327,2022-10-01 15:00:00+00:00,26.175999,85.88576,23.626
15328,2022-10-01 16:00:00+00:00,25.976,85.092255,23.276
15329,2022-10-01 17:00:00+00:00,25.726,84.80953,22.976
15330,2022-10-01 18:00:00+00:00,25.026,90.57729,23.376
15331,2022-10-01 19:00:00+00:00,24.976,90.02856,23.226
15332,2022-10-01 20:00:00+00:00,24.925999,88.40553,22.876
15333,2022-10-01 21:00:00+00:00,24.825998,87.33123,22.575998
15334,2022-10-01 22:00:00+00:00,24.675999,87.052895,22.376
15335,2022-10-01 23:00:00+00:00,24.776,84.45189,21.976
15336,2022-10-02 00:00:00+00:00,25.425999,79.04082,21.526
15337,2022-10-02 01:00:00+00:00,25.526,79.05475,21.626
15338,2022-10-02 02:00:00+00:00,26.276,78.201355,22.175999
15339,2022-10-02 03:00:00+00:00,27.526,73.55072,22.376
15340,2022-10-02 04:00:00+00:00,28.776,70.06724,22.776
15341,2022-10-02 05:00:00+00:00,30.126,66.4059,23.175999
15342,2022-10-02 06:00:00+00:00,31.276,63.12663,23.425999
15343,2022-10-02 07:00:00+00:00,32.326,58.76373,23.226
15344,2022-10-02 08:00:00+00:00,32.376,56.67884,22.675999
15345,2022-10-02 09:00:00+00:00,32.576,53.379814,21.876
15346,2022-10-02 10:00:00+00:00,32.276,55.46224,22.226
15347,2022-10-02 11:00:00+00:00,31.626,58.424015,22.476
15348,2022-10-02 12:00:00+00:00,29.476,68.31416,23.026
15349,2022-10-02 13:00:00+00:00,28.526,69.808464,22.476
15350,2022-10-02 14:00:00+00:00,27.675999,72.24601,22.226
15351,2022-10-02 15:00:00+00:00,27.425999,71.54422,21.825998
15352,2022-10-02 16:00:00+00:00,27.476,71.33508,21.825998
15353,2022-10-02 17:00:00+00:00,27.325998,72.84811,22.026
15354,2022-10-02 18:00:00+00:00,27.175999,73.49163,22.026
15355,2022-10-02 19:00:00+00:00,27.126,73.03618,21.876
15356,2022-10-02 20:00:00+00:00,27.075998,72.58289,21.726
15357,2022-10-02 21:00:00+00:00,26.876,73.89076,21.825998
15358,2022-10-02 22:00:00+00:00,26.876,74.11665,21.876
15359,2022-10-02 23:00:00+00:00,26.575998,75.66761,21.925999
15360,2022-10-03 00:00:00+00:00,26.726,73.86566,21.675999
15361,2022-10-03 01:00:00+00:00,26.726,74.09174,21.726
15362,2022-10-03 02:00:00+00:00,27.626,73.121765,22.376
15363,2022-10-03 03:00:00+00:00,29.075998,69.06942,22.825998
15364,2022-10-03 04:00:00+00:00,30.476,65.08666,23.175999
15365,2022-10-03 05:00:00+00:00,31.726,60.61073,23.175999
15366,2022-10-03 06:00:00+00:00,32.926003,53.304005,22.175999
15367,2022-10-03 07:00:00+00:00,33.676003,48.521683,21.325998
15368,2022-10-03 08:00:00+00:00,33.926003,46.975666,21.026
15369,2022-10-03 09:00:00+00:00,33.776,47.225704,20.976
15370,2022-10-03 10:00:00+00:00,33.426003,48.30817,21.026
15371,2022-10-03 11:00:00+00:00,32.676003,52.115585,21.575998
15372,2022-10-03 12:00:00+00:00,30.425999,61.994347,22.325998
15373,2022-10-03 13:00:00+00:00,29.075998,65.79112,22.026
15374,2022-10-03 14:00:00+00:00,27.976,71.42492,22.325998
15375,2022-10-03 15:00:00+00:00,27.376,74.87898,22.526
15376,2022-10-03 16:00:00+00:00,26.825998,77.806816,22.626
15377,2022-10-03 17:00:00+00:00,26.626,78.014305,22.476
15378,2022-10-03 18:00:00+00:00,26.675999,76.84468,22.276
15379,2022-10-03 19:00:00+00:00,26.575998,76.13052,22.026
15380,2022-10-03 20:00:00+00:00,26.526,75.19914,21.776
15381,2022-10-03 21:00:00+00:00,26.325998,75.16702,21.575998
15382,2022-10-03 22:00:00+00:00,26.276,74.70025,21.425999
15383,2022-10-03 23:00:00+00:00,26.226,74.46358,21.325998
15384,2022-10-04 00:00:00+00:00,26.526,72.93297,21.276
15385,2022-10-04 01:00:00+00:00,26.976,72.3439,21.575998
15386,2022-10-04 02:00:00+00:00,27.925999,72.5097,22.526
15387,2022-10-04 03:00:00+00:00,29.726,66.93066,22.925999
15388,2022-10-04 04:00:00+00:00,31.425999,60.543346,22.876
15389,2022-10-04 05:00:00+00:00,32.826,53.27921,22.075998
15390,2022-10-04 06:00:00+00:00,33.876,47.68892,21.226
15391,2022-10-04 07:00:00+00:00,34.376,45.112965,20.776
15392,2022-10-04 08:00:00+00:00,34.526,44.87595,20.825998
15393,2022-10-04 09:00:00+00:00,34.126,45.74568,20.776
15394,2022-10-04 10:00:00+00:00,33.726,47.503628,21.026
15395,2022-10-04 11:00:00+00:00,33.026,52.362984,21.976
15396,2022-10-04 12:00:00+00:00,30.376,63.123978,22.575998
15397,2022-10-04 13:00:00+00:00,29.325998,67.66714,22.726
15398,2022-10-04 14:00:00+00:00,28.376,72.80773,23.026
15399,2022-10-04 15:00:00+00:00,27.776,78.6521,23.726
15400,2022-10-04 16:00:00+00:00,27.226,81.96127,23.876
15401,2022-10-04 17:00:00+00:00,26.575998,87.22331,24.276
15402,2022-10-04 18:00:00+00:00,26.376,86.944084,24.026
15403,2022-10-04 19:00:00+00:00,26.226,89.043304,24.276
15404,2022-10-04 20:00:00+00:00,26.026,90.372894,24.325998
15405,2022-10-04 21:00:00+00:00,26.175999,89.30679,24.276
15406,2022-10-04 22:00:00+00:00,26.425999,84.882454,23.675999
15407,2022-10-04 23:00:00+00:00,26.126,83.832466,23.175999
15408,2022-10-05 00:00:00+00:00,26.526,78.47539,22.476
15409,2022-10-05 01:00:00+00:00,26.976,76.42441,22.476
15410,2022-10-05 02:00:00+00:00,27.726,75.8482,23.075998
15411,2022-10-05 03:00:00+00:00,28.526,73.49646,23.325998
15412,2022-10-05 04:00:00+00:00,29.476,69.98527,23.425999
15413,2022-10-05 05:00:00+00:00,26.425999,82.36025,23.175999
15414,2022-10-05 06:00:00+00:00,25.675999,90.34899,23.976
15415,2022-10-05 07:00:00+00:00,27.075998,85.20457,24.376
15416,2022-10-05 08:00:00+00:00,28.526,78.05278,24.325998
15417,2022-10-05 09:00:00+00:00,28.776,78.08862,24.575998
15418,2022-10-05 10:00:00+00:00,29.075998,76.743645,24.575998
15419,2022-10-05 11:00:00+00:00,29.276,75.63491,24.526
15420,2022-10-05 12:00:00+00:00,27.825998,85.28042,25.126
15421,2022-10-05 13:00:00+00:00,27.126,89.644325,25.276
15422,2022-10-05 14:00:00+00:00,26.726,91.50413,25.226
15423,2022-10-05 15:00:00+00:00,26.526,91.492035,25.026
15424,2022-10-05 16:00:00+00:00,26.226,94.80473,25.325998
15425,2022-10-05 17:00:00+00:00,26.026,94.23401,25.026
15426,2022-10-05 18:00:00+00:00,25.526,97.068825,25.026
15427,2022-10-05 19:00:00+00:00,25.026,95.329475,24.226
15428,2022-10-05 20:00:00+00:00,24.675999,97.92721,24.325998
15429,2022-10-05 21:00:00+00:00,24.675999,97.341965,24.226
15430,2022-10-05 22:00:00+00:00,24.575998,97.92571,24.226
15431,2022-10-05 23:00:00+00:00,24.175999,96.16653,23.526
15432,2022-10-06 00:00:00+00:00,23.776,97.91334,23.425999
15433,2022-10-06 01:00:00+00:00,24.075998,97.62368,23.675999
15434,2022-10-06 02:00:00+00:00,24.425999,96.75378,23.876
15435,2022-10-06 03:00:00+00:00,24.925999,93.90522,23.876
15436,2022-10-06 04:00:00+00:00,25.675999,89.000824,23.726
15437,2022-10-06 05:00:00+00:00,27.726,77.7029,23.476
15438,2022-10-06 06:00:00+00:00,27.825998,75.63487,23.126
15439,2022-10-06 07:00:00+00:00,29.376,71.02977,23.575998
15440,2022-10-06 08:00:00+00:00,30.026,69.45786,23.825998
15441,2022-10-06 09:00:00+00:00,30.075998,67.00043,23.276
15442,2022-10-06 10:00:00+00:00,29.876,66.1548,22.876
15443,2022-10-06 11:00:00+00:00,29.325998,69.3262,23.126
15444,2022-10-06 12:00:00+00:00,27.325998,84.21606,24.425999
15445,2022-10-06 13:00:00+00:00,26.226,91.47383,24.726
15446,2022-10-06 14:00:00+00:00,25.276,94.76882,24.376
15447,2022-10-06 15:00:00+00:00,25.276,93.920654,24.226
15448,2022-10-06 16:00:00+00:00,25.175999,96.19455,24.526
15449,2022-10-06 17:00:00+00:00,24.925999,96.7657,24.376
15450,2022-10-06 18:00:00+00:00,24.476,97.630684,24.075998
15451,2022-10-06 19:00:00+00:00,24.226,97.04064,23.726
15452,2022-10-06 20:00:00+00:00,23.976,97.03518,23.476
15453,2022-10-06 21:00:00+00:00,23.776,97.03081,23.276
15454,2022-10-06 22:00:00+00:00,23.675999,97.028595,23.175999
15455,2022-10-06 23:00:00+00:00,23.526,97.31925,23.075998
15456,2022-10-07 00:00:00+00:00,23.476,99.39853,23.376
15457,2022-10-07 01:00:00+00:00,24.226,97.04064,23.726
15458,2022-10-07 02:00:00+00:00,26.075998,87.44141,23.825998
15459,2022-10-07 03:00:00+00:00,27.876,75.64271,23.175999
15460,2022-10-07 04:00:00+00:00,29.126,66.4053,22.226
15461,2022-10-07 05:00:00+00:00,30.226,61.573883,22.026
15462,2022-10-07 06:00:00+00:00,30.976,59.893047,22.276
15463,2022-10-07 07:00:00+00:00,31.226,61.608242,22.976
15464,2022-10-07 08:00:00+00:00,28.526,73.94136,23.425999
15465,2022-10-07 09:00:00+00:00,29.126,73.818634,23.976
15466,2022-10-07 10:00:00+00:00,28.825998,71.14526,23.075998
15467,2022-10-07 11:00:00+00:00,28.626,72.85066,23.276
15468,2022-10-07 12:00:00+00:00,28.026,76.35426,23.476
15469,2022-10-07 13:00:00+00:00,26.976,80.70515,23.376
15470,2022-10-07 14:00:00+00:00,26.526,83.62419,23.526
15471,2022-10-07 15:00:00+00:00,26.226,85.63236,23.626
15472,2022-10-07 16:00:00+00:00,26.075998,87.44141,23.825998
15473,2022-10-07 17:00:00+00:00,25.825998,89.8184,24.026
15474,2022-10-07 18:00:00+00:00,25.876,90.362656,24.175999
15475,2022-10-07 19:00:00+00:00,25.526,93.93162,24.476
15476,2022-10-07 20:00:00+00:00,25.175999,96.19455,24.526
15477,2022-10-07 21:00:00+00:00,24.726,97.635056,24.325998
15478,2022-10-07 22:00:00+00:00,24.526,98.21904,24.226
15479,2022-10-07 23:00:00+00:00,24.376,98.512245,24.126
15480,2022-10-08 00:00:00+00:00,24.526,98.51391,24.276
15481,2022-10-08 01:00:00+00:00,25.276,91.96737,23.876
15482,2022-10-08 02:00:00+00:00,26.226,84.6061,23.425999
15483,2022-10-08 03:00:00+00:00,26.575998,81.63506,23.175999
15484,2022-10-08 04:00:00+00:00,27.976,76.577194,23.476
15485,2022-10-08 05:00:00+00:00,29.476,71.476746,23.776
15486,2022-10-08 06:00:00+00:00,30.726,66.12735,23.675999
15487,2022-10-08 07:00:00+00:00,31.276,62.18081,23.175999
15488,2022-10-08 08:00:00+00:00,27.026,83.67983,24.026
15489,2022-10-08 09:00:00+00:00,29.575998,72.358826,24.075998
15490,2022-10-08 10:00:00+00:00,29.825998,70.89753,23.976
15491,2022-10-08 11:00:00+00:00,27.476,79.80332,23.675999
15492,2022-10-08 12:00:00+00:00,27.276,81.47599,23.825998
15493,2022-10-08 13:00:00+00:00,26.175999,87.18771,23.876
15494,2022-10-08 14:00:00+00:00,25.425999,91.15069,23.876
15495,2022-10-08 15:00:00+00:00,25.126,91.13172,23.575998
15496,2022-10-08 16:00:00+00:00,24.925999,92.78192,23.675999
15497,2022-10-08 17:00:00+00:00,24.776,95.32094,23.976
15498,2022-10-08 18:00:00+00:00,24.626,97.04936,24.126
15499,2022-10-08 19:00:00+00:00,24.575998,96.4672,23.976
15500,2022-10-08 20:00:00+00:00,24.476,94.16887,23.476
15501,2022-10-08 21:00:00+00:00,24.476,94.453186,23.526
15502,2022-10-08 22:00:00+00:00,23.876,97.91489,23.526
15503,2022-10-08 23:00:00+00:00,23.776,98.50561,23.526
15504,2022-10-09 00:00:00+00:00,24.325998,95.59318,23.575998
15505,2022-10-09 01:00:00+00:00,24.476,94.16887,23.476
15506,2022-10-09 02:00:00+00:00,24.575998,93.607124,23.476
15507,2022-10-09 03:00:00+00:00,25.526,88.187965,23.425999
15508,2022-10-09 04:00:00+00:00,26.476,84.63248,23.675999
15509,2022-10-09 05:00:00+00:00,28.026,79.16118,24.075998
15510,2022-10-09 06:00:00+00:00,28.825998,77.398155,24.476
15511,2022-10-09 07:00:00+00:00,30.026,69.66703,23.876
15512,2022-10-09 08:00:00+00:00,27.325998,81.48221,23.876
15513,2022-10-09 09:00:00+00:00,28.175999,79.41953,24.276
15514,2022-10-09 10:00:00+00:00,27.726,81.04433,24.175999
15515,2022-10-09 11:00:00+00:00,27.425999,81.49463,23.976
15516,2022-10-09 12:00:00+00:00,26.276,86.67412,23.876
15517,2022-10-09 13:00:00+00:00,25.476,92.53252,24.175999
15518,2022-10-09 14:00:00+00:00,25.126,94.47934,24.175999
15519,2022-10-09 15:00:00+00:00,24.726,97.05155,24.226
15520,2022-10-09 16:00:00+00:00,24.626,97.926445,24.276
15521,2022-10-09 17:00:00+00:00,24.776,98.51667,24.526
15522,2022-10-09 18:00:00+00:00,24.575998,97.34,24.126
15523,2022-10-09 19:00:00+00:00,24.376,96.752556,23.825998
15524,2022-10-09 20:00:00+00:00,24.276,97.04174,23.776
15525,2022-10-09 21:00:00+00:00,23.825998,100.0,23.825998
15526,2022-10-09 22:00:00+00:00,23.675999,98.504486,23.425999
15527,2022-10-09 23:00:00+00:00,23.726,98.80246,23.526
15528,2022-10-10 00:00:00+00:00,24.175999,97.62543,23.776
15529,2022-10-10 01:00:00+00:00,24.276,97.62719,23.876
15530,2022-10-10 02:00:00+00:00,24.925999,93.061646,23.726
15531,2022-10-10 03:00:00+00:00,26.026,87.96453,23.876
15532,2022-10-10 04:00:00+00:00,27.226,81.22499,23.726
15533,2022-10-10 05:00:00+00:00,28.325998,79.678055,24.476
15534,2022-10-10 06:00:00+00:00,29.376,75.65055,24.626
15535,2022-10-10 07:00:00+00:00,30.226,70.12388,24.175999
15536,2022-10-10 08:00:00+00:00,29.126,74.48651,24.126
15537,2022-10-10 09:00:00+00:00,29.726,71.73625,24.075998
15538,2022-10-10 10:00:00+00:00,29.276,71.87276,23.675999
15539,2022-10-10 11:00:00+00:00,28.626,74.40497,23.626
15540,2022-10-10 12:00:00+00:00,27.726,78.88216,23.726
15541,2022-10-10 13:00:00+00:00,26.925999,82.917404,23.776
15542,2022-10-10 14:00:00+00:00,26.526,85.404976,23.876
15543,2022-10-10 15:00:00+00:00,26.276,87.72187,24.075998
15544,2022-10-10 16:00:00+00:00,26.226,87.71758,24.026
15545,2022-10-10 17:00:00+00:00,25.626,89.80398,23.825998
15546,2022-10-10 18:00:00+00:00,25.476,87.65304,23.276
15547,2022-10-10 19:00:00+00:00,24.325998,95.305534,23.526
15548,2022-10-10 20:00:00+00:00,23.575998,98.80113,23.376
15549,2022-10-10 21:00:00+00:00,24.026,97.32915,23.575998
15550,2022-10-10 22:00:00+00:00,24.075998,97.62368,23.675999
15551,2022-10-10 23:00:00+00:00,24.175999,95.87705,23.476
15552,2022-10-11 00:00:00+00:00,24.726,94.17945,23.726
15553,2022-10-11 01:00:00+00:00,25.276,92.80009,24.026
15554,2022-10-11 02:00:00+00:00,26.325998,82.84773,23.175999
15555,2022-10-11 03:00:00+00:00,26.675999,84.39938,23.825998
15556,2022-10-11 04:00:00+00:00,28.175999,78.944695,24.175999
15557,2022-10-11 05:00:00+00:00,29.126,74.934715,24.226
15558,2022-10-11 06:00:00+00:00,28.425999,74.82212,23.526
15559,2022-10-11 07:00:00+00:00,29.726,72.60214,24.276
15560,2022-10-11 08:00:00+00:00,29.675999,72.8115,24.276
15561,2022-10-11 09:00:00+00:00,29.626,73.0215,24.276
15562,2022-10-11 10:00:00+00:00,29.325998,72.7515,23.925999
15563,2022-10-11 11:00:00+00:00,28.526,76.43073,23.976
15564,2022-10-11 12:00:00+00:00,28.026,78.923874,24.026
15565,2022-10-11 13:00:00+00:00,27.325998,82.219986,24.026
15566,2022-10-11 14:00:00+00:00,27.026,83.67983,24.026
15567,2022-10-11 15:00:00+00:00,26.876,83.66317,23.876
15568,2022-10-11 16:00:00+00:00,26.575998,85.409996,23.925999
15569,2022-10-11 17:00:00+00:00,25.776,90.89971,24.175999
15570,2022-10-11 18:00:00+00:00,25.276,93.6394,24.175999
15571,2022-10-11 19:00:00+00:00,25.026,95.044,24.175999
15572,2022-10-11 20:00:00+00:00,24.575998,95.31411,23.776
15573,2022-10-11 21:00:00+00:00,24.776,95.60766,24.026
15574,2022-10-11 22:00:00+00:00,24.575998,97.04829,24.075998
15575,2022-10-11 23:00:00+00:00,24.175999,97.919525,23.825998
15576,2022-10-12 00:00:00+00:00,24.325998,97.335075,23.876
15577,2022-10-12 01:00:00+00:00,25.425999,93.086624,24.226
15578,2022-10-12 02:00:00+00:00,27.075998,86.23067,24.575998
15579,2022-10-12 03:00:00+00:00,28.425999,79.93012,24.626
15580,2022-10-12 04:00:00+00:00,29.675999,74.79897,24.726
15581,2022-10-12 05:00:00+00:00,29.776,72.39348,24.276
15582,2022-10-12 06:00:00+00:00,26.626,85.415016,23.976
15583,2022-10-12 07:00:00+00:00,29.626,74.5677,24.626
15584,2022-10-12 08:00:00+00:00,30.175999,73.333374,24.876
15585,2022-10-12 09:00:00+00:00,29.325998,70.3811,23.376
15586,2022-10-12 10:00:00+00:00,28.776,76.01146,24.126
15587,2022-10-12 11:00:00+00:00,28.626,76.67574,24.126
15588,2022-10-12 12:00:00+00:00,28.376,77.79749,24.126
15589,2022-10-12 13:00:00+00:00,27.075998,84.189125,24.175999
15590,2022-10-12 14:00:00+00:00,26.425999,88.52705,24.376
15591,2022-10-12 15:00:00+00:00,26.276,89.58215,24.425999
15592,2022-10-12 16:00:00+00:00,26.026,91.18842,24.476
15593,2022-10-12 17:00:00+00:00,25.575998,93.653175,24.476
15594,2022-10-12 18:00:00+00:00,25.476,93.368454,24.325998
15595,2022-10-12 19:00:00+00:00,24.976,95.61408,24.226
15596,2022-10-12 20:00:00+00:00,25.175999,95.334595,24.376
15597,2022-10-12 21:00:00+00:00,23.626,98.50394,23.376
15598,2022-10-12 22:00:00+00:00,23.776,96.7382,23.226
15599,2022-10-12 23:00:00+00:00,23.776,97.3242,23.325998
15600,2022-10-13 00:00:00+00:00,24.675999,96.46977,24.075998
15601,2022-10-13 01:00:00+00:00,25.075998,97.34978,24.626
15602,2022-10-13 02:00:00+00:00,26.126,91.467766,24.626
15603,2022-10-13 03:00:00+00:00,27.626,82.75006,24.425999
15604,2022-10-13 04:00:00+00:00,28.675999,79.72501,24.825998
15605,2022-10-13 05:00:00+00:00,29.376,77.24819,24.976
15606,2022-10-13 06:00:00+00:00,30.476,72.73086,25.026
15607,2022-10-13 07:00:00+00:00,30.925999,70.46236,24.925999
15608,2022-10-13 08:00:00+00:00,30.626,70.19742,24.575998
15609,2022-10-13 09:00:00+00:00,30.476,70.16987,24.425999
15610,2022-10-13 10:00:00+00:00,30.175999,70.53657,24.226
15611,2022-10-13 11:00:00+00:00,29.226,73.17294,23.925999
15612,2022-10-13 12:00:00+00:00,28.526,77.35397,24.175999
15613,2022-10-13 13:00:00+00:00,27.376,82.473114,24.126
15614,2022-10-13 14:00:00+00:00,26.726,86.19737,24.226
15615,2022-10-13 15:00:00+00:00,26.226,90.11647,24.476
15616,2022-10-13 16:00:00+00:00,25.925999,91.729774,24.476
15617,2022-10-13 17:00:00+00:00,25.876,90.63407,24.226
15618,2022-10-13 18:00:00+00:00,25.776,90.08495,24.026
15619,2022-10-13 19:00:00+00:00,25.575998,90.34214,23.876
15620,2022-10-13 20:00:00+00:00,25.075998,93.06915,23.876
15621,2022-10-13 21:00:00+00:00,24.376,93.88084,23.325998
15622,2022-10-13 22:00:00+00:00,23.376,97.022,22.876
15623,2022-10-13 23:00:00+00:00,23.476,95.85578,22.776
15624,2022-10-14 00:00:00+00:00,24.526,95.59961,23.776
15625,2022-10-14 01:00:00+00:00,24.776,95.32094,23.976
15626,2022-10-14 02:00:00+00:00,26.026,90.102486,24.276
15627,2022-10-14 03:00:00+00:00,27.526,81.50701,24.075998
15628,2022-10-14 04:00:00+00:00,28.825998,76.705956,24.325998
15629,2022-10-14 05:00:00+00:00,28.925999,72.68272,23.526
15630,2022-10-14 06:00:00+00:00,28.776,77.1594,24.376
15631,2022-10-14 07:00:00+00:00,30.075998,71.58332,24.376
15632,2022-10-14 08:00:00+00:00,30.325998,68.27237,23.825998
15633,2022-10-14 09:00:00+00:00,26.876,82.66239,23.675999
15634,2022-10-14 10:00:00+00:00,27.976,78.444046,23.876
15635,2022-10-14 11:00:00+00:00,28.276,77.085014,23.876
15636,2022-10-14 12:00:00+00:00,27.976,77.973625,23.776
15637,2022-10-14 13:00:00+00:00,26.575998,84.64302,23.776
15638,2022-10-14 14:00:00+00:00,26.226,86.93048,23.876
15639,2022-10-14 15:00:00+00:00,25.925999,88.7531,23.925999
15640,2022-10-14 16:00:00+00:00,25.876,88.749146,23.876
15641,2022-10-14 17:00:00+00:00,25.376,90.60073,23.726
15642,2022-10-14 18:00:00+00:00,24.675999,93.330055,23.526
15643,2022-10-14 19:00:00+00:00,24.476,94.16887,23.476
15644,2022-10-14 20:00:00+00:00,24.126,95.298645,23.325998
15645,2022-10-14 21:00:00+00:00,24.026,96.45284,23.425999
15646,2022-10-14 22:00:00+00:00,24.026,96.74418,23.476
15647,2022-10-14 23:00:00+00:00,23.776,96.7382,23.226
15648,2022-10-15 00:00:00+00:00,24.376,96.752556,23.825998
15649,2022-10-15 01:00:00+00:00,24.526,95.8876,23.825998
15650,2022-10-15 02:00:00+00:00,25.575998,91.16014,24.026
15651,2022-10-15 03:00:00+00:00,26.925999,86.73404,24.526
15652,2022-10-15 04:00:00+00:00,27.526,81.75201,24.126
15653,2022-10-15 05:00:00+00:00,28.276,77.54972,23.976
15654,2022-10-15 06:00:00+00:00,29.276,73.62225,24.075998
15655,2022-10-15 07:00:00+00:00,29.876,70.90654,24.026
15656,2022-10-15 08:00:00+00:00,28.976,73.572044,23.776
15657,2022-10-15 09:00:00+00:00,29.026,73.80201,23.876
15658,2022-10-15 10:00:00+00:00,27.976,77.040215,23.575998
15659,2022-10-15 11:00:00+00:00,27.825998,80.09028,24.075998
15660,2022-10-15 12:00:00+00:00,27.675999,80.31138,23.976
15661,2022-10-15 13:00:00+00:00,26.776,85.174034,24.075998
15662,2022-10-15 14:00:00+00:00,26.075998,89.83638,24.276
15663,2022-10-15 15:00:00+00:00,25.675999,92.54325,24.376
15664,2022-10-15 16:00:00+00:00,25.825998,91.175865,24.276
15665,2022-10-15 17:00:00+00:00,24.825998,91.11269,23.276
15666,2022-10-15 18:00:00+00:00,24.175999,96.45677,23.575998
15667,2022-10-15 19:00:00+00:00,24.075998,95.58509,23.325998
15668,2022-10-15 20:00:00+00:00,23.376,97.90714,23.026
15669,2022-10-15 21:00:00+00:00,23.276,97.019806,22.776
15670,2022-10-15 22:00:00+00:00,23.075998,99.09628,22.925999
15671,2022-10-15 23:00:00+00:00,23.376,97.31626,22.925999
15672,2022-10-16 00:00:00+00:00,23.976,99.69998,23.925999
15673,2022-10-16 01:00:00+00:00,24.575998,98.51447,24.325998
15674,2022-10-16 02:00:00+00:00,25.976,90.91265,24.376
15675,2022-10-16 03:00:00+00:00,27.325998,85.229904,24.626
15676,2022-10-16 04:00:00+00:00,28.825998,77.16682,24.425999
15677,2022-10-16 05:00:00+00:00,30.126,69.060135,23.825998
15678,2022-10-16 06:00:00+00:00,27.575998,80.05718,23.825998
15679,2022-10-16 07:00:00+00:00,29.325998,75.41683,24.526
15680,2022-10-16 08:00:00+00:00,30.476,68.91924,24.126
15681,2022-10-16 09:00:00+00:00,28.575998,77.129684,24.175999
15682,2022-10-16 10:00:00+00:00,29.026,75.143776,24.175999
15683,2022-10-16 11:00:00+00:00,28.526,75.51714,23.776
15684,2022-10-16 12:00:00+00:00,28.626,75.760254,23.925999
15685,2022-10-16 13:00:00+00:00,27.376,81.97947,24.026
15686,2022-10-16 14:00:00+00:00,26.575998,86.183044,24.075998
15687,2022-10-16 15:00:00+00:00,26.626,85.671936,24.026
15688,2022-10-16 16:00:00+00:00,26.626,85.415016,23.976
15689,2022-10-16 17:00:00+00:00,26.425999,86.16872,23.925999
15690,2022-10-16 18:00:00+00:00,26.026,87.700424,23.825998
15691,2022-10-16 19:00:00+00:00,25.376,91.6972,23.925999
15692,2022-10-16 20:00:00+00:00,24.075998,96.45417,23.476
15693,2022-10-16 21:00:00+00:00,24.226,95.01499,23.376
15694,2022-10-16 22:00:00+00:00,23.476,97.90869,23.126
15695,2022-10-16 23:00:00+00:00,23.226,98.79798,23.026
15696,2022-10-17 00:00:00+00:00,24.376,96.46196,23.776
15697,2022-10-17 01:00:00+00:00,24.825998,95.60925,24.075998
15698,2022-10-17 02:00:00+00:00,25.976,90.64069,24.325998
15699,2022-10-17 03:00:00+00:00,27.675999,80.55295,24.026
15700,2022-10-17 04:00:00+00:00,28.675999,76.224495,24.075998
15701,2022-10-17 05:00:00+00:00,29.675999,73.909874,24.526
15702,2022-10-17 06:00:00+00:00,28.175999,78.472336,24.075998
15703,2022-10-17 07:00:00+00:00,29.425999,77.717316,25.126
15704,2022-10-17 08:00:00+00:00,30.175999,74.879166,25.226
15705,2022-10-17 09:00:00+00:00,30.126,72.67089,24.675999
15706,2022-10-17 10:00:00+00:00,29.526,74.32876,24.476
15707,2022-10-17 11:00:00+00:00,28.575998,76.898636,24.126
15708,2022-10-17 12:00:00+00:00,28.476,77.812004,24.226
15709,2022-10-17 13:00:00+00:00,26.876,85.44008,24.226
15710,2022-10-17 14:00:00+00:00,26.026,91.18842,24.476
15711,2022-10-17 15:00:00+00:00,26.075998,90.376335,24.376
15712,2022-10-17 16:00:00+00:00,25.825998,91.99893,24.425999
15713,2022-10-17 17:00:00+00:00,26.075998,90.376335,24.376
15714,2022-10-17 18:00:00+00:00,26.075998,90.64735,24.425999
15715,2022-10-17 19:00:00+00:00,26.026,90.372894,24.325998
15716,2022-10-17 20:00:00+00:00,25.675999,91.99035,24.276
15717,2022-10-17 21:00:00+00:00,24.925999,96.18757,24.276
15718,2022-10-17 22:00:00+00:00,24.376,98.808235,24.175999
15719,2022-10-17 23:00:00+00:00,24.075998,100.0,24.075998
15720,2022-10-18 00:00:00+00:00,24.126,99.10335,23.976
15721,2022-10-18 01:00:00+00:00,25.226,95.33626,24.425999
15722,2022-10-18 02:00:00+00:00,26.776,88.02742,24.626
15723,2022-10-18 03:00:00+00:00,28.226,77.77573,23.976
15724,2022-10-18 04:00:00+00:00,29.476,73.4352,24.226
15725,2022-10-18 05:00:00+00:00,30.526,71.4492,24.776
15726,2022-10-18 06:00:00+00:00,31.476,67.680565,24.776
15727,2022-10-18 07:00:00+00:00,32.126,63.11916,24.226
15728,2022-10-18 08:00:00+00:00,29.075998,75.151764,24.226
15729,2022-10-18 09:00:00+00:00,29.925999,70.702995,24.026
15730,2022-10-18 10:00:00+00:00,30.175999,66.6169,23.276
15731,2022-10-18 11:00:00+00:00,29.726,68.776436,23.376
15732,2022-10-18 12:00:00+00:00,29.226,78.38617,25.075998
15733,2022-10-18 13:00:00+00:00,28.276,77.317055,23.925999
15734,2022-10-18 14:00:00+00:00,27.976,78.444046,23.876
15735,2022-10-18 15:00:00+00:00,26.476,88.002304,24.325998
15736,2022-10-18 16:00:00+00:00,25.825998,90.90296,24.226
15737,2022-10-18 17:00:00+00:00,26.126,88.76888,24.126
15738,2022-10-18 18:00:00+00:00,25.325998,96.19871,24.675999
15739,2022-10-18 19:00:00+00:00,25.075998,97.641174,24.675999
15740,2022-10-18 20:00:00+00:00,23.425999,99.09866,23.276
15741,2022-10-18 21:00:00+00:00,23.575998,98.80113,23.376
15742,2022-10-18 22:00:00+00:00,23.476,97.90869,23.126
15743,2022-10-18 23:00:00+00:00,23.726,98.208405,23.425999
15744,2022-10-19 00:00:00+00:00,23.976,97.328156,23.526
15745,2022-10-19 01:00:00+00:00,24.626,95.60284,23.876
15746,2022-10-19 02:00:00+00:00,25.825998,89.54904,23.976
15747,2022-10-19 03:00:00+00:00,27.226,81.96127,23.876
15748,2022-10-19 04:00:00+00:00,29.026,73.35943,23.776
15749,2022-10-19 05:00:00+00:00,29.976,68.61712,23.575998
15750,2022-10-19 06:00:00+00:00,30.976,66.776886,24.075998
15751,2022-10-19 07:00:00+00:00,31.226,66.02998,24.126
15752,2022-10-19 08:00:00+00:00,29.026,73.58043,23.825998
15753,2022-10-19 09:00:00+00:00,29.626,72.80293,24.226
15754,2022-10-19 10:00:00+00:00,29.226,71.21716,23.476
15755,2022-10-19 11:00:00+00:00,28.976,70.52978,23.075998
15756,2022-10-19 12:00:00+00:00,28.626,76.44596,24.075998
15757,2022-10-19 13:00:00+00:00,27.476,81.74587,24.075998
15758,2022-10-19 14:00:00+00:00,26.726,85.93925,24.175999
15759,2022-10-19 15:00:00+00:00,26.276,88.24991,24.175999
15760,2022-10-19 16:00:00+00:00,25.876,90.091965,24.126
15761,2022-10-19 17:00:00+00:00,25.526,91.43117,24.026
15762,2022-10-19 18:00:00+00:00,25.376,91.147514,23.825998
15763,2022-10-19 19:00:00+00:00,25.226,90.864006,23.626
15764,2022-10-19 20:00:00+00:00,25.626,88.196266,23.526
15765,2022-10-19 21:00:00+00:00,25.276,88.701546,23.276
15766,2022-10-19 22:00:00+00:00,25.026,91.67637,23.575998
15767,2022-10-19 23:00:00+00:00,24.726,93.61405,23.626
15768,2022-10-20 00:00:00+00:00,24.776,93.054115,23.575998
15769,2022-10-20 01:00:00+00:00,25.026,93.3469,23.876
15770,2022-10-20 02:00:00+00:00,25.776,90.08495,24.026
15771,2022-10-20 03:00:00+00:00,26.226,85.89061,23.675999
15772,2022-10-20 04:00:00+00:00,28.226,75.92615,23.575998
15773,2022-10-20 05:00:00+00:00,29.626,74.7909,24.675999
15774,2022-10-20 06:00:00+00:00,30.776,69.598076,24.575998
15775,2022-10-20 07:00:00+00:00,31.175999,66.2183,24.126
15776,2022-10-20 08:00:00+00:00,30.675999,66.11725,23.626
15777,2022-10-20 09:00:00+00:00,29.626,70.861336,23.776
15778,2022-10-20 10:00:00+00:00,29.575998,70.42695,23.626
15779,2022-10-20 11:00:00+00:00,29.026,72.481255,23.575998
15780,2022-10-20 12:00:00+00:00,28.776,73.09651,23.476
15781,2022-10-20 13:00:00+00:00,27.026,82.18398,23.726
15782,2022-10-20 14:00:00+00:00,26.376,84.62194,23.575998
15783,2022-10-20 15:00:00+00:00,26.175999,84.60085,23.376
15784,2022-10-20 16:00:00+00:00,25.976,84.32442,23.126
15785,2022-10-20 17:00:00+00:00,25.526,86.866646,23.175999
15786,2022-10-20 18:00:00+00:00,25.325998,87.64008,23.126
15787,2022-10-20 19:00:00+00:00,25.675999,85.319214,23.026
15788,2022-10-20 20:00:00+00:00,25.425999,86.85752,23.075998
15789,2022-10-20 21:00:00+00:00,25.325998,87.37547,23.075998
15790,2022-10-20 22:00:00+00:00,24.726,92.213524,23.376
15791,2022-10-20 23:00:00+00:00,24.476,93.32038,23.325998
15792,2022-10-21 00:00:00+00:00,25.026,91.12538,23.476
15793,2022-10-21 01:00:00+00:00,25.325998,91.69424,23.876
15794,2022-10-21 02:00:00+00:00,26.626,86.18781,24.126
15795,2022-10-21 03:00:00+00:00,25.976,83.562645,22.976
15796,2022-10-21 04:00:00+00:00,27.876,77.95919,23.675999
15797,2022-10-21 05:00:00+00:00,29.526,69.36388,23.325998
15798,2022-10-21 06:00:00+00:00,28.325998,73.90816,23.226
15799,2022-10-21 07:00:00+00:00,29.026,70.752464,23.175999
15800,2022-10-21 08:00:00+00:00,29.626,73.460396,24.376
15801,2022-10-21 09:00:00+00:00,30.126,71.16458,24.325998
15802,2022-10-21 10:00:00+00:00,28.675999,75.995995,24.026
15803,2022-10-21 11:00:00+00:00,28.626,73.73532,23.476
15804,2022-10-21 12:00:00+00:00,28.626,71.75793,23.026
15805,2022-10-21 13:00:00+00:00,27.526,77.205795,23.175999
15806,2022-10-21 14:00:00+00:00,26.626,82.3841,23.376
15807,2022-10-21 15:00:00+00:00,26.126,85.3647,23.476
15808,2022-10-21 16:00:00+00:00,25.776,87.415085,23.526
15809,2022-10-21 17:00:00+00:00,25.325998,90.05328,23.575998
15810,2022-10-21 18:00:00+00:00,25.175999,90.860756,23.575998
15811,2022-10-21 19:00:00+00:00,25.175999,90.58735,23.526
15812,2022-10-21 20:00:00+00:00,24.526,93.60477,23.425999
15813,2022-10-21 21:00:00+00:00,24.175999,94.44108,23.226
15814,2022-10-21 22:00:00+00:00,24.376,93.88084,23.325998
15815,2022-10-21 23:00:00+00:00,24.325998,94.44714,23.376
15816,2022-10-22 00:00:00+00:00,24.425999,93.88309,23.376
15817,2022-10-22 01:00:00+00:00,25.075998,90.307785,23.376
15818,2022-10-22 02:00:00+00:00,26.376,84.36731,23.526
15819,2022-10-22 03:00:00+00:00,27.325998,77.40992,23.026
15820,2022-10-22 04:00:00+00:00,28.376,75.03993,23.526
15821,2022-10-22 05:00:00+00:00,29.626,69.3827,23.425999
15822,2022-10-22 06:00:00+00:00,28.675999,69.41376,22.526
15823,2022-10-22 07:00:00+00:00,27.876,71.189926,22.175999
15824,2022-10-22 08:00:00+00:00,28.476,74.60502,23.526
15825,2022-10-22 09:00:00+00:00,29.925999,65.16991,22.675999
15826,2022-10-22 10:00:00+00:00,29.276,67.8628,22.726
15827,2022-10-22 11:00:00+00:00,28.726,69.63421,22.626
15828,2022-10-22 12:00:00+00:00,28.276,70.61558,22.425999
15829,2022-10-22 13:00:00+00:00,27.226,73.276405,22.026
15830,2022-10-22 14:00:00+00:00,26.376,77.03372,22.026
15831,2022-10-22 15:00:00+00:00,26.126,79.62119,22.325998
15832,2022-10-22 16:00:00+00:00,25.425999,85.03566,22.726
15833,2022-10-22 17:00:00+00:00,25.526,82.25236,22.276
15834,2022-10-22 18:00:00+00:00,25.476,81.250305,22.026
15835,2022-10-22 19:00:00+00:00,25.175999,80.964516,21.675999
15836,2022-10-22 20:00:00+00:00,24.726,81.15511,21.276
15837,2022-10-22 21:00:00+00:00,24.276,82.10094,21.026
15838,2022-10-22 22:00:00+00:00,23.476,84.31169,20.675999
15839,2022-10-22 23:00:00+00:00,23.126,82.21425,19.925999
15840,2022-10-23 00:00:00+00:00,23.325998,77.28791,19.126
15841,2022-10-23 01:00:00+00:00,23.776,72.907646,18.626
15842,2022-10-23 02:00:00+00:00,25.476,66.06763,18.675999
15843,2022-10-23 03:00:00+00:00,27.376,55.99489,17.825998
15844,2022-10-23 04:00:00+00:00,29.126,49.468952,17.476
15845,2022-10-23 05:00:00+00:00,30.776,45.563965,17.675999
15846,2022-10-23 06:00:00+00:00,31.876,40.94747,16.976
15847,2022-10-23 07:00:00+00:00,32.476,39.70691,17.026
15848,2022-10-23 08:00:00+00:00,32.826,38.685463,16.925999
15849,2022-10-23 09:00:00+00:00,32.926003,37.266113,16.425999
15850,2022-10-23 10:00:00+00:00,32.526,37.513218,16.175999
15851,2022-10-23 11:00:00+00:00,31.325998,41.450317,16.675999
15852,2022-10-23 12:00:00+00:00,28.325998,51.00635,17.226
15853,2022-10-23 13:00:00+00:00,26.675999,50.902523,15.676
15854,2022-10-23 14:00:00+00:00,25.626,51.949856,15.026
15855,2022-10-23 15:00:00+00:00,24.325998,55.598076,14.876
15856,2022-10-23 16:00:00+00:00,23.575998,61.030476,15.626
15857,2022-10-23 17:00:00+00:00,23.226,63.337795,15.876
15858,2022-10-23 18:00:00+00:00,22.876,63.87111,15.676
15859,2022-10-23 19:00:00+00:00,22.476,63.375324,15.176
15860,2022-10-23 20:00:00+00:00,22.476,61.764988,14.776
15861,2022-10-23 21:00:00+00:00,22.325998,62.33082,14.776
15862,2022-10-23 22:00:00+00:00,21.776,65.924286,15.126
15863,2022-10-23 23:00:00+00:00,21.476,68.01285,15.326
15864,2022-10-24 00:00:00+00:00,22.075998,66.62462,15.576
15865,2022-10-24 01:00:00+00:00,23.026,62.889767,15.576
15866,2022-10-24 02:00:00+00:00,25.026,60.014942,16.726
15867,2022-10-24 03:00:00+00:00,27.626,52.629833,17.075998
15868,2022-10-24 04:00:00+00:00,29.876,42.524986,15.776
15869,2022-10-24 05:00:00+00:00,31.376,36.249634,14.626
15870,2022-10-24 06:00:00+00:00,32.326,36.047077,15.376
15871,2022-10-24 07:00:00+00:00,32.826,35.83953,15.726
15872,2022-10-24 08:00:00+00:00,33.176003,35.366695,15.826
15873,2022-10-24 09:00:00+00:00,33.126,34.45874,15.376
15874,2022-10-24 10:00:00+00:00,32.826,34.486877,15.126
15875,2022-10-24 11:00:00+00:00,31.825998,38.165745,15.826
15876,2022-10-24 12:00:00+00:00,28.575998,57.706898,19.425999
15877,2022-10-24 13:00:00+00:00,26.226,64.99685,19.126
15878,2022-10-24 14:00:00+00:00,25.175999,72.92419,19.976
15879,2022-10-24 15:00:00+00:00,24.476,76.98302,20.175999
15880,2022-10-24 16:00:00+00:00,23.575998,79.02523,19.726
15881,2022-10-24 17:00:00+00:00,23.925999,71.802155,18.526
15882,2022-10-24 18:00:00+00:00,22.925999,66.79966,16.425999
15883,2022-10-24 19:00:00+00:00,21.476,72.50239,16.325998
15884,2022-10-24 20:00:00+00:00,21.376,72.94779,16.325998
15885,2022-10-24 21:00:00+00:00,20.976,72.182076,15.776
15886,2022-10-24 22:00:00+00:00,20.925999,71.48343,15.576
15887,2022-10-24 23:00:00+00:00,20.575998,72.80672,15.526
15888,2022-10-25 00:00:00+00:00,20.325998,76.584694,16.075998
15889,2022-10-25 01:00:00+00:00,21.626,72.991684,16.575998
15890,2022-10-25 02:00:00+00:00,24.626,64.65737,17.526
15891,2022-10-25 03:00:00+00:00,27.575998,54.822777,17.675999
15892,2022-10-25 04:00:00+00:00,30.026,44.790592,16.726
15893,2022-10-25 05:00:00+00:00,31.626,36.435894,14.926
15894,2022-10-25 06:00:00+00:00,32.326,33.79899,14.376
15895,2022-10-25 07:00:00+00:00,32.826,31.401665,13.676
15896,2022-10-25 08:00:00+00:00,33.076,30.364666,13.376
15897,2022-10-25 09:00:00+00:00,33.176003,30.29309,13.426
15898,2022-10-25 10:00:00+00:00,32.676003,31.462812,13.576
15899,2022-10-25 11:00:00+00:00,30.175999,42.607048,16.075998
15900,2022-10-25 12:00:00+00:00,27.675999,50.838005,16.575998
15901,2022-10-25 13:00:00+00:00,26.526,51.849434,15.826
15902,2022-10-25 14:00:00+00:00,24.476,64.21825,17.276
15903,2022-10-25 15:00:00+00:00,24.575998,59.15124,16.075998
15904,2022-10-25 16:00:00+00:00,22.776,71.36826,17.325998
15905,2022-10-25 17:00:00+00:00,22.276,68.60876,16.226
15906,2022-10-25 18:00:00+00:00,22.126,67.92561,15.926
15907,2022-10-25 19:00:00+00:00,20.976,76.68605,16.726
15908,2022-10-25 20:00:00+00:00,20.575998,80.36084,17.075998
15909,2022-10-25 21:00:00+00:00,19.776,84.97165,17.175999
15910,2022-10-25 22:00:00+00:00,19.376,86.83399,17.126
15911,2022-10-25 23:00:00+00:00,18.575998,88.149445,16.575998
15912,2022-10-26 00:00:00+00:00,19.425999,83.86303,16.626
15913,2022-10-26 01:00:00+00:00,20.726,78.12196,16.776
15914,2022-10-26 02:00:00+00:00,24.276,63.97224,17.026
15915,2022-10-26 03:00:00+00:00,27.925999,50.74162,16.776
15916,2022-10-26 04:00:00+00:00,30.075998,42.98924,16.126
15917,2022-10-26 05:00:00+00:00,31.476,36.160526,14.676
15918,2022-10-26 06:00:00+00:00,31.925999,35.706055,14.876
15919,2022-10-26 07:00:00+00:00,32.026,36.080036,15.126
15920,2022-10-26 08:00:00+00:00,32.026,36.663864,15.376
15921,2022-10-26 09:00:00+00:00,31.776,37.186962,15.376
15922,2022-10-26 10:00:00+00:00,31.325998,37.06257,14.926
15923,2022-10-26 11:00:00+00:00,30.575998,37.33473,14.376
15924,2022-10-26 12:00:00+00:00,28.175999,47.373337,15.926
15925,2022-10-26 13:00:00+00:00,25.476,60.50066,17.276
15926,2022-10-26 14:00:00+00:00,23.976,68.94143,17.925999
15927,2022-10-26 15:00:00+00:00,23.325998,72.829025,18.175999
15928,2022-10-26 16:00:00+00:00,22.825998,77.69677,18.726
15929,2022-10-26 17:00:00+00:00,22.726,80.897804,19.276
15930,2022-10-26 18:00:00+00:00,21.976,85.46724,19.425999
15931,2022-10-26 19:00:00+00:00,21.526,88.123055,19.476
15932,2022-10-26 20:00:00+00:00,21.425999,90.051445,19.726
15933,2022-10-26 21:00:00+00:00,22.776,85.54834,20.226
15934,2022-10-26 22:00:00+00:00,22.425999,86.84677,20.126
15935,2022-10-26 23:00:00+00:00,21.376,93.45632,20.276
15936,2022-10-27 00:00:00+00:00,21.526,87.84954,19.425999
15937,2022-10-27 01:00:00+00:00,23.026,81.18842,19.626
15938,2022-10-27 02:00:00+00:00,25.626,74.593796,20.776
15939,2022-10-27 03:00:00+00:00,28.425999,68.31825,22.026
15940,2022-10-27 04:00:00+00:00,29.376,61.196564,21.126
15941,2022-10-27 05:00:00+00:00,30.626,55.230656,20.626
15942,2022-10-27 06:00:00+00:00,31.425999,51.4809,20.226
15943,2022-10-27 07:00:00+00:00,31.425999,50.847992,20.026
15944,2022-10-27 08:00:00+00:00,31.175999,51.736496,20.075998
15945,2022-10-27 09:00:00+00:00,30.776,54.08791,20.425999
15946,2022-10-27 10:00:00+00:00,30.175999,56.151363,20.476
15947,2022-10-27 11:00:00+00:00,29.126,60.765488,20.776
15948,2022-10-27 12:00:00+00:00,28.276,63.05525,20.575998
15949,2022-10-27 13:00:00+00:00,27.126,69.11936,20.976
15950,2022-10-27 14:00:00+00:00,26.376,74.48826,21.476
15951,2022-10-27 15:00:00+00:00,25.925999,77.67501,21.726
15952,2022-10-27 16:00:00+00:00,25.626,77.630806,21.425999
15953,2022-10-27 17:00:00+00:00,25.276,78.29658,21.226
15954,2022-10-27 18:00:00+00:00,25.675999,77.87616,21.526
15955,2022-10-27 19:00:00+00:00,26.075998,76.519356,21.626
15956,2022-10-27 20:00:00+00:00,25.776,81.04129,22.276
15957,2022-10-27 21:00:00+00:00,25.675999,77.16415,21.376
15958,2022-10-27 22:00:00+00:00,24.776,79.68111,21.026
15959,2022-10-27 23:00:00+00:00,24.876,81.174194,21.425999
15960,2022-10-28 00:00:00+00:00,22.876,92.67414,21.626
15961,2022-10-28 01:00:00+00:00,23.575998,91.5893,22.126
15962,2022-10-28 02:00:00+00:00,25.876,81.54822,22.476
15963,2022-10-28 03:00:00+00:00,27.925999,68.43004,21.575998
15964,2022-10-28 04:00:00+00:00,27.825998,71.398026,22.175999
15965,2022-10-28 05:00:00+00:00,29.925999,60.38872,21.425999
15966,2022-10-28 06:00:00+00:00,29.626,61.440422,21.425999
15967,2022-10-28 07:00:00+00:00,30.626,58.547817,21.575998
15968,2022-10-28 08:00:00+00:00,30.175999,56.84788,20.675999
15969,2022-10-28 09:00:00+00:00,29.476,60.471992,21.026
15970,2022-10-28 10:00:00+00:00,29.675999,57.256298,20.325998
15971,2022-10-28 11:00:00+00:00,29.276,56.984028,19.876
15972,2022-10-28 12:00:00+00:00,28.026,63.000828,20.325998
15973,2022-10-28 13:00:00+00:00,26.925999,68.0253,20.526
15974,2022-10-28 14:00:00+00:00,26.376,70.699295,20.626
15975,2022-10-28 15:00:00+00:00,25.876,73.49629,20.776
15976,2022-10-28 16:00:00+00:00,25.526,75.50103,20.876
15977,2022-10-28 17:00:00+00:00,25.075998,77.073845,20.776
15978,2022-10-28 18:00:00+00:00,24.376,82.113106,21.126
15979,2022-10-28 19:00:00+00:00,24.776,80.913086,21.276
15980,2022-10-28 20:00:00+00:00,24.476,83.90503,21.575998
15981,2022-10-28 21:00:00+00:00,23.976,87.25551,21.726
15982,2022-10-28 22:00:00+00:00,23.876,87.513664,21.675999
15983,2022-10-28 23:00:00+00:00,23.976,85.14547,21.325998
15984,2022-10-29 00:00:00+00:00,23.675999,90.21062,21.976
15985,2022-10-29 01:00:00+00:00,24.425999,86.50145,22.026
15986,2022-10-29 02:00:00+00:00,25.325998,82.47917,22.126
15987,2022-10-29 03:00:00+00:00,26.575998,75.89876,21.976
15988,2022-10-29 04:00:00+00:00,28.476,67.70581,21.925999
15989,2022-10-29 05:00:00+00:00,29.925999,60.945736,21.575998
15990,2022-10-29 06:00:00+00:00,31.026,56.011623,21.226
15991,2022-10-29 07:00:00+00:00,30.726,57.154205,21.276
15992,2022-10-29 08:00:00+00:00,30.425999,57.788193,21.175999
15993,2022-10-29 09:00:00+00:00,30.626,55.40103,20.675999
15994,2022-10-29 10:00:00+00:00,30.226,55.47452,20.325998
15995,2022-10-29 11:00:00+00:00,29.425999,57.37386,20.126
15996,2022-10-29 12:00:00+00:00,27.925999,65.75594,20.925999
15997,2022-10-29 13:00:00+00:00,26.876,71.00864,21.175999
15998,2022-10-29 14:00:00+00:00,26.376,73.80695,21.325998
15999,2022-10-29 15:00:00+00:00,25.825998,76.95078,21.476
16000,2022-10-29 16:00:00+00:00,25.175999,80.225105,21.526
16001,2022-10-29 17:00:00+00:00,24.976,80.69138,21.425999
16002,2022-10-29 18:00:00+00:00,24.626,81.641594,21.276
16003,2022-10-29 19:00:00+00:00,24.325998,84.14566,21.476
16004,2022-10-29 20:00:00+00:00,23.925999,86.19003,21.476
16005,2022-10-29 21:00:00+00:00,23.825998,87.24208,21.575998
16006,2022-10-29 22:00:00+00:00,24.226,85.432076,21.626
16007,2022-10-29 23:00:00+00:00,23.876,87.513664,21.675999
16008,2022-10-30 00:00:00+00:00,23.575998,91.03281,22.026
16009,2022-10-30 01:00:00+00:00,24.276,89.43373,22.425999
16010,2022-10-30 02:00:00+00:00,26.026,84.32978,23.175999
16011,2022-10-30 03:00:00+00:00,28.126,70.37362,22.226
16012,2022-10-30 04:00:00+00:00,29.675999,60.517338,21.226
16013,2022-10-30 05:00:00+00:00,30.675999,56.099277,20.925999
16014,2022-10-30 06:00:00+00:00,31.075998,54.162117,20.726
16015,2022-10-30 07:00:00+00:00,30.726,55.596176,20.825998
16016,2022-10-30 08:00:00+00:00,30.075998,59.6874,21.376
16017,2022-10-30 09:00:00+00:00,30.026,57.51642,20.726
16018,2022-10-30 10:00:00+00:00,29.675999,54.488045,19.526
16019,2022-10-30 11:00:00+00:00,28.626,61.595455,20.526
16020,2022-10-30 12:00:00+00:00,27.476,62.105026,19.575998
16021,2022-10-30 13:00:00+00:00,26.325998,67.27867,19.776
16022,2022-10-30 14:00:00+00:00,25.526,71.64349,20.026
16023,2022-10-30 15:00:00+00:00,25.126,73.59579,20.075998
16024,2022-10-30 16:00:00+00:00,24.876,74.24003,19.976
16025,2022-10-30 17:00:00+00:00,24.276,77.67031,20.126
16026,2022-10-30 18:00:00+00:00,23.726,82.03371,20.476
16027,2022-10-30 19:00:00+00:00,23.776,82.80175,20.675999
16028,2022-10-30 20:00:00+00:00,23.476,85.0938,20.825998
16029,2022-10-30 21:00:00+00:00,23.476,85.61875,20.925999
16030,2022-10-30 22:00:00+00:00,23.325998,86.929794,21.026
16031,2022-10-30 23:00:00+00:00,23.126,85.32019,20.526
16032,2022-10-31 00:00:00+00:00,23.526,84.83766,20.825998
16033,2022-10-31 01:00:00+00:00,24.126,82.33537,20.925999
16034,2022-10-31 02:00:00+00:00,25.626,75.9823,21.075998
16035,2022-10-31 03:00:00+00:00,27.626,68.37179,21.276
16036,2022-10-31 04:00:00+00:00,29.075998,63.228714,21.376
16037,2022-10-31 05:00:00+00:00,28.476,65.66772,21.425999
16038,2022-10-31 06:00:00+00:00,26.325998,76.55767,21.876
16039,2022-10-31 07:00:00+00:00,25.726,82.77767,22.575998
16040,2022-10-31 08:00:00+00:00,24.976,88.946396,23.026
16041,2022-10-31 09:00:00+00:00,24.976,89.48604,23.126
16042,2022-10-31 10:00:00+00:00,24.526,92.48134,23.226
16043,2022-10-31 11:00:00+00:00,24.476,92.758484,23.226
16044,2022-10-31 12:00:00+00:00,23.675999,91.31691,22.175999
16045,2022-10-31 13:00:00+00:00,23.726,93.28399,22.575998
16046,2022-10-31 14:00:00+00:00,23.925999,94.14549,22.925999
16047,2022-10-31 15:00:00+00:00,23.825998,95.28832,23.026
16048,2022-10-31 16:00:00+00:00,23.675999,96.15241,23.026
16049,2022-10-31 17:00:00+00:00,23.425999,97.61221,23.026
16050,2022-10-31 18:00:00+00:00,23.276,97.90558,22.925999
16051,2022-10-31 19:00:00+00:00,23.276,97.90558,22.925999
16052,2022-10-31 20:00:00+00:00,23.376,97.611305,22.976
16053,2022-10-31 21:00:00+00:00,23.675999,92.99866,22.476
16054,2022-10-31 22:00:00+00:00,23.626,94.41871,22.675999
16055,2022-10-31 23:00:00+00:00,23.476,95.85578,22.776
16056,2022-11-01 00:00:00+00:00,22.876,96.12964,22.226
16057,2022-11-01 01:00:00+00:00,22.876,96.7164,22.325998
16058,2022-11-01 02:00:00+00:00,23.376,95.85273,22.675999
16059,2022-11-01 03:00:00+00:00,24.075998,95.00955,23.226
16060,2022-11-01 04:00:00+00:00,24.425999,93.88309,23.376
16061,2022-11-01 05:00:00+00:00,25.376,91.147514,23.825998
16062,2022-11-01 06:00:00+00:00,25.825998,90.630745,24.175999
16063,2022-11-01 07:00:00+00:00,25.376,91.97313,23.976
16064,2022-11-01 08:00:00+00:00,23.825998,92.16291,22.476
16065,2022-11-01 09:00:00+00:00,23.626,92.99609,22.425999
16066,2022-11-01 10:00:00+00:00,23.976,92.171364,22.626
16067,2022-11-01 11:00:00+00:00,23.976,92.73227,22.726
16068,2022-11-01 12:00:00+00:00,23.425999,96.145325,22.776
16069,2022-11-01 13:00:00+00:00,23.276,97.31427,22.825998
16070,2022-11-01 14:00:00+00:00,23.376,97.022,22.876
16071,2022-11-01 15:00:00+00:00,23.776,96.7382,23.226
16072,2022-11-01 16:00:00+00:00,23.825998,97.03189,23.325998
16073,2022-11-01 17:00:00+00:00,23.626,97.02751,23.126
16074,2022-11-01 18:00:00+00:00,23.675999,96.4437,23.075998
16075,2022-11-01 19:00:00+00:00,23.575998,97.02641,23.075998
16076,2022-11-01 20:00:00+00:00,23.175999,94.68807,22.276
16077,2022-11-01 21:00:00+00:00,22.276,99.09086,22.126
16078,2022-11-01 22:00:00+00:00,22.226,97.88914,21.876
16079,2022-11-01 23:00:00+00:00,22.276,97.889915,21.925999
16080,2022-11-02 00:00:00+00:00,21.675999,98.18082,21.376
16081,2022-11-02 01:00:00+00:00,22.075998,98.18625,21.776
16082,2022-11-02 02:00:00+00:00,22.276,97.59168,21.876
16083,2022-11-02 03:00:00+00:00,23.226,95.848145,22.526
16084,2022-11-02 04:00:00+00:00,24.425999,92.47592,23.126
16085,2022-11-02 05:00:00+00:00,25.476,83.00037,22.376
16086,2022-11-02 06:00:00+00:00,26.726,78.02878,22.575998
16087,2022-11-02 07:00:00+00:00,25.126,88.42184,23.075998
16088,2022-11-02 08:00:00+00:00,25.776,84.048,22.876
16089,2022-11-02 09:00:00+00:00,24.776,87.06194,22.476
16090,2022-11-02 10:00:00+00:00,24.425999,89.989494,22.675999
16091,2022-11-02 11:00:00+00:00,24.425999,91.08725,22.876
16092,2022-11-02 12:00:00+00:00,24.175999,95.30038,23.376
16093,2022-11-02 13:00:00+00:00,23.825998,97.03189,23.325998
16094,2022-11-02 14:00:00+00:00,23.726,97.61749,23.325998
16095,2022-11-02 15:00:00+00:00,23.626,98.20708,23.325998
16096,2022-11-02 16:00:00+00:00,23.575998,98.50337,23.325998
16097,2022-11-02 17:00:00+00:00,23.325998,99.09797,23.175999
16098,2022-11-02 18:00:00+00:00,22.776,99.395355,22.675999
16099,2022-11-02 19:00:00+00:00,22.726,98.79348,22.526
16100,2022-11-02 20:00:00+00:00,22.476,97.29828,22.026
16101,2022-11-02 21:00:00+00:00,22.276,96.70177,21.726
16102,2022-11-02 22:00:00+00:00,21.776,97.88202,21.425999
16103,2022-11-02 23:00:00+00:00,21.575998,98.78304,21.376
16104,2022-11-03 00:00:00+00:00,22.726,97.00762,22.226
16105,2022-11-03 01:00:00+00:00,23.325998,96.43452,22.726
16106,2022-11-03 02:00:00+00:00,23.876,92.44599,22.575998
16107,2022-11-03 03:00:00+00:00,23.626,91.59231,22.175999
16108,2022-11-03 04:00:00+00:00,24.476,88.10049,22.376
16109,2022-11-03 05:00:00+00:00,25.825998,82.28844,22.575998
16110,2022-11-03 06:00:00+00:00,25.876,79.5872,22.075998
16111,2022-11-03 07:00:00+00:00,26.876,76.641655,22.425999
16112,2022-11-03 08:00:00+00:00,28.026,71.869415,22.476
16113,2022-11-03 09:00:00+00:00,27.726,74.25726,22.726
16114,2022-11-03 10:00:00+00:00,27.526,74.6763,22.626
16115,2022-11-03 11:00:00+00:00,26.825998,78.04324,22.675999
16116,2022-11-03 12:00:00+00:00,25.925999,82.80109,22.776
16117,2022-11-03 13:00:00+00:00,25.075998,87.88416,22.925999
16118,2022-11-03 14:00:00+00:00,24.226,93.59086,23.126
16119,2022-11-03 15:00:00+00:00,23.876,95.57861,23.126
16120,2022-11-03 16:00:00+00:00,23.626,96.44239,23.026
16121,2022-11-03 17:00:00+00:00,23.626,97.02751,23.126
16122,2022-11-03 18:00:00+00:00,23.675999,96.73578,23.126
16123,2022-11-03 19:00:00+00:00,23.425999,97.31727,22.976
16124,2022-11-03 20:00:00+00:00,22.925999,99.09528,22.776
16125,2022-11-03 21:00:00+00:00,23.026,99.09595,22.876
16126,2022-11-03 22:00:00+00:00,23.276,98.79844,23.075998
16127,2022-11-03 23:00:00+00:00,23.026,99.697845,22.976
16128,2022-11-04 00:00:00+00:00,23.026,99.697845,22.976
16129,2022-11-04 01:00:00+00:00,23.325998,98.203094,23.026
16130,2022-11-04 02:00:00+00:00,24.626,94.17522,23.626
16131,2022-11-04 03:00:00+00:00,25.626,86.352486,23.175999
16132,2022-11-04 04:00:00+00:00,27.175999,78.80537,23.175999
16133,2022-11-04 05:00:00+00:00,28.376,75.949455,23.726
16134,2022-11-04 06:00:00+00:00,29.276,71.226135,23.526
16135,2022-11-04 07:00:00+00:00,29.626,69.3827,23.425999
16136,2022-11-04 08:00:00+00:00,29.026,72.699936,23.626
16137,2022-11-04 09:00:00+00:00,28.776,73.09651,23.476
16138,2022-11-04 10:00:00+00:00,28.726,73.308754,23.476
16139,2022-11-04 11:00:00+00:00,28.175999,72.1144,22.675999
16140,2022-11-04 12:00:00+00:00,27.276,75.54811,22.575998
16141,2022-11-04 13:00:00+00:00,25.876,83.04662,22.776
16142,2022-11-04 14:00:00+00:00,25.175999,87.09807,22.876
16143,2022-11-04 15:00:00+00:00,24.876,89.20823,22.976
16144,2022-11-04 16:00:00+00:00,24.526,91.36969,23.026
16145,2022-11-04 17:00:00+00:00,24.226,92.18545,22.876
16146,2022-11-04 18:00:00+00:00,24.075998,92.4569,22.776
16147,2022-11-04 19:00:00+00:00,23.825998,93.006256,22.626
16148,2022-11-04 20:00:00+00:00,23.825998,93.006256,22.626
16149,2022-11-04 21:00:00+00:00,23.626,93.847404,22.575998
16150,2022-11-04 22:00:00+00:00,23.575998,93.84517,22.526
16151,2022-11-04 23:00:00+00:00,23.325998,94.119835,22.325998
16152,2022-11-05 00:00:00+00:00,23.376,94.40851,22.425999
16153,2022-11-05 01:00:00+00:00,24.226,92.465034,22.925999
16154,2022-11-05 02:00:00+00:00,26.526,85.14856,23.825998
16155,2022-11-05 03:00:00+00:00,28.325998,73.90816,23.226
16156,2022-11-05 04:00:00+00:00,28.976,69.68106,22.876
16157,2022-11-05 05:00:00+00:00,29.575998,66.698204,22.726
16158,2022-11-05 06:00:00+00:00,30.075998,64.61064,22.675999
16159,2022-11-05 07:00:00+00:00,30.226,63.862713,22.626
16160,2022-11-05 08:00:00+00:00,29.876,65.15953,22.626
16161,2022-11-05 09:00:00+00:00,29.476,66.2745,22.526
16162,2022-11-05 10:00:00+00:00,28.825998,68.8126,22.526
16163,2022-11-05 11:00:00+00:00,28.126,72.32472,22.675999
16164,2022-11-05 12:00:00+00:00,27.126,77.850494,22.925999
16165,2022-11-05 13:00:00+00:00,26.276,82.34235,23.026
16166,2022-11-05 14:00:00+00:00,25.776,85.329346,23.126
16167,2022-11-05 15:00:00+00:00,25.226,88.69758,23.226
16168,2022-11-05 16:00:00+00:00,24.876,90.56723,23.226
16169,2022-11-05 17:00:00+00:00,24.876,90.29397,23.175999
16170,2022-11-05 18:00:00+00:00,24.425999,92.47592,23.126
16171,2022-11-05 19:00:00+00:00,24.376,91.91531,22.976
16172,2022-11-05 20:00:00+00:00,24.425999,90.811714,22.825998
16173,2022-11-05 21:00:00+00:00,23.925999,92.44873,22.626
16174,2022-11-05 22:00:00+00:00,23.626,93.56288,22.526
16175,2022-11-05 23:00:00+00:00,23.526,93.27424,22.376
16176,2022-11-06 00:00:00+00:00,23.526,91.86573,22.126
16177,2022-11-06 01:00:00+00:00,24.626,85.99497,22.126
16178,2022-11-06 02:00:00+00:00,26.675999,78.73522,22.675999
16179,2022-11-06 03:00:00+00:00,28.325998,66.24289,21.425999
16180,2022-11-06 04:00:00+00:00,29.126,61.896587,21.075998
16181,2022-11-06 05:00:00+00:00,29.675999,59.96278,21.075998
16182,2022-11-06 06:00:00+00:00,29.976,58.936714,21.075998
16183,2022-11-06 07:00:00+00:00,30.026,58.228508,20.925999
16184,2022-11-06 08:00:00+00:00,29.825998,58.72108,20.876
16185,2022-11-06 09:00:00+00:00,29.575998,59.025215,20.726
16186,2022-11-06 10:00:00+00:00,28.876,62.991844,21.126
16187,2022-11-06 11:00:00+00:00,27.976,66.578926,21.175999
16188,2022-11-06 12:00:00+00:00,26.825998,72.53936,21.476
16189,2022-11-06 13:00:00+00:00,25.325998,79.26918,21.476
16190,2022-11-06 14:00:00+00:00,24.526,82.6363,21.376
16191,2022-11-06 15:00:00+00:00,23.825998,84.86919,21.126
16192,2022-11-06 16:00:00+00:00,23.425999,86.141716,20.976
16193,2022-11-06 17:00:00+00:00,23.175999,87.18363,20.925999
16194,2022-11-06 18:00:00+00:00,22.776,89.32038,20.925999
16195,2022-11-06 19:00:00+00:00,22.376,89.84195,20.626
16196,2022-11-06 20:00:00+00:00,22.776,87.41651,20.575998
16197,2022-11-06 21:00:00+00:00,22.425999,88.47141,20.425999
16198,2022-11-06 22:00:00+00:00,21.476,92.59916,20.226
16199,2022-11-06 23:00:00+00:00,21.226,96.3786,20.626
16200,2022-11-07 00:00:00+00:00,21.575998,95.797264,20.876
16201,2022-11-07 01:00:00+00:00,21.776,96.986435,21.276
16202,2022-11-07 02:00:00+00:00,24.126,89.42249,22.276
16203,2022-11-07 03:00:00+00:00,26.825998,76.867355,22.425999
16204,2022-11-07 04:00:00+00:00,28.575998,67.93222,22.075998
16205,2022-11-07 05:00:00+00:00,29.526,59.561024,20.825998
16206,2022-11-07 06:00:00+00:00,29.925999,57.139412,20.526
16207,2022-11-07 07:00:00+00:00,30.075998,56.47464,20.476
16208,2022-11-07 08:00:00+00:00,29.825998,58.360912,20.776
16209,2022-11-07 09:00:00+00:00,29.425999,59.538017,20.726
16210,2022-11-07 10:00:00+00:00,28.825998,62.211647,20.876
16211,2022-11-07 11:00:00+00:00,27.825998,67.784935,21.325998
16212,2022-11-07 12:00:00+00:00,26.425999,77.276344,22.126
16213,2022-11-07 13:00:00+00:00,24.526,87.837265,22.376
16214,2022-11-07 14:00:00+00:00,23.726,91.877426,22.325998
16215,2022-11-07 15:00:00+00:00,23.175999,92.97323,21.976
16216,2022-11-07 16:00:00+00:00,22.925999,92.96046,21.726
16217,2022-11-07 17:00:00+00:00,22.675999,93.23256,21.526
16218,2022-11-07 18:00:00+00:00,22.776,91.54066,21.325998
16219,2022-11-07 19:00:00+00:00,22.226,92.63949,20.976
16220,2022-11-07 20:00:00+00:00,21.776,94.342575,20.825998
16221,2022-11-07 21:00:00+00:00,21.776,94.92457,20.925999
16222,2022-11-07 22:00:00+00:00,21.876,96.69195,21.325998
16223,2022-11-07 23:00:00+00:00,21.825998,97.882835,21.476
16224,2022-11-08 00:00:00+00:00,22.175999,96.99538,21.675999
16225,2022-11-08 01:00:00+00:00,22.376,97.29627,21.925999
16226,2022-11-08 02:00:00+00:00,24.575998,89.45622,22.726
16227,2022-11-08 03:00:00+00:00,27.026,80.225945,23.325998
16228,2022-11-08 04:00:00+00:00,28.876,67.3732,22.226
16229,2022-11-08 05:00:00+00:00,29.925999,58.564114,20.925999
16230,2022-11-08 06:00:00+00:00,30.425999,54.504414,20.226
16231,2022-11-08 07:00:00+00:00,30.376,54.999496,20.325998
16232,2022-11-08 08:00:00+00:00,30.276,55.145092,20.276
16233,2022-11-08 09:00:00+00:00,29.726,57.979107,20.575998
16234,2022-11-08 10:00:00+00:00,29.075998,62.26672,21.126
16235,2022-11-08 11:00:00+00:00,28.126,68.67817,21.825998
16236,2022-11-08 12:00:00+00:00,26.526,76.3552,22.026
16237,2022-11-08 13:00:00+00:00,24.776,86.27161,22.325998
16238,2022-11-08 14:00:00+00:00,23.925999,91.88913,22.526
16239,2022-11-08 15:00:00+00:00,23.376,93.83619,22.325998
16240,2022-11-08 16:00:00+00:00,23.276,92.41317,21.976
16241,2022-11-08 17:00:00+00:00,22.675999,93.23256,21.526
16242,2022-11-08 18:00:00+00:00,22.325998,93.21526,21.175999
16243,2022-11-08 19:00:00+00:00,22.075998,93.77741,21.026
16244,2022-11-08 20:00:00+00:00,21.925999,94.34882,20.976
16245,2022-11-08 21:00:00+00:00,21.476,96.08931,20.825998
16246,2022-11-08 22:00:00+00:00,21.376,97.87568,21.026
16247,2022-11-08 23:00:00+00:00,21.675999,99.39035,21.575998
16248,2022-11-09 00:00:00+00:00,22.376,99.09154,22.226
16249,2022-11-09 01:00:00+00:00,22.825998,98.19639,22.526
16250,2022-11-09 02:00:00+00:00,24.876,91.11586,23.325998
16251,2022-11-09 03:00:00+00:00,27.126,80.23913,23.425999
16252,2022-11-09 04:00:00+00:00,28.675999,67.9518,22.175999
16253,2022-11-09 05:00:00+00:00,29.726,60.900764,21.376
16254,2022-11-09 06:00:00+00:00,29.976,60.03126,21.376
16255,2022-11-09 07:00:00+00:00,30.026,59.85905,21.376
16256,2022-11-09 08:00:00+00:00,30.075998,59.141068,21.226
16257,2022-11-09 09:00:00+00:00,29.626,59.951336,21.026
16258,2022-11-09 10:00:00+00:00,29.026,62.639027,21.175999
16259,2022-11-09 11:00:00+00:00,27.825998,71.615715,22.226
16260,2022-11-09 12:00:00+00:00,26.575998,78.4825,22.526
16261,2022-11-09 13:00:00+00:00,25.126,85.52271,22.526
16262,2022-11-09 14:00:00+00:00,24.175999,90.24548,22.476
16263,2022-11-09 15:00:00+00:00,23.925999,90.50308,22.276
16264,2022-11-09 16:00:00+00:00,23.526,92.42688,22.226
16265,2022-11-09 17:00:00+00:00,23.325998,93.83396,22.276
16266,2022-11-09 18:00:00+00:00,23.126,95.26405,22.325998
16267,2022-11-09 19:00:00+00:00,23.325998,95.56073,22.575998
16268,2022-11-09 20:00:00+00:00,23.126,97.01648,22.626
16269,2022-11-09 21:00:00+00:00,22.675999,97.89622,22.325998
16270,2022-11-09 22:00:00+00:00,23.476,95.56561,22.726
16271,2022-11-09 23:00:00+00:00,23.325998,97.020905,22.825998
16272,2022-11-10 00:00:00+00:00,23.425999,91.85987,22.026
16273,2022-11-10 01:00:00+00:00,23.825998,91.048874,22.276
16274,2022-11-10 02:00:00+00:00,25.075998,89.49351,23.226
16275,2022-11-10 03:00:00+00:00,26.575998,79.44096,22.726
16276,2022-11-10 04:00:00+00:00,26.626,78.014305,22.476
16277,2022-11-10 05:00:00+00:00,28.276,71.04597,22.526
16278,2022-11-10 06:00:00+00:00,29.325998,67.46221,22.675999
16279,2022-11-10 07:00:00+00:00,28.575998,67.93222,22.075998
16280,2022-11-10 08:00:00+00:00,29.226,64.62889,21.876
16281,2022-11-10 09:00:00+00:00,29.376,60.82193,21.026
16282,2022-11-10 10:00:00+00:00,28.575998,64.49199,21.226
16283,2022-11-10 11:00:00+00:00,27.825998,67.37059,21.226
16284,2022-11-10 12:00:00+00:00,26.425999,73.81537,21.376
16285,2022-11-10 13:00:00+00:00,26.175999,73.77334,21.126
16286,2022-11-10 14:00:00+00:00,26.325998,72.22966,20.925999
16287,2022-11-10 15:00:00+00:00,26.276,72.220856,20.876
16288,2022-11-10 16:00:00+00:00,26.126,73.08819,20.925999
16289,2022-11-10 17:00:00+00:00,25.876,74.17756,20.925999
16290,2022-11-10 18:00:00+00:00,25.226,78.771065,21.276
16291,2022-11-10 19:00:00+00:00,25.226,79.49844,21.425999
16292,2022-11-10 20:00:00+00:00,25.425999,78.07855,21.325998
16293,2022-11-10 21:00:00+00:00,25.876,75.78877,21.276
16294,2022-11-10 22:00:00+00:00,25.476,78.0858,21.376
16295,2022-11-10 23:00:00+00:00,25.575998,77.62344,21.376
16296,2022-11-11 00:00:00+00:00,24.825998,79.93291,21.126
16297,2022-11-11 01:00:00+00:00,25.226,81.21864,21.776
16298,2022-11-11 02:00:00+00:00,25.575998,82.5089,22.376
16299,2022-11-11 03:00:00+00:00,25.575998,84.793846,22.825998
16300,2022-11-11 04:00:00+00:00,26.476,79.427284,22.626
16301,2022-11-11 05:00:00+00:00,27.026,73.690735,21.925999
16302,2022-11-11 06:00:00+00:00,27.526,70.9098,21.776
16303,2022-11-11 07:00:00+00:00,26.425999,78.70002,22.425999
16304,2022-11-11 08:00:00+00:00,26.276,82.34235,23.026
16305,2022-11-11 09:00:00+00:00,25.726,84.80953,22.976
16306,2022-11-11 10:00:00+00:00,24.876,90.02147,23.126
16307,2022-11-11 11:00:00+00:00,24.325998,91.91242,22.925999
16308,2022-11-11 12:00:00+00:00,24.675999,91.93274,23.276
16309,2022-11-11 13:00:00+00:00,24.776,91.661446,23.325998
16310,2022-11-11 14:00:00+00:00,24.776,91.661446,23.325998
16311,2022-11-11 15:00:00+00:00,24.976,90.57392,23.325998
16312,2022-11-11 16:00:00+00:00,24.575998,93.044106,23.376
16313,2022-11-11 17:00:00+00:00,24.976,91.1222,23.425999
16314,2022-11-11 18:00:00+00:00,24.776,91.109535,23.226
16315,2022-11-11 19:00:00+00:00,24.075998,94.43702,23.126
16316,2022-11-11 20:00:00+00:00,23.726,96.15382,23.075998
16317,2022-11-11 21:00:00+00:00,23.425999,96.729744,22.876
16318,2022-11-11 22:00:00+00:00,23.376,95.562355,22.626
16319,2022-11-11 23:00:00+00:00,23.226,96.431854,22.626
16320,2022-11-12 00:00:00+00:00,23.675999,96.4437,23.075998
16321,2022-11-12 01:00:00+00:00,23.175999,93.25713,22.026
16322,2022-11-12 02:00:00+00:00,23.325998,95.56073,22.575998
16323,2022-11-12 03:00:00+00:00,24.075998,93.58389,22.976
16324,2022-11-12 04:00:00+00:00,25.376,87.11606,23.075998
16325,2022-11-12 05:00:00+00:00,24.925999,88.40553,22.876
16326,2022-11-12 06:00:00+00:00,25.526,89.52685,23.675999
16327,2022-11-12 07:00:00+00:00,24.175999,93.30587,23.026
16328,2022-11-12 08:00:00+00:00,24.276,93.87643,23.226
16329,2022-11-12 09:00:00+00:00,25.876,85.5976,23.276
16330,2022-11-12 10:00:00+00:00,24.825998,86.53903,22.425999
16331,2022-11-12 11:00:00+00:00,24.876,88.669655,22.876
16332,2022-11-12 12:00:00+00:00,24.175999,93.87197,23.126
16333,2022-11-12 13:00:00+00:00,23.976,96.160866,23.325998
16334,2022-11-12 14:00:00+00:00,23.976,96.160866,23.325998
16335,2022-11-12 15:00:00+00:00,23.976,95.58186,23.226
16336,2022-11-12 16:00:00+00:00,23.376,97.611305,22.976
16337,2022-11-12 17:00:00+00:00,22.976,97.6042,22.575998
16338,2022-11-12 18:00:00+00:00,22.925999,98.19773,22.626
16339,2022-11-12 19:00:00+00:00,22.626,99.394684,22.526
16340,2022-11-12 20:00:00+00:00,22.126,100.0,22.126
16341,2022-11-12 21:00:00+00:00,22.325998,98.48934,22.075998
16342,2022-11-12 22:00:00+00:00,22.325998,99.09119,22.175999
16343,2022-11-12 23:00:00+00:00,22.325998,98.78988,22.126
16344,2022-11-13 00:00:00+00:00,22.726,98.19501,22.425999
16345,2022-11-13 01:00:00+00:00,22.776,98.1957,22.476
16346,2022-11-13 02:00:00+00:00,23.276,94.69194,22.376
16347,2022-11-13 03:00:00+00:00,23.876,90.49967,22.226
16348,2022-11-13 04:00:00+00:00,23.726,93.56756,22.626
16349,2022-11-13 05:00:00+00:00,24.476,89.44872,22.626
16350,2022-11-13 06:00:00+00:00,24.925999,88.40553,22.876
16351,2022-11-13 07:00:00+00:00,25.325998,87.37547,23.075998
16352,2022-11-13 08:00:00+00:00,25.776,86.10633,23.276
16353,2022-11-13 09:00:00+00:00,26.075998,83.32145,23.026
16354,2022-11-13 10:00:00+00:00,25.376,84.25975,22.526
16355,2022-11-13 11:00:00+00:00,25.526,84.02063,22.626
16356,2022-11-13 12:00:00+00:00,24.776,90.01437,23.026
16357,2022-11-13 13:00:00+00:00,23.825998,95.28832,23.026
16358,2022-11-13 14:00:00+00:00,23.276,97.31427,22.825998
16359,2022-11-13 15:00:00+00:00,23.276,96.72611,22.726
16360,2022-11-13 16:00:00+00:00,23.276,96.72611,22.726
16361,2022-11-13 17:00:00+00:00,23.175999,96.430565,22.575998
16362,2022-11-13 18:00:00+00:00,23.776,95.57538,23.026
16363,2022-11-13 19:00:00+00:00,23.226,98.20172,22.925999
16364,2022-11-13 20:00:00+00:00,23.376,97.611305,22.976
16365,2022-11-13 21:00:00+00:00,23.276,97.019806,22.776
16366,2022-11-13 22:00:00+00:00,23.026,97.605095,22.626
16367,2022-11-13 23:00:00+00:00,22.876,97.602425,22.476
16368,2022-11-14 00:00:00+00:00,22.376,99.09154,22.226
16369,2022-11-14 01:00:00+00:00,22.325998,100.0,22.325998
16370,2022-11-14 02:00:00+00:00,23.925999,94.43092,22.976
16371,2022-11-14 03:00:00+00:00,25.376,89.78592,23.575998
16372,2022-11-14 04:00:00+00:00,27.226,83.20139,24.126
16373,2022-11-14 05:00:00+00:00,28.825998,70.07651,22.825998
16374,2022-11-14 06:00:00+00:00,28.925999,66.56738,22.075998
16375,2022-11-14 07:00:00+00:00,29.726,64.537186,22.325998
16376,2022-11-14 08:00:00+00:00,29.425999,65.662834,22.325998
16377,2022-11-14 09:00:00+00:00,29.175999,65.01402,21.925999
16378,2022-11-14 10:00:00+00:00,28.675999,65.9101,21.675999
16379,2022-11-14 11:00:00+00:00,27.876,68.00272,21.425999
16380,2022-11-14 12:00:00+00:00,26.175999,78.66474,22.175999
16381,2022-11-14 13:00:00+00:00,25.325998,85.28368,22.675999
16382,2022-11-14 14:00:00+00:00,24.626,88.64966,22.626
16383,2022-11-14 15:00:00+00:00,23.825998,94.14122,22.825998
16384,2022-11-14 16:00:00+00:00,23.425999,97.02312,22.925999
16385,2022-11-14 17:00:00+00:00,23.425999,98.50171,23.175999
16386,2022-11-14 18:00:00+00:00,22.976,99.69773,22.925999
16387,2022-11-14 19:00:00+00:00,22.626,99.69694,22.575998
16388,2022-11-14 20:00:00+00:00,22.376,100.0,22.376
16389,2022-11-14 21:00:00+00:00,22.126,100.0,22.126
16390,2022-11-14 22:00:00+00:00,22.026,100.0,22.026
16391,2022-11-14 23:00:00+00:00,22.026,100.0,22.026
16392,2022-11-15 00:00:00+00:00,22.425999,98.191,22.126
16393,2022-11-15 01:00:00+00:00,22.726,98.19501,22.425999
16394,2022-11-15 02:00:00+00:00,23.976,95.29347,23.175999
16395,2022-11-15 03:00:00+00:00,25.626,86.352486,23.175999
16396,2022-11-15 04:00:00+00:00,27.175999,80.24572,23.476
16397,2022-11-15 05:00:00+00:00,28.226,72.78192,22.876
16398,2022-11-15 06:00:00+00:00,28.476,69.58726,22.376
16399,2022-11-15 07:00:00+00:00,28.526,69.808464,22.476
16400,2022-11-15 08:00:00+00:00,28.976,68.0104,22.476
16401,2022-11-15 09:00:00+00:00,28.976,66.37493,22.075998
16402,2022-11-15 10:00:00+00:00,28.376,66.86394,21.626
16403,2022-11-15 11:00:00+00:00,27.575998,69.6302,21.526
16404,2022-11-15 12:00:00+00:00,26.126,76.76123,21.726
16405,2022-11-15 13:00:00+00:00,24.726,84.189255,21.876
16406,2022-11-15 14:00:00+00:00,24.075998,88.335846,22.026
16407,2022-11-15 15:00:00+00:00,23.575998,91.31067,22.075998
16408,2022-11-15 16:00:00+00:00,23.175999,92.97323,21.976
16409,2022-11-15 17:00:00+00:00,23.075998,92.12035,21.726
16410,2022-11-15 18:00:00+00:00,24.226,84.91104,21.526
16411,2022-11-15 19:00:00+00:00,23.776,87.2376,21.526
16412,2022-11-15 20:00:00+00:00,21.776,95.50972,21.026
16413,2022-11-15 21:00:00+00:00,21.526,98.17876,21.226
16414,2022-11-15 22:00:00+00:00,21.026,100.0,21.026
16415,2022-11-15 23:00:00+00:00,20.376,100.0,20.376
16416,2022-11-16 00:00:00+00:00,20.776,100.0,20.776
16417,2022-11-16 01:00:00+00:00,21.726,99.69487,21.675999
16418,2022-11-16 02:00:00+00:00,24.026,91.616455,22.575998
16419,2022-11-16 03:00:00+00:00,26.425999,79.420456,22.575998
16420,2022-11-16 04:00:00+00:00,27.425999,71.326096,21.776
16421,2022-11-16 05:00:00+00:00,27.675999,69.64904,21.626
16422,2022-11-16 06:00:00+00:00,27.776,68.61067,21.476
16423,2022-11-16 07:00:00+00:00,28.425999,65.65742,21.376
16424,2022-11-16 08:00:00+00:00,28.376,64.647934,21.075998
16425,2022-11-16 09:00:00+00:00,27.976,66.37494,21.126
16426,2022-11-16 10:00:00+00:00,27.825998,66.14084,20.925999
16427,2022-11-16 11:00:00+00:00,27.126,66.81748,20.425999
16428,2022-11-16 12:00:00+00:00,25.026,72.22303,19.675999
16429,2022-11-16 13:00:00+00:00,23.526,78.52911,19.575998
16430,2022-11-16 14:00:00+00:00,22.425999,79.85527,18.776
16431,2022-11-16 15:00:00+00:00,21.526,84.62512,18.825998
16432,2022-11-16 16:00:00+00:00,21.026,88.908424,19.126
16433,2022-11-16 17:00:00+00:00,20.675999,90.5606,19.075998
16434,2022-11-16 18:00:00+00:00,22.675999,84.224525,19.876
16435,2022-11-16 19:00:00+00:00,21.376,89.76879,19.626
16436,2022-11-16 20:00:00+00:00,19.976,97.54986,19.575998
16437,2022-11-16 21:00:00+00:00,19.376,98.455444,19.126
16438,2022-11-16 22:00:00+00:00,19.175999,97.23074,18.726
16439,2022-11-16 23:00:00+00:00,18.876,96.920296,18.376
16440,2022-11-17 00:00:00+00:00,19.126,99.6888,19.075998
16441,2022-11-17 01:00:00+00:00,19.776,99.07355,19.626
16442,2022-11-17 02:00:00+00:00,22.126,92.34963,20.825998
16443,2022-11-17 03:00:00+00:00,24.925999,80.6849,21.376
16444,2022-11-17 04:00:00+00:00,26.675999,72.95882,21.425999
16445,2022-11-17 05:00:00+00:00,27.925999,62.78468,20.175999
16446,2022-11-17 06:00:00+00:00,28.776,56.160435,19.175999
16447,2022-11-17 07:00:00+00:00,29.376,50.319813,17.976
16448,2022-11-17 08:00:00+00:00,29.425999,47.706116,17.175999
16449,2022-11-17 09:00:00+00:00,29.126,44.68939,15.876
16450,2022-11-17 10:00:00+00:00,28.376,45.935448,15.626
16451,2022-11-17 11:00:00+00:00,26.825998,58.564243,18.026
16452,2022-11-17 12:00:00+00:00,23.526,74.9449,18.825998
16453,2022-11-17 13:00:00+00:00,21.376,86.47886,19.026
16454,2022-11-17 14:00:00+00:00,20.925999,89.73563,19.175999
16455,2022-11-17 15:00:00+00:00,21.226,89.201355,19.376
16456,2022-11-17 16:00:00+00:00,22.675999,82.928535,19.626
16457,2022-11-17 17:00:00+00:00,22.825998,82.68931,19.726
16458,2022-11-17 18:00:00+00:00,21.376,88.11035,19.325998
16459,2022-11-17 19:00:00+00:00,19.626,94.54728,18.726
16460,2022-11-17 20:00:00+00:00,19.175999,96.32273,18.575998
16461,2022-11-17 21:00:00+00:00,19.476,97.54063,19.075998
16462,2022-11-17 22:00:00+00:00,19.626,96.63595,19.075998
16463,2022-11-17 23:00:00+00:00,19.425999,96.32961,18.825998
16464,2022-11-18 00:00:00+00:00,19.575998,97.23907,19.126
16465,2022-11-18 01:00:00+00:00,19.976,95.746994,19.276
16466,2022-11-18 02:00:00+00:00,21.976,89.25919,20.126
16467,2022-11-18 03:00:00+00:00,24.075998,80.573845,20.526
16468,2022-11-18 04:00:00+00:00,25.976,74.19419,21.026
16469,2022-11-18 05:00:00+00:00,27.425999,70.02951,21.476
16470,2022-11-18 06:00:00+00:00,28.575998,63.12043,20.876
16471,2022-11-18 07:00:00+00:00,28.825998,54.107735,18.626
16472,2022-11-18 08:00:00+00:00,28.876,51.959064,18.026
16473,2022-11-18 09:00:00+00:00,28.526,52.36193,17.825998
16474,2022-11-18 10:00:00+00:00,27.776,56.445553,18.325998
16475,2022-11-18 11:00:00+00:00,26.626,65.89421,19.726
16476,2022-11-18 12:00:00+00:00,24.476,78.90766,20.575998
16477,2022-11-18 13:00:00+00:00,22.575998,87.12933,20.325998
16478,2022-11-18 14:00:00+00:00,22.226,85.75833,19.726
16479,2022-11-18 15:00:00+00:00,22.325998,83.404724,19.376
16480,2022-11-18 16:00:00+00:00,22.526,82.39693,19.376
16481,2022-11-18 17:00:00+00:00,22.425999,82.64163,19.325998
16482,2022-11-18 18:00:00+00:00,23.075998,78.95477,19.226
16483,2022-11-18 19:00:00+00:00,21.526,87.30477,19.325998
16484,2022-11-18 20:00:00+00:00,21.325998,90.04427,19.626
16485,2022-11-18 21:00:00+00:00,20.476,95.46628,19.726
16486,2022-11-18 22:00:00+00:00,20.026,96.34605,19.425999
16487,2022-11-18 23:00:00+00:00,19.776,96.94105,19.276
16488,2022-11-19 00:00:00+00:00,20.226,96.65102,19.675999
16489,2022-11-19 01:00:00+00:00,20.726,93.135414,19.575998
16490,2022-11-19 02:00:00+00:00,22.776,85.813065,20.276
16491,2022-11-19 03:00:00+00:00,25.026,78.50136,21.026
16492,2022-11-19 04:00:00+00:00,27.026,69.52634,20.976
16493,2022-11-19 05:00:00+00:00,28.276,56.038837,18.675999
16494,2022-11-19 06:00:00+00:00,28.675999,50.455784,17.376
16495,2022-11-19 07:00:00+00:00,28.825998,48.46085,16.876
16496,2022-11-19 08:00:00+00:00,28.476,49.612186,16.925999
16497,2022-11-19 09:00:00+00:00,28.175999,48.597374,16.325998
16498,2022-11-19 10:00:00+00:00,27.376,51.410408,16.476
16499,2022-11-19 11:00:00+00:00,26.226,61.826187,18.325998
16500,2022-11-19 12:00:00+00:00,23.876,76.41542,19.476
16501,2022-11-19 13:00:00+00:00,22.175999,82.61173,19.075998
16502,2022-11-19 14:00:00+00:00,21.776,82.56375,18.675999
16503,2022-11-19 15:00:00+00:00,22.126,79.315765,18.376
16504,2022-11-19 16:00:00+00:00,23.376,72.15496,18.075998
16505,2022-11-19 17:00:00+00:00,21.476,82.01177,18.276
16506,2022-11-19 18:00:00+00:00,20.925999,85.89634,18.476
16507,2022-11-19 19:00:00+00:00,20.325998,90.53665,18.726
16508,2022-11-19 20:00:00+00:00,20.675999,89.43752,18.876
16509,2022-11-19 21:00:00+00:00,20.626,90.83997,19.075998
16510,2022-11-19 22:00:00+00:00,20.026,93.10006,18.876
16511,2022-11-19 23:00:00+00:00,19.626,93.079735,18.476
16512,2022-11-20 00:00:00+00:00,20.026,86.3491,17.675999
16513,2022-11-20 01:00:00+00:00,19.976,78.01103,16.026
16514,2022-11-20 02:00:00+00:00,21.226,75.278625,16.675999
16515,2022-11-20 03:00:00+00:00,22.876,66.78939,16.376
16516,2022-11-20 04:00:00+00:00,24.876,58.472202,16.175999
16517,2022-11-20 05:00:00+00:00,25.976,54.771763,16.175999
16518,2022-11-20 06:00:00+00:00,27.126,46.940563,14.826
16519,2022-11-20 07:00:00+00:00,27.726,42.897335,13.976
16520,2022-11-20 08:00:00+00:00,27.876,42.66131,14.026
16521,2022-11-20 09:00:00+00:00,28.126,41.233284,13.726
16522,2022-11-20 10:00:00+00:00,26.976,50.333176,15.776
16523,2022-11-20 11:00:00+00:00,25.776,59.99897,17.425999
16524,2022-11-20 12:00:00+00:00,24.026,75.260284,19.376
16525,2022-11-20 13:00:00+00:00,24.075998,71.60484,18.626
16526,2022-11-20 14:00:00+00:00,23.675999,73.1187,18.575998
16527,2022-11-20 15:00:00+00:00,23.026,80.4354,19.476
16528,2022-11-20 16:00:00+00:00,22.226,81.848526,18.976
16529,2022-11-20 17:00:00+00:00,20.976,85.63275,18.476
16530,2022-11-20 18:00:00+00:00,20.226,89.12353,18.376
16531,2022-11-20 19:00:00+00:00,20.026,88.82856,18.126
16532,2022-11-20 20:00:00+00:00,19.726,90.49538,18.126
16533,2022-11-20 21:00:00+00:00,19.376,92.19453,18.075998
16534,2022-11-20 22:00:00+00:00,19.425999,91.61997,18.026
16535,2022-11-20 23:00:00+00:00,19.276,90.1796,17.626
16536,2022-11-21 00:00:00+00:00,19.126,89.036964,17.276
16537,2022-11-21 01:00:00+00:00,19.526,87.67498,17.425999
16538,2022-11-21 02:00:00+00:00,19.876,86.6073,17.575998
16539,2022-11-21 03:00:00+00:00,19.876,89.09609,18.026
16540,2022-11-21 04:00:00+00:00,19.925999,89.38031,18.126
16541,2022-11-21 05:00:00+00:00,21.026,83.51652,18.126
16542,2022-11-21 06:00:00+00:00,22.575998,76.212296,18.175999
16543,2022-11-21 07:00:00+00:00,23.976,71.81114,18.575998
16544,2022-11-21 08:00:00+00:00,23.825998,73.37364,18.776
16545,2022-11-21 09:00:00+00:00,23.675999,74.50294,18.876
16546,2022-11-21 10:00:00+00:00,23.325998,78.25658,19.325998
16547,2022-11-21 11:00:00+00:00,23.026,79.93678,19.376
16548,2022-11-21 12:00:00+00:00,21.925999,83.880295,19.075998
16549,2022-11-21 13:00:00+00:00,21.425999,89.21683,19.575998
16550,2022-11-21 14:00:00+00:00,21.175999,90.3137,19.526
16551,2022-11-21 15:00:00+00:00,21.276,90.04067,19.575998
16552,2022-11-21 16:00:00+00:00,21.175999,89.197495,19.325998
16553,2022-11-21 17:00:00+00:00,21.126,88.63988,19.175999
16554,2022-11-21 18:00:00+00:00,21.026,88.63174,19.075998
16555,2022-11-21 19:00:00+00:00,21.126,87.54144,18.976
16556,2022-11-21 20:00:00+00:00,21.276,86.199814,18.876
16557,2022-11-21 21:00:00+00:00,21.675999,83.59076,18.776
16558,2022-11-21 22:00:00+00:00,21.726,82.816345,18.675999
16559,2022-11-21 23:00:00+00:00,21.876,81.80491,18.626
16560,2022-11-22 00:00:00+00:00,21.925999,85.99523,19.476
16561,2022-11-22 01:00:00+00:00,21.726,89.79449,19.976
16562,2022-11-22 02:00:00+00:00,21.626,92.0371,20.276
16563,2022-11-22 03:00:00+00:00,21.776,92.04577,20.425999
16564,2022-11-22 04:00:00+00:00,23.376,86.13684,20.925999
16565,2022-11-22 05:00:00+00:00,23.876,85.13517,21.226
16566,2022-11-22 06:00:00+00:00,24.075998,87.26445,21.825998
16567,2022-11-22 07:00:00+00:00,23.925999,91.61044,22.476
16568,2022-11-22 08:00:00+00:00,23.976,93.01384,22.776
16569,2022-11-22 09:00:00+00:00,23.626,95.281395,22.825998
16570,2022-11-22 10:00:00+00:00,23.726,95.57374,22.976
16571,2022-11-22 11:00:00+00:00,23.526,95.85731,22.825998
16572,2022-11-22 12:00:00+00:00,23.476,96.438446,22.876
16573,2022-11-22 13:00:00+00:00,23.425999,97.61221,23.026
16574,2022-11-22 14:00:00+00:00,23.925999,95.86949,23.226
16575,2022-11-22 15:00:00+00:00,23.925999,94.71712,23.026
16576,2022-11-22 16:00:00+00:00,23.626,96.73456,23.075998
16577,2022-11-22 17:00:00+00:00,23.976,94.71903,23.075998
16578,2022-11-22 18:00:00+00:00,23.626,95.860344,22.925999
16579,2022-11-22 19:00:00+00:00,22.976,98.19839,22.675999
16580,2022-11-22 20:00:00+00:00,23.075998,97.60598,22.675999
16581,2022-11-22 21:00:00+00:00,23.376,95.85273,22.675999
16582,2022-11-22 22:00:00+00:00,23.175999,96.138214,22.526
16583,2022-11-22 23:00:00+00:00,23.325998,95.85122,22.626
16584,2022-11-23 00:00:00+00:00,23.226,95.26751,22.425999
16585,2022-11-23 01:00:00+00:00,24.026,94.14975,23.026
16586,2022-11-23 02:00:00+00:00,24.075998,94.43702,23.126
16587,2022-11-23 03:00:00+00:00,25.226,90.59068,23.575998
16588,2022-11-23 04:00:00+00:00,26.026,86.91229,23.675999
16589,2022-11-23 05:00:00+00:00,25.976,86.3856,23.526
16590,2022-11-23 06:00:00+00:00,26.876,82.9116,23.726
16591,2022-11-23 07:00:00+00:00,26.675999,85.934395,24.126
16592,2022-11-23 08:00:00+00:00,25.925999,86.38089,23.476
16593,2022-11-23 09:00:00+00:00,27.325998,81.727486,23.925999
16594,2022-11-23 10:00:00+00:00,26.276,86.67412,23.876
16595,2022-11-23 11:00:00+00:00,25.276,89.77869,23.476
16596,2022-11-23 12:00:00+00:00,23.976,93.57922,22.876
16597,2022-11-23 13:00:00+00:00,23.925999,93.860825,22.876
16598,2022-11-23 14:00:00+00:00,24.075998,93.58389,22.976
16599,2022-11-23 15:00:00+00:00,24.075998,95.00955,23.226
16600,2022-11-23 16:00:00+00:00,23.876,95.57861,23.126
16601,2022-11-23 17:00:00+00:00,24.175999,93.58854,23.075998
16602,2022-11-23 18:00:00+00:00,23.325998,97.315285,22.876
16603,2022-11-23 19:00:00+00:00,23.776,96.44631,23.175999
16604,2022-11-23 20:00:00+00:00,23.675999,96.73578,23.126
16605,2022-11-23 21:00:00+00:00,23.425999,97.31727,22.976
16606,2022-11-23 22:00:00+00:00,23.126,98.200386,22.825998
16607,2022-11-23 23:00:00+00:00,22.726,98.49386,22.476
16608,2022-11-24 00:00:00+00:00,22.226,98.48822,21.976
16609,2022-11-24 01:00:00+00:00,22.776,96.12679,22.126
16610,2022-11-24 02:00:00+00:00,23.876,94.14336,22.876
16611,2022-11-24 03:00:00+00:00,25.626,87.66598,23.425999
16612,2022-11-24 04:00:00+00:00,27.175999,81.46356,23.726
16613,2022-11-24 05:00:00+00:00,28.276,78.01685,24.075998
16614,2022-11-24 06:00:00+00:00,28.325998,73.01976,23.026
16615,2022-11-24 07:00:00+00:00,27.526,76.50861,23.026
16616,2022-11-24 08:00:00+00:00,28.226,76.15522,23.626
16617,2022-11-24 09:00:00+00:00,27.876,78.42986,23.776
16618,2022-11-24 10:00:00+00:00,27.825998,77.71751,23.575998
16619,2022-11-24 11:00:00+00:00,27.075998,81.20611,23.575998
16620,2022-11-24 12:00:00+00:00,26.026,86.65097,23.626
16621,2022-11-24 13:00:00+00:00,24.626,94.17522,23.626
16622,2022-11-24 14:00:00+00:00,23.825998,96.44765,23.226
16623,2022-11-24 15:00:00+00:00,23.726,96.44501,23.126
16624,2022-11-24 16:00:00+00:00,23.726,95.863396,23.026
16625,2022-11-24 17:00:00+00:00,23.675999,95.57212,22.925999
16626,2022-11-24 18:00:00+00:00,23.276,96.72611,22.726
16627,2022-11-24 19:00:00+00:00,23.126,97.31127,22.675999
16628,2022-11-24 20:00:00+00:00,23.376,97.022,22.876
16629,2022-11-24 21:00:00+00:00,23.575998,96.44108,22.976
16630,2022-11-24 22:00:00+00:00,22.526,99.092545,22.376
16631,2022-11-24 23:00:00+00:00,22.526,100.0,22.526
16632,2022-11-25 00:00:00+00:00,23.376,100.0,23.376
16633,2022-11-25 01:00:00+00:00,23.126,99.69807,23.075998
16634,2022-11-25 02:00:00+00:00,24.325998,97.335075,23.876
16635,2022-11-25 03:00:00+00:00,25.325998,91.41894,23.825998
16636,2022-11-25 04:00:00+00:00,27.075998,84.44199,24.226
16637,2022-11-25 05:00:00+00:00,28.476,76.65307,23.976
16638,2022-11-25 06:00:00+00:00,29.226,71.64778,23.575998
16639,2022-11-25 07:00:00+00:00,29.425999,70.18745,23.425999
16640,2022-11-25 08:00:00+00:00,29.175999,71.423294,23.476
16641,2022-11-25 09:00:00+00:00,29.126,70.34434,23.175999
16642,2022-11-25 10:00:00+00:00,28.575998,72.84211,23.226
16643,2022-11-25 11:00:00+00:00,27.575998,76.98029,23.175999
16644,2022-11-25 12:00:00+00:00,26.425999,81.123955,22.925999
16645,2022-11-25 13:00:00+00:00,24.876,89.20823,22.976
16646,2022-11-25 14:00:00+00:00,24.325998,91.91242,22.925999
16647,2022-11-25 15:00:00+00:00,24.175999,93.02394,22.976
16648,2022-11-25 16:00:00+00:00,23.825998,94.426865,22.876
16649,2022-11-25 17:00:00+00:00,23.575998,94.99126,22.726
16650,2022-11-25 18:00:00+00:00,24.276,91.35422,22.776
16651,2022-11-25 19:00:00+00:00,24.526,90.543655,22.876
16652,2022-11-25 20:00:00+00:00,22.976,97.6042,22.575998
16653,2022-11-25 21:00:00+00:00,22.825998,99.39561,22.726
16654,2022-11-25 22:00:00+00:00,22.776,97.89776,22.425999
16655,2022-11-25 23:00:00+00:00,22.976,97.6042,22.575998
16656,2022-11-26 00:00:00+00:00,22.925999,98.7953,22.726
16657,2022-11-26 01:00:00+00:00,22.876,99.39582,22.776
16658,2022-11-26 02:00:00+00:00,24.526,93.32281,23.376
16659,2022-11-26 03:00:00+00:00,26.026,86.65097,23.626
16660,2022-11-26 04:00:00+00:00,27.075998,80.961754,23.526
16661,2022-11-26 05:00:00+00:00,28.175999,74.55622,23.226
16662,2022-11-26 06:00:00+00:00,27.925999,73.841515,22.825998
16663,2022-11-26 07:00:00+00:00,26.626,80.17313,22.925999
16664,2022-11-26 08:00:00+00:00,28.226,77.07756,23.825998
16665,2022-11-26 09:00:00+00:00,28.325998,74.355865,23.325998
16666,2022-11-26 10:00:00+00:00,27.476,73.99083,22.425999
16667,2022-11-26 11:00:00+00:00,27.026,78.54631,22.976
16668,2022-11-26 12:00:00+00:00,26.026,86.39032,23.575998
16669,2022-11-26 13:00:00+00:00,24.526,93.88751,23.476
16670,2022-11-26 14:00:00+00:00,23.776,96.15524,23.126
16671,2022-11-26 15:00:00+00:00,23.776,95.57538,23.026
16672,2022-11-26 16:00:00+00:00,23.476,96.438446,22.876
16673,2022-11-26 17:00:00+00:00,23.175999,97.3123,22.726
16674,2022-11-26 18:00:00+00:00,23.226,97.018684,22.726
16675,2022-11-26 19:00:00+00:00,22.776,97.89776,22.425999
16676,2022-11-26 20:00:00+00:00,22.876,98.495544,22.626
16677,2022-11-26 21:00:00+00:00,22.626,99.69694,22.575998
16678,2022-11-26 22:00:00+00:00,22.425999,100.0,22.425999
16679,2022-11-26 23:00:00+00:00,22.126,100.0,22.126
16680,2022-11-27 00:00:00+00:00,22.026,100.0,22.026
16681,2022-11-27 01:00:00+00:00,22.425999,100.0,22.425999
16682,2022-11-27 02:00:00+00:00,24.175999,93.87197,23.126
16683,2022-11-27 03:00:00+00:00,25.825998,86.37144,23.376
16684,2022-11-27 04:00:00+00:00,27.126,80.72449,23.526
16685,2022-11-27 05:00:00+00:00,27.925999,78.67317,23.876
16686,2022-11-27 06:00:00+00:00,28.776,74.653694,23.825998
16687,2022-11-27 07:00:00+00:00,29.226,70.78882,23.376
16688,2022-11-27 08:00:00+00:00,29.226,67.64746,22.626
16689,2022-11-27 09:00:00+00:00,28.575998,68.13951,22.126
16690,2022-11-27 10:00:00+00:00,27.726,71.59786,22.126
16691,2022-11-27 11:00:00+00:00,26.876,75.94567,22.276
16692,2022-11-27 12:00:00+00:00,26.126,83.07544,23.026
16693,2022-11-27 13:00:00+00:00,24.876,89.749664,23.075998
16694,2022-11-27 14:00:00+00:00,24.276,92.74801,23.026
16695,2022-11-27 15:00:00+00:00,23.825998,92.443275,22.526
16696,2022-11-27 16:00:00+00:00,23.126,94.686104,22.226
16697,2022-11-27 17:00:00+00:00,23.126,94.686104,22.226
16698,2022-11-27 18:00:00+00:00,22.575998,96.41469,21.976
16699,2022-11-27 19:00:00+00:00,22.675999,97.00652,22.175999
16700,2022-11-27 20:00:00+00:00,22.575998,98.193016,22.276
16701,2022-11-27 21:00:00+00:00,22.226,98.78897,22.026
16702,2022-11-27 22:00:00+00:00,21.976,99.391716,21.876
16703,2022-11-27 23:00:00+00:00,21.925999,100.0,21.925999
16704,2022-11-28 00:00:00+00:00,21.575998,100.0,21.575998
16705,2022-11-28 01:00:00+00:00,21.726,100.0,21.726
16706,2022-11-28 02:00:00+00:00,23.925999,95.58023,23.175999
16707,2022-11-28 03:00:00+00:00,26.026,83.82143,23.075998
16708,2022-11-28 04:00:00+00:00,27.376,73.30192,22.175999
16709,2022-11-28 05:00:00+00:00,28.126,65.79714,21.126
16710,2022-11-28 06:00:00+00:00,28.075998,65.78685,21.075998
16711,2022-11-28 07:00:00+00:00,27.776,66.74314,21.026
16712,2022-11-28 08:00:00+00:00,28.175999,64.804695,20.925999
16713,2022-11-28 09:00:00+00:00,28.376,64.647934,21.075998
16714,2022-11-28 10:00:00+00:00,28.226,64.02286,20.776
16715,2022-11-28 11:00:00+00:00,27.325998,67.68622,20.825998
16716,2022-11-28 12:00:00+00:00,25.876,75.325325,21.175999
16717,2022-11-28 13:00:00+00:00,24.876,78.96388,20.976
16718,2022-11-28 14:00:00+00:00,24.075998,83.34749,21.075998
16719,2022-11-28 15:00:00+00:00,22.876,89.327995,21.026
16720,2022-11-28 16:00:00+00:00,22.675999,89.86374,20.925999
16721,2022-11-28 17:00:00+00:00,22.825998,88.50412,20.825998
16722,2022-11-28 18:00:00+00:00,22.175999,90.66223,20.575998
16723,2022-11-28 19:00:00+00:00,23.626,83.81055,20.726
16724,2022-11-28 20:00:00+00:00,23.376,84.82187,20.675999
16725,2022-11-28 21:00:00+00:00,22.876,87.42539,20.675999
16726,2022-11-28 22:00:00+00:00,20.276,96.652275,19.726
16727,2022-11-28 23:00:00+00:00,20.126,100.0,20.126
16728,2022-11-29 00:00:00+00:00,19.925999,100.0,19.925999
16729,2022-11-29 01:00:00+00:00,20.425999,100.0,20.425999
16730,2022-11-29 02:00:00+00:00,22.026,97.5872,21.626
16731,2022-11-29 03:00:00+00:00,25.226,82.21618,21.976
16732,2022-11-29 04:00:00+00:00,26.925999,70.151215,21.026
16733,2022-11-29 05:00:00+00:00,27.876,64.343735,20.526
16734,2022-11-29 06:00:00+00:00,28.476,60.99422,20.226
16735,2022-11-29 07:00:00+00:00,28.776,58.475475,19.825998
16736,2022-11-29 08:00:00+00:00,28.675999,55.61331,18.925999
16737,2022-11-29 09:00:00+00:00,28.276,55.341763,18.476
16738,2022-11-29 10:00:00+00:00,27.575998,58.01072,18.575998
16739,2022-11-29 11:00:00+00:00,26.476,63.25081,18.925999
16740,2022-11-29 12:00:00+00:00,24.626,74.89163,19.876
16741,2022-11-29 13:00:00+00:00,23.026,81.947624,19.776
16742,2022-11-29 14:00:00+00:00,22.575998,82.147125,19.376
16743,2022-11-29 15:00:00+00:00,22.126,82.34848,18.976
16744,2022-11-29 16:00:00+00:00,21.026,88.08066,18.976
16745,2022-11-29 17:00:00+00:00,20.325998,89.410866,18.526
16746,2022-11-29 18:00:00+00:00,21.026,86.175446,18.626
16747,2022-11-29 19:00:00+00:00,22.626,81.13712,19.226
16748,2022-11-29 20:00:00+00:00,22.026,83.89148,19.175999
16749,2022-11-29 21:00:00+00:00,20.925999,88.3475,18.925999
16750,2022-11-29 22:00:00+00:00,19.276,94.23722,18.325998
16751,2022-11-29 23:00:00+00:00,18.526,97.52296,18.126
16752,2022-11-30 00:00:00+00:00,19.276,95.72474,18.575998
16753,2022-11-30 01:00:00+00:00,19.976,96.94564,19.476
16754,2022-11-30 02:00:00+00:00,22.226,89.003174,20.325998
16755,2022-11-30 03:00:00+00:00,24.825998,78.956856,20.925999
16756,2022-11-30 04:00:00+00:00,26.276,73.564156,21.175999
16757,2022-11-30 05:00:00+00:00,27.325998,70.44094,21.476
16758,2022-11-30 06:00:00+00:00,26.876,72.77035,21.575998
16759,2022-11-30 07:00:00+00:00,27.476,71.33508,21.825998
16760,2022-11-30 08:00:00+00:00,27.476,70.68435,21.675999
16761,2022-11-30 09:00:00+00:00,27.175999,73.26789,21.976
16762,2022-11-30 10:00:00+00:00,26.976,73.90749,21.925999
16763,2022-11-30 11:00:00+00:00,26.376,75.635994,21.726
16764,2022-11-30 12:00:00+00:00,25.526,79.78282,21.776
16765,2022-11-30 13:00:00+00:00,24.226,87.27784,21.976
16766,2022-11-30 14:00:00+00:00,23.575998,91.5893,22.126
16767,2022-11-30 15:00:00+00:00,23.276,93.8317,22.226
16768,2022-11-30 16:00:00+00:00,22.925999,95.25712,22.126
16769,2022-11-30 17:00:00+00:00,22.726,95.54108,21.976
16770,2022-11-30 18:00:00+00:00,22.526,96.41335,21.925999
16771,2022-11-30 19:00:00+00:00,22.526,96.70788,21.976
16772,2022-11-30 20:00:00+00:00,23.376,95.562355,22.626
16773,2022-11-30 21:00:00+00:00,22.575998,97.89464,22.226
16774,2022-11-30 22:00:00+00:00,22.126,99.3924,22.026
16775,2022-11-30 23:00:00+00:00,22.075998,100.0,22.075998
16776,2022-12-01 00:00:00+00:00,22.376,99.69637,22.325998
16777,2022-12-01 01:00:00+00:00,22.626,99.69694,22.575998
16778,2022-12-01 02:00:00+00:00,24.226,93.87416,23.175999
16779,2022-12-01 03:00:00+00:00,26.175999,84.60085,23.376
16780,2022-12-01 04:00:00+00:00,27.376,79.07153,23.425999
16781,2022-12-01 05:00:00+00:00,28.376,74.13995,23.325998
16782,2022-12-01 06:00:00+00:00,29.325998,69.53606,23.175999
16783,2022-12-01 07:00:00+00:00,29.526,67.29746,22.825998
16784,2022-12-01 08:00:00+00:00,29.425999,67.68677,22.825998
16785,2022-12-01 09:00:00+00:00,29.075998,67.82367,22.526
16786,2022-12-01 10:00:00+00:00,28.526,70.02083,22.526
16787,2022-12-01 11:00:00+00:00,27.726,74.25726,22.726
16788,2022-12-01 12:00:00+00:00,26.726,80.42928,23.075998
16789,2022-12-01 13:00:00+00:00,25.376,87.64439,23.175999
16790,2022-12-01 14:00:00+00:00,24.726,91.10633,23.175999
16791,2022-12-01 15:00:00+00:00,24.226,93.59086,23.126
16792,2022-12-01 16:00:00+00:00,23.976,94.71903,23.075998
16793,2022-12-01 17:00:00+00:00,23.675999,95.57212,22.925999
16794,2022-12-01 18:00:00+00:00,23.476,96.438446,22.876
16795,2022-12-01 19:00:00+00:00,23.276,97.019806,22.776
16796,2022-12-01 20:00:00+00:00,23.425999,97.31727,22.976
16797,2022-12-01 21:00:00+00:00,23.325998,97.61043,22.925999
16798,2022-12-01 22:00:00+00:00,22.876,99.39582,22.776
16799,2022-12-01 23:00:00+00:00,22.425999,100.0,22.425999
16800,2022-12-02 00:00:00+00:00,23.126,97.90324,22.776
16801,2022-12-02 01:00:00+00:00,23.526,97.31925,23.075998
16802,2022-12-02 02:00:00+00:00,24.726,93.61405,23.626
16803,2022-12-02 03:00:00+00:00,25.925999,87.16539,23.626
16804,2022-12-02 04:00:00+00:00,27.276,80.98722,23.726
16805,2022-12-02 05:00:00+00:00,28.376,76.63792,23.876
16806,2022-12-02 06:00:00+00:00,29.175999,72.50724,23.726
16807,2022-12-02 07:00:00+00:00,29.425999,69.76514,23.325998
16808,2022-12-02 08:00:00+00:00,29.226,69.517265,23.075998
16809,2022-12-02 09:00:00+00:00,29.126,70.13204,23.126
16810,2022-12-02 10:00:00+00:00,28.726,70.91224,22.925999
16811,2022-12-02 11:00:00+00:00,27.726,74.93548,22.876
16812,2022-12-02 12:00:00+00:00,26.575998,80.16653,22.876
16813,2022-12-02 13:00:00+00:00,25.425999,86.595184,23.026
16814,2022-12-02 14:00:00+00:00,24.776,90.5605,23.126
16815,2022-12-02 15:00:00+00:00,24.476,91.921135,23.075998
16816,2022-12-02 16:00:00+00:00,24.075998,93.867516,23.026
16817,2022-12-02 17:00:00+00:00,23.825998,94.426865,22.876
16818,2022-12-02 18:00:00+00:00,23.726,94.70937,22.825998
16819,2022-12-02 19:00:00+00:00,23.675999,95.28314,22.876
16820,2022-12-02 20:00:00+00:00,24.075998,93.30102,22.925999
16821,2022-12-02 21:00:00+00:00,23.126,96.722466,22.575998
16822,2022-12-02 22:00:00+00:00,23.175999,97.60777,22.776
16823,2022-12-02 23:00:00+00:00,22.976,98.19839,22.675999
16824,2022-12-03 00:00:00+00:00,23.726,96.73695,23.175999
16825,2022-12-03 01:00:00+00:00,23.776,96.44631,23.175999
16826,2022-12-03 02:00:00+00:00,25.126,92.79232,23.876
16827,2022-12-03 03:00:00+00:00,26.976,83.67429,23.976
16828,2022-12-03 04:00:00+00:00,28.126,78.229965,23.976
16829,2022-12-03 05:00:00+00:00,28.175999,68.26968,21.776
16830,2022-12-03 06:00:00+00:00,27.325998,78.11532,23.175999
16831,2022-12-03 07:00:00+00:00,28.376,76.40782,23.825998
16832,2022-12-03 08:00:00+00:00,28.276,73.45434,23.075998
16833,2022-12-03 09:00:00+00:00,27.026,79.50228,23.175999
16834,2022-12-03 10:00:00+00:00,27.226,80.73736,23.626
16835,2022-12-03 11:00:00+00:00,26.976,79.97745,23.226
16836,2022-12-03 12:00:00+00:00,26.675999,80.66639,23.075998
16837,2022-12-03 13:00:00+00:00,25.726,85.841736,23.175999
16838,2022-12-03 14:00:00+00:00,24.976,90.84771,23.376
16839,2022-12-03 15:00:00+00:00,24.376,94.44913,23.425999
16840,2022-12-03 16:00:00+00:00,23.925999,95.86949,23.226
16841,2022-12-03 17:00:00+00:00,23.425999,97.02312,22.925999
16842,2022-12-03 18:00:00+00:00,23.276,97.31427,22.825998
16843,2022-12-03 19:00:00+00:00,23.126,97.60687,22.726
16844,2022-12-03 20:00:00+00:00,23.075998,97.310295,22.626
16845,2022-12-03 21:00:00+00:00,23.175999,96.430565,22.575998
16846,2022-12-03 22:00:00+00:00,22.925999,96.13109,22.276
16847,2022-12-03 23:00:00+00:00,22.726,95.54108,21.976
16848,2022-12-04 00:00:00+00:00,23.075998,95.84356,22.376
16849,2022-12-04 01:00:00+00:00,23.325998,96.14247,22.675999
16850,2022-12-04 02:00:00+00:00,25.526,88.721405,23.526
16851,2022-12-04 03:00:00+00:00,26.776,81.16825,23.276
16852,2022-12-04 04:00:00+00:00,27.675999,75.3827,22.925999
16853,2022-12-04 05:00:00+00:00,28.425999,72.5964,23.026
16854,2022-12-04 06:00:00+00:00,28.876,70.08577,22.876
16855,2022-12-04 07:00:00+00:00,29.376,67.88235,22.825998
16856,2022-12-04 08:00:00+00:00,28.825998,69.864456,22.776
16857,2022-12-04 09:00:00+00:00,28.575998,70.243,22.626
16858,2022-12-04 10:00:00+00:00,28.476,70.011536,22.476
16859,2022-12-04 11:00:00+00:00,27.726,73.808105,22.626
16860,2022-12-04 12:00:00+00:00,26.626,80.65991,23.026
16861,2022-12-04 13:00:00+00:00,25.425999,87.913864,23.276
16862,2022-12-04 14:00:00+00:00,24.575998,93.044106,23.376
16863,2022-12-04 15:00:00+00:00,24.325998,94.44714,23.376
16864,2022-12-04 16:00:00+00:00,23.925999,95.29178,23.126
16865,2022-12-04 17:00:00+00:00,23.976,94.14761,22.976
16866,2022-12-04 18:00:00+00:00,24.276,92.74801,23.026
16867,2022-12-04 19:00:00+00:00,24.876,90.56723,23.226
16868,2022-12-04 20:00:00+00:00,24.626,91.92985,23.226
16869,2022-12-04 21:00:00+00:00,23.726,94.99674,22.876
16870,2022-12-04 22:00:00+00:00,23.226,97.31327,22.776
16871,2022-12-04 23:00:00+00:00,22.675999,99.09359,22.526
16872,2022-12-05 00:00:00+00:00,22.325998,99.09119,22.175999
16873,2022-12-05 01:00:00+00:00,22.675999,98.79305,22.476
16874,2022-12-05 02:00:00+00:00,24.026,94.72097,23.126
16875,2022-12-05 03:00:00+00:00,25.976,84.83565,23.226
16876,2022-12-05 04:00:00+00:00,27.425999,76.49333,22.925999
16877,2022-12-05 05:00:00+00:00,28.526,69.808464,22.476
16878,2022-12-05 06:00:00+00:00,28.925999,66.97416,22.175999
16879,2022-12-05 07:00:00+00:00,29.026,66.58755,22.175999
16880,2022-12-05 08:00:00+00:00,28.876,67.78443,22.325998
16881,2022-12-05 09:00:00+00:00,28.376,70.206,22.425999
16882,2022-12-05 10:00:00+00:00,27.825998,72.71293,22.476
16883,2022-12-05 11:00:00+00:00,27.126,74.15814,22.126
16884,2022-12-05 12:00:00+00:00,26.325998,79.89053,22.575998
16885,2022-12-05 13:00:00+00:00,25.325998,84.76765,22.575998
16886,2022-12-05 14:00:00+00:00,24.575998,88.37692,22.526
16887,2022-12-05 15:00:00+00:00,24.026,91.3387,22.526
16888,2022-12-05 16:00:00+00:00,23.626,92.99609,22.425999
16889,2022-12-05 17:00:00+00:00,22.976,95.549286,22.226
16890,2022-12-05 18:00:00+00:00,23.376,94.12197,22.376
16891,2022-12-05 19:00:00+00:00,24.126,92.74014,22.876
16892,2022-12-05 20:00:00+00:00,22.425999,97.89229,22.075998
16893,2022-12-05 21:00:00+00:00,22.276,99.39308,22.175999
16894,2022-12-05 22:00:00+00:00,21.825998,100.0,21.825998
16895,2022-12-05 23:00:00+00:00,21.575998,100.0,21.575998
16896,2022-12-06 00:00:00+00:00,22.276,97.294235,21.825998
16897,2022-12-06 01:00:00+00:00,22.976,95.84051,22.276
16898,2022-12-06 02:00:00+00:00,24.476,92.19952,23.126
16899,2022-12-06 03:00:00+00:00,26.175999,82.579994,22.976
16900,2022-12-06 04:00:00+00:00,27.526,72.660995,22.175999
16901,2022-12-06 05:00:00+00:00,28.425999,67.69596,21.876
16902,2022-12-06 06:00:00+00:00,28.726,66.73029,21.925999
16903,2022-12-06 07:00:00+00:00,28.976,63.790745,21.425999
16904,2022-12-06 08:00:00+00:00,28.976,64.37914,21.575998
16905,2022-12-06 09:00:00+00:00,28.825998,64.54474,21.476
16906,2022-12-06 10:00:00+00:00,28.126,66.405426,21.276
16907,2022-12-06 11:00:00+00:00,26.976,71.02684,21.276
16908,2022-12-06 12:00:00+00:00,25.126,79.973236,21.425999
16909,2022-12-06 13:00:00+00:00,23.075998,91.27937,21.575998
16910,2022-12-06 14:00:00+00:00,22.425999,93.79333,21.376
16911,2022-12-06 15:00:00+00:00,22.476,93.50874,21.376
16912,2022-12-06 16:00:00+00:00,22.476,94.371574,21.526
16913,2022-12-06 17:00:00+00:00,21.626,97.57999,21.226
16914,2022-12-06 18:00:00+00:00,21.126,99.08296,20.976
16915,2022-12-06 19:00:00+00:00,21.825998,99.39105,21.726
16916,2022-12-06 20:00:00+00:00,21.976,100.0,21.976
16917,2022-12-06 21:00:00+00:00,21.776,100.0,21.776
16918,2022-12-06 22:00:00+00:00,21.825998,100.0,21.825998
16919,2022-12-06 23:00:00+00:00,21.776,99.087425,21.626
16920,2022-12-07 00:00:00+00:00,21.825998,99.087776,21.675999
16921,2022-12-07 01:00:00+00:00,21.776,98.18217,21.476
16922,2022-12-07 02:00:00+00:00,22.976,92.67947,21.726
16923,2022-12-07 03:00:00+00:00,24.726,86.529655,22.325998
16924,2022-12-07 04:00:00+00:00,26.376,78.69296,22.376
16925,2022-12-07 05:00:00+00:00,27.526,70.26269,21.626
16926,2022-12-07 06:00:00+00:00,28.276,62.4746,20.425999
16927,2022-12-07 07:00:00+00:00,28.075998,59.04153,19.325998
16928,2022-12-07 08:00:00+00:00,27.925999,58.093735,18.925999
16929,2022-12-07 09:00:00+00:00,27.876,57.002747,18.575998
16930,2022-12-07 10:00:00+00:00,27.425999,57.61282,18.325998
16931,2022-12-07 11:00:00+00:00,26.126,65.38213,19.126
16932,2022-12-07 12:00:00+00:00,24.126,74.57745,19.325998
16933,2022-12-07 13:00:00+00:00,23.075998,80.94321,19.626
16934,2022-12-07 14:00:00+00:00,22.575998,83.692726,19.675999
16935,2022-12-07 15:00:00+00:00,21.776,88.41795,19.776
16936,2022-12-07 16:00:00+00:00,21.726,90.35201,20.075998
16937,2022-12-07 17:00:00+00:00,21.675999,93.47067,20.575998
16938,2022-12-07 18:00:00+00:00,22.075998,93.20287,20.925999
16939,2022-12-07 19:00:00+00:00,22.075998,93.48977,20.976
16940,2022-12-07 20:00:00+00:00,21.526,95.20792,20.726
16941,2022-12-07 21:00:00+00:00,20.876,97.26584,20.425999
16942,2022-12-07 22:00:00+00:00,21.026,96.96952,20.526
16943,2022-12-07 23:00:00+00:00,21.175999,95.489746,20.425999
16944,2022-12-08 00:00:00+00:00,21.325998,92.59107,20.075998
16945,2022-12-08 01:00:00+00:00,21.425999,87.56797,19.276
16946,2022-12-08 02:00:00+00:00,21.825998,78.52984,17.925999
16947,2022-12-08 03:00:00+00:00,22.925999,70.72258,17.325998
16948,2022-12-08 04:00:00+00:00,24.575998,63.032593,17.075998
16949,2022-12-08 05:00:00+00:00,26.075998,59.12893,17.476
16950,2022-12-08 06:00:00+00:00,26.675999,56.89201,17.425999
16951,2022-12-08 07:00:00+00:00,25.876,58.895462,17.226
16952,2022-12-08 08:00:00+00:00,25.126,62.558887,17.476
16953,2022-12-08 09:00:00+00:00,24.126,69.40507,18.175999
16954,2022-12-08 10:00:00+00:00,23.075998,74.87111,18.376
16955,2022-12-08 11:00:00+00:00,22.675999,77.18966,18.476
16956,2022-12-08 12:00:00+00:00,23.425999,67.327286,17.026
16957,2022-12-08 13:00:00+00:00,23.376,68.17495,17.175999
16958,2022-12-08 14:00:00+00:00,23.126,71.43221,17.675999
16959,2022-12-08 15:00:00+00:00,23.226,73.270195,18.175999
16960,2022-12-08 16:00:00+00:00,23.325998,78.99005,19.476
16961,2022-12-08 17:00:00+00:00,23.675999,72.43508,18.425999
16962,2022-12-08 18:00:00+00:00,24.325998,66.03685,17.575998
16963,2022-12-08 19:00:00+00:00,24.425999,63.199425,16.976
16964,2022-12-08 20:00:00+00:00,22.675999,86.86992,20.376
16965,2022-12-08 21:00:00+00:00,21.976,82.33026,18.825998
16966,2022-12-08 22:00:00+00:00,21.425999,83.30104,18.476
16967,2022-12-08 23:00:00+00:00,20.925999,86.706665,18.626
16968,2022-12-09 00:00:00+00:00,19.376,85.74101,16.925999
16969,2022-12-09 01:00:00+00:00,20.175999,91.09449,18.675999
16970,2022-12-09 02:00:00+00:00,19.175999,90.45731,17.575998
16971,2022-12-09 03:00:00+00:00,19.675999,89.92497,17.976
16972,2022-12-09 04:00:00+00:00,19.876,91.647484,18.476
16973,2022-12-09 05:00:00+00:00,20.626,90.83997,19.075998
16974,2022-12-09 06:00:00+00:00,23.526,94.41465,22.575998
16975,2022-12-09 07:00:00+00:00,24.476,93.039055,23.276
16976,2022-12-09 08:00:00+00:00,25.276,92.80009,24.026
16977,2022-12-09 09:00:00+00:00,23.776,89.94306,22.026
16978,2022-12-09 10:00:00+00:00,23.876,91.8862,22.476
16979,2022-12-09 11:00:00+00:00,23.226,92.97575,22.026
16980,2022-12-09 12:00:00+00:00,22.925999,93.24486,21.776
16981,2022-12-09 13:00:00+00:00,22.925999,93.24486,21.776
16982,2022-12-09 14:00:00+00:00,23.126,93.25466,21.976
16983,2022-12-09 15:00:00+00:00,22.876,92.95788,21.675999
16984,2022-12-09 16:00:00+00:00,22.726,92.38287,21.425999
16985,2022-12-09 17:00:00+00:00,23.226,91.848076,21.825998
16986,2022-12-09 18:00:00+00:00,23.425999,92.14026,22.075998
16987,2022-12-09 19:00:00+00:00,23.526,93.27424,22.376
16988,2022-12-09 20:00:00+00:00,23.376,91.298164,21.876
16989,2022-12-09 21:00:00+00:00,23.626,92.43234,22.325998
16990,2022-12-09 22:00:00+00:00,23.325998,91.29504,21.825998
16991,2022-12-09 23:00:00+00:00,23.126,92.12319,21.776
16992,2022-12-10 00:00:00+00:00,23.226,90.455376,21.575998
16993,2022-12-10 01:00:00+00:00,23.325998,91.85399,21.925999
16994,2022-12-10 02:00:00+00:00,23.376,92.70066,22.126
16995,2022-12-10 03:00:00+00:00,23.675999,92.435074,22.376
16996,2022-12-10 04:00:00+00:00,24.226,90.523384,22.575998
16997,2022-12-10 05:00:00+00:00,26.026,82.31242,22.776
16998,2022-12-10 06:00:00+00:00,27.376,74.425385,22.425999
16999,2022-12-10 07:00:00+00:00,26.825998,77.335846,22.526
17000,2022-12-10 08:00:00+00:00,27.276,73.95755,22.226
17001,2022-12-10 09:00:00+00:00,26.425999,78.93954,22.476
17002,2022-12-10 10:00:00+00:00,25.825998,77.660286,21.626
17003,2022-12-10 11:00:00+00:00,26.075998,79.61441,22.276
17004,2022-12-10 12:00:00+00:00,23.226,92.97575,22.026
17005,2022-12-10 13:00:00+00:00,23.325998,94.119835,22.325998
17006,2022-12-10 14:00:00+00:00,23.376,93.83619,22.325998
17007,2022-12-10 15:00:00+00:00,23.376,94.12197,22.376
17008,2022-12-10 16:00:00+00:00,23.276,95.26928,22.476
17009,2022-12-10 17:00:00+00:00,23.325998,94.40648,22.376
17010,2022-12-10 18:00:00+00:00,23.226,93.82944,22.175999
17011,2022-12-10 19:00:00+00:00,22.925999,96.71762,22.376
17012,2022-12-10 20:00:00+00:00,22.976,95.258835,22.175999
17013,2022-12-10 21:00:00+00:00,22.925999,94.96732,22.075998
17014,2022-12-10 22:00:00+00:00,22.825998,95.253624,22.026
17015,2022-12-10 23:00:00+00:00,22.825998,94.385994,21.876
17016,2022-12-11 00:00:00+00:00,22.575998,95.53615,21.825998
17017,2022-12-11 01:00:00+00:00,22.626,94.6666,21.726
17018,2022-12-11 02:00:00+00:00,22.876,92.67414,21.626
17019,2022-12-11 03:00:00+00:00,23.325998,91.0167,21.776
17020,2022-12-11 04:00:00+00:00,23.925999,90.50308,22.276
17021,2022-12-11 05:00:00+00:00,24.175999,91.9037,22.776
17022,2022-12-11 06:00:00+00:00,24.226,91.07446,22.675999
17023,2022-12-11 07:00:00+00:00,24.276,90.52678,22.626
17024,2022-12-11 08:00:00+00:00,24.126,89.69493,22.325998
17025,2022-12-11 09:00:00+00:00,24.675999,89.46368,22.825998
17026,2022-12-11 10:00:00+00:00,24.776,90.5605,23.126
17027,2022-12-11 11:00:00+00:00,24.876,89.20823,22.976
17028,2022-12-11 12:00:00+00:00,24.226,91.906586,22.825998
17029,2022-12-11 13:00:00+00:00,23.376,94.9839,22.526
17030,2022-12-11 14:00:00+00:00,23.175999,94.68807,22.276
17031,2022-12-11 15:00:00+00:00,22.976,96.1325,22.325998
17032,2022-12-11 16:00:00+00:00,22.925999,97.01206,22.425999
17033,2022-12-11 17:00:00+00:00,23.175999,95.26581,22.376
17034,2022-12-11 18:00:00+00:00,23.325998,94.693886,22.425999
17035,2022-12-11 19:00:00+00:00,23.325998,94.693886,22.425999
17036,2022-12-11 20:00:00+00:00,23.126,95.26405,22.325998
17037,2022-12-11 21:00:00+00:00,23.026,94.68223,22.126
17038,2022-12-11 22:00:00+00:00,23.175999,94.40035,22.226
17039,2022-12-11 23:00:00+00:00,22.825998,95.83592,22.126
17040,2022-12-12 00:00:00+00:00,23.376,94.12197,22.376
17041,2022-12-12 01:00:00+00:00,23.376,94.40851,22.425999
17042,2022-12-12 02:00:00+00:00,24.075998,92.73752,22.825998
17043,2022-12-12 03:00:00+00:00,25.425999,86.595184,23.026
17044,2022-12-12 04:00:00+00:00,26.276,83.84903,23.325998
17045,2022-12-12 05:00:00+00:00,26.175999,82.33038,22.925999
17046,2022-12-12 06:00:00+00:00,27.675999,74.47456,22.726
17047,2022-12-12 07:00:00+00:00,27.226,73.05332,21.976
17048,2022-12-12 08:00:00+00:00,27.175999,73.71595,22.075998
17049,2022-12-12 09:00:00+00:00,26.675999,78.496704,22.626
17050,2022-12-12 10:00:00+00:00,26.776,76.161545,22.226
17051,2022-12-12 11:00:00+00:00,25.925999,79.11041,22.026
17052,2022-12-12 12:00:00+00:00,24.726,91.935616,23.325998
17053,2022-12-12 13:00:00+00:00,24.026,95.29522,23.226
17054,2022-12-12 14:00:00+00:00,24.026,94.72097,23.126
17055,2022-12-12 15:00:00+00:00,24.026,93.86527,22.976
17056,2022-12-12 16:00:00+00:00,23.376,95.562355,22.626
17057,2022-12-12 17:00:00+00:00,22.876,96.42263,22.276
17058,2022-12-12 18:00:00+00:00,23.075998,97.310295,22.626
17059,2022-12-12 19:00:00+00:00,22.575998,98.193016,22.276
17060,2022-12-12 20:00:00+00:00,22.626,98.19368,22.325998
17061,2022-12-12 21:00:00+00:00,22.476,97.893074,22.126
17062,2022-12-12 22:00:00+00:00,22.575998,97.59706,22.175999
17063,2022-12-12 23:00:00+00:00,22.476,97.59527,22.075998
17064,2022-12-13 00:00:00+00:00,23.726,90.48947,22.075998
17065,2022-12-13 01:00:00+00:00,23.876,89.67658,22.075998
17066,2022-12-13 02:00:00+00:00,24.526,88.10467,22.425999
17067,2022-12-13 03:00:00+00:00,26.325998,82.34831,23.075998
17068,2022-12-13 04:00:00+00:00,27.476,77.90131,23.276
17069,2022-12-13 05:00:00+00:00,28.575998,71.96653,23.026
17070,2022-12-13 06:00:00+00:00,28.075998,74.0904,23.026
17071,2022-12-13 07:00:00+00:00,28.776,69.4326,22.626
17072,2022-12-13 08:00:00+00:00,28.776,70.49314,22.876
17073,2022-12-13 09:00:00+00:00,28.376,70.63389,22.526
17074,2022-12-13 10:00:00+00:00,27.825998,74.048996,22.776
17075,2022-12-13 11:00:00+00:00,27.226,76.23117,22.675999
17076,2022-12-13 12:00:00+00:00,26.075998,84.08072,23.175999
17077,2022-12-13 13:00:00+00:00,24.976,89.48604,23.126
17078,2022-12-13 14:00:00+00:00,24.126,93.30344,22.976
17079,2022-12-13 15:00:00+00:00,23.675999,94.42076,22.726
17080,2022-12-13 16:00:00+00:00,23.575998,93.560555,22.476
17081,2022-12-13 17:00:00+00:00,23.376,94.9839,22.526
17082,2022-12-13 18:00:00+00:00,23.026,95.84203,22.325998
17083,2022-12-13 19:00:00+00:00,23.276,94.98022,22.425999
17084,2022-12-13 20:00:00+00:00,24.175999,92.46234,22.876
17085,2022-12-13 21:00:00+00:00,23.925999,93.01132,22.726
17086,2022-12-13 22:00:00+00:00,23.626,94.41871,22.675999
17087,2022-12-13 23:00:00+00:00,23.575998,94.99126,22.726
17088,2022-12-14 00:00:00+00:00,22.126,100.0,22.126
17089,2022-12-14 01:00:00+00:00,22.626,99.69694,22.575998
17090,2022-12-14 02:00:00+00:00,23.675999,97.91179,23.325998
17091,2022-12-14 03:00:00+00:00,25.476,89.253876,23.575998
17092,2022-12-14 04:00:00+00:00,27.325998,78.35172,23.226
17093,2022-12-14 05:00:00+00:00,28.376,73.0283,23.075998
17094,2022-12-14 06:00:00+00:00,28.976,70.104294,22.976
17095,2022-12-14 07:00:00+00:00,29.226,68.88903,22.925999
17096,2022-12-14 08:00:00+00:00,28.976,70.52978,23.075998
17097,2022-12-14 09:00:00+00:00,28.626,71.1092,22.876
17098,2022-12-14 10:00:00+00:00,28.075998,73.19849,22.825998
17099,2022-12-14 11:00:00+00:00,27.175999,77.15363,22.825998
17100,2022-12-14 12:00:00+00:00,25.925999,84.57441,23.126
17101,2022-12-14 13:00:00+00:00,24.126,93.58622,23.026
17102,2022-12-14 14:00:00+00:00,23.276,95.849686,22.575998
17103,2022-12-14 15:00:00+00:00,22.425999,97.29729,21.976
17104,2022-12-14 16:00:00+00:00,21.925999,97.2872,21.476
17105,2022-12-14 17:00:00+00:00,23.075998,97.01539,22.575998
17106,2022-12-14 18:00:00+00:00,22.026,100.0,22.026
17107,2022-12-14 19:00:00+00:00,20.976,100.0,20.976
17108,2022-12-14 20:00:00+00:00,20.776,100.0,20.776
17109,2022-12-14 21:00:00+00:00,21.175999,99.69361,21.126
17110,2022-12-14 22:00:00+00:00,21.425999,99.69421,21.376
17111,2022-12-14 23:00:00+00:00,21.726,99.69487,21.675999
17112,2022-12-15 00:00:00+00:00,21.776,99.695,21.726
17113,2022-12-15 01:00:00+00:00,22.276,99.09086,22.126
17114,2022-12-15 02:00:00+00:00,22.675999,98.79305,22.476
17115,2022-12-15 03:00:00+00:00,24.075998,88.875854,22.126
17116,2022-12-15 04:00:00+00:00,25.575998,78.33969,21.526
17117,2022-12-15 05:00:00+00:00,26.776,71.64696,21.226
17118,2022-12-15 06:00:00+00:00,27.626,68.16246,21.226
17119,2022-12-15 07:00:00+00:00,28.126,66.609276,21.325998
17120,2022-12-15 08:00:00+00:00,28.226,66.01985,21.276
17121,2022-12-15 09:00:00+00:00,28.126,67.43019,21.526
17122,2022-12-15 10:00:00+00:00,27.776,67.98313,21.325998
17123,2022-12-15 11:00:00+00:00,26.825998,70.564896,21.026
17124,2022-12-15 12:00:00+00:00,25.226,79.25534,21.376
17125,2022-12-15 13:00:00+00:00,23.476,84.8324,20.776
17126,2022-12-15 14:00:00+00:00,21.776,92.33016,20.476
17127,2022-12-15 15:00:00+00:00,21.276,92.588356,20.026
17128,2022-12-15 16:00:00+00:00,21.026,93.4395,19.925999
17129,2022-12-15 17:00:00+00:00,21.825998,92.61801,20.575998
17130,2022-12-15 18:00:00+00:00,21.575998,94.625275,20.675999
17131,2022-12-15 19:00:00+00:00,21.075998,98.1726,20.776
17132,2022-12-15 20:00:00+00:00,18.825998,100.0,18.825998
17133,2022-12-15 21:00:00+00:00,19.376,99.99999,19.376
17134,2022-12-15 22:00:00+00:00,19.425999,100.0,19.425999
17135,2022-12-15 23:00:00+00:00,19.376,99.99999,19.376
17136,2022-12-16 00:00:00+00:00,19.876,100.0,19.876
17137,2022-12-16 01:00:00+00:00,19.825998,99.69046,19.776
17138,2022-12-16 02:00:00+00:00,20.776,98.16848,20.476
17139,2022-12-16 03:00:00+00:00,22.925999,92.39393,21.626
17140,2022-12-16 04:00:00+00:00,25.526,77.37851,21.276
17141,2022-12-16 05:00:00+00:00,27.276,66.43682,20.476
17142,2022-12-16 06:00:00+00:00,28.476,60.244358,20.026
17143,2022-12-16 07:00:00+00:00,29.126,56.948074,19.726
17144,2022-12-16 08:00:00+00:00,29.026,57.27848,19.726
17145,2022-12-16 09:00:00+00:00,28.526,61.383423,20.376
17146,2022-12-16 10:00:00+00:00,27.876,66.55867,21.075998
17147,2022-12-16 11:00:00+00:00,26.925999,73.22527,21.726
17148,2022-12-16 12:00:00+00:00,25.476,83.253044,22.425999
17149,2022-12-16 13:00:00+00:00,23.726,91.32002,22.226
17150,2022-12-16 14:00:00+00:00,22.925999,93.81594,21.876
17151,2022-12-16 15:00:00+00:00,23.876,90.22457,22.175999
17152,2022-12-16 16:00:00+00:00,23.376,92.9834,22.175999
17153,2022-12-16 17:00:00+00:00,21.575998,98.17945,21.276
17154,2022-12-16 18:00:00+00:00,21.175999,99.38805,21.075998
17155,2022-12-16 19:00:00+00:00,21.026,100.0,21.026
17156,2022-12-16 20:00:00+00:00,20.776,100.0,20.776
17157,2022-12-16 21:00:00+00:00,20.626,100.0,20.626
17158,2022-12-16 22:00:00+00:00,20.575998,100.0,20.575998
17159,2022-12-16 23:00:00+00:00,20.776,100.0,20.776
17160,2022-12-17 00:00:00+00:00,20.876,99.6929,20.825998
17161,2022-12-17 01:00:00+00:00,21.175999,99.69361,21.126
17162,2022-12-17 02:00:00+00:00,22.175999,97.5899,21.776
17163,2022-12-17 03:00:00+00:00,24.626,90.00372,22.876
17164,2022-12-17 04:00:00+00:00,26.675999,78.73522,22.675999
17165,2022-12-17 05:00:00+00:00,27.876,69.262276,21.726
17166,2022-12-17 06:00:00+00:00,28.425999,66.66986,21.626
17167,2022-12-17 07:00:00+00:00,28.825998,65.139854,21.626
17168,2022-12-17 08:00:00+00:00,28.925999,65.16067,21.726
17169,2022-12-17 09:00:00+00:00,28.776,66.1322,21.825998
17170,2022-12-17 10:00:00+00:00,28.276,68.70705,21.976
17171,2022-12-17 11:00:00+00:00,27.325998,72.40515,21.925999
17172,2022-12-17 12:00:00+00:00,26.126,80.106804,22.425999
17173,2022-12-17 13:00:00+00:00,24.626,87.84582,22.476
17174,2022-12-17 14:00:00+00:00,23.776,93.00372,22.575998
17175,2022-12-17 15:00:00+00:00,23.175999,95.26581,22.376
17176,2022-12-17 16:00:00+00:00,22.876,96.12964,22.226
17177,2022-12-17 17:00:00+00:00,22.776,96.41998,22.175999
17178,2022-12-17 18:00:00+00:00,22.575998,96.70911,22.026
17179,2022-12-17 19:00:00+00:00,22.726,96.71274,22.175999
17180,2022-12-17 20:00:00+00:00,22.776,97.00874,22.276
17181,2022-12-17 21:00:00+00:00,22.376,97.59349,21.976
17182,2022-12-17 22:00:00+00:00,22.425999,97.29729,21.976
17183,2022-12-17 23:00:00+00:00,22.476,96.412025,21.876
17184,2022-12-18 00:00:00+00:00,22.925999,97.01206,22.425999
17185,2022-12-18 01:00:00+00:00,23.075998,95.84356,22.376
17186,2022-12-18 02:00:00+00:00,23.876,93.858574,22.825998
17187,2022-12-18 03:00:00+00:00,25.376,84.25975,22.526
17188,2022-12-18 04:00:00+00:00,25.825998,80.55596,22.226
17189,2022-12-18 05:00:00+00:00,26.825998,77.806816,22.626
17190,2022-12-18 06:00:00+00:00,27.276,73.061905,22.026
17191,2022-12-18 07:00:00+00:00,27.476,72.21091,22.026
17192,2022-12-18 08:00:00+00:00,27.425999,71.76294,21.876
17193,2022-12-18 09:00:00+00:00,27.276,71.29906,21.626
17194,2022-12-18 10:00:00+00:00,26.825998,71.65592,21.276
17195,2022-12-18 11:00:00+00:00,26.276,73.79015,21.226
17196,2022-12-18 12:00:00+00:00,25.376,77.832275,21.226
17197,2022-12-18 13:00:00+00:00,24.376,81.61042,21.026
17198,2022-12-18 14:00:00+00:00,23.776,84.0854,20.925999
17199,2022-12-18 15:00:00+00:00,23.276,85.07309,20.626
17200,2022-12-18 16:00:00+00:00,22.626,85.79816,20.126
17201,2022-12-18 17:00:00+00:00,22.075998,86.545456,19.726
17202,2022-12-18 18:00:00+00:00,21.925999,87.07012,19.675999
17203,2022-12-18 19:00:00+00:00,21.175999,90.033516,19.476
17204,2022-12-18 20:00:00+00:00,20.726,90.84661,19.175999
17205,2022-12-18 21:00:00+00:00,21.325998,87.55914,19.175999
17206,2022-12-18 22:00:00+00:00,21.376,87.29126,19.175999
17207,2022-12-18 23:00:00+00:00,19.825998,93.0899,18.675999
17208,2022-12-19 00:00:00+00:00,20.325998,91.96136,18.976
17209,2022-12-19 01:00:00+00:00,20.476,94.581474,19.575998
17210,2022-12-19 02:00:00+00:00,21.675999,92.32459,20.376
17211,2022-12-19 03:00:00+00:00,23.976,83.59245,21.026
17212,2022-12-19 04:00:00+00:00,25.976,73.73963,20.925999
17213,2022-12-19 05:00:00+00:00,26.876,66.35524,20.075998
17214,2022-12-19 06:00:00+00:00,27.575998,62.320293,19.726
17215,2022-12-19 07:00:00+00:00,27.925999,60.305523,19.526
17216,2022-12-19 08:00:00+00:00,27.726,59.699554,19.175999
17217,2022-12-19 09:00:00+00:00,27.425999,56.894257,18.126
17218,2022-12-19 10:00:00+00:00,26.825998,58.564243,18.026
17219,2022-12-19 11:00:00+00:00,25.876,64.115974,18.575998
17220,2022-12-19 12:00:00+00:00,24.476,73.943214,19.526
17221,2022-12-19 13:00:00+00:00,22.675999,81.65007,19.376
17222,2022-12-19 14:00:00+00:00,21.675999,87.04726,19.425999
17223,2022-12-19 15:00:00+00:00,20.876,90.85655,19.325998
17224,2022-12-19 16:00:00+00:00,21.526,86.76296,19.226
17225,2022-12-19 17:00:00+00:00,20.425999,91.11064,18.925999
17226,2022-12-19 18:00:00+00:00,19.776,94.25852,18.825998
17227,2022-12-19 19:00:00+00:00,19.526,96.032135,18.876
17228,2022-12-19 20:00:00+00:00,20.026,96.34605,19.425999
17229,2022-12-19 21:00:00+00:00,19.876,97.54804,19.476
17230,2022-12-19 22:00:00+00:00,19.626,98.15255,19.325998
17231,2022-12-19 23:00:00+00:00,19.425999,98.763145,19.226
17232,2022-12-20 00:00:00+00:00,19.976,98.46243,19.726
17233,2022-12-20 01:00:00+00:00,20.175999,97.85647,19.825998
17234,2022-12-20 02:00:00+00:00,21.276,94.90582,20.425999
17235,2022-12-20 03:00:00+00:00,23.425999,88.012054,21.325998
17236,2022-12-20 04:00:00+00:00,25.626,79.31059,21.776
17237,2022-12-20 05:00:00+00:00,26.825998,71.875885,21.325998
17238,2022-12-20 06:00:00+00:00,27.726,66.12036,20.825998
17239,2022-12-20 07:00:00+00:00,27.876,61.809635,19.876
17240,2022-12-20 08:00:00+00:00,27.876,57.540096,18.726
17241,2022-12-20 09:00:00+00:00,27.476,57.08519,18.226
17242,2022-12-20 10:00:00+00:00,26.776,60.04136,18.376
17243,2022-12-20 11:00:00+00:00,25.675999,68.626854,19.476
17244,2022-12-20 12:00:00+00:00,23.976,81.0592,20.526
17245,2022-12-20 13:00:00+00:00,21.476,92.028404,20.126
17246,2022-12-20 14:00:00+00:00,20.976,92.28533,19.675999
17247,2022-12-20 15:00:00+00:00,20.476,93.122826,19.325998
17248,2022-12-20 16:00:00+00:00,20.776,93.42747,19.675999
17249,2022-12-20 17:00:00+00:00,20.526,95.76438,19.825998
17250,2022-12-20 18:00:00+00:00,20.976,95.18838,20.175999
17251,2022-12-20 19:00:00+00:00,21.776,94.342575,20.825998
17252,2022-12-20 20:00:00+00:00,19.776,98.4601,19.526
17253,2022-12-20 21:00:00+00:00,20.325998,99.3841,20.226
17254,2022-12-20 22:00:00+00:00,20.276,100.0,20.276
17255,2022-12-20 23:00:00+00:00,20.276,100.0,20.276
17256,2022-12-21 00:00:00+00:00,20.476,99.3848,20.376
17257,2022-12-21 01:00:00+00:00,20.476,98.77292,20.276
17258,2022-12-21 02:00:00+00:00,21.175999,97.27197,20.726
17259,2022-12-21 03:00:00+00:00,23.175999,91.00702,21.626
17260,2022-12-21 04:00:00+00:00,25.026,81.44195,21.626
17261,2022-12-21 05:00:00+00:00,25.776,74.84811,20.976
17262,2022-12-21 06:00:00+00:00,26.276,70.89909,20.575998
17263,2022-12-21 07:00:00+00:00,27.075998,67.428535,20.526
17264,2022-12-21 08:00:00+00:00,27.675999,64.89932,20.476
17265,2022-12-21 09:00:00+00:00,27.526,65.47113,20.476
17266,2022-12-21 10:00:00+00:00,26.976,67.40861,20.425999
17267,2022-12-21 11:00:00+00:00,26.026,71.29205,20.425999
17268,2022-12-21 12:00:00+00:00,24.276,80.60005,20.726
17269,2022-12-21 13:00:00+00:00,22.075998,90.93551,20.526
17270,2022-12-21 14:00:00+00:00,21.425999,93.458725,20.325998
17271,2022-12-21 15:00:00+00:00,20.825998,96.070404,20.175999
17272,2022-12-21 16:00:00+00:00,20.226,97.554474,19.825998
17273,2022-12-21 17:00:00+00:00,20.575998,97.56089,20.175999
17274,2022-12-21 18:00:00+00:00,20.526,97.86209,20.175999
17275,2022-12-21 19:00:00+00:00,20.325998,99.07739,20.175999
17276,2022-12-21 20:00:00+00:00,20.675999,98.77477,20.476
17277,2022-12-21 21:00:00+00:00,20.126,99.69116,20.075998
17278,2022-12-21 22:00:00+00:00,19.925999,100.0,19.925999
17279,2022-12-21 23:00:00+00:00,20.126,100.0,20.126
17280,2022-12-22 00:00:00+00:00,20.575998,100.0,20.575998
17281,2022-12-22 01:00:00+00:00,20.825998,100.0,20.825998
17282,2022-12-22 02:00:00+00:00,21.675999,98.48197,21.425999
17283,2022-12-22 03:00:00+00:00,23.476,91.58323,22.026
17284,2022-12-22 04:00:00+00:00,25.175999,84.23811,22.325998
17285,2022-12-22 05:00:00+00:00,27.026,72.7963,21.726
17286,2022-12-22 06:00:00+00:00,27.876,67.38052,21.276
17287,2022-12-22 07:00:00+00:00,28.476,63.488125,20.876
17288,2022-12-22 08:00:00+00:00,28.175999,63.42338,20.575998
17289,2022-12-22 09:00:00+00:00,28.075998,62.817493,20.325998
17290,2022-12-22 10:00:00+00:00,27.376,64.436424,20.075998
17291,2022-12-22 11:00:00+00:00,26.526,67.73671,20.075998
17292,2022-12-22 12:00:00+00:00,25.276,76.63144,20.876
17293,2022-12-22 13:00:00+00:00,23.726,84.33879,20.925999
17294,2022-12-22 14:00:00+00:00,22.626,89.034485,20.726
17295,2022-12-22 15:00:00+00:00,21.575998,91.466934,20.126
17296,2022-12-22 16:00:00+00:00,20.476,92.25713,19.175999
17297,2022-12-22 17:00:00+00:00,20.226,92.242966,18.925999
17298,2022-12-22 18:00:00+00:00,20.476,91.68394,19.075998
17299,2022-12-22 19:00:00+00:00,20.476,92.25713,19.175999
17300,2022-12-22 20:00:00+00:00,20.175999,93.68999,19.126
17301,2022-12-22 21:00:00+00:00,20.276,95.45952,19.526
17302,2022-12-22 22:00:00+00:00,19.876,97.24528,19.425999
17303,2022-12-22 23:00:00+00:00,19.626,97.847565,19.276
17304,2022-12-23 00:00:00+00:00,19.976,97.853226,19.626
17305,2022-12-23 01:00:00+00:00,20.075998,97.55171,19.675999
17306,2022-12-23 02:00:00+00:00,21.075998,94.60544,20.175999
17307,2022-12-23 03:00:00+00:00,23.276,86.12714,20.825998
17308,2022-12-23 04:00:00+00:00,25.175999,78.28219,21.126
17309,2022-12-23 05:00:00+00:00,26.476,72.03453,21.026
17310,2022-12-23 06:00:00+00:00,27.126,67.23093,20.526
17311,2022-12-23 07:00:00+00:00,27.526,62.309223,19.675999
17312,2022-12-23 08:00:00+00:00,27.276,63.228275,19.675999
17313,2022-12-23 09:00:00+00:00,27.026,64.762375,19.825998
17314,2022-12-23 10:00:00+00:00,26.626,66.509926,19.876
17315,2022-12-23 11:00:00+00:00,25.675999,71.67044,20.175999
17316,2022-12-23 12:00:00+00:00,24.126,77.6481,19.976
17317,2022-12-23 13:00:00+00:00,21.526,88.948044,19.626
17318,2022-12-23 14:00:00+00:00,20.825998,91.13644,19.325998
17319,2022-12-23 15:00:00+00:00,20.575998,92.55038,19.325998
17320,2022-12-23 16:00:00+00:00,20.526,92.54764,19.276
17321,2022-12-23 17:00:00+00:00,20.776,92.27409,19.476
17322,2022-12-23 18:00:00+00:00,20.226,93.98455,19.226
17323,2022-12-23 19:00:00+00:00,20.126,95.45446,19.376
17324,2022-12-23 20:00:00+00:00,19.726,97.242165,19.276
17325,2022-12-23 21:00:00+00:00,20.026,98.15812,19.726
17326,2022-12-23 22:00:00+00:00,20.226,98.46533,19.976
17327,2022-12-23 23:00:00+00:00,20.075998,99.075645,19.925999
17328,2022-12-24 00:00:00+00:00,20.925999,96.96727,20.425999
17329,2022-12-24 01:00:00+00:00,20.575998,97.56089,20.175999
17330,2022-12-24 02:00:00+00:00,21.325998,95.200836,20.526
17331,2022-12-24 03:00:00+00:00,23.376,87.20165,21.126
17332,2022-12-24 04:00:00+00:00,25.376,79.76254,21.626
17333,2022-12-24 05:00:00+00:00,26.825998,73.88242,21.776
17334,2022-12-24 06:00:00+00:00,26.925999,71.89365,21.425999
17335,2022-12-24 07:00:00+00:00,27.075998,71.70058,21.526
17336,2022-12-24 08:00:00+00:00,27.476,71.1176,21.776
17337,2022-12-24 09:00:00+00:00,27.376,71.754036,21.825998
17338,2022-12-24 10:00:00+00:00,26.925999,74.35141,21.976
17339,2022-12-24 11:00:00+00:00,26.175999,76.76885,21.776
17340,2022-12-24 12:00:00+00:00,25.175999,79.97996,21.476
17341,2022-12-24 13:00:00+00:00,24.526,83.3988,21.526
17342,2022-12-24 14:00:00+00:00,23.976,86.45894,21.575998
17343,2022-12-24 15:00:00+00:00,24.226,85.17121,21.575998
17344,2022-12-24 16:00:00+00:00,24.276,84.65688,21.526
17345,2022-12-24 17:00:00+00:00,23.675999,87.49611,21.476
17346,2022-12-24 18:00:00+00:00,23.976,86.72375,21.626
17347,2022-12-24 19:00:00+00:00,24.126,86.737686,21.776
17348,2022-12-24 20:00:00+00:00,23.825998,88.856125,21.876
17349,2022-12-24 21:00:00+00:00,23.075998,93.53708,21.976
17350,2022-12-24 22:00:00+00:00,22.575998,96.12106,21.925999
17351,2022-12-24 23:00:00+00:00,22.876,94.38804,21.925999
17352,2022-12-25 00:00:00+00:00,23.376,93.26691,22.226
17353,2022-12-25 01:00:00+00:00,23.575998,93.84517,22.526
17354,2022-12-25 02:00:00+00:00,23.626,94.99308,22.776
17355,2022-12-25 03:00:00+00:00,24.575998,90.82156,22.976
17356,2022-12-25 04:00:00+00:00,24.376,90.53353,22.726
17357,2022-12-25 05:00:00+00:00,25.575998,86.08706,23.075998
17358,2022-12-25 06:00:00+00:00,25.075998,91.12856,23.526
17359,2022-12-25 07:00:00+00:00,24.876,86.28115,22.425999
17360,2022-12-25 08:00:00+00:00,24.825998,90.56385,23.175999
17361,2022-12-25 09:00:00+00:00,25.325998,88.43811,23.276
17362,2022-12-25 10:00:00+00:00,25.026,86.55779,22.626
17363,2022-12-25 11:00:00+00:00,23.776,89.66924,21.976
17364,2022-12-25 12:00:00+00:00,24.075998,93.30102,22.925999
17365,2022-12-25 13:00:00+00:00,23.675999,95.57212,22.925999
17366,2022-12-25 14:00:00+00:00,22.675999,96.41734,22.075998
17367,2022-12-25 15:00:00+00:00,22.126,99.3924,22.026
17368,2022-12-25 16:00:00+00:00,22.276,98.18895,21.976
17369,2022-12-25 17:00:00+00:00,22.126,99.08982,21.976
17370,2022-12-25 18:00:00+00:00,22.376,97.8915,22.026
17371,2022-12-25 19:00:00+00:00,22.376,98.79032,22.175999
17372,2022-12-25 20:00:00+00:00,22.325998,98.48934,22.075998
17373,2022-12-25 21:00:00+00:00,22.126,98.78805,21.925999
17374,2022-12-25 22:00:00+00:00,22.175999,98.78851,21.976
17375,2022-12-25 23:00:00+00:00,22.276,98.488785,22.026
17376,2022-12-26 00:00:00+00:00,22.876,95.54601,22.126
17377,2022-12-26 01:00:00+00:00,23.126,97.01648,22.626
17378,2022-12-26 02:00:00+00:00,23.175999,97.01759,22.675999
17379,2022-12-26 03:00:00+00:00,24.226,91.62849,22.776
17380,2022-12-26 04:00:00+00:00,25.675999,87.40629,23.425999
17381,2022-12-26 05:00:00+00:00,25.325998,84.76765,22.575998
17382,2022-12-26 06:00:00+00:00,25.526,85.30399,22.876
17383,2022-12-26 07:00:00+00:00,26.776,81.659775,23.376
17384,2022-12-26 08:00:00+00:00,27.876,77.25781,23.526
17385,2022-12-26 09:00:00+00:00,27.325998,78.58872,23.276
17386,2022-12-26 10:00:00+00:00,27.325998,77.87957,23.126
17387,2022-12-26 11:00:00+00:00,26.726,80.18636,23.026
17388,2022-12-26 12:00:00+00:00,25.626,85.5727,23.026
17389,2022-12-26 13:00:00+00:00,24.276,92.467766,22.976
17390,2022-12-26 14:00:00+00:00,23.675999,94.9949,22.825998
17391,2022-12-26 15:00:00+00:00,23.425999,95.27449,22.626
17392,2022-12-26 16:00:00+00:00,23.376,94.9839,22.526
17393,2022-12-26 17:00:00+00:00,23.276,94.69194,22.376
17394,2022-12-26 18:00:00+00:00,23.175999,94.976555,22.325998
17395,2022-12-26 19:00:00+00:00,22.876,95.54601,22.126
17396,2022-12-26 20:00:00+00:00,23.026,95.260574,22.226
17397,2022-12-26 21:00:00+00:00,23.526,93.84293,22.476
17398,2022-12-26 22:00:00+00:00,23.575998,94.41669,22.626
17399,2022-12-26 23:00:00+00:00,23.226,96.431854,22.626
17400,2022-12-27 00:00:00+00:00,22.726,97.89698,22.376
17401,2022-12-27 01:00:00+00:00,22.425999,99.09189,22.276
17402,2022-12-27 02:00:00+00:00,23.825998,96.44765,23.226
17403,2022-12-27 03:00:00+00:00,25.325998,90.32498,23.626
17404,2022-12-27 04:00:00+00:00,26.825998,82.40791,23.575998
17405,2022-12-27 05:00:00+00:00,27.876,77.25781,23.526
17406,2022-12-27 06:00:00+00:00,28.075998,75.21865,23.276
17407,2022-12-27 07:00:00+00:00,28.425999,73.47964,23.226
17408,2022-12-27 08:00:00+00:00,27.876,74.50725,22.925999
17409,2022-12-27 09:00:00+00:00,27.626,79.58368,23.776
17410,2022-12-27 10:00:00+00:00,27.325998,78.826355,23.325998
17411,2022-12-27 11:00:00+00:00,26.776,80.43582,23.126
17412,2022-12-27 12:00:00+00:00,26.026,83.82143,23.075998
17413,2022-12-27 13:00:00+00:00,24.626,91.65247,23.175999
17414,2022-12-27 14:00:00+00:00,23.976,95.29347,23.175999
17415,2022-12-27 15:00:00+00:00,23.376,96.728516,22.825998
17416,2022-12-27 16:00:00+00:00,23.376,96.14389,22.726
17417,2022-12-27 17:00:00+00:00,24.126,95.01135,23.276
17418,2022-12-27 18:00:00+00:00,22.675999,99.09359,22.526
17419,2022-12-27 19:00:00+00:00,22.126,100.0,22.126
17420,2022-12-27 20:00:00+00:00,22.126,100.0,22.126
17421,2022-12-27 21:00:00+00:00,22.276,99.69614,22.226
17422,2022-12-27 22:00:00+00:00,22.376,99.69637,22.325998
17423,2022-12-27 23:00:00+00:00,22.425999,99.69649,22.376
17424,2022-12-28 00:00:00+00:00,22.325998,99.39332,22.226
17425,2022-12-28 01:00:00+00:00,22.976,99.39628,22.876
17426,2022-12-28 02:00:00+00:00,23.376,98.79932,23.175999
17427,2022-12-28 03:00:00+00:00,24.276,96.750175,23.726
17428,2022-12-28 04:00:00+00:00,26.526,83.87658,23.575998
17429,2022-12-28 05:00:00+00:00,28.075998,75.44609,23.325998
17430,2022-12-28 06:00:00+00:00,28.925999,71.59453,23.276
17431,2022-12-28 07:00:00+00:00,29.425999,70.39945,23.476
17432,2022-12-28 08:00:00+00:00,29.476,69.98527,23.425999
17433,2022-12-28 09:00:00+00:00,29.175999,70.35357,23.226
17434,2022-12-28 10:00:00+00:00,28.626,70.03939,22.626
17435,2022-12-28 11:00:00+00:00,27.575998,74.23254,22.575998
17436,2022-12-28 12:00:00+00:00,26.376,79.65509,22.575998
17437,2022-12-28 13:00:00+00:00,24.626,91.37587,23.126
17438,2022-12-28 14:00:00+00:00,23.626,96.15098,22.976
17439,2022-12-28 15:00:00+00:00,23.175999,97.60777,22.776
17440,2022-12-28 16:00:00+00:00,23.476,96.73093,22.925999
17441,2022-12-28 17:00:00+00:00,22.925999,97.01206,22.425999
17442,2022-12-28 18:00:00+00:00,22.376,97.8915,22.026
17443,2022-12-28 19:00:00+00:00,22.425999,98.490486,22.175999
17444,2022-12-28 20:00:00+00:00,21.925999,100.0,21.925999
17445,2022-12-28 21:00:00+00:00,21.526,100.0,21.526
17446,2022-12-28 22:00:00+00:00,21.526,100.0,21.526
17447,2022-12-28 23:00:00+00:00,21.626,99.69465,21.575998
17448,2022-12-29 00:00:00+00:00,21.476,100.0,21.476
17449,2022-12-29 01:00:00+00:00,22.325998,99.69626,22.276
17450,2022-12-29 02:00:00+00:00,23.026,98.19906,22.726
17451,2022-12-29 03:00:00+00:00,24.825998,91.664444,23.376
17452,2022-12-29 04:00:00+00:00,26.726,82.14787,23.425999
17453,2022-12-29 05:00:00+00:00,28.075998,74.53991,23.126
17454,2022-12-29 06:00:00+00:00,29.026,68.227,22.575998
17455,2022-12-29 07:00:00+00:00,29.575998,63.143524,21.825998
17456,2022-12-29 08:00:00+00:00,29.925999,60.573902,21.476
17457,2022-12-29 09:00:00+00:00,29.825998,60.73702,21.425999
17458,2022-12-29 10:00:00+00:00,29.425999,64.67089,22.075998
17459,2022-12-29 11:00:00+00:00,28.626,69.82713,22.575998
17460,2022-12-29 12:00:00+00:00,26.925999,79.97077,23.175999
17461,2022-12-29 13:00:00+00:00,25.026,88.14643,22.925999
17462,2022-12-29 14:00:00+00:00,23.976,93.86304,22.925999
17463,2022-12-29 15:00:00+00:00,23.626,95.281395,22.825998
17464,2022-12-29 16:00:00+00:00,23.575998,95.56886,22.825998
17465,2022-12-29 17:00:00+00:00,23.026,96.72005,22.476
17466,2022-12-29 18:00:00+00:00,22.126,98.1869,21.825998
17467,2022-12-29 19:00:00+00:00,21.626,100.0,21.626
17468,2022-12-29 20:00:00+00:00,21.726,100.0,21.726
17469,2022-12-29 21:00:00+00:00,21.925999,100.0,21.925999
17470,2022-12-29 22:00:00+00:00,22.126,99.695786,22.075998
17471,2022-12-29 23:00:00+00:00,22.526,99.69672,22.476
17472,2022-12-30 00:00:00+00:00,22.876,99.39582,22.776
17473,2022-12-30 01:00:00+00:00,22.925999,99.69763,22.876
17474,2022-12-30 02:00:00+00:00,23.026,98.79618,22.825998
17475,2022-12-30 03:00:00+00:00,23.876,93.57456,22.776
17476,2022-12-30 04:00:00+00:00,25.876,84.05891,22.976
17477,2022-12-30 05:00:00+00:00,27.626,75.603355,22.925999
17478,2022-12-30 06:00:00+00:00,28.976,67.18831,22.276
17479,2022-12-30 07:00:00+00:00,29.626,60.691875,21.226
17480,2022-12-30 08:00:00+00:00,29.876,58.73271,20.925999
17481,2022-12-30 09:00:00+00:00,29.776,59.618526,21.075998
17482,2022-12-30 10:00:00+00:00,29.276,63.078613,21.526
17483,2022-12-30 11:00:00+00:00,28.276,67.87341,21.776
17484,2022-12-30 12:00:00+00:00,26.575998,77.298676,22.276
17485,2022-12-30 13:00:00+00:00,24.376,87.29122,22.126
17486,2022-12-30 14:00:00+00:00,23.325998,93.264465,22.175999
17487,2022-12-30 15:00:00+00:00,22.776,95.83436,22.075998
17488,2022-12-30 16:00:00+00:00,22.526,97.29927,22.075998
17489,2022-12-30 17:00:00+00:00,22.026,98.485954,21.776
17490,2022-12-30 18:00:00+00:00,21.626,99.08641,21.476
17491,2022-12-30 19:00:00+00:00,21.325998,100.0,21.325998
17492,2022-12-30 20:00:00+00:00,21.276,100.0,21.276
17493,2022-12-30 21:00:00+00:00,21.925999,100.0,21.925999
17494,2022-12-30 22:00:00+00:00,22.226,99.69603,22.175999
17495,2022-12-30 23:00:00+00:00,22.175999,99.39263,22.075998
17496,2022-12-31 00:00:00+00:00,22.075998,99.39219,21.976
17497,2022-12-31 01:00:00+00:00,22.026,99.695564,21.976
17498,2022-12-31 02:00:00+00:00,22.276,98.488785,22.026
17499,2022-12-31 03:00:00+00:00,23.276,93.26203,22.126
17500,2022-12-31 04:00:00+00:00,25.675999,81.27557,22.226
17501,2022-12-31 05:00:00+00:00,27.526,70.9098,21.776
17502,2022-12-31 06:00:00+00:00,28.776,63.5527,21.175999
17503,2022-12-31 07:00:00+00:00,29.526,59.013584,20.675999
17504,2022-12-31 08:00:00+00:00,29.825998,57.64639,20.575998
17505,2022-12-31 09:00:00+00:00,29.675999,58.146297,20.575998
17506,2022-12-31 10:00:00+00:00,28.925999,60.720272,20.575998
17507,2022-12-31 11:00:00+00:00,27.626,64.688866,20.376
17508,2022-12-31 12:00:00+00:00,25.675999,73.01067,20.476
17509,2022-12-31 13:00:00+00:00,23.626,84.848175,20.925999
17510,2022-12-31 14:00:00+00:00,22.675999,91.81567,21.276
17511,2022-12-31 15:00:00+00:00,22.276,92.92708,21.075998
17512,2022-12-31 16:00:00+00:00,22.825998,92.38842,21.526
17513,2022-12-31 17:00:00+00:00,22.626,92.94507,21.425999
17514,2022-12-31 18:00:00+00:00,21.276,95.78789,20.575998
17515,2022-12-31 19:00:00+00:00,21.075998,97.8709,20.726
17516,2022-12-31 20:00:00+00:00,21.126,99.38782,21.026
17517,2022-12-31 21:00:00+00:00,20.876,99.38664,20.776
17518,2022-12-31 22:00:00+00:00,20.425999,99.69188,20.376
17519,2022-12-31 23:00:00+00:00,19.976,100.0,19.976
17520,2023-01-01 00:00:00+00:00,20.126,100.0,20.126
17521,2023-01-01 01:00:00+00:00,19.976,100.0,19.976
17522,2023-01-01 02:00:00+00:00,21.976,96.10379,21.325998
17523,2023-01-01 03:00:00+00:00,24.026,86.993835,21.726
17524,2023-01-01 04:00:00+00:00,25.976,77.91991,21.825998
17525,2023-01-01 05:00:00+00:00,27.325998,71.74515,21.776
17526,2023-01-01 06:00:00+00:00,28.376,65.04599,21.175999
17527,2023-01-01 07:00:00+00:00,29.075998,60.94149,20.776
17528,2023-01-01 08:00:00+00:00,29.325998,59.149246,20.526
17529,2023-01-01 09:00:00+00:00,29.425999,58.62774,20.476
17530,2023-01-01 10:00:00+00:00,29.026,60.930214,20.726
17531,2023-01-01 11:00:00+00:00,27.575998,69.41743,21.476
17532,2023-01-01 12:00:00+00:00,25.526,79.78282,21.776
17533,2023-01-01 13:00:00+00:00,23.626,91.036,22.075998
17534,2023-01-01 14:00:00+00:00,22.976,94.969185,22.126
17535,2023-01-01 15:00:00+00:00,22.925999,94.96732,22.075998
17536,2023-01-01 16:00:00+00:00,23.075998,93.82271,22.026
17537,2023-01-01 17:00:00+00:00,23.026,92.68211,21.776
17538,2023-01-01 18:00:00+00:00,22.876,91.82748,21.476
17539,2023-01-01 19:00:00+00:00,21.425999,95.498085,20.675999
17540,2023-01-01 20:00:00+00:00,21.226,97.27298,20.776
17541,2023-01-01 21:00:00+00:00,21.175999,98.77939,20.976
17542,2023-01-01 22:00:00+00:00,20.226,100.0,20.226
17543,2023-01-01 23:00:00+00:00,19.825998,100.0,19.825998
17544,2023-01-02 00:00:00+00:00,20.626,100.0,20.626
17545,2023-01-02 01:00:00+00:00,20.876,100.0,20.876
17546,2023-01-02 02:00:00+00:00,22.226,98.48822,21.976
17547,2023-01-02 03:00:00+00:00,24.425999,88.903366,22.476
17548,2023-01-02 04:00:00+00:00,26.226,79.87711,22.476
17549,2023-01-02 05:00:00+00:00,27.575998,70.48704,21.726
17550,2023-01-02 06:00:00+00:00,28.476,62.326187,20.575998
17551,2023-01-02 07:00:00+00:00,28.976,58.161133,19.925999
17552,2023-01-02 08:00:00+00:00,28.925999,56.19684,19.325998
17553,2023-01-02 09:00:00+00:00,28.476,57.683125,19.325998
17554,2023-01-02 10:00:00+00:00,27.925999,59.19057,19.226
17555,2023-01-02 11:00:00+00:00,27.075998,63.974514,19.675999
17556,2023-01-02 12:00:00+00:00,25.626,76.215904,21.126
17557,2023-01-02 13:00:00+00:00,23.675999,86.43051,21.276
17558,2023-01-02 14:00:00+00:00,22.675999,91.25421,21.175999
17559,2023-01-02 15:00:00+00:00,22.175999,92.92194,20.976
17560,2023-01-02 16:00:00+00:00,21.876,93.480225,20.776
17561,2023-01-02 17:00:00+00:00,21.626,94.04622,20.626
17562,2023-01-02 18:00:00+00:00,21.726,93.18547,20.575998
17563,2023-01-02 19:00:00+00:00,23.175999,89.077354,21.276
17564,2023-01-02 20:00:00+00:00,20.925999,96.3705,20.325998
17565,2023-01-02 21:00:00+00:00,19.976,100.0,19.976
17566,2023-01-02 22:00:00+00:00,19.626,100.0,19.626
17567,2023-01-02 23:00:00+00:00,19.425999,100.0,19.425999
17568,2023-01-03 00:00:00+00:00,20.325998,100.0,20.325998
17569,2023-01-03 01:00:00+00:00,20.526,99.6921,20.476
17570,2023-01-03 02:00:00+00:00,21.325998,98.47799,21.075998
17571,2023-01-03 03:00:00+00:00,23.526,94.70165,22.626
17572,2023-01-03 04:00:00+00:00,26.126,78.179756,22.026
17573,2023-01-03 05:00:00+00:00,27.226,73.05332,21.976
17574,2023-01-03 06:00:00+00:00,27.626,69.426895,21.526
17575,2023-01-03 07:00:00+00:00,27.526,68.14291,21.126
17576,2023-01-03 08:00:00+00:00,27.675999,67.134254,21.026
17577,2023-01-03 09:00:00+00:00,27.575998,65.886406,20.626
17578,2023-01-03 10:00:00+00:00,27.175999,64.59371,19.925999
17579,2023-01-03 11:00:00+00:00,26.425999,68.34843,20.126
17580,2023-01-03 12:00:00+00:00,25.526,76.434715,21.075998
17581,2023-01-03 13:00:00+00:00,23.526,87.21516,21.276
17582,2023-01-03 14:00:00+00:00,22.575998,92.09179,21.226
17583,2023-01-03 15:00:00+00:00,22.425999,91.80086,21.026
17584,2023-01-03 16:00:00+00:00,22.325998,91.51313,20.876
17585,2023-01-03 17:00:00+00:00,21.575998,94.334274,20.626
17586,2023-01-03 18:00:00+00:00,21.675999,92.89609,20.476
17587,2023-01-03 19:00:00+00:00,21.776,91.76215,20.376
17588,2023-01-03 20:00:00+00:00,21.876,89.52811,20.075998
17589,2023-01-03 21:00:00+00:00,22.026,87.620766,19.876
17590,2023-01-03 22:00:00+00:00,22.776,84.75847,20.075998
17591,2023-01-03 23:00:00+00:00,20.925999,93.4347,19.825998
17592,2023-01-04 00:00:00+00:00,20.876,98.776596,20.675999
17593,2023-01-04 01:00:00+00:00,20.575998,100.0,20.575998
17594,2023-01-04 02:00:00+00:00,21.726,98.78441,21.526
17595,2023-01-04 03:00:00+00:00,24.226,86.74694,21.876
17596,2023-01-04 04:00:00+00:00,25.776,77.41572,21.526
17597,2023-01-04 05:00:00+00:00,26.425999,74.72474,21.575998
17598,2023-01-04 06:00:00+00:00,27.476,69.8248,21.476
17599,2023-01-04 07:00:00+00:00,26.825998,65.73155,19.876
17600,2023-01-04 08:00:00+00:00,26.526,69.21763,20.425999
17601,2023-01-04 09:00:00+00:00,26.376,70.26483,20.526
17602,2023-01-04 10:00:00+00:00,26.325998,72.00795,20.876
17603,2023-01-04 11:00:00+00:00,25.675999,70.789,19.976
17604,2023-01-04 12:00:00+00:00,25.626,74.82365,20.825998
17605,2023-01-04 13:00:00+00:00,24.075998,81.07205,20.626
17606,2023-01-04 14:00:00+00:00,23.425999,83.788216,20.526
17607,2023-01-04 15:00:00+00:00,22.825998,86.08339,20.376
17608,2023-01-04 16:00:00+00:00,22.376,87.922646,20.276
17609,2023-01-04 17:00:00+00:00,22.126,88.995316,20.226
17610,2023-01-04 18:00:00+00:00,21.626,90.34508,19.976
17611,2023-01-04 19:00:00+00:00,21.526,89.77981,19.776
17612,2023-01-04 20:00:00+00:00,21.526,89.77981,19.776
17613,2023-01-04 21:00:00+00:00,21.876,87.336205,19.675999
17614,2023-01-04 22:00:00+00:00,21.726,87.05184,19.476
17615,2023-01-04 23:00:00+00:00,21.425999,87.295784,19.226
17616,2023-01-05 00:00:00+00:00,23.626,77.09294,19.376
17617,2023-01-05 01:00:00+00:00,23.425999,77.78571,19.325998
17618,2023-01-05 02:00:00+00:00,23.425999,81.4913,20.075998
17619,2023-01-05 03:00:00+00:00,25.575998,76.20814,21.075998
17620,2023-01-05 04:00:00+00:00,27.075998,64.97391,19.925999
17621,2023-01-05 05:00:00+00:00,27.776,61.405197,19.675999
17622,2023-01-05 06:00:00+00:00,28.075998,60.152824,19.626
17623,2023-01-05 07:00:00+00:00,28.026,60.515915,19.675999
17624,2023-01-05 08:00:00+00:00,27.825998,60.84722,19.575998
17625,2023-01-05 09:00:00+00:00,27.075998,64.17332,19.726
17626,2023-01-05 10:00:00+00:00,26.126,70.21826,20.276
17627,2023-01-05 11:00:00+00:00,25.675999,73.689,20.626
17628,2023-01-05 12:00:00+00:00,25.575998,75.74143,20.976
17629,2023-01-05 13:00:00+00:00,23.925999,84.10187,21.075998
17630,2023-01-05 14:00:00+00:00,23.476,86.677155,21.126
17631,2023-01-05 15:00:00+00:00,23.126,89.07345,21.226
17632,2023-01-05 16:00:00+00:00,22.726,90.699104,21.126
17633,2023-01-05 17:00:00+00:00,22.476,91.522316,21.026
17634,2023-01-05 18:00:00+00:00,22.526,90.96487,20.976
17635,2023-01-05 19:00:00+00:00,22.226,91.788956,20.825998
17636,2023-01-05 20:00:00+00:00,21.925999,92.33853,20.626
17637,2023-01-05 21:00:00+00:00,21.776,92.61532,20.526
17638,2023-01-05 22:00:00+00:00,21.226,93.73851,20.175999
17639,2023-01-05 23:00:00+00:00,20.925999,94.59947,20.026
17640,2023-01-06 00:00:00+00:00,20.976,95.48305,20.226
17641,2023-01-06 01:00:00+00:00,21.575998,94.044014,20.575998
17642,2023-01-06 02:00:00+00:00,23.425999,86.93897,21.126
17643,2023-01-06 03:00:00+00:00,25.726,74.38109,20.825998
17644,2023-01-06 04:00:00+00:00,26.726,68.61831,20.476
17645,2023-01-06 05:00:00+00:00,27.476,65.46074,20.425999
17646,2023-01-06 06:00:00+00:00,27.925999,62.979042,20.226
17647,2023-01-06 07:00:00+00:00,28.126,61.29367,19.976
17648,2023-01-06 08:00:00+00:00,28.075998,60.152824,19.626
17649,2023-01-06 09:00:00+00:00,27.776,61.214912,19.626
17650,2023-01-06 10:00:00+00:00,27.376,62.858833,19.675999
17651,2023-01-06 11:00:00+00:00,26.575998,66.088615,19.726
17652,2023-01-06 12:00:00+00:00,25.325998,74.08586,20.376
17653,2023-01-06 13:00:00+00:00,23.575998,82.26892,20.376
17654,2023-01-06 14:00:00+00:00,22.726,85.80809,20.226
17655,2023-01-06 15:00:00+00:00,21.976,89.25919,20.126
17656,2023-01-06 16:00:00+00:00,21.476,91.46074,20.026
17657,2023-01-06 17:00:00+00:00,21.126,92.580246,19.876
17658,2023-01-06 18:00:00+00:00,20.925999,93.72471,19.876
17659,2023-01-06 19:00:00+00:00,20.976,94.0177,19.976
17660,2023-01-06 20:00:00+00:00,20.825998,94.59548,19.925999
17661,2023-01-06 21:00:00+00:00,20.526,95.76438,19.825998
17662,2023-01-06 22:00:00+00:00,20.476,96.06015,19.825998
17663,2023-01-06 23:00:00+00:00,20.425999,96.35695,19.825998
17664,2023-01-07 00:00:00+00:00,20.876,94.89075,20.026
17665,2023-01-07 01:00:00+00:00,20.976,96.37185,20.376
17666,2023-01-07 02:00:00+00:00,21.726,95.50807,20.976
17667,2023-01-07 03:00:00+00:00,23.376,86.667816,21.026
17668,2023-01-07 04:00:00+00:00,24.925999,78.00585,20.825998
17669,2023-01-07 05:00:00+00:00,26.026,73.748085,20.976
17670,2023-01-07 06:00:00+00:00,26.825998,69.702576,20.825998
17671,2023-01-07 07:00:00+00:00,27.276,66.43682,20.476
17672,2023-01-07 08:00:00+00:00,26.276,66.85245,19.626
17673,2023-01-07 09:00:00+00:00,26.425999,70.926544,20.726
17674,2023-01-07 10:00:00+00:00,26.476,71.15425,20.825998
17675,2023-01-07 11:00:00+00:00,25.925999,72.82919,20.675999
17676,2023-01-07 12:00:00+00:00,25.026,77.78092,20.876
17677,2023-01-07 13:00:00+00:00,23.175999,87.452,20.976
17678,2023-01-07 14:00:00+00:00,22.575998,90.689095,20.976
17679,2023-01-07 15:00:00+00:00,23.126,87.44754,20.925999
17680,2023-01-07 16:00:00+00:00,22.675999,89.86374,20.925999
17681,2023-01-07 17:00:00+00:00,22.226,92.3552,20.925999
17682,2023-01-07 18:00:00+00:00,21.075998,96.37455,20.476
17683,2023-01-07 19:00:00+00:00,19.776,100.0,19.776
17684,2023-01-07 20:00:00+00:00,19.575998,100.0,19.575998
17685,2023-01-07 21:00:00+00:00,19.425999,100.0,19.425999
17686,2023-01-07 22:00:00+00:00,19.675999,100.0,19.675999
17687,2023-01-07 23:00:00+00:00,19.976,100.0,19.976
17688,2023-01-08 00:00:00+00:00,20.126,100.0,20.126
17689,2023-01-08 01:00:00+00:00,20.376,99.69174,20.325998
17690,2023-01-08 02:00:00+00:00,20.976,97.8693,20.626
17691,2023-01-08 03:00:00+00:00,22.675999,90.41769,21.026
17692,2023-01-08 04:00:00+00:00,23.776,85.124855,21.126
17693,2023-01-08 05:00:00+00:00,25.376,74.782845,20.575998
17694,2023-01-08 06:00:00+00:00,26.776,65.92516,19.876
17695,2023-01-08 07:00:00+00:00,27.175999,62.815014,19.476
17696,2023-01-08 08:00:00+00:00,27.276,59.03881,18.575998
17697,2023-01-08 09:00:00+00:00,26.925999,51.457935,16.075998
17698,2023-01-08 10:00:00+00:00,26.476,49.402203,15.026
17699,2023-01-08 11:00:00+00:00,25.575998,52.77833,15.226
17700,2023-01-08 12:00:00+00:00,23.626,68.22449,17.425999
17701,2023-01-08 13:00:00+00:00,20.526,83.98671,17.726
17702,2023-01-08 14:00:00+00:00,19.226,89.04488,17.376
17703,2023-01-08 15:00:00+00:00,18.776,87.887146,16.726
17704,2023-01-08 16:00:00+00:00,18.425999,87.29897,16.276
17705,2023-01-08 17:00:00+00:00,18.376,87.01665,16.175999
17706,2023-01-08 18:00:00+00:00,18.126,87.55059,16.026
17707,2023-01-08 19:00:00+00:00,17.825998,87.24414,15.676
17708,2023-01-08 20:00:00+00:00,18.226,85.078156,15.676
17709,2023-01-08 21:00:00+00:00,18.175999,86.72069,15.926
17710,2023-01-08 22:00:00+00:00,18.626,87.59523,16.526
17711,2023-01-08 23:00:00+00:00,20.175999,84.21299,17.425999
17712,2023-01-09 00:00:00+00:00,16.776,97.18002,16.325998
17713,2023-01-09 01:00:00+00:00,16.825998,99.68329,16.776
17714,2023-01-09 02:00:00+00:00,17.825998,96.89582,17.325998
17715,2023-01-09 03:00:00+00:00,21.325998,83.812965,18.476
17716,2023-01-09 04:00:00+00:00,24.026,72.270706,18.726
17717,2023-01-09 05:00:00+00:00,25.825998,62.7139,18.175999
17718,2023-01-09 06:00:00+00:00,26.776,57.276306,17.626
17719,2023-01-09 07:00:00+00:00,27.376,53.744587,17.175999
17720,2023-01-09 08:00:00+00:00,27.476,52.591606,16.925999
17721,2023-01-09 09:00:00+00:00,27.325998,52.2208,16.675999
17722,2023-01-09 10:00:00+00:00,26.626,55.63457,17.026
17723,2023-01-09 11:00:00+00:00,25.675999,59.975792,17.325998
17724,2023-01-09 12:00:00+00:00,24.226,69.424255,18.276
17725,2023-01-09 13:00:00+00:00,21.925999,80.540794,18.425999
17726,2023-01-09 14:00:00+00:00,20.425999,88.0295,18.376
17727,2023-01-09 15:00:00+00:00,19.175999,91.31663,17.726
17728,2023-01-09 16:00:00+00:00,19.675999,87.13671,17.476
17729,2023-01-09 17:00:00+00:00,20.675999,83.2139,17.726
17730,2023-01-09 18:00:00+00:00,20.175999,86.092186,17.776
17731,2023-01-09 19:00:00+00:00,19.526,89.63143,17.776
17732,2023-01-09 20:00:00+00:00,18.825998,93.038795,17.675999
17733,2023-01-09 21:00:00+00:00,16.675999,98.4234,16.425999
17734,2023-01-09 22:00:00+00:00,16.126,100.0,16.126
17735,2023-01-09 23:00:00+00:00,15.926,100.0,15.926
17736,2023-01-10 00:00:00+00:00,16.675999,100.0,16.675999
17737,2023-01-10 01:00:00+00:00,16.876,100.0,16.876
17738,2023-01-10 02:00:00+00:00,18.175999,98.132164,17.876
17739,2023-01-10 03:00:00+00:00,21.476,87.845215,19.376
17740,2023-01-10 04:00:00+00:00,24.325998,71.87404,18.925999
17741,2023-01-10 05:00:00+00:00,25.776,62.50623,18.075998
17742,2023-01-10 06:00:00+00:00,26.776,57.276306,17.626
17743,2023-01-10 07:00:00+00:00,27.325998,54.93382,17.476
17744,2023-01-10 08:00:00+00:00,27.526,54.637836,17.575998
17745,2023-01-10 09:00:00+00:00,27.325998,55.107418,17.526
17746,2023-01-10 10:00:00+00:00,26.925999,56.7733,17.626
17747,2023-01-10 11:00:00+00:00,26.026,61.00959,17.925999
17748,2023-01-10 12:00:00+00:00,24.325998,69.22608,18.325998
17749,2023-01-10 13:00:00+00:00,21.476,83.3068,18.526
17750,2023-01-10 14:00:00+00:00,20.075998,89.95408,18.376
17751,2023-01-10 15:00:00+00:00,21.526,83.573654,18.626
17752,2023-01-10 16:00:00+00:00,21.026,85.637794,18.526
17753,2023-01-10 17:00:00+00:00,19.876,89.09609,18.026
17754,2023-01-10 18:00:00+00:00,18.075998,93.88801,17.075998
17755,2023-01-10 19:00:00+00:00,17.226,96.26842,16.626
17756,2023-01-10 20:00:00+00:00,16.476,98.10781,16.175999
17757,2023-01-10 21:00:00+00:00,16.175999,99.04776,16.026
17758,2023-01-10 22:00:00+00:00,15.876,100.0,15.876
17759,2023-01-10 23:00:00+00:00,15.626,100.0,15.626
17760,2023-01-11 00:00:00+00:00,16.526,100.0,16.526
17761,2023-01-11 01:00:00+00:00,16.776,98.73792,16.575998
17762,2023-01-11 02:00:00+00:00,18.376,94.79501,17.526
17763,2023-01-11 03:00:00+00:00,21.675999,83.85229,18.825998
17764,2023-01-11 04:00:00+00:00,24.526,68.832085,18.425999
17765,2023-01-11 05:00:00+00:00,26.175999,62.203823,18.376
17766,2023-01-11 06:00:00+00:00,27.425999,56.00712,17.876
17767,2023-01-11 07:00:00+00:00,28.276,52.13354,17.526
17768,2023-01-11 08:00:00+00:00,28.726,50.468746,17.425999
17769,2023-01-11 09:00:00+00:00,28.526,51.543602,17.575998
17770,2023-01-11 10:00:00+00:00,27.776,55.21861,17.976
17771,2023-01-11 11:00:00+00:00,26.526,58.86282,17.825998
17772,2023-01-11 12:00:00+00:00,24.626,68.207565,18.376
17773,2023-01-11 13:00:00+00:00,22.075998,83.116554,19.075998
17774,2023-01-11 14:00:00+00:00,20.575998,92.55038,19.325998
17775,2023-01-11 15:00:00+00:00,19.726,94.5513,18.825998
17776,2023-01-11 16:00:00+00:00,20.075998,93.102585,18.925999
17777,2023-01-11 17:00:00+00:00,20.575998,93.12788,19.425999
17778,2023-01-11 18:00:00+00:00,20.526,94.58349,19.626
17779,2023-01-11 19:00:00+00:00,17.675999,99.37156,17.575998
17780,2023-01-11 20:00:00+00:00,17.626,100.0,17.626
17781,2023-01-11 21:00:00+00:00,16.675999,100.0,16.675999
17782,2023-01-11 22:00:00+00:00,16.526,100.0,16.526
17783,2023-01-11 23:00:00+00:00,16.726,100.0,16.726
17784,2023-01-12 00:00:00+00:00,17.226,100.0,17.226
17785,2023-01-12 01:00:00+00:00,17.925999,99.99999,17.925999
17786,2023-01-12 02:00:00+00:00,18.376,98.753235,18.175999
17787,2023-01-12 03:00:00+00:00,20.175999,95.456154,19.425999
17788,2023-01-12 04:00:00+00:00,22.925999,83.991646,20.075998
17789,2023-01-12 05:00:00+00:00,25.575998,67.54771,19.126
17790,2023-01-12 06:00:00+00:00,27.226,56.667385,17.876
17791,2023-01-12 07:00:00+00:00,28.325998,51.16785,17.276
17792,2023-01-12 08:00:00+00:00,28.876,47.862972,16.726
17793,2023-01-12 09:00:00+00:00,28.776,46.783092,16.276
17794,2023-01-12 10:00:00+00:00,28.026,47.636787,15.876
17795,2023-01-12 11:00:00+00:00,26.626,50.726833,15.576
17796,2023-01-12 12:00:00+00:00,24.575998,62.238907,16.876
17797,2023-01-12 13:00:00+00:00,21.376,79.71143,17.726
17798,2023-01-12 14:00:00+00:00,19.726,90.21159,18.075998
17799,2023-01-12 15:00:00+00:00,19.626,89.92131,17.925999
17800,2023-01-12 16:00:00+00:00,19.776,89.368805,17.976
17801,2023-01-12 17:00:00+00:00,19.075998,92.467964,17.825998
17802,2023-01-12 18:00:00+00:00,18.776,95.40848,18.026
17803,2023-01-12 19:00:00+00:00,17.726,100.0,17.726
17804,2023-01-12 20:00:00+00:00,17.376,100.0,17.376
17805,2023-01-12 21:00:00+00:00,16.925999,100.0,16.925999
17806,2023-01-12 22:00:00+00:00,17.026,100.0,17.026
17807,2023-01-12 23:00:00+00:00,17.226,100.0,17.226
17808,2023-01-13 00:00:00+00:00,17.776,99.37201,17.675999
17809,2023-01-13 01:00:00+00:00,17.776,99.37201,17.675999
17810,2023-01-13 02:00:00+00:00,18.476,97.82879,18.126
17811,2023-01-13 03:00:00+00:00,20.276,97.253525,19.825998
17812,2023-01-13 04:00:00+00:00,22.476,90.126175,20.776
17813,2023-01-13 05:00:00+00:00,25.476,72.97612,20.276
17814,2023-01-13 06:00:00+00:00,27.075998,62.0161,19.175999
17815,2023-01-13 07:00:00+00:00,28.075998,54.43137,18.026
17816,2023-01-13 08:00:00+00:00,28.526,50.257633,17.175999
17817,2023-01-13 09:00:00+00:00,28.425999,48.818314,16.626
17818,2023-01-13 10:00:00+00:00,27.776,50.863945,16.675999
17819,2023-01-13 11:00:00+00:00,26.675999,55.120636,16.925999
17820,2023-01-13 12:00:00+00:00,24.925999,67.206665,18.425999
17821,2023-01-13 13:00:00+00:00,21.925999,84.14214,19.126
17822,2023-01-13 14:00:00+00:00,20.026,92.80978,18.825998
17823,2023-01-13 15:00:00+00:00,19.425999,94.53918,18.526
17824,2023-01-13 16:00:00+00:00,19.626,94.25215,18.675999
17825,2023-01-13 17:00:00+00:00,21.075998,92.57754,19.825998
17826,2023-01-13 18:00:00+00:00,20.675999,94.883194,19.825998
17827,2023-01-13 19:00:00+00:00,20.675999,94.00448,19.675999
17828,2023-01-13 20:00:00+00:00,17.626,98.43479,17.376
17829,2023-01-13 21:00:00+00:00,17.226,99.36938,17.126
17830,2023-01-13 22:00:00+00:00,16.825998,100.0,16.825998
17831,2023-01-13 23:00:00+00:00,16.476,100.0,16.476
17832,2023-01-14 00:00:00+00:00,16.776,100.0,16.776
17833,2023-01-14 01:00:00+00:00,16.925999,100.0,16.925999
17834,2023-01-14 02:00:00+00:00,18.675999,98.75609,18.476
17835,2023-01-14 03:00:00+00:00,21.425999,89.77248,19.675999
17836,2023-01-14 04:00:00+00:00,24.276,76.00479,19.776
17837,2023-01-14 05:00:00+00:00,25.876,68.240715,19.575998
17838,2023-01-14 06:00:00+00:00,27.175999,59.38606,18.575998
17839,2023-01-14 07:00:00+00:00,28.126,53.76348,17.876
17840,2023-01-14 08:00:00+00:00,28.726,50.6283,17.476
17841,2023-01-14 09:00:00+00:00,28.825998,51.296684,17.776
17842,2023-01-14 10:00:00+00:00,28.325998,53.14117,17.876
17843,2023-01-14 11:00:00+00:00,27.075998,55.04549,17.276
17844,2023-01-14 12:00:00+00:00,24.876,60.554283,16.726
17845,2023-01-14 13:00:00+00:00,22.226,72.635475,17.075998
17846,2023-01-14 14:00:00+00:00,20.476,86.12164,18.075998
17847,2023-01-14 15:00:00+00:00,19.825998,91.07178,18.325998
17848,2023-01-14 16:00:00+00:00,18.976,92.75406,17.776
17849,2023-01-14 17:00:00+00:00,18.325998,93.01305,17.175999
17850,2023-01-14 18:00:00+00:00,18.126,91.83073,16.776
17851,2023-01-14 19:00:00+00:00,17.425999,92.67063,16.226
17852,2023-01-14 20:00:00+00:00,16.925999,95.04089,16.126
17853,2023-01-14 21:00:00+00:00,16.376,99.36526,16.276
17854,2023-01-14 22:00:00+00:00,15.426,99.99999,15.426
17855,2023-01-14 23:00:00+00:00,15.576,100.0,15.576
17856,2023-01-15 00:00:00+00:00,15.826,100.0,15.826
17857,2023-01-15 01:00:00+00:00,16.325998,99.99999,16.325998
17858,2023-01-15 02:00:00+00:00,17.425999,98.74419,17.226
17859,2023-01-15 03:00:00+00:00,20.675999,88.60324,18.726
17860,2023-01-15 04:00:00+00:00,23.825998,74.52781,19.026
17861,2023-01-15 05:00:00+00:00,25.476,66.2745,18.726
17862,2023-01-15 06:00:00+00:00,26.726,59.467518,18.175999
17863,2023-01-15 07:00:00+00:00,27.776,53.845116,17.575998
17864,2023-01-15 08:00:00+00:00,28.325998,50.04673,16.925999
17865,2023-01-15 09:00:00+00:00,28.175999,48.288795,16.226
17866,2023-01-15 10:00:00+00:00,27.476,49.824368,16.075998
17867,2023-01-15 11:00:00+00:00,26.226,55.008854,16.476
17868,2023-01-15 12:00:00+00:00,24.175999,67.26642,17.726
17869,2023-01-15 13:00:00+00:00,21.276,82.76285,18.226
17870,2023-01-15 14:00:00+00:00,19.825998,90.2187,18.175999
17871,2023-01-15 15:00:00+00:00,19.476,88.22587,17.476
17872,2023-01-15 16:00:00+00:00,19.126,89.036964,17.276
17873,2023-01-15 17:00:00+00:00,18.476,92.72729,17.276
17874,2023-01-15 18:00:00+00:00,18.476,93.906136,17.476
17875,2023-01-15 19:00:00+00:00,18.276,94.79111,17.425999
17876,2023-01-15 20:00:00+00:00,17.776,96.58882,17.226
17877,2023-01-15 21:00:00+00:00,17.175999,100.0,17.175999
17878,2023-01-15 22:00:00+00:00,16.276,99.99999,16.276
17879,2023-01-15 23:00:00+00:00,16.526,100.0,16.526
17880,2023-01-16 00:00:00+00:00,16.626,100.0,16.626
17881,2023-01-16 01:00:00+00:00,17.126,99.05467,16.976
17882,2023-01-16 02:00:00+00:00,18.925999,95.11456,18.126
17883,2023-01-16 03:00:00+00:00,21.825998,83.34724,18.876
17884,2023-01-16 04:00:00+00:00,24.276,72.31504,18.976
17885,2023-01-16 05:00:00+00:00,25.876,63.51653,18.425999
17886,2023-01-16 06:00:00+00:00,27.126,57.360466,17.976
17887,2023-01-16 07:00:00+00:00,28.126,53.76348,17.876
17888,2023-01-16 08:00:00+00:00,28.476,52.67976,17.876
17889,2023-01-16 09:00:00+00:00,27.976,54.2356,17.876
17890,2023-01-16 10:00:00+00:00,26.925999,60.264282,18.575998
17891,2023-01-16 11:00:00+00:00,25.925999,64.52902,18.726
17892,2023-01-16 12:00:00+00:00,24.626,69.936676,18.776
17893,2023-01-16 13:00:00+00:00,21.776,84.12559,18.976
17894,2023-01-16 14:00:00+00:00,20.776,88.05939,18.726
17895,2023-01-16 15:00:00+00:00,19.825998,91.07178,18.325998
17896,2023-01-16 16:00:00+00:00,19.325998,92.48178,18.075998
17897,2023-01-16 17:00:00+00:00,19.126,94.230804,18.175999
17898,2023-01-16 18:00:00+00:00,19.925999,91.36402,18.476
17899,2023-01-16 19:00:00+00:00,20.776,90.84994,19.226
17900,2023-01-16 20:00:00+00:00,18.825998,97.22344,18.376
17901,2023-01-16 21:00:00+00:00,17.526,100.0,17.526
17902,2023-01-16 22:00:00+00:00,17.476,100.0,17.476
17903,2023-01-16 23:00:00+00:00,16.925999,100.0,16.925999
17904,2023-01-17 00:00:00+00:00,19.126,99.37846,19.026
17905,2023-01-17 01:00:00+00:00,19.276,98.14766,18.976
17906,2023-01-17 02:00:00+00:00,20.825998,91.70512,19.425999
17907,2023-01-17 03:00:00+00:00,23.175999,81.71261,19.876
17908,2023-01-17 04:00:00+00:00,25.276,72.49141,19.976
17909,2023-01-17 05:00:00+00:00,26.876,63.33792,19.325998
17910,2023-01-17 06:00:00+00:00,27.976,56.84874,18.626
17911,2023-01-17 07:00:00+00:00,28.476,51.69354,17.575998
17912,2023-01-17 08:00:00+00:00,28.675999,50.296646,17.325998
17913,2023-01-17 09:00:00+00:00,28.325998,50.684696,17.126
17914,2023-01-17 10:00:00+00:00,27.825998,52.183308,17.126
17915,2023-01-17 11:00:00+00:00,26.876,56.404182,17.476
17916,2023-01-17 12:00:00+00:00,25.376,61.4408,17.425999
17917,2023-01-17 13:00:00+00:00,23.325998,71.244156,17.825998
17918,2023-01-17 14:00:00+00:00,22.376,75.94166,17.925999
17919,2023-01-17 15:00:00+00:00,21.626,80.24858,18.075998
17920,2023-01-17 16:00:00+00:00,20.675999,84.799614,18.026
17921,2023-01-17 17:00:00+00:00,19.925999,87.434525,17.776
17922,2023-01-17 18:00:00+00:00,20.126,85.546455,17.626
17923,2023-01-17 19:00:00+00:00,21.976,78.05933,17.976
17924,2023-01-17 20:00:00+00:00,21.575998,80.24187,18.026
17925,2023-01-17 21:00:00+00:00,20.276,85.29272,17.726
17926,2023-01-17 22:00:00+00:00,18.226,92.71386,17.026
17927,2023-01-17 23:00:00+00:00,17.126,97.18751,16.675999
17928,2023-01-18 00:00:00+00:00,17.825998,99.05969,17.675999
17929,2023-01-18 01:00:00+00:00,17.675999,99.685356,17.626
17930,2023-01-18 02:00:00+00:00,19.526,94.24789,18.575998
17931,2023-01-18 03:00:00+00:00,23.376,78.752,19.476
17932,2023-01-18 04:00:00+00:00,25.925999,64.126724,18.626
17933,2023-01-18 05:00:00+00:00,27.376,56.171368,17.876
17934,2023-01-18 06:00:00+00:00,28.476,50.56348,17.226
17935,2023-01-18 07:00:00+00:00,29.276,47.515564,16.976
17936,2023-01-18 08:00:00+00:00,28.925999,48.02836,16.825998
17937,2023-01-18 09:00:00+00:00,28.575998,45.550266,15.676
17938,2023-01-18 10:00:00+00:00,28.126,45.28281,15.176
17939,2023-01-18 11:00:00+00:00,27.126,48.16392,15.226
17940,2023-01-18 12:00:00+00:00,25.776,55.77883,16.276
17941,2023-01-18 13:00:00+00:00,23.575998,64.43221,16.476
17942,2023-01-18 14:00:00+00:00,21.976,73.75041,17.075998
17943,2023-01-18 15:00:00+00:00,20.726,82.95806,17.726
17944,2023-01-18 16:00:00+00:00,20.126,87.72773,18.026
17945,2023-01-18 17:00:00+00:00,20.175999,86.908745,17.925999
17946,2023-01-18 18:00:00+00:00,21.376,81.99938,18.175999
17947,2023-01-18 19:00:00+00:00,20.876,83.76218,18.026
17948,2023-01-18 20:00:00+00:00,18.976,88.46325,17.026
17949,2023-01-18 21:00:00+00:00,18.376,89.82949,16.675999
17950,2023-01-18 22:00:00+00:00,17.876,95.377464,17.126
17951,2023-01-18 23:00:00+00:00,16.876,98.11358,16.575998
17952,2023-01-19 00:00:00+00:00,16.825998,100.0,16.825998
17953,2023-01-19 01:00:00+00:00,16.876,100.0,16.876
17954,2023-01-19 02:00:00+00:00,19.226,94.53106,18.325998
17955,2023-01-19 03:00:00+00:00,23.026,78.4572,19.075998
17956,2023-01-19 04:00:00+00:00,25.626,65.0734,18.575998
17957,2023-01-19 05:00:00+00:00,27.175999,56.122536,17.675999
17958,2023-01-19 06:00:00+00:00,28.476,49.455185,16.876
17959,2023-01-19 07:00:00+00:00,29.175999,45.7122,16.276
17960,2023-01-19 08:00:00+00:00,29.026,46.110508,16.276
17961,2023-01-19 09:00:00+00:00,28.776,46.634296,16.226
17962,2023-01-19 10:00:00+00:00,28.325998,47.869057,16.226
17963,2023-01-19 11:00:00+00:00,27.675999,48.31026,15.776
17964,2023-01-19 12:00:00+00:00,26.476,55.246037,16.776
17965,2023-01-19 13:00:00+00:00,24.526,65.45677,17.626
17966,2023-01-19 14:00:00+00:00,23.276,73.04924,18.175999
17967,2023-01-19 15:00:00+00:00,22.425999,77.88094,18.376
17968,2023-01-19 16:00:00+00:00,21.175999,85.65295,18.675999
17969,2023-01-19 17:00:00+00:00,21.726,82.042656,18.526
17970,2023-01-19 18:00:00+00:00,22.675999,77.674446,18.575998
17971,2023-01-19 19:00:00+00:00,22.325998,79.5923,18.626
17972,2023-01-19 20:00:00+00:00,21.925999,81.55568,18.626
17973,2023-01-19 21:00:00+00:00,20.776,85.34437,18.226
17974,2023-01-19 22:00:00+00:00,21.276,84.07025,18.476
17975,2023-01-19 23:00:00+00:00,19.575998,89.63517,17.825998
17976,2023-01-20 00:00:00+00:00,18.575998,97.830444,18.226
17977,2023-01-20 01:00:00+00:00,18.825998,97.22344,18.376
17978,2023-01-20 02:00:00+00:00,20.626,90.275154,18.976
17979,2023-01-20 03:00:00+00:00,24.075998,76.20956,19.626
17980,2023-01-20 04:00:00+00:00,26.276,67.268654,19.726
17981,2023-01-20 05:00:00+00:00,26.876,64.13052,19.526
17982,2023-01-20 06:00:00+00:00,26.976,64.35134,19.675999
17983,2023-01-20 07:00:00+00:00,27.976,60.504524,19.626
17984,2023-01-20 08:00:00+00:00,28.776,56.160435,19.175999
17985,2023-01-20 09:00:00+00:00,28.675999,55.78712,18.976
17986,2023-01-20 10:00:00+00:00,27.376,62.858833,19.675999
17987,2023-01-20 11:00:00+00:00,26.526,67.11058,19.925999
17988,2023-01-20 12:00:00+00:00,25.976,69.11226,19.876
17989,2023-01-20 13:00:00+00:00,24.425999,77.213806,20.175999
17990,2023-01-20 14:00:00+00:00,23.575998,82.01531,20.325998
17991,2023-01-20 15:00:00+00:00,22.726,86.87451,20.425999
17992,2023-01-20 16:00:00+00:00,22.476,89.02274,20.575998
17993,2023-01-20 17:00:00+00:00,21.776,93.18798,20.626
17994,2023-01-20 18:00:00+00:00,21.325998,93.74312,20.276
17995,2023-01-20 19:00:00+00:00,21.776,92.61532,20.526
17996,2023-01-20 20:00:00+00:00,22.526,91.525375,21.075998
17997,2023-01-20 21:00:00+00:00,22.226,93.49689,21.126
17998,2023-01-20 22:00:00+00:00,21.825998,95.21854,21.026
17999,2023-01-20 23:00:00+00:00,21.526,96.09078,20.876
18000,2023-01-21 00:00:00+00:00,21.175999,94.317566,20.226
18001,2023-01-21 01:00:00+00:00,22.476,90.126175,20.776
18002,2023-01-21 02:00:00+00:00,22.325998,92.360756,21.026
18003,2023-01-21 03:00:00+00:00,24.925999,80.43806,21.325998
18004,2023-01-21 04:00:00+00:00,26.976,65.76259,20.026
18005,2023-01-21 05:00:00+00:00,28.325998,56.226467,18.776
18006,2023-01-21 06:00:00+00:00,29.425999,50.80927,18.175999
18007,2023-01-21 07:00:00+00:00,29.476,50.662907,18.175999
18008,2023-01-21 08:00:00+00:00,29.476,51.14196,18.325998
18009,2023-01-21 09:00:00+00:00,29.425999,51.450737,18.376
18010,2023-01-21 10:00:00+00:00,28.476,54.87343,18.526
18011,2023-01-21 11:00:00+00:00,27.626,58.752594,18.825998
18012,2023-01-21 12:00:00+00:00,26.575998,64.46632,19.325998
18013,2023-01-21 13:00:00+00:00,24.526,74.4122,19.675999
18014,2023-01-21 14:00:00+00:00,23.126,81.70635,19.825998
18015,2023-01-21 15:00:00+00:00,22.276,86.29662,19.876
18016,2023-01-21 16:00:00+00:00,21.876,88.700554,19.925999
18017,2023-01-21 17:00:00+00:00,21.226,90.317184,19.575998
18018,2023-01-21 18:00:00+00:00,20.626,90.557175,19.026
18019,2023-01-21 19:00:00+00:00,21.226,87.82359,19.126
18020,2023-01-21 20:00:00+00:00,22.276,84.96874,19.626
18021,2023-01-21 21:00:00+00:00,22.075998,86.27734,19.675999
18022,2023-01-21 22:00:00+00:00,19.626,94.25215,18.675999
18023,2023-01-21 23:00:00+00:00,18.476,98.75419,18.276
18024,2023-01-22 00:00:00+00:00,19.126,99.37846,19.026
18025,2023-01-22 01:00:00+00:00,18.925999,100.0,18.925999
18026,2023-01-22 02:00:00+00:00,20.325998,97.556305,19.925999
18027,2023-01-22 03:00:00+00:00,23.976,81.0592,20.526
18028,2023-01-22 04:00:00+00:00,26.075998,71.30112,20.476
18029,2023-01-22 05:00:00+00:00,28.126,58.686848,19.276
18030,2023-01-22 06:00:00+00:00,29.376,48.91366,17.526
18031,2023-01-22 07:00:00+00:00,29.626,47.010166,17.126
18032,2023-01-22 08:00:00+00:00,29.376,45.187115,16.276
18033,2023-01-22 09:00:00+00:00,29.276,44.303635,15.876
18034,2023-01-22 10:00:00+00:00,28.526,46.865387,16.075998
18035,2023-01-22 11:00:00+00:00,27.276,55.443737,17.575998
18036,2023-01-22 12:00:00+00:00,26.026,64.550316,18.825998
18037,2023-01-22 13:00:00+00:00,24.526,73.037994,19.376
18038,2023-01-22 14:00:00+00:00,23.675999,79.2846,19.876
18039,2023-01-22 15:00:00+00:00,23.226,82.73676,20.126
18040,2023-01-22 16:00:00+00:00,22.526,86.856026,20.226
18041,2023-01-22 17:00:00+00:00,21.976,89.5356,20.175999
18042,2023-01-22 18:00:00+00:00,21.425999,91.17488,19.925999
18043,2023-01-22 19:00:00+00:00,21.226,91.162094,19.726
18044,2023-01-22 20:00:00+00:00,20.825998,91.42039,19.376
18045,2023-01-22 21:00:00+00:00,20.726,91.98477,19.376
18046,2023-01-22 22:00:00+00:00,20.476,92.25713,19.175999
18047,2023-01-22 23:00:00+00:00,20.376,91.96428,19.026
18048,2023-01-23 00:00:00+00:00,21.226,93.73851,20.175999
18049,2023-01-23 01:00:00+00:00,21.575998,92.03421,20.226
18050,2023-01-23 02:00:00+00:00,23.226,84.54493,20.476
18051,2023-01-23 03:00:00+00:00,25.325998,75.701866,20.726
18052,2023-01-23 04:00:00+00:00,26.776,67.3687,20.226
18053,2023-01-23 05:00:00+00:00,28.226,59.814934,19.675999
18054,2023-01-23 06:00:00+00:00,28.825998,56.347725,19.276
18055,2023-01-23 07:00:00+00:00,28.825998,56.17258,19.226
18056,2023-01-23 08:00:00+00:00,29.425999,53.418007,18.976
18057,2023-01-23 09:00:00+00:00,28.876,55.488983,19.075998
18058,2023-01-23 10:00:00+00:00,28.876,55.31624,19.026
18059,2023-01-23 11:00:00+00:00,28.075998,57.767822,18.976
18060,2023-01-23 12:00:00+00:00,26.376,63.823895,18.976
18061,2023-01-23 13:00:00+00:00,25.075998,70.89845,19.425999
18062,2023-01-23 14:00:00+00:00,24.425999,75.32482,19.776
18063,2023-01-23 15:00:00+00:00,23.925999,78.58641,19.976
18064,2023-01-23 16:00:00+00:00,23.476,80.74456,19.976
18065,2023-01-23 17:00:00+00:00,23.825998,79.305435,20.026
18066,2023-01-23 18:00:00+00:00,23.726,80.77713,20.226
18067,2023-01-23 19:00:00+00:00,23.825998,80.541016,20.276
18068,2023-01-23 20:00:00+00:00,23.726,80.27924,20.126
18069,2023-01-23 21:00:00+00:00,23.575998,80.011116,19.925999
18070,2023-01-23 22:00:00+00:00,23.026,82.71304,19.925999
18071,2023-01-23 23:00:00+00:00,21.925999,88.70459,19.976
18072,2023-01-24 00:00:00+00:00,22.075998,91.78004,20.675999
18073,2023-01-24 01:00:00+00:00,22.126,91.500824,20.675999
18074,2023-01-24 02:00:00+00:00,23.376,85.34573,20.776
18075,2023-01-24 03:00:00+00:00,25.976,70.844124,20.276
18076,2023-01-24 04:00:00+00:00,27.476,60.20242,19.075998
18077,2023-01-24 05:00:00+00:00,28.376,55.193314,18.526
18078,2023-01-24 06:00:00+00:00,29.175999,51.5482,18.175999
18079,2023-01-24 07:00:00+00:00,29.575998,48.048424,17.425999
18080,2023-01-24 08:00:00+00:00,29.575998,48.65856,17.626
18081,2023-01-24 09:00:00+00:00,29.026,51.509735,18.026
18082,2023-01-24 10:00:00+00:00,28.026,54.248074,17.925999
18083,2023-01-24 11:00:00+00:00,27.126,55.232082,17.376
18084,2023-01-24 12:00:00+00:00,25.876,59.456455,17.376
18085,2023-01-24 13:00:00+00:00,24.276,67.924576,17.976
18086,2023-01-24 14:00:00+00:00,23.276,73.5091,18.276
18087,2023-01-24 15:00:00+00:00,22.825998,76.25154,18.425999
18088,2023-01-24 16:00:00+00:00,22.276,79.088684,18.476
18089,2023-01-24 17:00:00+00:00,20.876,86.97364,18.626
18090,2023-01-24 18:00:00+00:00,20.825998,86.42624,18.476
18091,2023-01-24 19:00:00+00:00,20.976,85.36492,18.425999
18092,2023-01-24 20:00:00+00:00,20.075998,88.55412,18.126
18093,2023-01-24 21:00:00+00:00,19.675999,90.77659,18.126
18094,2023-01-24 22:00:00+00:00,20.325998,89.410866,18.526
18095,2023-01-24 23:00:00+00:00,20.976,88.62768,19.026
18096,2023-01-25 00:00:00+00:00,21.575998,90.062164,19.876
18097,2023-01-25 01:00:00+00:00,21.175999,92.011,19.825998
18098,2023-01-25 02:00:00+00:00,21.075998,93.73162,20.026
18099,2023-01-25 03:00:00+00:00,24.276,77.910835,20.175999
18100,2023-01-25 04:00:00+00:00,26.675999,65.70046,19.726
18101,2023-01-25 05:00:00+00:00,28.675999,51.582127,17.726
18102,2023-01-25 06:00:00+00:00,29.526,46.983513,17.026
18103,2023-01-25 07:00:00+00:00,29.726,47.03681,17.226
18104,2023-01-25 08:00:00+00:00,29.476,49.87323,17.925999
18105,2023-01-25 09:00:00+00:00,28.876,50.03182,17.425999
18106,2023-01-25 10:00:00+00:00,28.425999,50.2316,17.075998
18107,2023-01-25 11:00:00+00:00,27.626,53.97756,17.476
18108,2023-01-25 12:00:00+00:00,26.376,57.542454,17.325998
18109,2023-01-25 13:00:00+00:00,24.825998,64.293594,17.626
18110,2023-01-25 14:00:00+00:00,23.626,71.07548,18.075998
18111,2023-01-25 15:00:00+00:00,23.075998,75.8149,18.575998
18112,2023-01-25 16:00:00+00:00,23.626,76.139046,19.175999
18113,2023-01-25 17:00:00+00:00,23.675999,77.340576,19.476
18114,2023-01-25 18:00:00+00:00,23.325998,76.091896,18.876
18115,2023-01-25 19:00:00+00:00,21.876,83.61349,18.976
18116,2023-01-25 20:00:00+00:00,20.476,90.2646,18.825998
18117,2023-01-25 21:00:00+00:00,20.626,88.32248,18.626
18118,2023-01-25 22:00:00+00:00,20.726,86.959785,18.476
18119,2023-01-25 23:00:00+00:00,21.776,80.520935,18.276
18120,2023-01-26 00:00:00+00:00,19.976,98.46243,19.726
18121,2023-01-26 01:00:00+00:00,19.476,98.150444,19.175999
18122,2023-01-26 02:00:00+00:00,20.925999,92.28253,19.626
18123,2023-01-26 03:00:00+00:00,23.976,77.38556,19.776
18124,2023-01-26 04:00:00+00:00,26.425999,64.034035,19.075998
18125,2023-01-26 05:00:00+00:00,28.276,53.463882,17.925999
18126,2023-01-26 06:00:00+00:00,29.376,48.452675,17.376
18127,2023-01-26 07:00:00+00:00,29.776,46.16528,16.976
18128,2023-01-26 08:00:00+00:00,29.976,44.635094,16.626
18129,2023-01-26 09:00:00+00:00,29.476,45.214127,16.376
18130,2023-01-26 10:00:00+00:00,28.976,47.737835,16.776
18131,2023-01-26 11:00:00+00:00,27.876,51.376293,16.925999
18132,2023-01-26 12:00:00+00:00,26.925999,57.493107,17.825998
18133,2023-01-26 13:00:00+00:00,25.476,63.031853,17.925999
18134,2023-01-26 14:00:00+00:00,24.276,70.30943,18.526
18135,2023-01-26 15:00:00+00:00,23.425999,76.58381,19.075998
18136,2023-01-26 16:00:00+00:00,22.575998,81.63752,19.276
18137,2023-01-26 17:00:00+00:00,21.626,87.04267,19.376
18138,2023-01-26 18:00:00+00:00,21.726,86.24351,19.325998
18139,2023-01-26 19:00:00+00:00,22.575998,81.63752,19.276
18140,2023-01-26 20:00:00+00:00,22.276,83.13985,19.276
18141,2023-01-26 21:00:00+00:00,21.925999,83.880295,19.075998
18142,2023-01-26 22:00:00+00:00,21.325998,86.4741,18.976
18143,2023-01-26 23:00:00+00:00,20.376,90.25756,18.726
18144,2023-01-27 00:00:00+00:00,18.425999,99.99999,18.425999
18145,2023-01-27 01:00:00+00:00,19.675999,98.76549,19.476
18146,2023-01-27 02:00:00+00:00,21.325998,91.45147,19.876
18147,2023-01-27 03:00:00+00:00,24.575998,76.05195,20.075998
18148,2023-01-27 04:00:00+00:00,26.825998,63.920826,19.425999
18149,2023-01-27 05:00:00+00:00,28.376,54.677097,18.376
18150,2023-01-27 06:00:00+00:00,29.075998,51.522564,18.075998
18151,2023-01-27 07:00:00+00:00,29.575998,49.120617,17.776
18152,2023-01-27 08:00:00+00:00,29.575998,48.65856,17.626
18153,2023-01-27 09:00:00+00:00,29.276,49.508175,17.626
18154,2023-01-27 10:00:00+00:00,28.675999,51.096725,17.575998
18155,2023-01-27 11:00:00+00:00,27.526,56.20794,18.026
18156,2023-01-27 12:00:00+00:00,26.175999,62.399036,18.425999
18157,2023-01-27 13:00:00+00:00,24.226,72.75874,19.026
18158,2023-01-27 14:00:00+00:00,22.825998,81.4155,19.476
18159,2023-01-27 15:00:00+00:00,21.675999,88.4097,19.675999
18160,2023-01-27 16:00:00+00:00,20.726,92.84657,19.526
18161,2023-01-27 17:00:00+00:00,21.126,91.15568,19.626
18162,2023-01-27 18:00:00+00:00,21.476,91.74419,20.075998
18163,2023-01-27 19:00:00+00:00,19.726,96.9399,19.226
18164,2023-01-27 20:00:00+00:00,18.175999,100.0,18.175999
18165,2023-01-27 21:00:00+00:00,17.876,100.0,17.876
18166,2023-01-27 22:00:00+00:00,17.925999,99.99999,17.925999
18167,2023-01-27 23:00:00+00:00,17.626,100.0,17.626
18168,2023-01-28 00:00:00+00:00,18.325998,99.68692,18.276
18169,2023-01-28 01:00:00+00:00,18.276,99.37441,18.175999
18170,2023-01-28 02:00:00+00:00,19.776,96.33922,19.175999
18171,2023-01-28 03:00:00+00:00,22.675999,84.74789,19.976
18172,2023-01-28 04:00:00+00:00,25.425999,71.62552,19.925999
18173,2023-01-28 05:00:00+00:00,27.325998,63.239162,19.726
18174,2023-01-28 06:00:00+00:00,28.876,54.459587,18.776
18175,2023-01-28 07:00:00+00:00,29.976,46.218857,17.175999
18176,2023-01-28 08:00:00+00:00,30.126,44.252193,16.626
18177,2023-01-28 09:00:00+00:00,29.925999,44.197968,16.425999
18178,2023-01-28 10:00:00+00:00,29.376,45.76605,16.476
18179,2023-01-28 11:00:00+00:00,28.126,51.603664,17.226
18180,2023-01-28 12:00:00+00:00,26.626,54.41325,16.675999
18181,2023-01-28 13:00:00+00:00,24.126,70.944855,18.526
18182,2023-01-28 14:00:00+00:00,22.626,84.480446,19.876
18183,2023-01-28 15:00:00+00:00,21.476,93.17301,20.325998
18184,2023-01-28 16:00:00+00:00,21.675999,92.32459,20.376
18185,2023-01-28 17:00:00+00:00,20.825998,95.18306,20.026
18186,2023-01-28 18:00:00+00:00,20.175999,96.64977,19.626
18187,2023-01-28 19:00:00+00:00,20.126,95.751755,19.425999
18188,2023-01-28 20:00:00+00:00,20.075998,95.15617,19.276
18189,2023-01-28 21:00:00+00:00,21.976,90.64879,20.376
18190,2023-01-28 22:00:00+00:00,19.126,98.145546,18.825998
18191,2023-01-28 23:00:00+00:00,18.876,99.6882,18.825998
18192,2023-01-29 00:00:00+00:00,19.726,99.690216,19.675999
18193,2023-01-29 01:00:00+00:00,19.925999,99.690704,19.876
18194,2023-01-29 02:00:00+00:00,20.425999,98.16365,20.126
18195,2023-01-29 03:00:00+00:00,22.976,87.97386,20.876
18196,2023-01-29 04:00:00+00:00,25.776,75.773,21.175999
18197,2023-01-29 05:00:00+00:00,27.726,62.74087,19.976
18198,2023-01-29 06:00:00+00:00,28.876,56.1847,19.276
18199,2023-01-29 07:00:00+00:00,29.575998,53.957386,19.276
18200,2023-01-29 08:00:00+00:00,29.825998,51.876167,18.876
18201,2023-01-29 09:00:00+00:00,29.526,52.287952,18.726
18202,2023-01-29 10:00:00+00:00,28.976,53.30499,18.526
18203,2023-01-29 11:00:00+00:00,28.075998,55.466213,18.325998
18204,2023-01-29 12:00:00+00:00,26.825998,65.52816,19.825998
18205,2023-01-29 13:00:00+00:00,26.026,70.1996,20.175999
18206,2023-01-29 14:00:00+00:00,25.276,74.53621,20.425999
18207,2023-01-29 15:00:00+00:00,24.376,81.11043,20.925999
18208,2023-01-29 16:00:00+00:00,24.175999,81.836754,20.876
18209,2023-01-29 17:00:00+00:00,24.075998,84.63565,21.325998
18210,2023-01-29 18:00:00+00:00,23.325998,89.91072,21.575998
18211,2023-01-29 19:00:00+00:00,23.675999,87.22862,21.425999
18212,2023-01-29 20:00:00+00:00,22.526,92.37183,21.226
18213,2023-01-29 21:00:00+00:00,22.575998,91.2479,21.075998
18214,2023-01-29 22:00:00+00:00,22.575998,89.30514,20.726
18215,2023-01-29 23:00:00+00:00,22.476,89.2975,20.626
18216,2023-01-30 00:00:00+00:00,22.976,92.67947,21.726
18217,2023-01-30 01:00:00+00:00,23.276,91.851036,21.876
18218,2023-01-30 02:00:00+00:00,24.325998,86.75623,21.976
18219,2023-01-30 03:00:00+00:00,25.925999,77.91264,21.776
18220,2023-01-30 04:00:00+00:00,27.226,71.29003,21.575998
18221,2023-01-30 05:00:00+00:00,28.226,64.41797,20.876
18222,2023-01-30 06:00:00+00:00,27.726,66.93836,21.026
18223,2023-01-30 07:00:00+00:00,28.925999,62.617165,21.075998
18224,2023-01-30 08:00:00+00:00,29.026,60.74289,20.675999
18225,2023-01-30 09:00:00+00:00,29.175999,59.848278,20.575998
18226,2023-01-30 10:00:00+00:00,28.675999,61.417007,20.526
18227,2023-01-30 11:00:00+00:00,28.026,62.612812,20.226
18228,2023-01-30 12:00:00+00:00,26.626,70.96306,20.925999
18229,2023-01-30 13:00:00+00:00,25.575998,76.67737,21.175999
18230,2023-01-30 14:00:00+00:00,24.876,81.42311,21.476
18231,2023-01-30 15:00:00+00:00,24.425999,85.19177,21.776
18232,2023-01-30 16:00:00+00:00,23.976,88.3276,21.925999
18233,2023-01-30 17:00:00+00:00,22.876,93.81367,21.825998
18234,2023-01-30 18:00:00+00:00,23.026,93.249756,21.876
18235,2023-01-30 19:00:00+00:00,22.675999,93.80465,21.626
18236,2023-01-30 20:00:00+00:00,22.726,93.80689,21.675999
18237,2023-01-30 21:00:00+00:00,22.026,94.64304,21.126
18238,2023-01-30 22:00:00+00:00,21.925999,94.93018,21.075998
18239,2023-01-30 23:00:00+00:00,22.376,94.36744,21.425999
18240,2023-01-31 00:00:00+00:00,22.226,96.996506,21.726
18241,2023-01-31 01:00:00+00:00,22.175999,97.888336,21.825998
18242,2023-01-31 02:00:00+00:00,22.925999,94.96732,22.075998
18243,2023-01-31 03:00:00+00:00,25.026,85.25313,22.376
18244,2023-01-31 04:00:00+00:00,27.075998,72.36142,21.675999
18245,2023-01-31 05:00:00+00:00,28.925999,61.28398,20.726
18246,2023-01-31 06:00:00+00:00,29.626,57.777016,20.425999
18247,2023-01-31 07:00:00+00:00,29.825998,56.240334,20.175999
18248,2023-01-31 08:00:00+00:00,29.726,56.564934,20.175999
18249,2023-01-31 09:00:00+00:00,29.325998,57.88469,20.175999
18250,2023-01-31 10:00:00+00:00,28.626,61.028038,20.376
18251,2023-01-31 11:00:00+00:00,27.976,63.772476,20.476
18252,2023-01-31 12:00:00+00:00,26.675999,68.60862,20.425999
18253,2023-01-31 13:00:00+00:00,24.976,78.735725,21.026
18254,2023-01-31 14:00:00+00:00,23.626,88.02898,21.526
18255,2023-01-31 15:00:00+00:00,23.276,89.90712,21.526
18256,2023-01-31 16:00:00+00:00,22.776,92.66883,21.526
18257,2023-01-31 17:00:00+00:00,21.976,96.39871,21.376
18258,2023-01-31 18:00:00+00:00,22.876,93.52765,21.776
18259,2023-01-31 19:00:00+00:00,22.575998,95.24488,21.776
18260,2023-01-31 20:00:00+00:00,22.325998,96.99872,21.825998
18261,2023-01-31 21:00:00+00:00,22.276,97.59168,21.876
18262,2023-01-31 22:00:00+00:00,22.575998,96.12106,21.925999
18263,2023-01-31 23:00:00+00:00,22.476,96.70666,21.925999
18264,2023-02-01 00:00:00+00:00,22.226,97.29326,21.776
18265,2023-02-01 01:00:00+00:00,22.276,96.99761,21.776
18266,2023-02-01 02:00:00+00:00,22.575998,95.24488,21.776
18267,2023-02-01 03:00:00+00:00,24.425999,85.19177,21.776
18268,2023-02-01 04:00:00+00:00,27.175999,71.49943,21.575998
18269,2023-02-01 05:00:00+00:00,29.175999,57.492104,19.925999
18270,2023-02-01 06:00:00+00:00,29.776,54.512756,19.626
18271,2023-02-01 07:00:00+00:00,29.925999,54.04445,19.626
18272,2023-02-01 08:00:00+00:00,29.876,53.864437,19.526
18273,2023-02-01 09:00:00+00:00,29.976,50.63325,18.626
18274,2023-02-01 10:00:00+00:00,29.276,54.558693,19.175999
18275,2023-02-01 11:00:00+00:00,28.376,59.295193,19.675999
18276,2023-02-01 12:00:00+00:00,27.175999,66.00755,20.276
18277,2023-02-01 13:00:00+00:00,25.776,75.3093,21.075998
18278,2023-02-01 14:00:00+00:00,24.776,82.91898,21.675999
18279,2023-02-01 15:00:00+00:00,24.226,87.27784,21.976
18280,2023-02-01 16:00:00+00:00,23.776,89.94306,22.026
18281,2023-02-01 17:00:00+00:00,22.925999,93.24486,21.776
18282,2023-02-01 18:00:00+00:00,22.976,92.963005,21.776
18283,2023-02-01 19:00:00+00:00,22.726,94.381874,21.776
18284,2023-02-01 20:00:00+00:00,22.626,94.37775,21.675999
18285,2023-02-01 21:00:00+00:00,22.226,95.2326,21.425999
18286,2023-02-01 22:00:00+00:00,21.976,96.10379,21.325998
18287,2023-02-01 23:00:00+00:00,21.876,96.100914,21.226
18288,2023-02-02 00:00:00+00:00,21.776,95.50972,21.026
18289,2023-02-02 01:00:00+00:00,21.925999,94.93018,21.075998
18290,2023-02-02 02:00:00+00:00,23.825998,88.31523,21.776
18291,2023-02-02 03:00:00+00:00,26.325998,76.091644,21.776
18292,2023-02-02 04:00:00+00:00,27.976,63.969437,20.526
18293,2023-02-02 05:00:00+00:00,29.325998,55.77198,19.575998
18294,2023-02-02 06:00:00+00:00,30.026,51.60421,18.976
18295,2023-02-02 07:00:00+00:00,30.376,48.25945,18.226
18296,2023-02-02 08:00:00+00:00,30.226,46.578804,17.526
18297,2023-02-02 09:00:00+00:00,29.175999,50.58536,17.876
18298,2023-02-02 10:00:00+00:00,28.325998,57.110912,19.026
18299,2023-02-02 11:00:00+00:00,27.526,62.309223,19.675999
18300,2023-02-02 12:00:00+00:00,26.726,67.985954,20.325998
18301,2023-02-02 13:00:00+00:00,26.175999,71.09972,20.526
18302,2023-02-02 14:00:00+00:00,25.825998,75.5488,21.175999
18303,2023-02-02 15:00:00+00:00,25.376,77.593895,21.175999
18304,2023-02-02 16:00:00+00:00,25.425999,75.95094,20.876
18305,2023-02-02 17:00:00+00:00,25.175999,76.85219,20.825998
18306,2023-02-02 18:00:00+00:00,23.226,87.45639,21.026
18307,2023-02-02 19:00:00+00:00,22.376,91.23527,20.876
18308,2023-02-02 20:00:00+00:00,22.575998,90.689095,20.976
18309,2023-02-02 21:00:00+00:00,22.226,92.924515,21.026
18310,2023-02-02 22:00:00+00:00,21.925999,95.514694,21.175999
18311,2023-02-02 23:00:00+00:00,22.026,95.518005,21.276
18312,2023-02-03 00:00:00+00:00,22.075998,95.81278,21.376
18313,2023-02-03 01:00:00+00:00,22.825998,93.81144,21.776
18314,2023-02-03 02:00:00+00:00,24.626,83.92162,21.726
18315,2023-02-03 03:00:00+00:00,26.976,69.51686,20.925999
18316,2023-02-03 04:00:00+00:00,28.325998,62.87209,20.575998
18317,2023-02-03 05:00:00+00:00,29.376,57.717823,20.175999
18318,2023-02-03 06:00:00+00:00,29.876,54.36852,19.675999
18319,2023-02-03 07:00:00+00:00,30.075998,54.0817,19.776
18320,2023-02-03 08:00:00+00:00,30.226,51.81637,19.226
18321,2023-02-03 09:00:00+00:00,29.876,52.051056,18.976
18322,2023-02-03 10:00:00+00:00,29.425999,51.450737,18.376
18323,2023-02-03 11:00:00+00:00,28.376,56.945076,19.026
18324,2023-02-03 12:00:00+00:00,27.325998,64.42581,20.026
18325,2023-02-03 13:00:00+00:00,26.026,71.51232,20.476
18326,2023-02-03 14:00:00+00:00,25.226,77.09645,20.925999
18327,2023-02-03 15:00:00+00:00,24.376,82.61851,21.226
18328,2023-02-03 16:00:00+00:00,23.476,87.74701,21.325998
18329,2023-02-03 17:00:00+00:00,22.976,89.88546,21.226
18330,2023-02-03 18:00:00+00:00,23.675999,86.961876,21.376
18331,2023-02-03 19:00:00+00:00,23.325998,88.81654,21.376
18332,2023-02-03 20:00:00+00:00,22.776,91.82157,21.376
18333,2023-02-03 21:00:00+00:00,21.476,96.385315,20.876
18334,2023-02-03 22:00:00+00:00,20.376,99.38432,20.276
18335,2023-02-03 23:00:00+00:00,20.776,99.69269,20.726
18336,2023-02-04 00:00:00+00:00,21.325998,100.0,21.325998
18337,2023-02-04 01:00:00+00:00,22.075998,98.18625,21.776
18338,2023-02-04 02:00:00+00:00,23.325998,92.415924,22.026
18339,2023-02-04 03:00:00+00:00,25.575998,82.00854,22.276
18340,2023-02-04 04:00:00+00:00,27.726,67.97332,21.276
18341,2023-02-04 05:00:00+00:00,29.175999,59.114456,20.376
18342,2023-02-04 06:00:00+00:00,30.276,53.96392,19.925999
18343,2023-02-04 07:00:00+00:00,30.825998,49.44687,19.026
18344,2023-02-04 08:00:00+00:00,31.276,45.127274,17.976
18345,2023-02-04 09:00:00+00:00,31.175999,41.938763,16.726
18346,2023-02-04 10:00:00+00:00,30.476,42.96147,16.476
18347,2023-02-04 11:00:00+00:00,29.075998,49.76902,17.526
18348,2023-02-04 12:00:00+00:00,27.425999,62.093933,19.526
18349,2023-02-04 13:00:00+00:00,25.425999,74.79104,20.626
18350,2023-02-04 14:00:00+00:00,24.175999,84.64627,21.425999
18351,2023-02-04 15:00:00+00:00,23.126,92.68741,21.876
18352,2023-02-04 16:00:00+00:00,22.626,94.6666,21.726
18353,2023-02-04 17:00:00+00:00,22.026,95.518005,21.276
18354,2023-02-04 18:00:00+00:00,21.626,95.504745,20.876
18355,2023-02-04 19:00:00+00:00,20.575998,96.06309,19.925999
18356,2023-02-04 20:00:00+00:00,19.876,97.85161,19.526
18357,2023-02-04 21:00:00+00:00,19.476,100.0,19.476
18358,2023-02-04 22:00:00+00:00,19.026,100.0,19.026
18359,2023-02-04 23:00:00+00:00,19.026,100.0,19.026
18360,2023-02-05 00:00:00+00:00,19.925999,100.0,19.925999
18361,2023-02-05 01:00:00+00:00,20.675999,100.0,20.675999
18362,2023-02-05 02:00:00+00:00,21.325998,98.780754,21.126
18363,2023-02-05 03:00:00+00:00,22.726,92.38287,21.425999
18364,2023-02-05 04:00:00+00:00,26.325998,73.79857,21.276
18365,2023-02-05 05:00:00+00:00,28.075998,64.584656,20.776
18366,2023-02-05 06:00:00+00:00,29.825998,54.525124,19.675999
18367,2023-02-05 07:00:00+00:00,30.575998,50.158596,19.026
18368,2023-02-05 08:00:00+00:00,30.476,50.76201,19.126
18369,2023-02-05 09:00:00+00:00,30.026,51.765423,19.026
18370,2023-02-05 10:00:00+00:00,29.425999,54.25699,19.226
18371,2023-02-05 11:00:00+00:00,28.425999,57.850983,19.325998
18372,2023-02-05 12:00:00+00:00,26.626,67.54733,20.126
18373,2023-02-05 13:00:00+00:00,24.925999,77.76622,20.776
18374,2023-02-05 14:00:00+00:00,23.726,85.9069,21.226
18375,2023-02-05 15:00:00+00:00,22.575998,93.22761,21.425999
18376,2023-02-05 16:00:00+00:00,22.325998,93.21526,21.175999
18377,2023-02-05 17:00:00+00:00,21.476,94.91334,20.626
18378,2023-02-05 18:00:00+00:00,21.626,94.04622,20.626
18379,2023-02-05 19:00:00+00:00,20.476,96.35831,19.876
18380,2023-02-05 20:00:00+00:00,19.925999,99.690704,19.876
18381,2023-02-05 21:00:00+00:00,19.825998,100.0,19.825998
18382,2023-02-05 22:00:00+00:00,19.126,100.0,19.126
18383,2023-02-05 23:00:00+00:00,19.526,100.0,19.526
18384,2023-02-06 00:00:00+00:00,19.726,99.690216,19.675999
18385,2023-02-06 01:00:00+00:00,20.126,99.07601,19.976
18386,2023-02-06 02:00:00+00:00,20.776,97.2638,20.325998
18387,2023-02-06 03:00:00+00:00,22.425999,95.23963,21.626
18388,2023-02-06 04:00:00+00:00,26.175999,75.1429,21.425999
18389,2023-02-06 05:00:00+00:00,28.276,63.444977,20.675999
18390,2023-02-06 06:00:00+00:00,30.075998,51.295918,18.925999
18391,2023-02-06 07:00:00+00:00,31.175999,43.70096,17.376
18392,2023-02-06 08:00:00+00:00,31.325998,41.18782,16.575998
18393,2023-02-06 09:00:00+00:00,30.976,42.554493,16.776
18394,2023-02-06 10:00:00+00:00,30.175999,44.97344,16.925999
18395,2023-02-06 11:00:00+00:00,28.776,52.590446,18.126
18396,2023-02-06 12:00:00+00:00,27.376,62.858833,19.675999
18397,2023-02-06 13:00:00+00:00,25.226,75.22091,20.526
18398,2023-02-06 14:00:00+00:00,23.825998,86.444725,21.425999
18399,2023-02-06 15:00:00+00:00,22.776,94.67246,21.876
18400,2023-02-06 16:00:00+00:00,21.825998,96.69074,21.276
18401,2023-02-06 17:00:00+00:00,20.776,98.16848,20.476
18402,2023-02-06 18:00:00+00:00,21.526,97.57817,21.126
18403,2023-02-06 19:00:00+00:00,21.626,96.0937,20.976
18404,2023-02-06 20:00:00+00:00,21.726,95.801926,21.026
18405,2023-02-06 21:00:00+00:00,20.476,98.77292,20.276
18406,2023-02-06 22:00:00+00:00,20.526,100.0,20.526
18407,2023-02-06 23:00:00+00:00,20.425999,100.0,20.425999
18408,2023-02-07 00:00:00+00:00,20.825998,100.0,20.825998
18409,2023-02-07 01:00:00+00:00,21.175999,99.69361,21.126
18410,2023-02-07 02:00:00+00:00,21.825998,98.18286,21.526
18411,2023-02-07 03:00:00+00:00,23.776,88.58128,21.776
18412,2023-02-07 04:00:00+00:00,26.526,72.70967,21.226
18413,2023-02-07 05:00:00+00:00,28.925999,57.969425,19.825998
18414,2023-02-07 06:00:00+00:00,30.825998,46.154797,17.925999
18415,2023-02-07 07:00:00+00:00,31.976,39.31882,16.425999
18416,2023-02-07 08:00:00+00:00,32.376,35.486855,15.176
18417,2023-02-07 09:00:00+00:00,32.276,33.785194,14.326
18418,2023-02-07 10:00:00+00:00,31.626,34.04524,13.876
18419,2023-02-07 11:00:00+00:00,30.425999,36.338585,13.826
18420,2023-02-07 12:00:00+00:00,28.175999,55.664864,18.476
18421,2023-02-07 13:00:00+00:00,25.776,75.3093,21.075998
18422,2023-02-07 14:00:00+00:00,24.526,87.570564,22.325998
18423,2023-02-07 15:00:00+00:00,23.925999,91.88913,22.526
18424,2023-02-07 16:00:00+00:00,23.626,95.281395,22.825998
18425,2023-02-07 17:00:00+00:00,23.476,95.2762,22.675999
18426,2023-02-07 18:00:00+00:00,22.976,95.258835,22.175999
18427,2023-02-07 19:00:00+00:00,21.626,96.98306,21.126
18428,2023-02-07 20:00:00+00:00,22.526,97.596176,22.126
18429,2023-02-07 21:00:00+00:00,20.626,100.0,20.626
18430,2023-02-07 22:00:00+00:00,20.675999,100.0,20.675999
18431,2023-02-07 23:00:00+00:00,21.476,99.69429,21.425999
18432,2023-02-08 00:00:00+00:00,21.876,99.69521,21.825998
18433,2023-02-08 01:00:00+00:00,22.325998,99.39332,22.226
18434,2023-02-08 02:00:00+00:00,22.526,97.29927,22.075998
18435,2023-02-08 03:00:00+00:00,24.776,82.41347,21.575998
18436,2023-02-08 04:00:00+00:00,26.925999,71.6738,21.376
18437,2023-02-08 05:00:00+00:00,29.126,59.652557,20.476
18438,2023-02-08 06:00:00+00:00,30.776,50.054134,19.175999
18439,2023-02-08 07:00:00+00:00,31.726,43.9878,17.976
18440,2023-02-08 08:00:00+00:00,31.776,41.9696,17.276
18441,2023-02-08 09:00:00+00:00,31.476,42.28753,17.126
18442,2023-02-08 10:00:00+00:00,30.526,46.658775,17.825998
18443,2023-02-08 11:00:00+00:00,29.126,52.02287,18.276
18444,2023-02-08 12:00:00+00:00,27.476,61.912422,19.526
18445,2023-02-08 13:00:00+00:00,25.526,75.269165,20.825998
18446,2023-02-08 14:00:00+00:00,24.376,83.63748,21.425999
18447,2023-02-08 15:00:00+00:00,23.526,89.92512,21.776
18448,2023-02-08 16:00:00+00:00,22.876,94.38804,21.925999
18449,2023-02-08 17:00:00+00:00,22.476,94.66073,21.575998
18450,2023-02-08 18:00:00+00:00,21.825998,95.80504,21.126
18451,2023-02-08 19:00:00+00:00,21.476,98.17807,21.175999
18452,2023-02-08 20:00:00+00:00,20.976,100.0,20.976
18453,2023-02-08 21:00:00+00:00,20.026,100.0,20.026
18454,2023-02-08 22:00:00+00:00,20.476,100.0,20.476
18455,2023-02-08 23:00:00+00:00,20.075998,99.69105,20.026
18456,2023-02-09 00:00:00+00:00,21.126,100.0,21.126
18457,2023-02-09 01:00:00+00:00,21.626,99.08641,21.476
18458,2023-02-09 02:00:00+00:00,21.876,98.484245,21.626
18459,2023-02-09 03:00:00+00:00,22.476,96.70666,21.925999
18460,2023-02-09 04:00:00+00:00,24.976,79.708305,21.226
18461,2023-02-09 05:00:00+00:00,27.825998,64.93083,20.626
18462,2023-02-09 06:00:00+00:00,30.126,53.75967,19.726
18463,2023-02-09 07:00:00+00:00,31.675999,45.51888,18.476
18464,2023-02-09 08:00:00+00:00,32.026,44.34591,18.376
18465,2023-02-09 09:00:00+00:00,31.376,48.22051,19.126
18466,2023-02-09 10:00:00+00:00,30.075998,55.437954,20.175999
18467,2023-02-09 11:00:00+00:00,28.825998,57.945778,19.726
18468,2023-02-09 12:00:00+00:00,27.376,65.84519,20.425999
18469,2023-02-09 13:00:00+00:00,25.476,77.60867,21.276
18470,2023-02-09 14:00:00+00:00,24.526,83.91056,21.626
18471,2023-02-09 15:00:00+00:00,23.825998,86.444725,21.425999
18472,2023-02-09 16:00:00+00:00,23.175999,89.62499,21.376
18473,2023-02-09 17:00:00+00:00,22.675999,93.23256,21.526
18474,2023-02-09 18:00:00+00:00,22.276,95.52627,21.526
18475,2023-02-09 19:00:00+00:00,21.876,96.98868,21.376
18476,2023-02-09 20:00:00+00:00,21.325998,96.9763,20.825998
18477,2023-02-09 21:00:00+00:00,20.925999,97.86849,20.575998
18478,2023-02-09 22:00:00+00:00,20.376,98.77198,20.175999
18479,2023-02-09 23:00:00+00:00,19.476,99.68962,19.425999
18480,2023-02-10 00:00:00+00:00,19.476,100.0,19.476
18481,2023-02-10 01:00:00+00:00,19.376,99.99999,19.376
18482,2023-02-10 02:00:00+00:00,21.175999,96.972916,20.675999
18483,2023-02-10 03:00:00+00:00,24.175999,79.84514,20.476
18484,2023-02-10 04:00:00+00:00,27.376,61.315235,19.276
18485,2023-02-10 05:00:00+00:00,30.376,44.601707,16.976
18486,2023-02-10 06:00:00+00:00,32.476,33.405758,14.326
18487,2023-02-10 07:00:00+00:00,33.426003,32.917862,14.926
18488,2023-02-10 08:00:00+00:00,33.476,35.111485,15.976
18489,2023-02-10 09:00:00+00:00,33.026,35.09998,15.576
18490,2023-02-10 10:00:00+00:00,32.326,37.338722,15.926
18491,2023-02-10 11:00:00+00:00,31.026,43.522453,17.175999
18492,2023-02-10 12:00:00+00:00,28.675999,57.194805,19.376
18493,2023-02-10 13:00:00+00:00,26.276,71.557304,20.726
18494,2023-02-10 14:00:00+00:00,24.876,84.20557,22.026
18495,2023-02-10 15:00:00+00:00,23.976,92.73227,22.726
18496,2023-02-10 16:00:00+00:00,23.626,95.570496,22.876
18497,2023-02-10 17:00:00+00:00,23.276,94.11769,22.276
18498,2023-02-10 18:00:00+00:00,22.626,95.246605,21.825998
18499,2023-02-10 19:00:00+00:00,22.075998,97.29023,21.626
18500,2023-02-10 20:00:00+00:00,21.425999,99.08504,21.276
18501,2023-02-10 21:00:00+00:00,20.526,100.0,20.526
18502,2023-02-10 22:00:00+00:00,20.126,100.0,20.126
18503,2023-02-10 23:00:00+00:00,19.325998,100.0,19.325998
18504,2023-02-11 00:00:00+00:00,20.425999,100.0,20.425999
18505,2023-02-11 01:00:00+00:00,20.776,99.69269,20.726
18506,2023-02-11 02:00:00+00:00,21.526,98.17876,21.226
18507,2023-02-11 03:00:00+00:00,23.776,84.863945,21.075998
18508,2023-02-11 04:00:00+00:00,26.776,66.95345,20.126
18509,2023-02-11 05:00:00+00:00,29.376,50.478218,18.026
18510,2023-02-11 06:00:00+00:00,31.276,41.174118,16.526
18511,2023-02-11 07:00:00+00:00,32.476,37.49945,16.126
18512,2023-02-11 08:00:00+00:00,32.976,37.997196,16.776
18513,2023-02-11 09:00:00+00:00,32.726,38.903904,16.925999
18514,2023-02-11 10:00:00+00:00,31.776,40.404057,16.675999
18515,2023-02-11 11:00:00+00:00,30.376,44.7432,17.026
18516,2023-02-11 12:00:00+00:00,28.026,58.84637,19.226
18517,2023-02-11 13:00:00+00:00,25.976,73.51328,20.876
18518,2023-02-11 14:00:00+00:00,24.776,82.665886,21.626
18519,2023-02-11 15:00:00+00:00,24.026,86.46367,21.626
18520,2023-02-11 16:00:00+00:00,23.276,89.90712,21.526
18521,2023-02-11 17:00:00+00:00,22.526,93.79785,21.476
18522,2023-02-11 18:00:00+00:00,21.925999,95.222046,21.126
18523,2023-02-11 19:00:00+00:00,21.325998,96.381294,20.726
18524,2023-02-11 20:00:00+00:00,20.976,96.37185,20.376
18525,2023-02-11 21:00:00+00:00,20.425999,96.65603,19.876
18526,2023-02-11 22:00:00+00:00,19.126,98.452515,18.876
18527,2023-02-11 23:00:00+00:00,19.425999,98.14976,19.126
18528,2023-02-12 00:00:00+00:00,19.075998,99.68869,19.026
18529,2023-02-12 01:00:00+00:00,18.925999,98.45017,18.675999
18530,2023-02-12 02:00:00+00:00,21.175999,89.754074,19.425999
18531,2023-02-12 03:00:00+00:00,24.526,68.40199,18.325998
18532,2023-02-12 04:00:00+00:00,27.976,47.168724,15.676
18533,2023-02-12 05:00:00+00:00,30.626,36.27631,13.976
18534,2023-02-12 06:00:00+00:00,32.526,29.433104,12.426
18535,2023-02-12 07:00:00+00:00,33.626,28.218664,12.726
18536,2023-02-12 08:00:00+00:00,33.976,28.778212,13.326
18537,2023-02-12 09:00:00+00:00,33.776,28.63074,13.076
18538,2023-02-12 10:00:00+00:00,32.826,30.79458,13.376
18539,2023-02-12 11:00:00+00:00,31.276,36.339058,14.576
18540,2023-02-12 12:00:00+00:00,29.126,47.325306,16.776
18541,2023-02-12 13:00:00+00:00,26.425999,61.29232,18.376
18542,2023-02-12 14:00:00+00:00,24.976,73.79846,19.976
18543,2023-02-12 15:00:00+00:00,24.026,81.06561,20.575998
18544,2023-02-12 16:00:00+00:00,23.175999,86.916016,20.876
18545,2023-02-12 17:00:00+00:00,22.626,93.23008,21.476
18546,2023-02-12 18:00:00+00:00,22.026,95.518005,21.276
18547,2023-02-12 19:00:00+00:00,21.376,97.57546,20.976
18548,2023-02-12 20:00:00+00:00,20.325998,97.556305,19.925999
18549,2023-02-12 21:00:00+00:00,19.925999,96.34333,19.325998
18550,2023-02-12 22:00:00+00:00,19.325998,97.84269,18.976
18551,2023-02-12 23:00:00+00:00,18.075998,100.0,18.075998
18552,2023-02-13 00:00:00+00:00,18.476,100.0,18.476
18553,2023-02-13 01:00:00+00:00,18.726,100.0,18.726
18554,2023-02-13 02:00:00+00:00,20.575998,95.76597,19.876
18555,2023-02-13 03:00:00+00:00,24.325998,73.91794,19.376
18556,2023-02-13 04:00:00+00:00,28.376,47.27572,16.075998
18557,2023-02-13 05:00:00+00:00,30.976,34.646374,13.576
18558,2023-02-13 06:00:00+00:00,32.576,32.473427,13.976
18559,2023-02-13 07:00:00+00:00,33.776,29.868977,13.726
18560,2023-02-13 08:00:00+00:00,34.326,28.406588,13.426
18561,2023-02-13 09:00:00+00:00,34.026,28.51151,13.226
18562,2023-02-13 10:00:00+00:00,32.776,31.59266,13.726
18563,2023-02-13 11:00:00+00:00,30.726,40.244045,15.676
18564,2023-02-13 12:00:00+00:00,28.726,51.594944,17.776
18565,2023-02-13 13:00:00+00:00,26.476,66.06802,19.626
18566,2023-02-13 14:00:00+00:00,25.175999,76.85219,20.825998
18567,2023-02-13 15:00:00+00:00,24.425999,82.11921,21.175999
18568,2023-02-13 16:00:00+00:00,23.876,88.58934,21.876
18569,2023-02-13 17:00:00+00:00,23.376,93.83619,22.325998
18570,2023-02-13 18:00:00+00:00,22.226,96.40538,21.626
18571,2023-02-13 19:00:00+00:00,21.825998,98.48369,21.575998
18572,2023-02-13 20:00:00+00:00,20.825998,99.69281,20.776
18573,2023-02-13 21:00:00+00:00,20.476,100.0,20.476
18574,2023-02-13 22:00:00+00:00,21.075998,100.0,21.075998
18575,2023-02-13 23:00:00+00:00,20.726,100.0,20.726
18576,2023-02-14 00:00:00+00:00,18.976,99.99999,18.976
18577,2023-02-14 01:00:00+00:00,20.175999,99.691284,20.126
18578,2023-02-14 02:00:00+00:00,21.226,98.174644,20.925999
18579,2023-02-14 03:00:00+00:00,23.325998,90.46223,21.675999
18580,2023-02-14 04:00:00+00:00,26.575998,70.736046,20.825998
18581,2023-02-14 05:00:00+00:00,29.126,54.351757,18.976
18582,2023-02-14 06:00:00+00:00,31.175999,43.97776,17.476
18583,2023-02-14 07:00:00+00:00,32.476,37.142223,15.976
18584,2023-02-14 08:00:00+00:00,33.076,34.334644,15.276
18585,2023-02-14 09:00:00+00:00,33.176003,33.275455,14.876
18586,2023-02-14 10:00:00+00:00,32.776,31.695444,13.776
18587,2023-02-14 11:00:00+00:00,31.575998,31.26365,12.526
18588,2023-02-14 12:00:00+00:00,29.575998,42.71563,15.576
18589,2023-02-14 13:00:00+00:00,26.526,65.06001,19.425999
18590,2023-02-14 14:00:00+00:00,24.476,83.39312,21.476
18591,2023-02-14 15:00:00+00:00,23.226,93.259544,22.075998
18592,2023-02-14 16:00:00+00:00,23.026,94.97101,22.175999
18593,2023-02-14 17:00:00+00:00,22.825998,95.83592,22.126
18594,2023-02-14 18:00:00+00:00,22.075998,97.88678,21.726
18595,2023-02-14 19:00:00+00:00,21.526,99.38964,21.425999
18596,2023-02-14 20:00:00+00:00,20.626,100.0,20.626
18597,2023-02-14 21:00:00+00:00,20.075998,100.0,20.075998
18598,2023-02-14 22:00:00+00:00,19.825998,100.0,19.825998
18599,2023-02-14 23:00:00+00:00,21.075998,99.69338,21.026
18600,2023-02-15 00:00:00+00:00,20.476,100.0,20.476
18601,2023-02-15 01:00:00+00:00,20.675999,100.0,20.675999
18602,2023-02-15 02:00:00+00:00,21.476,98.47968,21.226
18603,2023-02-15 03:00:00+00:00,23.276,87.72972,21.126
18604,2023-02-15 04:00:00+00:00,26.276,70.680885,20.526
18605,2023-02-15 05:00:00+00:00,29.075998,52.01013,18.226
18606,2023-02-15 06:00:00+00:00,31.276,39.503143,15.876
18607,2023-02-15 07:00:00+00:00,32.726,33.58274,14.626
18608,2023-02-15 08:00:00+00:00,33.476,31.47734,14.276
18609,2023-02-15 09:00:00+00:00,33.326,32.469105,14.626
18610,2023-02-15 10:00:00+00:00,32.576,31.847073,13.676
18611,2023-02-15 11:00:00+00:00,31.276,33.618515,13.376
18612,2023-02-15 12:00:00+00:00,28.925999,44.208435,15.526
18613,2023-02-15 13:00:00+00:00,25.876,64.31689,18.626
18614,2023-02-15 14:00:00+00:00,24.526,79.40227,20.726
18615,2023-02-15 15:00:00+00:00,23.726,88.84822,21.776
18616,2023-02-15 16:00:00+00:00,23.026,93.82044,21.976
18617,2023-02-15 17:00:00+00:00,22.126,94.64698,21.226
18618,2023-02-15 18:00:00+00:00,21.425999,96.68088,20.876
18619,2023-02-15 19:00:00+00:00,20.175999,99.38341,20.075998
18620,2023-02-15 20:00:00+00:00,19.476,100.0,19.476
18621,2023-02-15 21:00:00+00:00,19.825998,100.0,19.825998
18622,2023-02-15 22:00:00+00:00,20.026,100.0,20.026
18623,2023-02-15 23:00:00+00:00,19.526,99.38035,19.425999
18624,2023-02-16 00:00:00+00:00,19.675999,99.69011,19.626
18625,2023-02-16 01:00:00+00:00,20.126,99.38317,20.026
18626,2023-02-16 02:00:00+00:00,20.825998,98.77618,20.626
18627,2023-02-16 03:00:00+00:00,22.126,95.22907,21.325998
18628,2023-02-16 04:00:00+00:00,26.075998,75.35734,21.376
18629,2023-02-16 05:00:00+00:00,28.575998,60.267197,20.126
18630,2023-02-16 06:00:00+00:00,30.726,48.960026,18.776
18631,2023-02-16 07:00:00+00:00,32.276,41.186657,17.425999
18632,2023-02-16 08:00:00+00:00,32.676003,39.887615,17.276
18633,2023-02-16 09:00:00+00:00,31.876,42.396416,17.526
18634,2023-02-16 10:00:00+00:00,30.675999,46.11473,17.776
18635,2023-02-16 11:00:00+00:00,29.276,50.135868,17.825998
18636,2023-02-16 12:00:00+00:00,27.526,60.213898,19.126
18637,2023-02-16 13:00:00+00:00,25.675999,73.462265,20.575998
18638,2023-02-16 14:00:00+00:00,24.675999,79.91272,20.976
18639,2023-02-16 15:00:00+00:00,23.925999,83.07453,20.876
18640,2023-02-16 16:00:00+00:00,23.175999,87.452,20.976
18641,2023-02-16 17:00:00+00:00,22.626,91.251045,21.126
18642,2023-02-16 18:00:00+00:00,22.075998,93.20287,20.925999
18643,2023-02-16 19:00:00+00:00,21.575998,94.334274,20.626
18644,2023-02-16 20:00:00+00:00,21.126,94.90018,20.276
18645,2023-02-16 21:00:00+00:00,20.376,96.35558,19.776
18646,2023-02-16 22:00:00+00:00,19.276,98.14766,18.976
18647,2023-02-16 23:00:00+00:00,18.925999,98.45017,18.675999
18648,2023-02-17 00:00:00+00:00,19.075998,98.45192,18.825998
18649,2023-02-17 01:00:00+00:00,20.825998,94.888885,19.976
18650,2023-02-17 02:00:00+00:00,21.425999,92.59647,20.175999
18651,2023-02-17 03:00:00+00:00,24.675999,75.83279,20.126
18652,2023-02-17 04:00:00+00:00,27.226,67.04401,20.575998
18653,2023-02-17 05:00:00+00:00,29.226,58.400238,20.226
18654,2023-02-17 06:00:00+00:00,30.626,51.276875,19.425999
18655,2023-02-17 07:00:00+00:00,31.425999,47.33951,18.876
18656,2023-02-17 08:00:00+00:00,31.575998,46.354675,18.675999
18657,2023-02-17 09:00:00+00:00,31.276,46.420044,18.425999
18658,2023-02-17 10:00:00+00:00,30.476,47.533985,18.075998
18659,2023-02-17 11:00:00+00:00,29.376,51.437904,18.325998
18660,2023-02-17 12:00:00+00:00,27.575998,60.41323,19.226
18661,2023-02-17 13:00:00+00:00,25.726,70.798195,20.026
18662,2023-02-17 14:00:00+00:00,24.825998,76.3264,20.376
18663,2023-02-17 15:00:00+00:00,24.126,80.829094,20.626
18664,2023-02-17 16:00:00+00:00,23.425999,84.56636,20.675999
18665,2023-02-17 17:00:00+00:00,22.726,87.68194,20.575998
18666,2023-02-17 18:00:00+00:00,21.925999,91.48853,20.476
18667,2023-02-17 19:00:00+00:00,21.376,93.16802,20.226
18668,2023-02-17 20:00:00+00:00,20.425999,95.16875,19.626
18669,2023-02-17 21:00:00+00:00,19.476,96.93415,18.976
18670,2023-02-17 22:00:00+00:00,18.825998,98.7575,18.626
18671,2023-02-17 23:00:00+00:00,18.325998,99.68692,18.276
18672,2023-02-18 00:00:00+00:00,18.526,100.0,18.526
18673,2023-02-18 01:00:00+00:00,18.575998,100.0,18.575998
18674,2023-02-18 02:00:00+00:00,21.276,95.19905,20.476
18675,2023-02-18 03:00:00+00:00,24.425999,81.116844,20.976
18676,2023-02-18 04:00:00+00:00,27.026,68.254845,20.675999
18677,2023-02-18 05:00:00+00:00,28.925999,58.149357,19.876
18678,2023-02-18 06:00:00+00:00,30.425999,49.188587,18.575998
18679,2023-02-18 07:00:00+00:00,31.325998,43.329334,17.376
18680,2023-02-18 08:00:00+00:00,31.626,40.23478,16.476
18681,2023-02-18 09:00:00+00:00,31.476,38.43672,15.626
18682,2023-02-18 10:00:00+00:00,30.776,40.7758,15.926
18683,2023-02-18 11:00:00+00:00,29.425999,47.555424,17.126
18684,2023-02-18 12:00:00+00:00,27.776,57.69637,18.675999
18685,2023-02-18 13:00:00+00:00,25.976,69.11226,19.876
18686,2023-02-18 14:00:00+00:00,24.876,77.75886,20.726
18687,2023-02-18 15:00:00+00:00,24.226,83.10928,21.175999
18688,2023-02-18 16:00:00+00:00,23.425999,88.28215,21.376
18689,2023-02-18 17:00:00+00:00,22.425999,91.51928,20.976
18690,2023-02-18 18:00:00+00:00,22.026,92.628746,20.776
18691,2023-02-18 19:00:00+00:00,21.175999,94.90206,20.325998
18692,2023-02-18 20:00:00+00:00,21.075998,95.4864,20.325998
18693,2023-02-18 21:00:00+00:00,20.476,96.657265,19.925999
18694,2023-02-18 22:00:00+00:00,19.726,97.849174,19.376
18695,2023-02-18 23:00:00+00:00,19.175999,99.06932,19.026
18696,2023-02-19 00:00:00+00:00,19.175999,100.0,19.175999
18697,2023-02-19 01:00:00+00:00,19.476,100.0,19.476
18698,2023-02-19 02:00:00+00:00,21.876,94.63715,20.976
18699,2023-02-19 03:00:00+00:00,25.175999,79.97996,21.476
18700,2023-02-19 04:00:00+00:00,27.675999,64.30124,20.325998
18701,2023-02-19 05:00:00+00:00,29.526,51.961967,18.626
18702,2023-02-19 06:00:00+00:00,31.126,44.242588,17.526
18703,2023-02-19 07:00:00+00:00,32.126,39.863144,16.776
18704,2023-02-19 08:00:00+00:00,32.326,39.918003,16.976
18705,2023-02-19 09:00:00+00:00,31.925999,41.09105,17.075998
18706,2023-02-19 10:00:00+00:00,31.126,43.138348,17.126
18707,2023-02-19 11:00:00+00:00,29.876,48.73738,17.925999
18708,2023-02-19 12:00:00+00:00,28.325998,57.647423,19.175999
18709,2023-02-19 13:00:00+00:00,26.175999,70.22759,20.325998
18710,2023-02-19 14:00:00+00:00,25.075998,76.36518,20.626
18711,2023-02-19 15:00:00+00:00,24.175999,80.09174,20.526
18712,2023-02-19 16:00:00+00:00,23.226,83.249886,20.226
18713,2023-02-19 17:00:00+00:00,22.476,85.78324,19.976
18714,2023-02-19 18:00:00+00:00,21.626,90.62517,20.026
18715,2023-02-19 19:00:00+00:00,20.976,93.14798,19.825998
18716,2023-02-19 20:00:00+00:00,20.976,96.37185,20.376
18717,2023-02-19 21:00:00+00:00,20.726,97.8653,20.376
18718,2023-02-19 22:00:00+00:00,20.376,97.85968,20.026
18719,2023-02-19 23:00:00+00:00,19.825998,98.46068,19.575998
18720,2023-02-20 00:00:00+00:00,19.575998,99.3806,19.476
18721,2023-02-20 01:00:00+00:00,19.825998,99.0739,19.675999
18722,2023-02-20 02:00:00+00:00,22.075998,94.065834,21.075998
18723,2023-02-20 03:00:00+00:00,25.026,79.715096,21.276
18724,2023-02-20 04:00:00+00:00,27.726,63.915913,20.276
18725,2023-02-20 05:00:00+00:00,30.175999,48.358482,18.075998
18726,2023-02-20 06:00:00+00:00,32.176003,37.178276,15.726
18727,2023-02-20 07:00:00+00:00,33.426003,32.601376,14.776
18728,2023-02-20 08:00:00+00:00,33.876,31.893356,14.826
18729,2023-02-20 09:00:00+00:00,33.476,30.572596,13.826
18730,2023-02-20 10:00:00+00:00,32.426003,32.013508,13.626
18731,2023-02-20 11:00:00+00:00,30.976,36.609283,14.426
18732,2023-02-20 12:00:00+00:00,29.476,47.870453,17.276
18733,2023-02-20 13:00:00+00:00,26.675999,67.14073,20.075998
18734,2023-02-20 14:00:00+00:00,25.476,75.72561,20.876
18735,2023-02-20 15:00:00+00:00,24.776,78.949844,20.876
18736,2023-02-20 16:00:00+00:00,24.226,84.392784,21.425999
18737,2023-02-20 17:00:00+00:00,23.476,87.47848,21.276
18738,2023-02-20 18:00:00+00:00,22.876,90.70913,21.276
18739,2023-02-20 19:00:00+00:00,22.126,94.06799,21.126
18740,2023-02-20 20:00:00+00:00,21.626,94.62726,20.726
18741,2023-02-20 21:00:00+00:00,21.026,95.780075,20.325998
18742,2023-02-20 22:00:00+00:00,20.175999,97.553566,19.776
18743,2023-02-20 23:00:00+00:00,19.226,97.841064,18.876
18744,2023-02-21 00:00:00+00:00,20.126,98.1595,19.825998
18745,2023-02-21 01:00:00+00:00,19.776,97.24321,19.325998
18746,2023-02-21 02:00:00+00:00,21.976,85.46724,19.425999
18747,2023-02-21 03:00:00+00:00,25.376,60.86131,17.276
18748,2023-02-21 04:00:00+00:00,29.376,39.104195,14.026
18749,2023-02-21 05:00:00+00:00,32.226,29.159073,12.026
18750,2023-02-21 06:00:00+00:00,33.826,26.827242,12.126
18751,2023-02-21 07:00:00+00:00,35.026,25.012083,12.076
18752,2023-02-21 08:00:00+00:00,35.226,25.815079,12.726
18753,2023-02-21 09:00:00+00:00,34.476,27.444965,13.026
18754,2023-02-21 10:00:00+00:00,33.176003,31.80492,14.176
18755,2023-02-21 11:00:00+00:00,31.276,40.524223,16.276
18756,2023-02-21 12:00:00+00:00,29.126,51.21261,18.026
18757,2023-02-21 13:00:00+00:00,26.776,66.54047,20.026
18758,2023-02-21 14:00:00+00:00,25.526,79.78282,21.776
18759,2023-02-21 15:00:00+00:00,24.976,83.70473,22.026
18760,2023-02-21 16:00:00+00:00,24.476,85.71849,21.925999
18761,2023-02-21 17:00:00+00:00,23.626,90.48268,21.976
18762,2023-02-21 18:00:00+00:00,22.776,93.52293,21.675999
18763,2023-02-21 19:00:00+00:00,22.226,96.11101,21.575998
18764,2023-02-21 20:00:00+00:00,21.575998,97.57908,21.175999
18765,2023-02-21 21:00:00+00:00,21.175999,97.27197,20.726
18766,2023-02-21 22:00:00+00:00,20.276,98.465904,20.026
18767,2023-02-21 23:00:00+00:00,19.526,99.38035,19.425999
18768,2023-02-22 00:00:00+00:00,20.026,99.38269,19.925999
18769,2023-02-22 01:00:00+00:00,20.226,98.46533,19.976
18770,2023-02-22 02:00:00+00:00,22.825998,89.0501,20.925999
18771,2023-02-22 03:00:00+00:00,26.126,68.078354,19.776
18772,2023-02-22 04:00:00+00:00,29.526,46.539024,16.876
18773,2023-02-22 05:00:00+00:00,31.925999,32.718147,13.526
18774,2023-02-22 06:00:00+00:00,33.426003,26.809175,11.776
18775,2023-02-22 07:00:00+00:00,34.276,23.611021,10.576
18776,2023-02-22 08:00:00+00:00,34.276,22.307343,9.726
18777,2023-02-22 09:00:00+00:00,33.676003,23.222246,9.826
18778,2023-02-22 10:00:00+00:00,32.526,27.01405,11.126
18779,2023-02-22 11:00:00+00:00,30.825998,35.74789,13.926
18780,2023-02-22 12:00:00+00:00,28.925999,51.484077,17.925999
18781,2023-02-22 13:00:00+00:00,26.876,65.53854,19.876
18782,2023-02-22 14:00:00+00:00,25.825998,73.03656,20.626
18783,2023-02-22 15:00:00+00:00,25.075998,77.31134,20.825998
18784,2023-02-22 16:00:00+00:00,24.175999,81.585434,20.825998
18785,2023-02-22 17:00:00+00:00,23.425999,85.35084,20.825998
18786,2023-02-22 18:00:00+00:00,22.726,89.86736,20.976
18787,2023-02-22 19:00:00+00:00,22.276,92.92708,21.075998
18788,2023-02-22 20:00:00+00:00,21.876,94.05713,20.876
18789,2023-02-22 21:00:00+00:00,21.126,95.488075,20.376
18790,2023-02-22 22:00:00+00:00,20.476,96.95706,19.976
18791,2023-02-22 23:00:00+00:00,20.425999,97.55815,20.026
18792,2023-02-23 00:00:00+00:00,20.925999,95.776955,20.226
18793,2023-02-23 01:00:00+00:00,20.925999,94.015495,19.925999
18794,2023-02-23 02:00:00+00:00,22.226,86.29181,19.825998
18795,2023-02-23 03:00:00+00:00,24.925999,70.43087,19.175999
18796,2023-02-23 04:00:00+00:00,27.825998,52.514473,17.226
18797,2023-02-23 05:00:00+00:00,30.476,37.066303,14.176
18798,2023-02-23 06:00:00+00:00,32.426003,28.736696,11.976
18799,2023-02-23 07:00:00+00:00,33.676003,23.931692,10.276
18800,2023-02-23 08:00:00+00:00,33.926003,21.628284,8.976
18801,2023-02-23 09:00:00+00:00,33.176003,21.732756,8.426
18802,2023-02-23 10:00:00+00:00,32.126,25.423098,9.876
18803,2023-02-23 11:00:00+00:00,30.476,33.506657,12.626
18804,2023-02-23 12:00:00+00:00,28.376,47.27572,16.075998
18805,2023-02-23 13:00:00+00:00,26.075998,59.87946,17.675999
18806,2023-02-23 14:00:00+00:00,24.776,69.96498,18.925999
18807,2023-02-23 15:00:00+00:00,23.575998,79.02523,19.726
18808,2023-02-23 16:00:00+00:00,22.626,85.53318,20.075998
18809,2023-02-23 17:00:00+00:00,21.825998,88.42209,19.825998
18810,2023-02-23 18:00:00+00:00,20.876,91.423485,19.425999
18811,2023-02-23 19:00:00+00:00,20.226,94.57146,19.325998
18812,2023-02-23 20:00:00+00:00,20.026,96.64602,19.476
18813,2023-02-23 21:00:00+00:00,19.075998,97.53322,18.675999
18814,2023-02-23 22:00:00+00:00,18.626,98.44664,18.376
18815,2023-02-23 23:00:00+00:00,17.976,99.68605,17.925999
18816,2023-02-24 00:00:00+00:00,18.226,100.0,18.226
18817,2023-02-24 01:00:00+00:00,18.726,100.0,18.726
18818,2023-02-24 02:00:00+00:00,21.575998,92.319,20.276
18819,2023-02-24 03:00:00+00:00,24.776,75.6145,20.175999
18820,2023-02-24 04:00:00+00:00,27.476,60.76776,19.226
18821,2023-02-24 05:00:00+00:00,29.726,48.697987,17.776
18822,2023-02-24 06:00:00+00:00,31.675999,38.4919,15.826
18823,2023-02-24 07:00:00+00:00,33.326,29.265587,13.026
18824,2023-02-24 08:00:00+00:00,34.226,23.05352,10.176
18825,2023-02-24 09:00:00+00:00,34.226,19.541513,7.726
18826,2023-02-24 10:00:00+00:00,33.176003,21.367445,8.176
18827,2023-02-24 11:00:00+00:00,31.226,31.373056,12.276
18828,2023-02-24 12:00:00+00:00,28.526,52.69244,17.925999
18829,2023-02-24 13:00:00+00:00,25.925999,69.10266,19.825998
18830,2023-02-24 14:00:00+00:00,24.675999,77.25139,20.425999
18831,2023-02-24 15:00:00+00:00,23.626,83.55288,20.675999
18832,2023-02-24 16:00:00+00:00,22.276,92.35799,20.976
18833,2023-02-24 17:00:00+00:00,21.425999,94.61935,20.526
18834,2023-02-24 18:00:00+00:00,21.976,94.641075,21.075998
18835,2023-02-24 19:00:00+00:00,21.575998,96.092224,20.925999
18836,2023-02-24 20:00:00+00:00,21.276,97.57364,20.876
18837,2023-02-24 21:00:00+00:00,20.776,98.16848,20.476
18838,2023-02-24 22:00:00+00:00,20.276,98.16158,19.976
18839,2023-02-24 23:00:00+00:00,19.425999,98.763145,19.226
18840,2023-02-25 00:00:00+00:00,19.925999,98.461845,19.675999
18841,2023-02-25 01:00:00+00:00,20.026,96.64602,19.476
18842,2023-02-25 02:00:00+00:00,21.575998,90.90274,20.026
18843,2023-02-25 03:00:00+00:00,24.526,74.4122,19.675999
18844,2023-02-25 04:00:00+00:00,27.976,53.895283,17.776
18845,2023-02-25 05:00:00+00:00,30.976,38.1757,15.076
18846,2023-02-25 06:00:00+00:00,33.076,31.064045,13.726
18847,2023-02-25 07:00:00+00:00,33.976,29.060772,13.476
18848,2023-02-25 08:00:00+00:00,34.226,27.468077,12.826
18849,2023-02-25 09:00:00+00:00,34.226,25.384474,11.626
18850,2023-02-25 10:00:00+00:00,33.326,28.416294,12.576
18851,2023-02-25 11:00:00+00:00,31.226,38.244816,15.326
18852,2023-02-25 12:00:00+00:00,29.376,46.204514,16.626
18853,2023-02-25 13:00:00+00:00,26.626,65.08103,19.526
18854,2023-02-25 14:00:00+00:00,25.226,78.04951,21.126
18855,2023-02-25 15:00:00+00:00,24.276,83.62625,21.325998
18856,2023-02-25 16:00:00+00:00,23.626,87.491684,21.425999
18857,2023-02-25 17:00:00+00:00,23.126,93.53943,22.026
18858,2023-02-25 18:00:00+00:00,22.726,94.670494,21.825998
18859,2023-02-25 19:00:00+00:00,22.175999,95.52296,21.425999
18860,2023-02-25 20:00:00+00:00,21.276,97.57364,20.876
18861,2023-02-25 21:00:00+00:00,20.325998,98.466484,20.075998
18862,2023-02-25 22:00:00+00:00,19.925999,99.07461,19.776
18863,2023-02-25 23:00:00+00:00,19.075998,99.68869,19.026
18864,2023-02-26 00:00:00+00:00,19.976,100.0,19.976
18865,2023-02-26 01:00:00+00:00,19.575998,100.0,19.575998
18866,2023-02-26 02:00:00+00:00,21.026,97.26889,20.575998
18867,2023-02-26 03:00:00+00:00,24.626,78.68611,20.675999
18868,2023-02-26 04:00:00+00:00,28.175999,56.014465,18.575998
18869,2023-02-26 05:00:00+00:00,30.575998,41.50894,16.026
18870,2023-02-26 06:00:00+00:00,31.976,34.031574,14.176
18871,2023-02-26 07:00:00+00:00,32.576,29.062511,12.276
18872,2023-02-26 08:00:00+00:00,32.476,29.516249,12.426
18873,2023-02-26 09:00:00+00:00,32.126,30.007113,12.376
18874,2023-02-26 10:00:00+00:00,31.276,33.94847,13.526
18875,2023-02-26 11:00:00+00:00,30.126,39.693707,14.926
18876,2023-02-26 12:00:00+00:00,28.526,46.865387,16.075998
18877,2023-02-26 13:00:00+00:00,26.476,59.22266,17.876
18878,2023-02-26 14:00:00+00:00,25.126,70.03094,19.276
18879,2023-02-26 15:00:00+00:00,23.976,80.06491,20.325998
18880,2023-02-26 16:00:00+00:00,23.075998,87.71238,20.925999
18881,2023-02-26 17:00:00+00:00,23.575998,85.89214,21.075998
18882,2023-02-26 18:00:00+00:00,22.876,89.87822,21.126
18883,2023-02-26 19:00:00+00:00,21.376,94.90958,20.526
18884,2023-02-26 20:00:00+00:00,19.925999,98.461845,19.675999
18885,2023-02-26 21:00:00+00:00,19.325998,99.68927,19.276
18886,2023-02-26 22:00:00+00:00,18.876,99.99999,18.876
18887,2023-02-26 23:00:00+00:00,18.675999,100.0,18.675999
18888,2023-02-27 00:00:00+00:00,19.825998,100.0,19.825998
18889,2023-02-27 01:00:00+00:00,19.575998,99.689865,19.526
18890,2023-02-27 02:00:00+00:00,21.976,94.35089,21.026
18891,2023-02-27 03:00:00+00:00,25.075998,79.96654,21.376
18892,2023-02-27 04:00:00+00:00,27.675999,63.119556,20.026
18893,2023-02-27 05:00:00+00:00,29.976,47.551167,17.626
18894,2023-02-27 06:00:00+00:00,31.575998,36.071762,14.726
18895,2023-02-27 07:00:00+00:00,32.576,27.660881,11.526
18896,2023-02-27 08:00:00+00:00,32.976,22.052896,8.476
18897,2023-02-27 09:00:00+00:00,32.926003,20.38114,7.276
18898,2023-02-27 10:00:00+00:00,32.376,21.166952,7.376
18899,2023-02-27 11:00:00+00:00,31.276,25.113625,8.976
18900,2023-02-27 12:00:00+00:00,29.276,39.20335,13.976
18901,2023-02-27 13:00:00+00:00,26.575998,57.40905,17.476
18902,2023-02-27 14:00:00+00:00,25.026,70.012115,19.175999
18903,2023-02-27 15:00:00+00:00,23.976,78.837105,20.075998
18904,2023-02-27 16:00:00+00:00,23.126,86.112564,20.675999
18905,2023-02-27 17:00:00+00:00,22.376,91.23527,20.876
18906,2023-02-27 18:00:00+00:00,21.376,93.74539,20.325998
18907,2023-02-27 19:00:00+00:00,20.675999,94.58949,19.776
18908,2023-02-27 20:00:00+00:00,21.126,92.86748,19.925999
18909,2023-02-27 21:00:00+00:00,22.425999,91.23843,20.925999
18910,2023-02-27 22:00:00+00:00,19.726,97.545265,19.325998
18911,2023-02-27 23:00:00+00:00,17.526,100.0,17.526
18912,2023-02-28 00:00:00+00:00,18.425999,99.99999,18.425999
18913,2023-02-28 01:00:00+00:00,18.575998,100.0,18.575998
18914,2023-02-28 02:00:00+00:00,20.575998,98.16573,20.276
18915,2023-02-28 03:00:00+00:00,24.026,85.93634,21.526
18916,2023-02-28 04:00:00+00:00,27.726,64.510635,20.425999
18917,2023-02-28 05:00:00+00:00,30.425999,48.424225,18.325998
18918,2023-02-28 06:00:00+00:00,32.176003,38.384323,16.226
18919,2023-02-28 07:00:00+00:00,32.626,37.66049,16.325998
18920,2023-02-28 08:00:00+00:00,32.626,40.000168,17.276
18921,2023-02-28 09:00:00+00:00,32.126,42.064926,17.626
18922,2023-02-28 10:00:00+00:00,31.276,46.71171,18.526
18923,2023-02-28 11:00:00+00:00,29.876,54.537468,19.726
18924,2023-02-28 12:00:00+00:00,28.376,59.849464,19.825998
18925,2023-02-28 13:00:00+00:00,26.575998,72.052246,21.126
18926,2023-02-28 14:00:00+00:00,25.675999,78.11478,21.575998
18927,2023-02-28 15:00:00+00:00,24.876,82.93065,21.776
18928,2023-02-28 16:00:00+00:00,23.776,89.66924,21.976
18929,2023-02-28 17:00:00+00:00,22.876,94.38804,21.925999
18930,2023-02-28 18:00:00+00:00,22.526,95.82666,21.825998
18931,2023-02-28 19:00:00+00:00,21.876,96.98868,21.376
18932,2023-02-28 20:00:00+00:00,21.726,98.18147,21.425999
18933,2023-02-28 21:00:00+00:00,20.925999,98.77708,20.726
18934,2023-02-28 22:00:00+00:00,21.925999,98.78623,21.726
18935,2023-02-28 23:00:00+00:00,22.575998,98.79213,22.376
18936,2023-03-01 00:00:00+00:00,21.476,99.08535,21.325998
18937,2023-03-01 01:00:00+00:00,21.425999,99.08504,21.276
18938,2023-03-01 02:00:00+00:00,23.976,93.29614,22.825998
18939,2023-03-01 03:00:00+00:00,27.026,76.897545,22.626
18940,2023-03-01 04:00:00+00:00,29.126,61.896587,21.075998
18941,2023-03-01 05:00:00+00:00,31.276,47.894497,18.925999
18942,2023-03-01 06:00:00+00:00,32.526,40.0994,17.226
18943,2023-03-01 07:00:00+00:00,32.976,36.69122,16.226
18944,2023-03-01 08:00:00+00:00,33.076,34.889576,15.526
18945,2023-03-01 09:00:00+00:00,32.926003,34.960205,15.426
18946,2023-03-01 10:00:00+00:00,32.326,36.162846,15.426
18947,2023-03-01 11:00:00+00:00,31.175999,38.848907,15.526
18948,2023-03-01 12:00:00+00:00,28.925999,55.501232,19.126
18949,2023-03-01 13:00:00+00:00,26.675999,73.8573,21.626
18950,2023-03-01 14:00:00+00:00,25.726,81.777824,22.376
18951,2023-03-01 15:00:00+00:00,24.976,86.5531,22.575998
18952,2023-03-01 16:00:00+00:00,24.126,91.068085,22.575998
18953,2023-03-01 17:00:00+00:00,23.175999,94.40035,22.226
18954,2023-03-01 18:00:00+00:00,21.976,96.10379,21.325998
18955,2023-03-01 19:00:00+00:00,21.976,95.51635,21.226
18956,2023-03-01 20:00:00+00:00,23.026,94.10694,22.026
18957,2023-03-01 21:00:00+00:00,22.476,97.00207,21.976
18958,2023-03-01 22:00:00+00:00,21.026,100.0,21.026
18959,2023-03-01 23:00:00+00:00,18.976,99.99999,18.976
18960,2023-03-02 00:00:00+00:00,19.126,100.0,19.126
18961,2023-03-02 01:00:00+00:00,19.976,100.0,19.976
18962,2023-03-02 02:00:00+00:00,21.526,97.27908,21.075998
18963,2023-03-02 03:00:00+00:00,24.126,89.15077,22.226
18964,2023-03-02 04:00:00+00:00,27.626,66.712845,20.876
18965,2023-03-02 05:00:00+00:00,30.276,45.717896,17.276
18966,2023-03-02 06:00:00+00:00,32.426003,29.021856,12.126
18967,2023-03-02 07:00:00+00:00,33.326,22.442383,9.026
18968,2023-03-02 08:00:00+00:00,33.476,21.153984,8.276
18969,2023-03-02 09:00:00+00:00,33.276,21.392515,8.276
18970,2023-03-02 10:00:00+00:00,32.476,23.38336,8.926
18971,2023-03-02 11:00:00+00:00,31.226,27.480755,10.276
18972,2023-03-02 12:00:00+00:00,30.126,37.089294,13.876
18973,2023-03-02 13:00:00+00:00,27.376,54.77312,17.476
18974,2023-03-02 14:00:00+00:00,25.726,69.49418,19.726
18975,2023-03-02 15:00:00+00:00,24.075998,81.82439,20.776
18976,2023-03-02 16:00:00+00:00,23.126,89.34699,21.276
18977,2023-03-02 17:00:00+00:00,23.376,88.820496,21.425999
18978,2023-03-02 18:00:00+00:00,22.626,92.66084,21.376
18979,2023-03-02 19:00:00+00:00,22.075998,94.93578,21.226
18980,2023-03-02 20:00:00+00:00,19.876,100.0,19.876
18981,2023-03-02 21:00:00+00:00,18.925999,100.0,18.925999
18982,2023-03-02 22:00:00+00:00,18.976,99.99999,18.976
18983,2023-03-02 23:00:00+00:00,19.026,100.0,19.026
18984,2023-03-03 00:00:00+00:00,19.075998,100.0,19.075998
18985,2023-03-03 01:00:00+00:00,19.126,99.06897,18.976
18986,2023-03-03 02:00:00+00:00,19.825998,96.34059,19.226
18987,2023-03-03 03:00:00+00:00,24.126,77.6481,19.976
18988,2023-03-03 04:00:00+00:00,28.325998,53.308582,17.925999
18989,2023-03-03 05:00:00+00:00,31.026,36.623142,14.476
18990,2023-03-03 06:00:00+00:00,33.176003,26.56637,11.426
18991,2023-03-03 07:00:00+00:00,34.276,20.714697,8.626
18992,2023-03-03 08:00:00+00:00,34.376,19.051401,7.476
18993,2023-03-03 09:00:00+00:00,33.976,18.890644,7.026
18994,2023-03-03 10:00:00+00:00,33.026,21.04168,7.826
18995,2023-03-03 11:00:00+00:00,31.825998,25.174213,9.476
18996,2023-03-03 12:00:00+00:00,30.776,26.994999,9.626
18997,2023-03-03 13:00:00+00:00,27.925999,40.51275,13.276
18998,2023-03-03 14:00:00+00:00,26.026,56.01821,16.575998
18999,2023-03-03 15:00:00+00:00,24.175999,72.75001,18.976
19000,2023-03-03 16:00:00+00:00,23.126,84.01376,20.276
19001,2023-03-03 17:00:00+00:00,23.726,82.79586,20.626
19002,2023-03-03 18:00:00+00:00,23.325998,85.07827,20.675999
19003,2023-03-03 19:00:00+00:00,22.726,87.68194,20.575998
19004,2023-03-03 20:00:00+00:00,22.175999,89.82737,20.425999
19005,2023-03-03 21:00:00+00:00,20.126,95.45446,19.376
19006,2023-03-03 22:00:00+00:00,18.776,99.066475,18.626
19007,2023-03-03 23:00:00+00:00,18.226,100.0,18.226
19008,2023-03-04 00:00:00+00:00,18.575998,99.37587,18.476
19009,2023-03-04 01:00:00+00:00,18.376,98.13499,18.075998
19010,2023-03-04 02:00:00+00:00,21.876,84.662636,19.175999
19011,2023-03-04 03:00:00+00:00,26.276,65.21017,19.226
19012,2023-03-04 04:00:00+00:00,28.876,56.711502,19.425999
19013,2023-03-04 05:00:00+00:00,31.175999,44.256092,17.575998
19014,2023-03-04 06:00:00+00:00,32.826,34.93269,15.326
19015,2023-03-04 07:00:00+00:00,33.626,30.316898,13.826
19016,2023-03-04 08:00:00+00:00,33.676003,29.648401,13.526
19017,2023-03-04 09:00:00+00:00,33.276,30.419094,13.576
19018,2023-03-04 10:00:00+00:00,32.576,33.43329,14.426
19019,2023-03-04 11:00:00+00:00,31.276,39.377106,15.826
19020,2023-03-04 12:00:00+00:00,29.825998,49.186054,18.026
19021,2023-03-04 13:00:00+00:00,27.526,63.67568,20.026
19022,2023-03-04 14:00:00+00:00,26.175999,73.32171,21.026
19023,2023-03-04 15:00:00+00:00,24.825998,82.41946,21.626
19024,2023-03-04 16:00:00+00:00,23.675999,89.93589,21.925999
19025,2023-03-04 17:00:00+00:00,23.276,91.57109,21.825998
19026,2023-03-04 18:00:00+00:00,23.575998,90.75567,21.976
19027,2023-03-04 19:00:00+00:00,22.976,93.8182,21.925999
19028,2023-03-04 20:00:00+00:00,20.976,98.17121,20.675999
19029,2023-03-04 21:00:00+00:00,20.026,100.0,20.026
19030,2023-03-04 22:00:00+00:00,19.776,100.0,19.776
19031,2023-03-04 23:00:00+00:00,19.226,100.0,19.226
19032,2023-03-05 00:00:00+00:00,20.175999,99.691284,20.126
19033,2023-03-05 01:00:00+00:00,20.226,99.38363,20.126
19034,2023-03-05 02:00:00+00:00,21.226,97.87329,20.876
19035,2023-03-05 03:00:00+00:00,24.526,85.72345,21.976
19036,2023-03-05 04:00:00+00:00,28.276,64.230774,20.876
19037,2023-03-05 05:00:00+00:00,30.976,46.7785,18.276
19038,2023-03-05 06:00:00+00:00,33.126,32.941673,14.676
19039,2023-03-05 07:00:00+00:00,34.326,26.003658,12.076
19040,2023-03-05 08:00:00+00:00,34.476,24.623262,11.376
19041,2023-03-05 09:00:00+00:00,34.076,25.513237,11.576
19042,2023-03-05 10:00:00+00:00,33.226,28.858395,12.726
19043,2023-03-05 11:00:00+00:00,31.825998,34.32208,14.176
19044,2023-03-05 12:00:00+00:00,30.026,42.97558,16.075998
19045,2023-03-05 13:00:00+00:00,27.476,59.641697,18.925999
19046,2023-03-05 14:00:00+00:00,25.925999,72.15904,20.526
19047,2023-03-05 15:00:00+00:00,24.675999,81.64782,21.325998
19048,2023-03-05 16:00:00+00:00,23.276,91.851036,21.876
19049,2023-03-05 17:00:00+00:00,24.026,89.41497,22.175999
19050,2023-03-05 18:00:00+00:00,23.276,93.8317,22.226
19051,2023-03-05 19:00:00+00:00,22.675999,96.41734,22.075998
19052,2023-03-05 20:00:00+00:00,20.425999,100.0,20.425999
19053,2023-03-05 21:00:00+00:00,19.526,100.0,19.526
19054,2023-03-05 22:00:00+00:00,19.425999,100.0,19.476
19055,2023-03-05 23:00:00+00:00,19.325998,100.0,19.325998
19056,2023-03-06 00:00:00+00:00,20.226,99.38363,20.126
19057,2023-03-06 01:00:00+00:00,20.526,99.385025,20.425999
19058,2023-03-06 02:00:00+00:00,21.626,96.0937,20.976
19059,2023-03-06 03:00:00+00:00,24.075998,88.066925,21.976
19060,2023-03-06 04:00:00+00:00,28.925999,55.501232,19.126
19061,2023-03-06 05:00:00+00:00,31.876,37.09547,15.426
19062,2023-03-06 06:00:00+00:00,33.726,26.275854,11.726
19063,2023-03-06 07:00:00+00:00,34.426003,22.420238,9.926
19064,2023-03-06 08:00:00+00:00,34.426003,21.104862,9.026
19065,2023-03-06 09:00:00+00:00,34.026,21.946976,9.276
19066,2023-03-06 10:00:00+00:00,33.176003,24.44797,10.176
19067,2023-03-06 11:00:00+00:00,31.976,26.777586,10.526
19068,2023-03-06 12:00:00+00:00,30.476,33.726868,12.726
19069,2023-03-06 13:00:00+00:00,27.675999,51.487823,16.776
19070,2023-03-06 14:00:00+00:00,25.675999,69.48465,19.675999
19071,2023-03-06 15:00:00+00:00,24.026,82.07041,20.776
19072,2023-03-06 16:00:00+00:00,22.976,89.3356,21.126
19073,2023-03-06 17:00:00+00:00,22.075998,92.91678,20.876
19074,2023-03-06 18:00:00+00:00,21.575998,94.625275,20.675999
19075,2023-03-06 19:00:00+00:00,20.876,97.86769,20.526
19076,2023-03-06 20:00:00+00:00,19.575998,100.0,19.575998
19077,2023-03-06 21:00:00+00:00,19.476,100.0,19.476
19078,2023-03-06 22:00:00+00:00,18.726,100.0,18.726
19079,2023-03-06 23:00:00+00:00,18.825998,100.0,18.825998
19080,2023-03-07 00:00:00+00:00,20.026,100.0,20.026
19081,2023-03-07 01:00:00+00:00,19.726,100.0,19.726
19082,2023-03-07 02:00:00+00:00,21.776,95.803474,21.075998
19083,2023-03-07 03:00:00+00:00,25.526,78.813354,21.575998
19084,2023-03-07 04:00:00+00:00,28.325998,65.43583,21.226
19085,2023-03-07 05:00:00+00:00,30.325998,53.477047,19.825998
19086,2023-03-07 06:00:00+00:00,32.176003,42.880688,17.976
19087,2023-03-07 07:00:00+00:00,33.226,36.410732,16.325998
19088,2023-03-07 08:00:00+00:00,33.126,37.321102,16.626
19089,2023-03-07 09:00:00+00:00,32.276,41.056816,17.376
19090,2023-03-07 10:00:00+00:00,31.526,42.83934,17.376
19091,2023-03-07 11:00:00+00:00,30.126,50.198895,18.626
19092,2023-03-07 12:00:00+00:00,28.276,57.27729,19.026
19093,2023-03-07 13:00:00+00:00,26.626,67.75651,20.175999
19094,2023-03-07 14:00:00+00:00,26.075998,73.30463,20.925999
19095,2023-03-07 15:00:00+00:00,25.376,77.11906,21.075998
19096,2023-03-07 16:00:00+00:00,24.626,81.14236,21.175999
19097,2023-03-07 17:00:00+00:00,23.575998,88.02476,21.476
19098,2023-03-07 18:00:00+00:00,22.876,92.95788,21.675999
19099,2023-03-07 19:00:00+00:00,24.075998,87.79872,21.925999
19100,2023-03-07 20:00:00+00:00,23.675999,89.66188,21.876
19101,2023-03-07 21:00:00+00:00,22.425999,94.948814,21.575998
19102,2023-03-07 22:00:00+00:00,20.526,99.078804,20.376
19103,2023-03-07 23:00:00+00:00,19.925999,100.0,19.925999
19104,2023-03-08 00:00:00+00:00,19.876,100.0,19.876
19105,2023-03-08 01:00:00+00:00,20.075998,100.0,20.075998
19106,2023-03-08 02:00:00+00:00,23.026,92.68211,21.776
19107,2023-03-08 03:00:00+00:00,26.075998,78.650604,22.075998
19108,2023-03-08 04:00:00+00:00,28.575998,65.2874,21.425999
19109,2023-03-08 05:00:00+00:00,30.776,49.743145,19.075998
19110,2023-03-08 06:00:00+00:00,32.426003,38.575565,16.526
19111,2023-03-08 07:00:00+00:00,33.226,32.75725,14.676
19112,2023-03-08 08:00:00+00:00,33.226,32.128826,14.376
19113,2023-03-08 09:00:00+00:00,32.926003,33.85504,14.926
19114,2023-03-08 10:00:00+00:00,31.825998,37.922462,15.726
19115,2023-03-08 11:00:00+00:00,30.626,43.967907,16.976
19116,2023-03-08 12:00:00+00:00,28.925999,51.16115,17.825998
19117,2023-03-08 13:00:00+00:00,26.825998,65.325325,19.776
19118,2023-03-08 14:00:00+00:00,25.476,76.19258,20.976
19119,2023-03-08 15:00:00+00:00,24.376,84.1511,21.526
19120,2023-03-08 16:00:00+00:00,23.276,91.57109,21.825998
19121,2023-03-08 17:00:00+00:00,22.476,94.08319,21.476
19122,2023-03-08 18:00:00+00:00,23.425999,92.42142,22.126
19123,2023-03-08 19:00:00+00:00,22.976,94.969185,22.126
19124,2023-03-08 20:00:00+00:00,22.476,97.59527,22.075998
19125,2023-03-08 21:00:00+00:00,19.976,100.0,19.976
19126,2023-03-08 22:00:00+00:00,19.376,99.99999,19.376
19127,2023-03-08 23:00:00+00:00,18.925999,100.0,18.925999
19128,2023-03-09 00:00:00+00:00,19.876,100.0,19.876
19129,2023-03-09 01:00:00+00:00,19.925999,99.690704,19.876
19130,2023-03-09 02:00:00+00:00,21.825998,97.28519,21.376
19131,2023-03-09 03:00:00+00:00,24.626,87.57928,22.425999
19132,2023-03-09 04:00:00+00:00,28.175999,68.478455,21.825998
19133,2023-03-09 05:00:00+00:00,30.126,56.66104,20.575998
19134,2023-03-09 06:00:00+00:00,31.776,46.69841,18.976
19135,2023-03-09 07:00:00+00:00,32.576,41.52919,17.825998
19136,2023-03-09 08:00:00+00:00,32.376,41.60561,17.675999
19137,2023-03-09 09:00:00+00:00,32.026,42.571106,17.726
19138,2023-03-09 10:00:00+00:00,31.376,41.332558,16.675999
19139,2023-03-09 11:00:00+00:00,30.526,44.642212,17.126
19140,2023-03-09 12:00:00+00:00,29.075998,53.163544,18.575998
19141,2023-03-09 13:00:00+00:00,27.175999,67.44846,20.626
19142,2023-03-09 14:00:00+00:00,26.226,76.30889,21.726
19143,2023-03-09 15:00:00+00:00,25.325998,82.98298,22.226
19144,2023-03-09 16:00:00+00:00,24.376,89.16997,22.476
19145,2023-03-09 17:00:00+00:00,24.126,91.068085,22.575998
19146,2023-03-09 18:00:00+00:00,24.526,89.18147,22.626
19147,2023-03-09 19:00:00+00:00,24.026,91.3387,22.526
19148,2023-03-09 20:00:00+00:00,22.026,97.88597,21.675999
19149,2023-03-09 21:00:00+00:00,21.226,100.0,21.226
19150,2023-03-09 22:00:00+00:00,21.726,100.0,21.726
19151,2023-03-09 23:00:00+00:00,21.675999,100.0,21.675999
19152,2023-03-10 00:00:00+00:00,21.075998,100.0,21.075998
19153,2023-03-10 01:00:00+00:00,21.075998,100.0,21.075998
19154,2023-03-10 02:00:00+00:00,23.675999,92.435074,22.376
19155,2023-03-10 03:00:00+00:00,26.675999,76.611176,22.226
19156,2023-03-10 04:00:00+00:00,29.026,60.930214,20.726
19157,2023-03-10 05:00:00+00:00,31.126,47.85501,18.776
19158,2023-03-10 06:00:00+00:00,32.626,37.780563,16.376
19159,2023-03-10 07:00:00+00:00,32.876,35.05868,15.426
19160,2023-03-10 08:00:00+00:00,33.026,34.541912,15.326
19161,2023-03-10 09:00:00+00:00,32.226,38.890038,16.476
19162,2023-03-10 10:00:00+00:00,31.675999,40.89274,16.776
19163,2023-03-10 11:00:00+00:00,30.476,45.91619,17.526
19164,2023-03-10 12:00:00+00:00,29.175999,53.02263,18.626
19165,2023-03-10 13:00:00+00:00,27.226,65.40873,20.175999
19166,2023-03-10 14:00:00+00:00,26.026,75.58056,21.376
19167,2023-03-10 15:00:00+00:00,25.026,83.20151,21.976
19168,2023-03-10 16:00:00+00:00,23.825998,91.32626,22.325998
19169,2023-03-10 17:00:00+00:00,23.175999,93.54179,22.075998
19170,2023-03-10 18:00:00+00:00,22.425999,95.23963,21.626
19171,2023-03-10 19:00:00+00:00,22.126,95.81431,21.425999
19172,2023-03-10 20:00:00+00:00,23.075998,95.55256,22.325998
19173,2023-03-10 21:00:00+00:00,21.476,99.69429,21.425999
19174,2023-03-10 22:00:00+00:00,19.976,100.0,19.976
19175,2023-03-10 23:00:00+00:00,19.976,100.0,19.976
19176,2023-03-11 00:00:00+00:00,20.925999,99.69304,20.876
19177,2023-03-11 01:00:00+00:00,21.476,99.69429,21.425999
19178,2023-03-11 02:00:00+00:00,23.126,97.31127,22.675999
19179,2023-03-11 03:00:00+00:00,26.075998,82.818596,22.925999
19180,2023-03-11 04:00:00+00:00,28.925999,62.809677,21.126
19181,2023-03-11 05:00:00+00:00,30.726,51.78253,19.675999
19182,2023-03-11 06:00:00+00:00,31.526,49.321445,19.626
19183,2023-03-11 07:00:00+00:00,31.976,47.632393,19.476
19184,2023-03-11 08:00:00+00:00,32.226,45.523502,18.976
19185,2023-03-11 09:00:00+00:00,31.925999,46.014904,18.876
19186,2023-03-11 10:00:00+00:00,31.026,48.581596,18.925999
19187,2023-03-11 11:00:00+00:00,29.976,52.7294,19.276
19188,2023-03-11 12:00:00+00:00,29.126,58.557533,20.175999
19189,2023-03-11 13:00:00+00:00,27.276,69.57361,21.226
19190,2023-03-11 14:00:00+00:00,26.425999,76.1072,21.876
19191,2023-03-11 15:00:00+00:00,25.776,81.04129,22.276
19192,2023-03-11 16:00:00+00:00,24.925999,85.76305,22.376
19193,2023-03-11 17:00:00+00:00,23.876,91.32936,22.376
19194,2023-03-11 18:00:00+00:00,23.425999,91.85987,22.026
19195,2023-03-11 19:00:00+00:00,23.726,91.32002,22.226
19196,2023-03-11 20:00:00+00:00,22.675999,95.53945,21.925999
19197,2023-03-11 21:00:00+00:00,21.376,99.38897,21.276
19198,2023-03-11 22:00:00+00:00,20.325998,100.0,20.325998
19199,2023-03-11 23:00:00+00:00,20.376,100.0,20.376
19200,2023-03-12 00:00:00+00:00,20.526,100.0,20.526
19201,2023-03-12 01:00:00+00:00,21.276,99.69384,21.226
19202,2023-03-12 02:00:00+00:00,23.026,96.13392,22.376
19203,2023-03-12 03:00:00+00:00,26.126,80.106804,22.425999
19204,2023-03-12 04:00:00+00:00,28.626,63.520424,21.026
19205,2023-03-12 05:00:00+00:00,30.925999,51.35352,19.726
19206,2023-03-12 06:00:00+00:00,32.526,43.653824,18.575998
19207,2023-03-12 07:00:00+00:00,33.026,43.38062,18.925999
19208,2023-03-12 08:00:00+00:00,32.776,43.721188,18.825998
19209,2023-03-12 09:00:00+00:00,32.376,44.024975,18.575998
19210,2023-03-12 10:00:00+00:00,31.776,45.403263,18.526
19211,2023-03-12 11:00:00+00:00,30.476,51.079247,19.226
19212,2023-03-12 12:00:00+00:00,29.675999,54.488045,19.526
19213,2023-03-12 13:00:00+00:00,27.376,70.66602,21.575998
19214,2023-03-12 14:00:00+00:00,26.276,79.88383,22.526
19215,2023-03-12 15:00:00+00:00,25.575998,84.793846,22.825998
19216,2023-03-12 16:00:00+00:00,24.876,90.02147,23.126
19217,2023-03-12 17:00:00+00:00,23.825998,95.28832,23.026
19218,2023-03-12 18:00:00+00:00,23.776,94.42482,22.825998
19219,2023-03-12 19:00:00+00:00,23.175999,96.430565,22.575998
19220,2023-03-12 20:00:00+00:00,21.876,100.0,21.876
19221,2023-03-12 21:00:00+00:00,21.276,100.0,21.276
19222,2023-03-12 22:00:00+00:00,21.175999,100.0,21.175999
19223,2023-03-12 23:00:00+00:00,22.026,99.39195,21.925999
19224,2023-03-13 00:00:00+00:00,21.925999,99.39148,21.825998
19225,2023-03-13 01:00:00+00:00,22.175999,98.487656,21.925999
19226,2023-03-13 02:00:00+00:00,23.075998,96.72126,22.526
19227,2023-03-13 03:00:00+00:00,24.175999,95.30038,23.376
19228,2023-03-13 04:00:00+00:00,28.226,71.68695,22.626
19229,2023-03-13 05:00:00+00:00,31.425999,51.163586,20.126
19230,2023-03-13 06:00:00+00:00,33.526,39.24651,17.776
19231,2023-03-13 07:00:00+00:00,34.476,34.718777,16.675999
19232,2023-03-13 08:00:00+00:00,34.176003,35.303596,16.675999
19233,2023-03-13 09:00:00+00:00,34.126,35.06632,16.526
19234,2023-03-13 10:00:00+00:00,33.176003,37.572605,16.776
19235,2023-03-13 11:00:00+00:00,31.626,44.099293,17.925999
19236,2023-03-13 12:00:00+00:00,30.325998,45.013897,17.075998
19237,2023-03-13 13:00:00+00:00,27.776,60.271194,19.376
19238,2023-03-13 14:00:00+00:00,26.276,73.79015,21.226
19239,2023-03-13 15:00:00+00:00,25.175999,82.46129,21.976
19240,2023-03-13 16:00:00+00:00,23.776,92.44055,22.476
19241,2023-03-13 17:00:00+00:00,23.376,94.9839,22.526
19242,2023-03-13 18:00:00+00:00,22.925999,96.71762,22.376
19243,2023-03-13 19:00:00+00:00,21.675999,98.48197,21.425999
19244,2023-03-13 20:00:00+00:00,23.325998,97.020905,22.825998
19245,2023-03-13 21:00:00+00:00,20.675999,100.0,20.675999
19246,2023-03-13 22:00:00+00:00,20.626,100.0,20.626
19247,2023-03-13 23:00:00+00:00,21.075998,100.0,21.075998
19248,2023-03-14 00:00:00+00:00,21.776,100.0,21.776
19249,2023-03-14 01:00:00+00:00,22.726,98.49386,22.476
19250,2023-03-14 02:00:00+00:00,23.476,98.50227,23.226
19251,2023-03-14 03:00:00+00:00,25.425999,86.595184,23.026
19252,2023-03-14 04:00:00+00:00,28.526,67.92243,22.026
19253,2023-03-14 05:00:00+00:00,31.776,46.8443,19.026
19254,2023-03-14 06:00:00+00:00,34.226,32.9255,15.626
19255,2023-03-14 07:00:00+00:00,35.026,27.861828,13.726
19256,2023-03-14 08:00:00+00:00,34.776,27.885744,13.526
19257,2023-03-14 09:00:00+00:00,33.776,32.38331,14.976
19258,2023-03-14 10:00:00+00:00,33.326,33.531536,15.126
19259,2023-03-14 11:00:00+00:00,31.825998,42.116062,17.376
19260,2023-03-14 12:00:00+00:00,29.925999,52.3894,19.126
19261,2023-03-14 13:00:00+00:00,27.876,64.54238,20.575998
19262,2023-03-14 14:00:00+00:00,26.825998,76.16932,22.276
19263,2023-03-14 15:00:00+00:00,26.376,79.413605,22.526
19264,2023-03-14 16:00:00+00:00,25.976,84.32442,23.126
19265,2023-03-14 17:00:00+00:00,25.675999,87.935005,23.526
19266,2023-03-14 18:00:00+00:00,25.226,90.59068,23.575998
19267,2023-03-14 19:00:00+00:00,24.675999,93.330055,23.526
19268,2023-03-14 20:00:00+00:00,24.075998,95.296936,23.276
19269,2023-03-14 21:00:00+00:00,23.976,96.160866,23.325998
19270,2023-03-14 22:00:00+00:00,23.526,97.61398,23.126
19271,2023-03-14 23:00:00+00:00,23.175999,97.90402,22.825998
19272,2023-03-15 00:00:00+00:00,24.026,94.14975,23.026
19273,2023-03-15 01:00:00+00:00,24.075998,94.722885,23.175999
19274,2023-03-15 02:00:00+00:00,26.175999,81.585526,22.776
19275,2023-03-15 03:00:00+00:00,27.876,71.40698,22.226
19276,2023-03-15 04:00:00+00:00,29.876,60.748287,21.476
19277,2023-03-15 05:00:00+00:00,31.776,53.017784,21.026
19278,2023-03-15 06:00:00+00:00,33.026,49.102257,20.925999
19279,2023-03-15 07:00:00+00:00,33.376,48.89194,21.175999
19280,2023-03-15 08:00:00+00:00,33.076,49.874893,21.226
19281,2023-03-15 09:00:00+00:00,33.126,47.93388,20.626
19282,2023-03-15 10:00:00+00:00,31.575998,54.285446,21.226
19283,2023-03-15 11:00:00+00:00,30.276,61.02423,21.925999
19284,2023-03-15 12:00:00+00:00,30.075998,62.106293,22.026
19285,2023-03-15 13:00:00+00:00,28.776,69.64358,22.675999
19286,2023-03-15 14:00:00+00:00,28.226,73.445915,23.026
19287,2023-03-15 15:00:00+00:00,27.726,77.93751,23.526
19288,2023-03-15 16:00:00+00:00,27.075998,83.68539,24.075998
19289,2023-03-15 17:00:00+00:00,26.476,88.002304,24.325998
19290,2023-03-15 18:00:00+00:00,26.175999,90.65399,24.526
19291,2023-03-15 19:00:00+00:00,25.925999,91.729774,24.476
19292,2023-03-15 20:00:00+00:00,25.575998,92.53789,24.276
19293,2023-03-15 21:00:00+00:00,25.175999,94.198425,24.175999
19294,2023-03-15 22:00:00+00:00,24.876,95.03858,24.026
19295,2023-03-15 23:00:00+00:00,24.626,95.60284,23.876
19296,2023-03-16 00:00:00+00:00,25.075998,95.61728,24.325998
19297,2023-03-16 01:00:00+00:00,25.126,95.33286,24.325998
19298,2023-03-16 02:00:00+00:00,26.226,87.45453,23.976
19299,2023-03-16 03:00:00+00:00,27.876,76.10113,23.276
19300,2023-03-16 04:00:00+00:00,30.226,61.95029,22.126
19301,2023-03-16 05:00:00+00:00,31.876,54.6928,21.626
19302,2023-03-16 06:00:00+00:00,33.076,50.02806,21.276
19303,2023-03-16 07:00:00+00:00,33.526,48.631676,21.226
19304,2023-03-16 08:00:00+00:00,32.676003,47.374493,20.026
19305,2023-03-16 09:00:00+00:00,31.075998,53.00592,20.376
19306,2023-03-16 10:00:00+00:00,31.126,54.00796,20.726
19307,2023-03-16 11:00:00+00:00,29.976,59.117912,21.126
19308,2023-03-16 12:00:00+00:00,29.526,60.855743,21.175999
19309,2023-03-16 13:00:00+00:00,28.276,69.33815,22.126
19310,2023-03-16 14:00:00+00:00,27.726,74.482735,22.776
19311,2023-03-16 15:00:00+00:00,27.376,77.4173,23.075998
19312,2023-03-16 16:00:00+00:00,27.175999,79.28296,23.276
19313,2023-03-16 17:00:00+00:00,26.925999,80.942635,23.376
19314,2023-03-16 18:00:00+00:00,26.925999,80.942635,23.376
19315,2023-03-16 19:00:00+00:00,26.476,83.11566,23.376
19316,2023-03-16 20:00:00+00:00,26.276,83.59626,23.276
19317,2023-03-16 21:00:00+00:00,25.976,84.83565,23.226
19318,2023-03-16 22:00:00+00:00,25.226,88.69758,23.226
19319,2023-03-16 23:00:00+00:00,22.526,96.41335,21.925999
19320,2023-03-17 00:00:00+00:00,24.776,90.5605,23.126
19321,2023-03-17 01:00:00+00:00,22.325998,97.59259,21.925999
19322,2023-03-17 02:00:00+00:00,23.626,92.713844,22.376
19323,2023-03-17 03:00:00+00:00,25.425999,84.0097,22.526
19324,2023-03-17 04:00:00+00:00,26.726,75.92223,22.126
19325,2023-03-17 05:00:00+00:00,28.325998,67.88322,21.825998
19326,2023-03-17 06:00:00+00:00,28.126,67.636795,21.575998
19327,2023-03-17 07:00:00+00:00,30.675999,60.1905,22.075998
19328,2023-03-17 08:00:00+00:00,28.575998,67.10861,21.876
19329,2023-03-17 09:00:00+00:00,27.476,73.766266,22.376
19330,2023-03-17 10:00:00+00:00,27.876,71.40698,22.226
19331,2023-03-17 11:00:00+00:00,27.976,67.81446,21.476
19332,2023-03-17 12:00:00+00:00,26.425999,77.74837,22.226
19333,2023-03-17 13:00:00+00:00,25.575998,82.5089,22.376
19334,2023-03-17 14:00:00+00:00,25.126,86.04355,22.626
19335,2023-03-17 15:00:00+00:00,25.026,88.14643,22.925999
19336,2023-03-17 16:00:00+00:00,24.976,89.48604,23.126
19337,2023-03-17 17:00:00+00:00,24.825998,90.83793,23.226
19338,2023-03-17 18:00:00+00:00,24.126,93.869736,23.075998
19339,2023-03-17 19:00:00+00:00,24.026,94.14975,23.026
19340,2023-03-17 20:00:00+00:00,23.376,97.611305,22.976
19341,2023-03-17 21:00:00+00:00,23.276,98.20241,22.976
19342,2023-03-17 22:00:00+00:00,23.026,98.19906,22.726
19343,2023-03-17 23:00:00+00:00,23.226,97.90479,22.876
19344,2023-03-18 00:00:00+00:00,23.925999,94.14549,22.925999
19345,2023-03-18 01:00:00+00:00,23.675999,95.57212,22.925999
19346,2023-03-18 02:00:00+00:00,25.276,88.16722,23.175999
19347,2023-03-18 03:00:00+00:00,24.175999,89.154625,22.276
19348,2023-03-18 04:00:00+00:00,24.325998,86.49202,21.925999
19349,2023-03-18 05:00:00+00:00,25.876,79.830055,22.126
19350,2023-03-18 06:00:00+00:00,27.526,73.32741,22.325998
19351,2023-03-18 07:00:00+00:00,28.976,66.78053,22.175999
19352,2023-03-18 08:00:00+00:00,29.925999,62.45317,21.976
19353,2023-03-18 09:00:00+00:00,30.175999,59.893333,21.526
19354,2023-03-18 10:00:00+00:00,30.476,58.512844,21.425999
19355,2023-03-18 11:00:00+00:00,28.976,66.17295,22.026
19356,2023-03-18 12:00:00+00:00,28.226,74.33949,23.226
19357,2023-03-18 13:00:00+00:00,27.026,81.44487,23.575998
19358,2023-03-18 14:00:00+00:00,27.075998,82.934746,23.925999
19359,2023-03-18 15:00:00+00:00,26.376,87.205505,24.075998
19360,2023-03-18 16:00:00+00:00,26.075998,91.19157,24.526
19361,2023-03-18 17:00:00+00:00,25.726,92.26921,24.376
19362,2023-03-18 18:00:00+00:00,23.526,95.277954,22.726
19363,2023-03-18 19:00:00+00:00,22.726,96.12534,22.075998
19364,2023-03-18 20:00:00+00:00,22.626,95.82975,21.925999
19365,2023-03-18 21:00:00+00:00,22.526,96.11962,21.876
19366,2023-03-18 22:00:00+00:00,23.075998,93.53708,21.976
19367,2023-03-18 23:00:00+00:00,23.376,90.74241,21.776
19368,2023-03-19 00:00:00+00:00,22.876,95.25534,22.075998
19369,2023-03-19 01:00:00+00:00,23.175999,94.976555,22.325998
19370,2023-03-19 02:00:00+00:00,24.526,88.10467,22.425999
19371,2023-03-19 03:00:00+00:00,25.276,84.24892,22.425999
19372,2023-03-19 04:00:00+00:00,25.925999,81.55445,22.526
19373,2023-03-19 05:00:00+00:00,28.526,71.30693,22.825998
19374,2023-03-19 06:00:00+00:00,30.575998,60.720474,22.126
19375,2023-03-19 07:00:00+00:00,31.675999,55.996944,21.825998
19376,2023-03-19 08:00:00+00:00,28.276,66.030075,21.325998
19377,2023-03-19 09:00:00+00:00,26.776,73.64863,21.675999
19378,2023-03-19 10:00:00+00:00,28.325998,71.92244,22.776
19379,2023-03-19 11:00:00+00:00,28.226,71.25302,22.526
19380,2023-03-19 12:00:00+00:00,28.175999,71.678055,22.575998
19381,2023-03-19 13:00:00+00:00,26.675999,80.42275,23.026
19382,2023-03-19 14:00:00+00:00,26.126,84.85126,23.376
19383,2023-03-19 15:00:00+00:00,25.325998,91.41894,23.825998
19384,2023-03-19 16:00:00+00:00,25.126,92.513725,23.825998
19385,2023-03-19 17:00:00+00:00,25.325998,92.80267,24.075998
19386,2023-03-19 18:00:00+00:00,24.425999,96.75378,23.876
19387,2023-03-19 19:00:00+00:00,24.825998,95.89664,24.126
19388,2023-03-19 20:00:00+00:00,24.776,95.32094,23.976
19389,2023-03-19 21:00:00+00:00,24.776,94.46527,23.825998
19390,2023-03-19 22:00:00+00:00,24.626,93.89194,23.575998
19391,2023-03-19 23:00:00+00:00,23.825998,93.006256,22.626
19392,2023-03-20 00:00:00+00:00,22.376,89.84195,20.626
19393,2023-03-20 01:00:00+00:00,22.425999,87.65579,20.276
19394,2023-03-20 02:00:00+00:00,23.925999,83.33032,20.925999
19395,2023-03-20 03:00:00+00:00,26.425999,78.22293,22.325998
19396,2023-03-20 04:00:00+00:00,28.776,71.784485,23.175999
19397,2023-03-20 05:00:00+00:00,30.476,63.52964,22.776
19398,2023-03-20 06:00:00+00:00,31.876,55.19651,21.776
19399,2023-03-20 07:00:00+00:00,31.675999,51.069427,20.325998
19400,2023-03-20 08:00:00+00:00,30.876,60.052803,22.226
19401,2023-03-20 09:00:00+00:00,29.476,71.0478,23.675999
19402,2023-03-20 10:00:00+00:00,29.175999,70.1413,23.175999
19403,2023-03-20 11:00:00+00:00,29.575998,67.103775,22.825998
19404,2023-03-20 12:00:00+00:00,29.075998,71.62118,23.425999
19405,2023-03-20 13:00:00+00:00,27.376,79.78992,23.575998
19406,2023-03-20 14:00:00+00:00,26.726,84.91354,23.976
19407,2023-03-20 15:00:00+00:00,25.976,89.82918,24.175999
19408,2023-03-20 16:00:00+00:00,25.726,91.9932,24.325998
19409,2023-03-20 17:00:00+00:00,25.626,91.437294,24.126
19410,2023-03-20 18:00:00+00:00,25.476,91.153824,23.925999
19411,2023-03-20 19:00:00+00:00,25.175999,91.96162,23.776
19412,2023-03-20 20:00:00+00:00,24.925999,91.67042,23.476
19413,2023-03-20 21:00:00+00:00,24.276,94.73059,23.376
19414,2023-03-20 22:00:00+00:00,23.776,96.44631,23.175999
19415,2023-03-20 23:00:00+00:00,23.626,97.02751,23.126
19416,2023-03-21 00:00:00+00:00,24.526,97.63156,24.126
19417,2023-03-21 01:00:00+00:00,24.825998,97.053696,24.325998
19418,2023-03-21 02:00:00+00:00,26.575998,89.604164,24.726
19419,2023-03-21 03:00:00+00:00,28.276,82.57909,25.026
19420,2023-03-21 04:00:00+00:00,29.876,74.385826,24.825998
19421,2023-03-21 05:00:00+00:00,31.175999,68.64058,24.726
19422,2023-03-21 06:00:00+00:00,32.076,64.6388,24.575998
19423,2023-03-21 07:00:00+00:00,32.676003,60.82322,24.126
19424,2023-03-21 08:00:00+00:00,30.726,64.94219,23.376
19425,2023-03-21 09:00:00+00:00,30.026,69.87674,23.925999
19426,2023-03-21 10:00:00+00:00,30.376,71.20932,24.575998
19427,2023-03-21 11:00:00+00:00,28.876,78.57097,24.776
19428,2023-03-21 12:00:00+00:00,28.175999,73.43747,22.976
19429,2023-03-21 13:00:00+00:00,26.976,86.47955,24.526
19430,2023-03-21 14:00:00+00:00,26.276,93.12872,25.075998
19431,2023-03-21 15:00:00+00:00,25.925999,94.79345,25.026
19432,2023-03-21 16:00:00+00:00,25.876,95.64277,25.126
19433,2023-03-21 17:00:00+00:00,25.976,95.64595,25.226
19434,2023-03-21 18:00:00+00:00,26.175999,95.93691,25.476
19435,2023-03-21 19:00:00+00:00,25.675999,96.78343,25.126
19436,2023-03-21 20:00:00+00:00,25.626,97.07098,25.126
19437,2023-03-21 21:00:00+00:00,25.626,95.0656,24.776
19438,2023-03-21 22:00:00+00:00,25.376,96.2001,24.726
19439,2023-03-21 23:00:00+00:00,24.976,97.639404,24.575998
19440,2023-03-22 00:00:00+00:00,24.876,96.474945,24.276
19441,2023-03-22 01:00:00+00:00,25.376,95.62687,24.626
19442,2023-03-22 02:00:00+00:00,26.876,89.62608,25.026
19443,2023-03-22 03:00:00+00:00,28.425999,81.61815,24.976
19444,2023-03-22 04:00:00+00:00,30.226,72.255066,24.675999
19445,2023-03-22 05:00:00+00:00,31.726,64.75977,24.276
19446,2023-03-22 06:00:00+00:00,32.276,62.211735,24.126
19447,2023-03-22 07:00:00+00:00,33.076,57.70837,23.626
19448,2023-03-22 08:00:00+00:00,33.876,53.53887,23.126
19449,2023-03-22 09:00:00+00:00,33.426003,54.243553,22.925999
19450,2023-03-22 10:00:00+00:00,31.976,67.175255,25.126
19451,2023-03-22 11:00:00+00:00,30.276,75.79071,25.526
19452,2023-03-22 12:00:00+00:00,29.376,78.64102,25.276
19453,2023-03-22 13:00:00+00:00,28.075998,84.54776,25.226
19454,2023-03-22 14:00:00+00:00,27.425999,87.03881,25.075998
19455,2023-03-22 15:00:00+00:00,27.075998,89.64068,25.226
19456,2023-03-22 16:00:00+00:00,26.825998,90.69693,25.175999
19457,2023-03-22 17:00:00+00:00,26.675999,91.22904,25.126
19458,2023-03-22 18:00:00+00:00,26.376,92.58053,25.075998
19459,2023-03-22 19:00:00+00:00,26.075998,93.955696,25.026
19460,2023-03-22 20:00:00+00:00,25.726,95.353226,24.925999
19461,2023-03-22 21:00:00+00:00,25.526,95.631645,24.776
19462,2023-03-22 22:00:00+00:00,25.175999,95.90714,24.476
19463,2023-03-22 23:00:00+00:00,25.026,95.61568,24.276
19464,2023-03-23 00:00:00+00:00,25.626,94.49932,24.675999
19465,2023-03-23 01:00:00+00:00,26.376,89.85785,24.575998
19466,2023-03-23 02:00:00+00:00,27.626,84.50028,24.776
19467,2023-03-23 03:00:00+00:00,29.126,77.4422,24.776
19468,2023-03-23 04:00:00+00:00,30.575998,71.8858,24.925999
19469,2023-03-23 05:00:00+00:00,31.675999,67.719536,24.976
19470,2023-03-23 06:00:00+00:00,29.776,75.48762,24.976
19471,2023-03-23 07:00:00+00:00,25.976,91.18527,24.425999
19472,2023-03-23 08:00:00+00:00,29.376,76.33168,24.776
19473,2023-03-23 09:00:00+00:00,31.325998,71.166824,25.476
19474,2023-03-23 10:00:00+00:00,31.126,72.84173,25.675999
19475,2023-03-23 11:00:00+00:00,29.726,75.030655,24.825998
19476,2023-03-23 12:00:00+00:00,28.425999,79.93012,24.626
19477,2023-03-23 13:00:00+00:00,27.126,81.45734,23.675999
19478,2023-03-23 14:00:00+00:00,26.776,88.5551,24.726
19479,2023-03-23 15:00:00+00:00,27.325998,90.46099,25.626
19480,2023-03-23 16:00:00+00:00,27.026,88.04828,24.876
19481,2023-03-23 17:00:00+00:00,26.425999,89.05871,24.476
19482,2023-03-23 18:00:00+00:00,26.075998,93.39708,24.925999
19483,2023-03-23 19:00:00+00:00,25.925999,93.38995,24.776
19484,2023-03-23 20:00:00+00:00,25.575998,93.653175,24.476
19485,2023-03-23 21:00:00+00:00,25.026,95.044,24.175999
19486,2023-03-23 22:00:00+00:00,24.526,95.8876,23.825998
19487,2023-03-23 23:00:00+00:00,24.325998,95.59318,23.575998
19488,2023-03-24 00:00:00+00:00,24.526,95.59961,23.776
19489,2023-03-24 01:00:00+00:00,24.925999,94.755486,24.026
19490,2023-03-24 02:00:00+00:00,26.976,85.96346,24.425999
19491,2023-03-24 03:00:00+00:00,28.675999,79.48735,24.776
19492,2023-03-24 04:00:00+00:00,30.526,71.87703,24.876
19493,2023-03-24 05:00:00+00:00,32.126,65.4263,24.825998
19494,2023-03-24 06:00:00+00:00,33.526,58.51126,24.276
19495,2023-03-24 07:00:00+00:00,34.676003,52.299274,23.476
19496,2023-03-24 08:00:00+00:00,34.826,52.17923,23.575998
19497,2023-03-24 09:00:00+00:00,33.126,61.47206,24.726
19498,2023-03-24 10:00:00+00:00,31.376,73.75182,26.126
19499,2023-03-24 11:00:00+00:00,31.126,74.58822,26.075998
19500,2023-03-24 12:00:00+00:00,30.075998,75.53468,25.276
19501,2023-03-24 13:00:00+00:00,28.776,82.637566,25.526
19502,2023-03-24 14:00:00+00:00,27.976,86.82996,25.575998
19503,2023-03-24 15:00:00+00:00,27.675999,87.841,25.476
19504,2023-03-24 16:00:00+00:00,27.425999,88.87073,25.425999
19505,2023-03-24 17:00:00+00:00,27.126,89.644325,25.276
19506,2023-03-24 18:00:00+00:00,26.726,90.69032,25.075998
19507,2023-03-24 19:00:00+00:00,26.425999,92.30782,25.075998
19508,2023-03-24 20:00:00+00:00,26.075998,94.51723,25.126
19509,2023-03-24 21:00:00+00:00,25.726,95.638016,24.976
19510,2023-03-24 22:00:00+00:00,25.376,96.2001,24.726
19511,2023-03-24 23:00:00+00:00,25.175999,96.48269,24.575998
19512,2023-03-25 00:00:00+00:00,26.776,94.825386,25.876
19513,2023-03-25 01:00:00+00:00,26.925999,94.55082,25.976
19514,2023-03-25 02:00:00+00:00,27.925999,87.60192,25.675999
19515,2023-03-25 03:00:00+00:00,29.226,79.32525,25.276
19516,2023-03-25 04:00:00+00:00,30.675999,70.41677,24.675999
19517,2023-03-25 05:00:00+00:00,31.876,64.403946,24.325998
19518,2023-03-25 06:00:00+00:00,32.826,59.591465,23.925999
19519,2023-03-25 07:00:00+00:00,33.276,58.1034,23.925999
19520,2023-03-25 08:00:00+00:00,32.976,61.439045,24.575998
19521,2023-03-25 09:00:00+00:00,30.726,74.30294,25.626
19522,2023-03-25 10:00:00+00:00,30.925999,71.30744,25.126
19523,2023-03-25 11:00:00+00:00,30.276,72.04816,24.675999
19524,2023-03-25 12:00:00+00:00,29.476,76.11942,24.825998
19525,2023-03-25 13:00:00+00:00,28.175999,84.307144,25.276
19526,2023-03-25 14:00:00+00:00,27.575998,88.35612,25.476
19527,2023-03-25 15:00:00+00:00,27.425999,90.7363,25.776
19528,2023-03-25 16:00:00+00:00,27.376,91.27248,25.825998
19529,2023-03-25 17:00:00+00:00,27.126,92.34617,25.776
19530,2023-03-25 18:00:00+00:00,26.876,92.88228,25.626
19531,2023-03-25 19:00:00+00:00,26.626,93.70102,25.526
19532,2023-03-25 20:00:00+00:00,26.325998,93.6874,25.226
19533,2023-03-25 21:00:00+00:00,25.925999,95.64437,25.175999
19534,2023-03-25 22:00:00+00:00,25.675999,96.208435,25.026
19535,2023-03-25 23:00:00+00:00,25.376,96.487854,24.776
19536,2023-03-26 00:00:00+00:00,25.876,98.82143,25.675999
19537,2023-03-26 01:00:00+00:00,26.226,97.37207,25.776
19538,2023-03-26 02:00:00+00:00,27.376,89.92908,25.575998
19539,2023-03-26 03:00:00+00:00,29.075998,80.01623,25.276
19540,2023-03-26 04:00:00+00:00,30.876,70.24328,24.825998
19541,2023-03-26 05:00:00+00:00,32.326,64.1137,24.675999
19542,2023-03-26 06:00:00+00:00,33.076,62.199604,24.876
19543,2023-03-26 07:00:00+00:00,32.876,61.970615,24.626
19544,2023-03-26 08:00:00+00:00,30.575998,72.96491,25.175999
19545,2023-03-26 09:00:00+00:00,31.925999,67.97007,25.276
19546,2023-03-26 10:00:00+00:00,29.876,74.83107,24.925999
19547,2023-03-26 11:00:00+00:00,29.976,74.62432,24.976
19548,2023-03-26 12:00:00+00:00,29.476,76.80375,24.976
19549,2023-03-26 13:00:00+00:00,28.026,84.29111,25.126
19550,2023-03-26 14:00:00+00:00,27.376,88.33987,25.276
19551,2023-03-26 15:00:00+00:00,27.175999,89.381714,25.276
19552,2023-03-26 16:00:00+00:00,27.126,89.91135,25.325998
19553,2023-03-26 17:00:00+00:00,26.925999,89.89714,25.126
19554,2023-03-26 18:00:00+00:00,26.825998,90.42725,25.126
19555,2023-03-26 19:00:00+00:00,26.776,89.08555,24.825998
19556,2023-03-26 20:00:00+00:00,26.276,89.31432,24.376
19557,2023-03-26 21:00:00+00:00,25.925999,89.8256,24.126
19558,2023-03-26 22:00:00+00:00,25.675999,90.62075,24.026
19559,2023-03-26 23:00:00+00:00,25.376,91.97313,23.976
19560,2023-03-27 00:00:00+00:00,25.776,93.94258,24.726
19561,2023-03-27 01:00:00+00:00,26.026,92.28578,24.675999
19562,2023-03-27 02:00:00+00:00,27.476,85.75551,24.876
19563,2023-03-27 03:00:00+00:00,29.325998,76.78125,24.825998
19564,2023-03-27 04:00:00+00:00,31.226,69.6818,25.026
19565,2023-03-27 05:00:00+00:00,32.776,61.948788,24.526
19566,2023-03-27 06:00:00+00:00,34.076,56.739986,24.276
19567,2023-03-27 07:00:00+00:00,34.726,54.071545,24.075998
19568,2023-03-27 08:00:00+00:00,34.376,57.49394,24.776
19569,2023-03-27 09:00:00+00:00,32.826,68.74981,26.325998
19570,2023-03-27 10:00:00+00:00,32.026,69.82985,25.825998
19571,2023-03-27 11:00:00+00:00,31.376,69.70963,25.175999
19572,2023-03-27 12:00:00+00:00,30.325998,74.68077,25.325998
19573,2023-03-27 13:00:00+00:00,28.825998,81.9103,25.425999
19574,2023-03-27 14:00:00+00:00,27.925999,86.82544,25.526
19575,2023-03-27 15:00:00+00:00,27.526,89.67337,25.675999
19576,2023-03-27 16:00:00+00:00,27.226,92.62548,25.925999
19577,2023-03-27 17:00:00+00:00,26.876,94.54882,25.925999
19578,2023-03-27 18:00:00+00:00,26.425999,95.94429,25.726
19579,2023-03-27 19:00:00+00:00,25.575998,97.940956,25.226
19580,2023-03-27 20:00:00+00:00,25.476,97.648094,25.075998
19581,2023-03-27 21:00:00+00:00,25.376,97.937904,25.026
19582,2023-03-27 22:00:00+00:00,25.526,96.77989,24.976
19583,2023-03-27 23:00:00+00:00,25.425999,95.91461,24.726
19584,2023-03-28 00:00:00+00:00,25.876,97.365295,25.425999
19585,2023-03-28 01:00:00+00:00,26.075998,96.21949,25.425999
19586,2023-03-28 02:00:00+00:00,27.726,87.845215,25.526
19587,2023-03-28 03:00:00+00:00,29.476,77.49344,25.126
19588,2023-03-28 04:00:00+00:00,31.226,68.44537,24.726
19589,2023-03-28 05:00:00+00:00,32.776,62.134346,24.575998
19590,2023-03-28 06:00:00+00:00,33.926003,57.21697,24.276
19591,2023-03-28 07:00:00+00:00,34.126,55.907146,24.075998
19592,2023-03-28 08:00:00+00:00,33.976,58.440037,24.675999
19593,2023-03-28 09:00:00+00:00,32.826,63.26871,24.925999
19594,2023-03-28 10:00:00+00:00,32.626,61.916008,24.376
19595,2023-03-28 11:00:00+00:00,31.175999,66.81674,24.276
19596,2023-03-28 12:00:00+00:00,29.675999,73.46879,24.425999
19597,2023-03-28 13:00:00+00:00,28.126,82.56149,24.876
19598,2023-03-28 14:00:00+00:00,27.626,86.54011,25.175999
19599,2023-03-28 15:00:00+00:00,27.325998,89.39286,25.425999
19600,2023-03-28 16:00:00+00:00,27.126,89.91135,25.325998
19601,2023-03-28 17:00:00+00:00,26.876,91.51317,25.376
19602,2023-03-28 18:00:00+00:00,26.726,92.050186,25.325998
19603,2023-03-28 19:00:00+00:00,26.575998,92.59118,25.276
19604,2023-03-28 20:00:00+00:00,26.575998,91.76801,25.126
19605,2023-03-28 21:00:00+00:00,26.276,92.29957,24.925999
19606,2023-03-28 22:00:00+00:00,25.925999,92.5566,24.626
19607,2023-03-28 23:00:00+00:00,25.575998,92.815605,24.325998
19608,2023-03-29 00:00:00+00:00,25.726,95.06918,24.876
19609,2023-03-29 01:00:00+00:00,25.876,93.66689,24.776
19610,2023-03-29 02:00:00+00:00,27.226,85.47503,24.575998
19611,2023-03-29 03:00:00+00:00,28.876,76.25518,24.276
19612,2023-03-29 04:00:00+00:00,30.526,67.29197,23.776
19613,2023-03-29 05:00:00+00:00,31.976,59.757824,23.175999
19614,2023-03-29 06:00:00+00:00,33.176003,55.511265,23.075998
19615,2023-03-29 07:00:00+00:00,33.726,54.645966,23.325998
19616,2023-03-29 08:00:00+00:00,33.376,56.915962,23.675999
19617,2023-03-29 09:00:00+00:00,32.176003,63.509296,24.376
19618,2023-03-29 10:00:00+00:00,31.376,62.95802,23.476
19619,2023-03-29 11:00:00+00:00,30.526,65.09703,23.226
19620,2023-03-29 12:00:00+00:00,29.276,71.44111,23.575998
19621,2023-03-29 13:00:00+00:00,27.976,76.808395,23.526
19622,2023-03-29 14:00:00+00:00,27.425999,81.25013,23.925999
19623,2023-03-29 15:00:00+00:00,27.126,84.19453,24.226
19624,2023-03-29 16:00:00+00:00,26.825998,85.435074,24.175999
19625,2023-03-29 17:00:00+00:00,26.626,85.92953,24.075998
19626,2023-03-29 18:00:00+00:00,26.126,89.0356,24.175999
19627,2023-03-29 19:00:00+00:00,25.675999,91.715,24.226
19628,2023-03-29 20:00:00+00:00,25.325998,93.36129,24.175999
19629,2023-03-29 21:00:00+00:00,24.476,96.17496,23.825998
19630,2023-03-29 22:00:00+00:00,23.626,97.61575,23.226
19631,2023-03-29 23:00:00+00:00,24.126,95.586716,23.376
19632,2023-03-30 00:00:00+00:00,24.626,92.7663,23.376
19633,2023-03-30 01:00:00+00:00,24.925999,89.48232,23.075998
19634,2023-03-30 02:00:00+00:00,26.325998,82.84773,23.175999
19635,2023-03-30 03:00:00+00:00,28.276,70.83049,22.476
19636,2023-03-30 04:00:00+00:00,30.175999,60.076847,21.575998
19637,2023-03-30 05:00:00+00:00,31.876,53.533123,21.276
19638,2023-03-30 06:00:00+00:00,33.176003,49.595543,21.226
19639,2023-03-30 07:00:00+00:00,33.776,49.145477,21.626
19640,2023-03-30 08:00:00+00:00,33.476,54.255795,22.976
19641,2023-03-30 09:00:00+00:00,32.626,59.18847,23.626
19642,2023-03-30 10:00:00+00:00,31.825998,60.45033,23.226
19643,2023-03-30 11:00:00+00:00,30.325998,64.46745,22.876
19644,2023-03-30 12:00:00+00:00,28.976,70.31676,23.026
19645,2023-03-30 13:00:00+00:00,27.925999,75.87943,23.276
19646,2023-03-30 14:00:00+00:00,27.425999,79.55661,23.575998
19647,2023-03-30 15:00:00+00:00,27.075998,82.685844,23.876
19648,2023-03-30 16:00:00+00:00,26.825998,82.65654,23.626
19649,2023-03-30 17:00:00+00:00,26.526,82.621254,23.325998
19650,2023-03-30 18:00:00+00:00,26.126,82.57407,22.925999
19651,2023-03-30 19:00:00+00:00,25.726,83.28159,22.675999
19652,2023-03-30 20:00:00+00:00,25.425999,83.50078,22.425999
19653,2023-03-30 21:00:00+00:00,24.925999,84.98392,22.226
19654,2023-03-30 22:00:00+00:00,24.876,84.20557,22.026
19655,2023-03-30 23:00:00+00:00,24.675999,84.69923,21.925999
19656,2023-03-31 00:00:00+00:00,24.626,87.31347,22.376
19657,2023-03-31 01:00:00+00:00,24.925999,86.811615,22.575998
19658,2023-03-31 02:00:00+00:00,26.726,80.91706,23.175999
19659,2023-03-31 03:00:00+00:00,29.026,71.181244,23.276
19660,2023-03-31 04:00:00+00:00,31.226,62.546787,23.226
19661,2023-03-31 05:00:00+00:00,33.226,55.021736,22.976
19662,2023-03-31 06:00:00+00:00,34.826,48.08251,22.226
19663,2023-03-31 07:00:00+00:00,35.576,44.87945,21.776
19664,2023-03-31 08:00:00+00:00,34.426003,52.394924,23.276
19665,2023-03-31 09:00:00+00:00,33.526,58.686855,24.325998
19666,2023-03-31 10:00:00+00:00,32.426003,60.40303,23.776
19667,2023-03-31 11:00:00+00:00,30.876,64.58266,23.425999
19668,2023-03-31 12:00:00+00:00,30.075998,68.636284,23.675999
19669,2023-03-31 13:00:00+00:00,28.526,78.05278,24.325998
19670,2023-03-31 14:00:00+00:00,27.925999,81.31277,24.425999
19671,2023-03-31 15:00:00+00:00,27.675999,83.50184,24.626
19672,2023-03-31 16:00:00+00:00,27.575998,83.241196,24.476
19673,2023-03-31 17:00:00+00:00,27.276,84.71643,24.476
19674,2023-03-31 18:00:00+00:00,27.026,85.455086,24.376
19675,2023-03-31 19:00:00+00:00,26.976,84.68503,24.175999
19676,2023-03-31 20:00:00+00:00,26.776,84.66404,23.976
19677,2023-03-31 21:00:00+00:00,26.526,85.14856,23.825998
19678,2023-03-31 22:00:00+00:00,26.226,85.63236,23.626
19679,2023-03-31 23:00:00+00:00,25.925999,85.861336,23.376
19680,2023-04-01 00:00:00+00:00,26.126,86.13997,23.626
19681,2023-04-01 01:00:00+00:00,26.526,84.38336,23.675999
19682,2023-04-01 02:00:00+00:00,27.825998,76.78578,23.376
19683,2023-04-01 03:00:00+00:00,29.276,71.44111,23.575998
19684,2023-04-01 04:00:00+00:00,30.526,63.926407,22.925999
19685,2023-04-01 05:00:00+00:00,32.926003,53.629494,22.276
19686,2023-04-01 06:00:00+00:00,34.476,47.264164,21.626
19687,2023-04-01 07:00:00+00:00,35.476,43.366985,21.126
19688,2023-04-01 08:00:00+00:00,35.776,41.747387,20.776
19689,2023-04-01 09:00:00+00:00,34.326,52.0543,23.075998
19690,2023-04-01 10:00:00+00:00,31.675999,65.53007,24.425999
19691,2023-04-01 11:00:00+00:00,31.776,55.680107,21.825998
19692,2023-04-01 12:00:00+00:00,30.776,67.746765,24.126
19693,2023-04-01 13:00:00+00:00,29.726,72.82003,24.325998
19694,2023-04-01 14:00:00+00:00,28.976,77.4202,24.626
19695,2023-04-01 15:00:00+00:00,28.425999,79.93012,24.626
19696,2023-04-01 16:00:00+00:00,27.925999,84.029564,24.976
19697,2023-04-01 17:00:00+00:00,27.726,84.00782,24.776
19698,2023-04-01 18:00:00+00:00,27.425999,84.226814,24.526
19699,2023-04-01 19:00:00+00:00,27.075998,84.69551,24.276
19700,2023-04-01 20:00:00+00:00,26.776,84.410034,23.925999
19701,2023-04-01 21:00:00+00:00,26.376,86.68335,23.976
19702,2023-04-01 22:00:00+00:00,25.876,89.55272,24.026
19703,2023-04-01 23:00:00+00:00,25.626,90.88999,24.026
19704,2023-04-02 00:00:00+00:00,26.126,91.467766,24.626
19705,2023-04-02 01:00:00+00:00,26.675999,88.81214,24.675999
19706,2023-04-02 02:00:00+00:00,28.325998,82.094124,24.976
19707,2023-04-02 03:00:00+00:00,30.476,71.014626,24.626
19708,2023-04-02 04:00:00+00:00,32.326,62.596897,24.276
19709,2023-04-02 05:00:00+00:00,33.926003,55.859318,23.876
19710,2023-04-02 06:00:00+00:00,34.176003,55.251434,23.925999
19711,2023-04-02 07:00:00+00:00,33.026,57.177177,23.425999
19712,2023-04-02 08:00:00+00:00,33.226,57.917374,23.825998
19713,2023-04-02 09:00:00+00:00,33.376,53.740486,22.726
19714,2023-04-02 10:00:00+00:00,32.876,61.601067,24.526
19715,2023-04-02 11:00:00+00:00,30.976,72.38486,25.425999
19716,2023-04-02 12:00:00+00:00,29.925999,76.643,25.376
19717,2023-04-02 13:00:00+00:00,28.376,83.82874,25.376
19718,2023-04-02 14:00:00+00:00,27.976,86.05973,25.425999
19719,2023-04-02 15:00:00+00:00,27.876,86.30639,25.376
19720,2023-04-02 16:00:00+00:00,27.776,85.27536,25.075998
19721,2023-04-02 17:00:00+00:00,27.425999,88.08156,25.276
19722,2023-04-02 18:00:00+00:00,27.026,89.90424,25.226
19723,2023-04-02 19:00:00+00:00,26.776,90.96408,25.175999
19724,2023-04-02 20:00:00+00:00,26.325998,91.20721,24.776
19725,2023-04-02 21:00:00+00:00,26.026,90.372894,24.325998
19726,2023-04-02 22:00:00+00:00,25.825998,90.630745,24.175999
19727,2023-04-02 23:00:00+00:00,25.476,91.70313,24.026
19728,2023-04-03 00:00:00+00:00,25.925999,91.4556,24.425999
19729,2023-04-03 01:00:00+00:00,26.526,88.00652,24.376
19730,2023-04-03 02:00:00+00:00,28.376,79.68477,24.526
19731,2023-04-03 03:00:00+00:00,30.526,70.17906,24.476
19732,2023-04-03 04:00:00+00:00,32.426003,60.40303,23.776
19733,2023-04-03 05:00:00+00:00,33.726,56.14838,23.776
19734,2023-04-03 06:00:00+00:00,34.976,52.216625,23.726
19735,2023-04-03 07:00:00+00:00,35.126,52.568993,23.976
19736,2023-04-03 08:00:00+00:00,34.176003,52.17444,22.976
19737,2023-04-03 09:00:00+00:00,32.326,64.30555,24.726
19738,2023-04-03 10:00:00+00:00,32.426003,64.5187,24.876
19739,2023-04-03 11:00:00+00:00,31.476,69.10827,25.126
19740,2023-04-03 12:00:00+00:00,31.075998,70.07071,24.976
19741,2023-04-03 13:00:00+00:00,29.126,81.46185,25.626
19742,2023-04-03 14:00:00+00:00,28.325998,83.07834,25.175999
19743,2023-04-03 15:00:00+00:00,28.075998,82.802376,24.876
19744,2023-04-03 16:00:00+00:00,27.976,83.784836,24.976
19745,2023-04-03 17:00:00+00:00,27.726,85.27032,25.026
19746,2023-04-03 18:00:00+00:00,27.476,85.49995,24.825998
19747,2023-04-03 19:00:00+00:00,27.026,86.743195,24.626
19748,2023-04-03 20:00:00+00:00,26.526,88.535065,24.476
19749,2023-04-03 21:00:00+00:00,26.175999,88.77284,24.175999
19750,2023-04-03 22:00:00+00:00,25.925999,88.7531,23.925999
19751,2023-04-03 23:00:00+00:00,25.626,89.80398,23.825998
19752,2023-04-04 00:00:00+00:00,25.876,89.55272,24.026
19753,2023-04-04 01:00:00+00:00,26.226,88.24578,24.126
19754,2023-04-04 02:00:00+00:00,28.026,79.63769,24.175999
19755,2023-04-04 03:00:00+00:00,30.026,69.04119,23.726
19756,2023-04-04 04:00:00+00:00,31.825998,60.63318,23.276
19757,2023-04-04 05:00:00+00:00,33.526,53.290695,22.726
19758,2023-04-04 06:00:00+00:00,34.926003,46.522297,21.776
19759,2023-04-04 07:00:00+00:00,35.176003,44.49981,21.276
19760,2023-04-04 08:00:00+00:00,33.676003,55.799446,23.626
19761,2023-04-04 09:00:00+00:00,32.776,60.119556,24.026
19762,2023-04-04 10:00:00+00:00,31.825998,62.67683,23.825998
19763,2023-04-04 11:00:00+00:00,30.976,65.9793,23.876
19764,2023-04-04 12:00:00+00:00,30.175999,69.695,24.026
19765,2023-04-04 13:00:00+00:00,28.876,77.4055,24.526
19766,2023-04-04 14:00:00+00:00,28.575998,79.23662,24.626
19767,2023-04-04 15:00:00+00:00,28.226,80.624016,24.575998
19768,2023-04-04 16:00:00+00:00,28.026,80.83992,24.425999
19769,2023-04-04 17:00:00+00:00,27.776,80.80796,24.175999
19770,2023-04-04 18:00:00+00:00,27.376,80.756645,23.776
19771,2023-04-04 19:00:00+00:00,26.876,82.66239,23.675999
19772,2023-04-04 20:00:00+00:00,26.575998,83.88209,23.626
19773,2023-04-04 21:00:00+00:00,25.976,86.3856,23.526
19774,2023-04-04 22:00:00+00:00,25.575998,87.66168,23.376
19775,2023-04-04 23:00:00+00:00,25.226,88.96587,23.276
19776,2023-04-05 00:00:00+00:00,25.825998,88.478645,23.776
19777,2023-04-05 01:00:00+00:00,26.376,86.68335,23.976
19778,2023-04-05 02:00:00+00:00,28.276,79.19551,24.325998
19779,2023-04-05 03:00:00+00:00,30.476,70.38023,24.476
19780,2023-04-05 04:00:00+00:00,32.776,59.401207,23.825998
19781,2023-04-05 05:00:00+00:00,34.876,49.87986,22.876
19782,2023-04-05 06:00:00+00:00,36.326,42.9334,21.726
19783,2023-04-05 07:00:00+00:00,37.176003,39.625,21.175999
19784,2023-04-05 08:00:00+00:00,36.576,42.09075,21.626
19785,2023-04-05 09:00:00+00:00,33.526,60.108387,24.726
19786,2023-04-05 10:00:00+00:00,33.376,58.47663,24.126
19787,2023-04-05 11:00:00+00:00,32.126,63.49865,24.325998
19788,2023-04-05 12:00:00+00:00,30.626,70.19742,24.575998
19789,2023-04-05 13:00:00+00:00,29.026,79.06209,25.026
19790,2023-04-05 14:00:00+00:00,28.425999,83.83421,25.425999
19791,2023-04-05 15:00:00+00:00,28.075998,84.045815,25.126
19792,2023-04-05 16:00:00+00:00,27.726,85.52479,25.075998
19793,2023-04-05 17:00:00+00:00,27.376,86.77527,24.976
19794,2023-04-05 18:00:00+00:00,26.925999,88.83174,24.925999
19795,2023-04-05 19:00:00+00:00,26.476,90.67383,24.825998
19796,2023-04-05 20:00:00+00:00,25.976,92.83622,24.726
19797,2023-04-05 21:00:00+00:00,25.726,93.380394,24.575998
19798,2023-04-05 22:00:00+00:00,25.526,93.650856,24.425999
19799,2023-04-05 23:00:00+00:00,25.276,94.20262,24.276
19800,2023-04-06 00:00:00+00:00,25.526,95.631645,24.776
19801,2023-04-06 01:00:00+00:00,26.026,93.11638,24.825998
19802,2023-04-06 02:00:00+00:00,28.075998,81.08859,24.526
19803,2023-04-06 03:00:00+00:00,29.825998,71.32459,24.075998
19804,2023-04-06 04:00:00+00:00,31.925999,61.391605,23.575998
19805,2023-04-06 05:00:00+00:00,33.876,52.57538,22.825998
19806,2023-04-06 06:00:00+00:00,35.676003,43.82121,21.476
19807,2023-04-06 07:00:00+00:00,36.526,40.30895,20.876
19808,2023-04-06 08:00:00+00:00,35.926003,44.698795,22.026
19809,2023-04-06 09:00:00+00:00,34.476,54.173103,23.876
19810,2023-04-06 10:00:00+00:00,33.626,54.292492,23.126
19811,2023-04-06 11:00:00+00:00,32.426003,55.330013,22.325998
19812,2023-04-06 12:00:00+00:00,31.325998,62.56851,23.325998
19813,2023-04-06 13:00:00+00:00,29.075998,77.203865,24.675999
19814,2023-04-06 14:00:00+00:00,28.026,85.8092,25.425999
19815,2023-04-06 15:00:00+00:00,27.526,89.40773,25.626
19816,2023-04-06 16:00:00+00:00,27.226,92.90008,25.976
19817,2023-04-06 17:00:00+00:00,27.026,94.27546,26.026
19818,2023-04-06 18:00:00+00:00,26.726,95.38685,25.925999
19819,2023-04-06 19:00:00+00:00,26.276,96.79753,25.726
19820,2023-04-06 20:00:00+00:00,26.325998,96.798706,25.776
19821,2023-04-06 21:00:00+00:00,26.175999,96.795204,25.626
19822,2023-04-06 22:00:00+00:00,25.925999,97.07742,25.425999
19823,2023-04-06 23:00:00+00:00,25.526,97.94017,25.175999
19824,2023-04-07 00:00:00+00:00,27.226,91.80599,25.776
19825,2023-04-07 01:00:00+00:00,27.526,88.35203,25.425999
19826,2023-04-07 02:00:00+00:00,28.476,81.62428,25.026
19827,2023-04-07 03:00:00+00:00,30.276,71.61867,24.575998
19828,2023-04-07 04:00:00+00:00,31.976,62.14633,23.825998
19829,2023-04-07 05:00:00+00:00,33.326,53.403088,22.575998
19830,2023-04-07 06:00:00+00:00,34.426003,48.125282,21.876
19831,2023-04-07 07:00:00+00:00,34.976,43.233208,20.626
19832,2023-04-07 08:00:00+00:00,34.726,42.242283,20.026
19833,2023-04-07 09:00:00+00:00,34.276,41.86001,19.476
19834,2023-04-07 10:00:00+00:00,33.376,43.746258,19.376
19835,2023-04-07 11:00:00+00:00,31.876,53.20577,21.175999
19836,2023-04-07 12:00:00+00:00,29.976,64.58967,22.575998
19837,2023-04-07 13:00:00+00:00,28.226,77.07756,23.825998
19838,2023-04-07 14:00:00+00:00,27.575998,82.49674,24.325998
19839,2023-04-07 15:00:00+00:00,27.175999,84.4526,24.325998
19840,2023-04-07 16:00:00+00:00,26.776,86.46082,24.325998
19841,2023-04-07 17:00:00+00:00,25.825998,91.175865,24.276
19842,2023-04-07 18:00:00+00:00,25.376,93.64399,24.276
19843,2023-04-07 19:00:00+00:00,24.925999,95.61248,24.175999
19844,2023-04-07 20:00:00+00:00,24.526,97.04719,24.026
19845,2023-04-07 21:00:00+00:00,24.526,97.33898,24.075998
19846,2023-04-07 22:00:00+00:00,24.075998,98.805595,23.876
19847,2023-04-07 23:00:00+00:00,23.675999,99.100334,23.526
19848,2023-04-08 00:00:00+00:00,24.226,99.104,24.075998
19849,2023-04-08 01:00:00+00:00,24.976,97.639404,24.575998
19850,2023-04-08 02:00:00+00:00,27.276,84.97031,24.526
19851,2023-04-08 03:00:00+00:00,29.425999,72.1157,23.876
19852,2023-04-08 04:00:00+00:00,31.276,61.805977,23.075998
19853,2023-04-08 05:00:00+00:00,32.976,51.399883,21.626
19854,2023-04-08 06:00:00+00:00,34.126,45.6051,20.726
19855,2023-04-08 07:00:00+00:00,34.426003,42.555363,19.876
19856,2023-04-08 08:00:00+00:00,34.026,44.193214,20.126
19857,2023-04-08 09:00:00+00:00,33.276,48.716213,21.026
19858,2023-04-08 10:00:00+00:00,32.476,50.646996,20.925999
19859,2023-04-08 11:00:00+00:00,31.276,56.416107,21.575998
19860,2023-04-08 12:00:00+00:00,30.425999,58.68065,21.425999
19861,2023-04-08 13:00:00+00:00,28.325998,70.83959,22.526
19862,2023-04-08 14:00:00+00:00,27.126,80.48149,23.476
19863,2023-04-08 15:00:00+00:00,26.425999,85.652176,23.825998
19864,2023-04-08 16:00:00+00:00,25.876,87.95188,23.726
19865,2023-04-08 17:00:00+00:00,25.226,92.51909,23.925999
19866,2023-04-08 18:00:00+00:00,24.726,94.463264,23.776
19867,2023-04-08 19:00:00+00:00,24.126,96.165115,23.476
19868,2023-04-08 20:00:00+00:00,23.925999,97.32719,23.476
19869,2023-04-08 21:00:00+00:00,23.776,98.50561,23.526
19870,2023-04-08 22:00:00+00:00,23.526,99.09933,23.376
19871,2023-04-08 23:00:00+00:00,23.325998,99.69854,23.276
19872,2023-04-09 00:00:00+00:00,23.876,100.0,23.876
19873,2023-04-09 01:00:00+00:00,24.825998,99.107994,24.675999
19874,2023-04-09 02:00:00+00:00,27.276,84.97031,24.526
19875,2023-04-09 03:00:00+00:00,29.476,71.26199,23.726
19876,2023-04-09 04:00:00+00:00,31.325998,60.33764,22.726
19877,2023-04-09 05:00:00+00:00,33.126,48.827145,20.925999
19878,2023-04-09 06:00:00+00:00,34.576,39.780647,18.925999
19879,2023-04-09 07:00:00+00:00,35.026,36.672935,18.026
19880,2023-04-09 08:00:00+00:00,34.676003,37.745857,18.175999
19881,2023-04-09 09:00:00+00:00,34.026,40.25615,18.626
19882,2023-04-09 10:00:00+00:00,33.126,43.54312,19.075998
19883,2023-04-09 11:00:00+00:00,31.876,51.278244,20.575998
19884,2023-04-09 12:00:00+00:00,30.675999,57.670197,21.376
19885,2023-04-09 13:00:00+00:00,28.626,69.82713,22.575998
19886,2023-04-09 14:00:00+00:00,27.526,77.908554,23.325998
19887,2023-04-09 15:00:00+00:00,26.526,83.12139,23.425999
19888,2023-04-09 16:00:00+00:00,25.675999,87.935005,23.526
19889,2023-04-09 17:00:00+00:00,24.925999,92.2247,23.575998
19890,2023-04-09 18:00:00+00:00,24.876,91.944305,23.476
19891,2023-04-09 19:00:00+00:00,25.175999,92.238655,23.825998
19892,2023-04-09 20:00:00+00:00,24.726,96.18196,24.075998
19893,2023-04-09 21:00:00+00:00,24.175999,99.70044,24.126
19894,2023-04-09 22:00:00+00:00,23.976,100.0,23.976
19895,2023-04-09 23:00:00+00:00,22.976,100.0,22.976
19896,2023-04-10 00:00:00+00:00,24.925999,98.81311,24.726
19897,2023-04-10 01:00:00+00:00,25.976,93.39231,24.825998
19898,2023-04-10 02:00:00+00:00,27.575998,82.00371,24.226
19899,2023-04-10 03:00:00+00:00,29.626,70.01306,23.575998
19900,2023-04-10 04:00:00+00:00,31.876,57.776512,22.526
19901,2023-04-10 05:00:00+00:00,34.126,45.185608,20.575998
19902,2023-04-10 06:00:00+00:00,35.726,35.281414,18.026
19903,2023-04-10 07:00:00+00:00,36.276,30.350355,16.126
19904,2023-04-10 08:00:00+00:00,36.176003,27.80752,14.676
19905,2023-04-10 09:00:00+00:00,35.576,28.834389,14.726
19906,2023-04-10 10:00:00+00:00,34.576,33.76633,16.325998
19907,2023-04-10 11:00:00+00:00,32.876,42.4013,18.425999
19908,2023-04-10 12:00:00+00:00,31.425999,51.163586,20.126
19909,2023-04-10 13:00:00+00:00,28.575998,71.74908,22.976
19910,2023-04-10 14:00:00+00:00,26.976,85.19439,24.276
19911,2023-04-10 15:00:00+00:00,25.675999,94.21938,24.675999
19912,2023-04-10 16:00:00+00:00,25.425999,95.34308,24.626
19913,2023-04-10 17:00:00+00:00,24.626,97.04936,24.126
19914,2023-04-10 18:00:00+00:00,24.175999,97.919525,23.825998
19915,2023-04-10 19:00:00+00:00,23.276,100.0,23.276
19916,2023-04-10 20:00:00+00:00,22.976,100.0,22.976
19917,2023-04-10 21:00:00+00:00,23.626,100.0,23.626
19918,2023-04-10 22:00:00+00:00,24.276,99.402115,24.175999
19919,2023-04-10 23:00:00+00:00,24.425999,99.40278,24.325998
19920,2023-04-11 00:00:00+00:00,25.276,98.22889,24.976
19921,2023-04-11 01:00:00+00:00,25.376,96.2001,24.726
19922,2023-04-11 02:00:00+00:00,26.626,86.18781,24.126
19923,2023-04-11 03:00:00+00:00,28.925999,71.16325,23.175999
19924,2023-04-11 04:00:00+00:00,31.575998,55.123493,21.476
19925,2023-04-11 05:00:00+00:00,34.076,40.522312,18.776
19926,2023-04-11 06:00:00+00:00,36.026,29.423193,15.426
19927,2023-04-11 07:00:00+00:00,36.976,24.464138,13.376
19928,2023-04-11 08:00:00+00:00,37.226,21.515339,11.626
19929,2023-04-11 09:00:00+00:00,37.076,19.832253,10.276
19930,2023-04-11 10:00:00+00:00,36.276,20.858908,10.376
19931,2023-04-11 11:00:00+00:00,34.876,25.138042,12.026
19932,2023-04-11 12:00:00+00:00,32.926003,33.099823,14.576
19933,2023-04-11 13:00:00+00:00,29.325998,51.91098,18.425999
19934,2023-04-11 14:00:00+00:00,27.026,71.03592,21.325998
19935,2023-04-11 15:00:00+00:00,25.726,84.553185,22.925999
19936,2023-04-11 16:00:00+00:00,24.626,93.046585,23.425999
19937,2023-04-11 17:00:00+00:00,24.226,95.01499,23.376
19938,2023-04-11 18:00:00+00:00,23.376,96.728516,22.825998
19939,2023-04-11 19:00:00+00:00,22.575998,99.09289,22.425999
19940,2023-04-11 20:00:00+00:00,22.276,100.0,22.276
19941,2023-04-11 21:00:00+00:00,21.575998,99.38989,21.476
19942,2023-04-11 22:00:00+00:00,21.075998,99.69338,21.026
19943,2023-04-11 23:00:00+00:00,21.376,100.0,21.376
19944,2023-04-12 00:00:00+00:00,22.425999,99.09189,22.276
19945,2023-04-12 01:00:00+00:00,22.976,96.42527,22.376
19946,2023-04-12 02:00:00+00:00,25.776,80.79504,22.226
19947,2023-04-12 03:00:00+00:00,30.026,55.083862,20.026
19948,2023-04-12 04:00:00+00:00,34.076,31.13523,14.626
19949,2023-04-12 05:00:00+00:00,36.476,23.015186,12.026
19950,2023-04-12 06:00:00+00:00,37.976,19.459198,10.726
19951,2023-04-12 07:00:00+00:00,38.626,19.679506,11.426
19952,2023-04-12 08:00:00+00:00,38.676003,20.826086,12.326
19953,2023-04-12 09:00:00+00:00,38.376,19.881306,11.376
19954,2023-04-12 10:00:00+00:00,37.426003,19.199118,10.076
19955,2023-04-12 11:00:00+00:00,36.076,20.260115,9.776
19956,2023-04-12 12:00:00+00:00,33.626,31.416597,14.376
19957,2023-04-12 13:00:00+00:00,30.126,52.27706,19.276
19958,2023-04-12 14:00:00+00:00,28.575998,64.49199,21.226
19959,2023-04-12 15:00:00+00:00,27.626,74.692566,22.726
19960,2023-04-12 16:00:00+00:00,26.925999,84.42603,24.075998
19961,2023-04-12 17:00:00+00:00,26.325998,91.47991,24.825998
19962,2023-04-12 18:00:00+00:00,25.726,91.9932,24.325998
19963,2023-04-12 19:00:00+00:00,25.276,93.6394,24.175999
19964,2023-04-12 20:00:00+00:00,24.776,95.60766,24.026
19965,2023-04-12 21:00:00+00:00,24.425999,95.02228,23.575998
19966,2023-04-12 22:00:00+00:00,24.075998,89.69128,22.276
19967,2023-04-12 23:00:00+00:00,23.575998,83.03383,20.526
19968,2023-04-13 00:00:00+00:00,22.276,90.66895,20.675999
19969,2023-04-13 01:00:00+00:00,23.825998,81.541595,20.476
19970,2023-04-13 02:00:00+00:00,27.325998,63.830067,19.876
19971,2023-04-13 03:00:00+00:00,31.575998,45.49212,18.376
19972,2023-04-13 04:00:00+00:00,35.426003,28.608881,14.476
19973,2023-04-13 05:00:00+00:00,37.876,21.182858,11.926
19974,2023-04-13 06:00:00+00:00,39.376,18.46737,11.076
19975,2023-04-13 07:00:00+00:00,39.976,18.97914,11.976
19976,2023-04-13 08:00:00+00:00,40.026,19.88415,12.726
19977,2023-04-13 09:00:00+00:00,39.526,19.89496,12.326
19978,2023-04-13 10:00:00+00:00,38.426003,20.765102,12.076
19979,2023-04-13 11:00:00+00:00,36.626,25.346096,13.626
19980,2023-04-13 12:00:00+00:00,33.476,37.89403,17.175999
19981,2023-04-13 13:00:00+00:00,30.325998,59.744663,21.626
19982,2023-04-13 14:00:00+00:00,28.675999,78.542854,24.575998
19983,2023-04-13 15:00:00+00:00,27.925999,88.12294,25.776
19984,2023-04-13 16:00:00+00:00,27.476,87.82408,25.276
19985,2023-04-13 17:00:00+00:00,26.776,92.8772,25.526
19986,2023-04-13 18:00:00+00:00,26.226,93.96222,25.175999
19987,2023-04-13 19:00:00+00:00,25.675999,94.50132,24.726
19988,2023-04-13 20:00:00+00:00,25.175999,95.90714,24.476
19989,2023-04-13 21:00:00+00:00,24.726,95.89363,24.026
19990,2023-04-13 22:00:00+00:00,24.276,92.467766,22.976
19991,2023-04-13 23:00:00+00:00,23.925999,90.50308,22.276
19992,2023-04-14 00:00:00+00:00,23.575998,91.31067,22.075998
19993,2023-04-14 01:00:00+00:00,24.376,81.86142,21.075998
19994,2023-04-14 02:00:00+00:00,27.526,65.26946,20.425999
19995,2023-04-14 03:00:00+00:00,31.776,45.54559,18.575998
19996,2023-04-14 04:00:00+00:00,35.676003,27.674685,14.176
19997,2023-04-14 05:00:00+00:00,38.426003,19.631653,11.226
19998,2023-04-14 06:00:00+00:00,40.126,15.157413,8.726
19999,2023-04-14 07:00:00+00:00,40.826,14.455043,8.576
20000,2023-04-14 08:00:00+00:00,40.826,14.901113,9.026
20001,2023-04-14 09:00:00+00:00,40.526,14.441068,8.326
20002,2023-04-14 10:00:00+00:00,39.476,15.961383,8.976
20003,2023-04-14 11:00:00+00:00,37.376,22.347124,12.326
20004,2023-04-14 12:00:00+00:00,34.476,35.723495,17.126
20005,2023-04-14 13:00:00+00:00,30.825998,54.940277,20.726
20006,2023-04-14 14:00:00+00:00,29.075998,67.82367,22.526
20007,2023-04-14 15:00:00+00:00,28.226,74.33949,23.226
20008,2023-04-14 16:00:00+00:00,27.526,80.77591,23.925999
20009,2023-04-14 17:00:00+00:00,26.776,90.1548,25.026
20010,2023-04-14 18:00:00+00:00,25.626,94.78209,24.726
20011,2023-04-14 19:00:00+00:00,25.276,94.76882,24.376
20012,2023-04-14 20:00:00+00:00,24.776,93.61635,23.675999
20013,2023-04-14 21:00:00+00:00,24.425999,89.989494,22.675999
20014,2023-04-14 22:00:00+00:00,23.976,83.33605,20.976
20015,2023-04-14 23:00:00+00:00,23.575998,80.011116,19.925999
20016,2023-04-15 00:00:00+00:00,23.175999,89.35079,21.325998
20017,2023-04-15 01:00:00+00:00,24.075998,83.09193,21.026
20018,2023-04-15 02:00:00+00:00,27.276,67.67632,20.776
20019,2023-04-15 03:00:00+00:00,31.575998,47.973373,19.226
20020,2023-04-15 04:00:00+00:00,35.176003,35.914955,17.825998
20021,2023-04-15 05:00:00+00:00,36.876,30.99938,16.976
20022,2023-04-15 06:00:00+00:00,39.026,23.433268,14.426
20023,2023-04-15 07:00:00+00:00,40.026,20.146065,12.926
20024,2023-04-15 08:00:00+00:00,38.726,28.036047,16.976
20025,2023-04-15 09:00:00+00:00,36.876,39.30149,20.776
20026,2023-04-15 10:00:00+00:00,36.576,36.409634,19.276
20027,2023-04-15 11:00:00+00:00,35.526,39.791134,19.776
20028,2023-04-15 12:00:00+00:00,34.626,38.569626,18.476
20029,2023-04-15 13:00:00+00:00,31.675999,50.91195,20.276
20030,2023-04-15 14:00:00+00:00,29.626,60.691875,21.226
20031,2023-04-15 15:00:00+00:00,29.126,65.202225,21.925999
20032,2023-04-15 16:00:00+00:00,28.476,70.65218,22.626
20033,2023-04-15 17:00:00+00:00,27.925999,74.51543,22.976
20034,2023-04-15 18:00:00+00:00,26.825998,77.101295,22.476
20035,2023-04-15 19:00:00+00:00,26.126,81.08586,22.626
20036,2023-04-15 20:00:00+00:00,25.526,85.562706,22.925999
20037,2023-04-15 21:00:00+00:00,25.376,80.99015,21.876
20038,2023-04-15 22:00:00+00:00,25.175999,76.14583,20.675999
20039,2023-04-15 23:00:00+00:00,24.526,76.753006,20.175999
20040,2023-04-16 00:00:00+00:00,24.526,79.15815,20.675999
20041,2023-04-16 01:00:00+00:00,25.376,75.01366,20.626
20042,2023-04-16 02:00:00+00:00,28.325998,63.260685,20.675999
20043,2023-04-16 03:00:00+00:00,32.176003,47.98172,19.776
20044,2023-04-16 04:00:00+00:00,35.726,32.70696,16.825998
20045,2023-04-16 05:00:00+00:00,38.226,23.688229,13.926
20046,2023-04-16 06:00:00+00:00,39.876,18.09852,11.176
20047,2023-04-16 07:00:00+00:00,40.526,17.423313,11.126
20048,2023-04-16 08:00:00+00:00,40.676003,17.284716,11.126
20049,2023-04-16 09:00:00+00:00,40.276,17.715742,11.176
20050,2023-04-16 10:00:00+00:00,39.426003,17.579927,10.376
20051,2023-04-16 11:00:00+00:00,38.076,17.155346,8.926
20052,2023-04-16 12:00:00+00:00,34.976,29.047173,14.326
20053,2023-04-16 13:00:00+00:00,31.175999,54.186806,20.825998
20054,2023-04-16 14:00:00+00:00,29.575998,64.70235,22.226
20055,2023-04-16 15:00:00+00:00,28.925999,69.04088,22.675999
20056,2023-04-16 16:00:00+00:00,28.226,74.564354,23.276
20057,2023-04-16 17:00:00+00:00,27.526,81.01898,23.976
20058,2023-04-16 18:00:00+00:00,26.776,83.90404,23.825998
20059,2023-04-16 19:00:00+00:00,25.776,86.10633,23.276
20060,2023-04-16 20:00:00+00:00,25.126,85.78278,22.575998
20061,2023-04-16 21:00:00+00:00,24.825998,82.167786,21.575998
20062,2023-04-16 22:00:00+00:00,24.476,78.18104,20.425999
20063,2023-04-16 23:00:00+00:00,23.726,77.82998,19.626
20064,2023-04-17 00:00:00+00:00,22.675999,88.491875,20.675999
20065,2023-04-17 01:00:00+00:00,24.425999,78.1738,20.376
20066,2023-04-17 02:00:00+00:00,27.626,64.688866,20.376
20067,2023-04-17 03:00:00+00:00,31.575998,48.57417,19.425999
20068,2023-04-17 04:00:00+00:00,35.426003,28.059187,14.176
20069,2023-04-17 05:00:00+00:00,37.726,20.055553,10.976
20070,2023-04-17 06:00:00+00:00,39.026,18.022078,10.426
20071,2023-04-17 07:00:00+00:00,39.726,17.357124,10.426
20072,2023-04-17 08:00:00+00:00,39.726,17.944347,10.926
20073,2023-04-17 09:00:00+00:00,39.226,18.371273,10.876
20074,2023-04-17 10:00:00+00:00,38.226,19.325401,10.826
20075,2023-04-17 11:00:00+00:00,36.876,22.516645,12.026
20076,2023-04-17 12:00:00+00:00,35.476,28.163494,14.276
20077,2023-04-17 13:00:00+00:00,31.776,42.23564,17.376
20078,2023-04-17 14:00:00+00:00,29.925999,56.613045,20.376
20079,2023-04-17 15:00:00+00:00,28.776,74.653694,23.825998
20080,2023-04-17 16:00:00+00:00,27.925999,83.52978,24.876
20081,2023-04-17 17:00:00+00:00,27.226,86.24492,24.726
20082,2023-04-17 18:00:00+00:00,26.276,92.02463,24.876
20083,2023-04-17 19:00:00+00:00,25.476,95.63005,24.726
20084,2023-04-17 20:00:00+00:00,24.876,96.474945,24.276
20085,2023-04-17 21:00:00+00:00,24.626,95.029526,23.776
20086,2023-04-17 22:00:00+00:00,23.876,95.29003,23.075998
20087,2023-04-17 23:00:00+00:00,22.925999,95.25712,22.126
20088,2023-04-18 00:00:00+00:00,23.976,96.742966,23.425999
20089,2023-04-18 01:00:00+00:00,24.876,93.620964,23.776
20090,2023-04-18 02:00:00+00:00,27.726,76.3082,23.175999
20091,2023-04-18 03:00:00+00:00,31.376,55.583286,21.425999
20092,2023-04-18 04:00:00+00:00,35.076,35.662197,17.626
20093,2023-04-18 05:00:00+00:00,37.676003,25.2903,14.476
20094,2023-04-18 06:00:00+00:00,38.976,23.345045,14.326
20095,2023-04-18 07:00:00+00:00,39.426003,24.38126,15.376
20096,2023-04-18 08:00:00+00:00,39.526,24.880054,15.776
20097,2023-04-18 09:00:00+00:00,39.126,25.420523,15.776
20098,2023-04-18 10:00:00+00:00,37.876,27.989653,16.226
20099,2023-04-18 11:00:00+00:00,35.876,32.955788,17.075998
20100,2023-04-18 12:00:00+00:00,33.026,43.38062,18.925999
20101,2023-04-18 13:00:00+00:00,29.626,66.70822,22.776
20102,2023-04-18 14:00:00+00:00,28.026,82.79656,24.825998
20103,2023-04-18 15:00:00+00:00,27.226,90.99284,25.626
20104,2023-04-18 16:00:00+00:00,26.575998,95.66491,25.825998
20105,2023-04-18 17:00:00+00:00,25.776,97.653305,25.376
20106,2023-04-18 18:00:00+00:00,25.226,99.110634,25.075998
20107,2023-04-18 19:00:00+00:00,24.876,100.0,24.876
20108,2023-04-18 20:00:00+00:00,24.126,100.0,24.126
20109,2023-04-18 21:00:00+00:00,24.925999,99.40501,24.825998
20110,2023-04-18 22:00:00+00:00,24.726,99.70166,24.675999
20111,2023-04-18 23:00:00+00:00,24.175999,99.70044,24.126
20112,2023-04-19 00:00:00+00:00,24.226,100.0,24.226
20113,2023-04-19 01:00:00+00:00,24.575998,96.75736,24.026
20114,2023-04-19 02:00:00+00:00,26.376,87.46763,24.126
20115,2023-04-19 03:00:00+00:00,30.175999,66.01578,23.126
20116,2023-04-19 04:00:00+00:00,33.876,46.388435,20.776
20117,2023-04-19 05:00:00+00:00,36.876,32.60608,17.776
20118,2023-04-19 06:00:00+00:00,38.776,26.57445,16.175999
20119,2023-04-19 07:00:00+00:00,39.576,26.529524,16.825998
20120,2023-04-19 08:00:00+00:00,39.276,32.540596,19.825998
20121,2023-04-19 09:00:00+00:00,38.226,40.15118,22.325998
20122,2023-04-19 10:00:00+00:00,36.326,48.324326,23.675999
20123,2023-04-19 11:00:00+00:00,34.826,49.116592,22.575998
20124,2023-04-19 12:00:00+00:00,33.226,54.194584,22.726
20125,2023-04-19 13:00:00+00:00,30.276,71.191444,24.476
20126,2023-04-19 14:00:00+00:00,29.026,78.35791,24.876
20127,2023-04-19 15:00:00+00:00,28.075998,87.874725,25.876
20128,2023-04-19 16:00:00+00:00,27.626,90.213615,25.876
20129,2023-04-19 17:00:00+00:00,27.126,93.44669,25.976
20130,2023-04-19 18:00:00+00:00,26.626,95.101265,25.776
20131,2023-04-19 19:00:00+00:00,26.425999,95.376816,25.626
20132,2023-04-19 20:00:00+00:00,26.126,95.650696,25.376
20133,2023-04-19 21:00:00+00:00,25.726,94.50332,24.776
20134,2023-04-19 22:00:00+00:00,25.276,93.6394,24.175999
20135,2023-04-19 23:00:00+00:00,24.825998,93.61867,23.726
20136,2023-04-20 00:00:00+00:00,25.276,93.6394,24.175999
20137,2023-04-20 01:00:00+00:00,25.876,89.82198,24.075998
20138,2023-04-20 02:00:00+00:00,28.425999,77.80475,24.175999
20139,2023-04-20 03:00:00+00:00,31.226,65.43793,23.976
20140,2023-04-20 04:00:00+00:00,34.226,53.625034,23.476
20141,2023-04-20 05:00:00+00:00,37.126,41.21991,21.776
20142,2023-04-20 06:00:00+00:00,39.476,30.918427,19.175999
20143,2023-04-20 07:00:00+00:00,41.026,23.635347,16.226
20144,2023-04-20 08:00:00+00:00,40.776,24.961744,16.876
20145,2023-04-20 09:00:00+00:00,38.926003,37.615772,21.876
20146,2023-04-20 10:00:00+00:00,36.926003,46.20195,23.476
20147,2023-04-20 11:00:00+00:00,35.276,47.907448,22.575998
20148,2023-04-20 12:00:00+00:00,33.276,59.515057,24.325998
20149,2023-04-20 13:00:00+00:00,30.726,74.74503,25.726
20150,2023-04-20 14:00:00+00:00,30.026,76.43061,25.425999
20151,2023-04-20 15:00:00+00:00,29.476,82.23148,26.126
20152,2023-04-20 16:00:00+00:00,29.126,84.907974,26.325998
20153,2023-04-20 17:00:00+00:00,28.675999,87.92506,26.476
20154,2023-04-20 18:00:00+00:00,28.175999,92.675255,26.876
20155,2023-04-20 19:00:00+00:00,27.726,95.14007,26.876
20156,2023-04-20 20:00:00+00:00,27.325998,94.56651,26.376
20157,2023-04-20 21:00:00+00:00,26.976,94.27341,25.976
20158,2023-04-20 22:00:00+00:00,26.726,93.705536,25.626
20159,2023-04-20 23:00:00+00:00,26.376,95.37512,25.575998
20160,2023-04-21 00:00:00+00:00,26.575998,95.66491,25.825998
20161,2023-04-21 01:00:00+00:00,27.276,90.99604,25.675999
20162,2023-04-21 02:00:00+00:00,29.575998,78.2028,25.376
20163,2023-04-21 03:00:00+00:00,32.276,62.77397,24.276
20164,2023-04-21 04:00:00+00:00,35.276,47.762207,22.526
20165,2023-04-21 05:00:00+00:00,37.926003,36.54966,20.526
20166,2023-04-21 06:00:00+00:00,39.626,29.635386,18.626
20167,2023-04-21 07:00:00+00:00,38.376,35.450027,20.425999
20168,2023-04-21 08:00:00+00:00,35.026,51.13923,23.425999
20169,2023-04-21 09:00:00+00:00,34.776,55.230263,24.476
20170,2023-04-21 10:00:00+00:00,35.276,52.1345,23.976
20171,2023-04-21 11:00:00+00:00,34.126,54.743156,23.726
20172,2023-04-21 12:00:00+00:00,32.576,61.905064,24.325998
20173,2023-04-21 13:00:00+00:00,30.626,72.75649,25.175999
20174,2023-04-21 14:00:00+00:00,29.726,81.77693,26.276
20175,2023-04-21 15:00:00+00:00,29.325998,86.951836,26.925999
20176,2023-04-21 16:00:00+00:00,28.976,88.72932,26.925999
20177,2023-04-21 17:00:00+00:00,28.726,90.28894,26.976
20178,2023-04-21 18:00:00+00:00,28.325998,92.955574,27.075998
20179,2023-04-21 19:00:00+00:00,28.075998,94.31852,27.075998
20180,2023-04-21 20:00:00+00:00,27.876,94.86628,26.976
20181,2023-04-21 21:00:00+00:00,27.726,95.4201,26.925999
20182,2023-04-21 22:00:00+00:00,27.575998,95.41517,26.776
20183,2023-04-21 23:00:00+00:00,27.226,95.9678,26.526
20184,2023-04-22 00:00:00+00:00,26.626,99.41245,26.526
20185,2023-04-22 01:00:00+00:00,27.825998,95.70402,27.075998
20186,2023-04-22 02:00:00+00:00,29.976,81.56644,26.476
20187,2023-04-22 03:00:00+00:00,32.176003,67.01498,25.276
20188,2023-04-22 04:00:00+00:00,34.526,55.668293,24.376
20189,2023-04-22 05:00:00+00:00,34.076,55.5604,23.925999
20190,2023-04-22 06:00:00+00:00,29.876,70.0593,23.825998
20191,2023-04-22 07:00:00+00:00,30.126,69.47661,23.925999
20192,2023-04-22 08:00:00+00:00,33.326,58.81703,24.175999
20193,2023-04-22 09:00:00+00:00,34.626,53.240654,23.726
20194,2023-04-22 10:00:00+00:00,34.626,52.76184,23.575998
20195,2023-04-22 11:00:00+00:00,33.776,58.04529,24.376
20196,2023-04-22 12:00:00+00:00,32.576,62.0908,24.376
20197,2023-04-22 13:00:00+00:00,30.575998,74.72097,25.575998
20198,2023-04-22 14:00:00+00:00,29.626,81.282776,26.075998
20199,2023-04-22 15:00:00+00:00,29.276,84.92337,26.476
20200,2023-04-22 16:00:00+00:00,29.075998,86.67381,26.626
20201,2023-04-22 17:00:00+00:00,28.976,85.901276,26.376
20202,2023-04-22 18:00:00+00:00,28.825998,84.12679,25.876
20203,2023-04-22 19:00:00+00:00,28.575998,83.35414,25.476
20204,2023-04-22 20:00:00+00:00,28.276,84.317795,25.376
20205,2023-04-22 21:00:00+00:00,28.126,83.30345,25.026
20206,2023-04-22 22:00:00+00:00,28.026,82.79656,24.825998
20207,2023-04-22 23:00:00+00:00,28.026,82.79656,24.825998
20208,2023-04-23 00:00:00+00:00,28.026,85.30053,25.325998
20209,2023-04-23 01:00:00+00:00,28.575998,84.09986,25.626
20210,2023-04-23 02:00:00+00:00,30.276,76.01605,25.575998
20211,2023-04-23 03:00:00+00:00,31.976,67.175255,25.126
20212,2023-04-23 04:00:00+00:00,34.426003,54.9807,24.075998
20213,2023-04-23 05:00:00+00:00,36.226,45.879402,22.726
20214,2023-04-23 06:00:00+00:00,37.326,41.65268,22.126
20215,2023-04-23 07:00:00+00:00,38.276,38.018528,21.476
20216,2023-04-23 08:00:00+00:00,38.576,36.83811,21.226
20217,2023-04-23 09:00:00+00:00,36.276,46.17149,22.876
20218,2023-04-23 10:00:00+00:00,33.326,63.94225,25.575998
20219,2023-04-23 11:00:00+00:00,33.826,59.81802,24.925999
20220,2023-04-23 12:00:00+00:00,31.925999,61.762535,23.675999
20221,2023-04-23 13:00:00+00:00,30.325998,70.7755,24.425999
20222,2023-04-23 14:00:00+00:00,28.876,76.94356,24.425999
20223,2023-04-23 15:00:00+00:00,28.425999,84.333786,25.526
20224,2023-04-23 16:00:00+00:00,28.626,83.6076,25.575998
20225,2023-04-23 17:00:00+00:00,28.876,82.16001,25.526
20226,2023-04-23 18:00:00+00:00,28.976,84.892586,26.175999
20227,2023-04-23 19:00:00+00:00,27.876,88.1188,25.726
20228,2023-04-23 20:00:00+00:00,26.476,92.31056,25.126
20229,2023-04-23 21:00:00+00:00,26.376,92.03031,24.976
20230,2023-04-23 22:00:00+00:00,26.376,93.4113,25.226
20231,2023-04-23 23:00:00+00:00,26.876,90.9705,25.276
20232,2023-04-24 00:00:00+00:00,27.626,88.62289,25.575998
20233,2023-04-24 01:00:00+00:00,28.126,85.56444,25.476
20234,2023-04-24 02:00:00+00:00,30.126,73.98416,24.976
20235,2023-04-24 03:00:00+00:00,31.825998,65.560684,24.575998
20236,2023-04-24 04:00:00+00:00,33.526,58.16143,24.175999
20237,2023-04-24 05:00:00+00:00,35.126,52.0971,23.825998
20238,2023-04-24 06:00:00+00:00,36.176003,47.850777,23.376
20239,2023-04-24 07:00:00+00:00,35.276,50.89469,23.575998
20240,2023-04-24 08:00:00+00:00,34.576,50.71762,22.876
20241,2023-04-24 09:00:00+00:00,33.376,57.432083,23.825998
20242,2023-04-24 10:00:00+00:00,32.426003,63.56238,24.626
20243,2023-04-24 11:00:00+00:00,30.075998,72.229034,24.526
20244,2023-04-24 12:00:00+00:00,31.325998,69.49305,25.075998
20245,2023-04-24 13:00:00+00:00,30.026,76.65804,25.476
20246,2023-04-24 14:00:00+00:00,29.526,80.313225,25.776
20247,2023-04-24 15:00:00+00:00,29.276,81.48037,25.776
20248,2023-04-24 16:00:00+00:00,29.026,82.66668,25.776
20249,2023-04-24 17:00:00+00:00,28.726,83.12392,25.575998
20250,2023-04-24 18:00:00+00:00,28.575998,82.6142,25.325998
20251,2023-04-24 19:00:00+00:00,28.276,83.817795,25.276
20252,2023-04-24 20:00:00+00:00,27.925999,85.544655,25.276
20253,2023-04-24 21:00:00+00:00,27.726,86.54939,25.276
20254,2023-04-24 22:00:00+00:00,27.526,87.04778,25.175999
20255,2023-04-24 23:00:00+00:00,27.425999,86.52153,24.976
20256,2023-04-25 00:00:00+00:00,28.026,86.32053,25.526
20257,2023-04-25 01:00:00+00:00,28.626,83.35976,25.526
20258,2023-04-25 02:00:00+00:00,30.075998,75.53468,25.276
20259,2023-04-25 03:00:00+00:00,30.976,68.193,24.425999
20260,2023-04-25 04:00:00+00:00,32.576,60.61859,23.976
20261,2023-04-25 05:00:00+00:00,34.176003,53.774666,23.476
20262,2023-04-25 06:00:00+00:00,34.426003,52.394924,23.276
20263,2023-04-25 07:00:00+00:00,35.026,49.918133,23.026
20264,2023-04-25 08:00:00+00:00,35.026,49.918133,23.026
20265,2023-04-25 09:00:00+00:00,33.426003,55.907867,23.425999
20266,2023-04-25 10:00:00+00:00,33.026,56.83315,23.325998
20267,2023-04-25 11:00:00+00:00,31.776,62.85479,23.825998
20268,2023-04-25 12:00:00+00:00,31.325998,66.447365,24.325998
20269,2023-04-25 13:00:00+00:00,29.925999,74.61626,24.925999
20270,2023-04-25 14:00:00+00:00,29.476,77.72454,25.175999
20271,2023-04-25 15:00:00+00:00,29.126,79.54808,25.226
20272,2023-04-25 16:00:00+00:00,28.925999,80.954384,25.325998
20273,2023-04-25 17:00:00+00:00,28.776,81.66108,25.325998
20274,2023-04-25 18:00:00+00:00,28.575998,81.39373,25.075998
20275,2023-04-25 19:00:00+00:00,28.226,83.31473,25.126
20276,2023-04-25 20:00:00+00:00,27.876,84.02412,24.925999
20277,2023-04-25 21:00:00+00:00,27.575998,85.00113,24.825998
20278,2023-04-25 22:00:00+00:00,26.726,89.348076,24.825998
20279,2023-04-25 23:00:00+00:00,25.925999,93.38995,24.776
20280,2023-04-26 00:00:00+00:00,26.476,91.21656,24.925999
20281,2023-04-26 01:00:00+00:00,27.175999,88.060776,25.026
20282,2023-04-26 02:00:00+00:00,28.075998,81.33149,24.575998
20283,2023-04-26 03:00:00+00:00,29.876,72.627945,24.425999
20284,2023-04-26 04:00:00+00:00,31.976,59.57748,23.126
20285,2023-04-26 05:00:00+00:00,33.676003,50.952595,22.126
20286,2023-04-26 06:00:00+00:00,34.626,47.0152,21.675999
20287,2023-04-26 07:00:00+00:00,35.226,43.835606,21.075998
20288,2023-04-26 08:00:00+00:00,34.176003,47.330463,21.376
20289,2023-04-26 09:00:00+00:00,34.226,47.198765,21.376
20290,2023-04-26 10:00:00+00:00,33.626,49.711277,21.675999
20291,2023-04-26 11:00:00+00:00,32.326,55.643368,22.325998
20292,2023-04-26 12:00:00+00:00,31.575998,58.947105,22.575998
20293,2023-04-26 13:00:00+00:00,29.776,70.25189,23.776
20294,2023-04-26 14:00:00+00:00,29.026,76.736115,24.526
20295,2023-04-26 15:00:00+00:00,28.526,78.99315,24.526
20296,2023-04-26 16:00:00+00:00,28.075998,80.84632,24.476
20297,2023-04-26 17:00:00+00:00,27.726,83.258194,24.626
20298,2023-04-26 18:00:00+00:00,27.376,86.51686,24.925999
20299,2023-04-26 19:00:00+00:00,27.175999,88.32358,25.075998
20300,2023-04-26 20:00:00+00:00,26.726,91.23215,25.175999
20301,2023-04-26 21:00:00+00:00,26.575998,92.31608,25.226
20302,2023-04-26 22:00:00+00:00,26.126,94.5192,25.175999
20303,2023-04-26 23:00:00+00:00,25.675999,95.63642,24.925999
20304,2023-04-27 00:00:00+00:00,28.026,87.0925,25.675999
20305,2023-04-27 01:00:00+00:00,28.675999,83.118256,25.526
20306,2023-04-27 02:00:00+00:00,29.876,76.63544,25.325998
20307,2023-04-27 03:00:00+00:00,31.626,67.3069,24.825998
20308,2023-04-27 04:00:00+00:00,33.426003,57.79011,23.976
20309,2023-04-27 05:00:00+00:00,34.926003,50.95993,23.276
20310,2023-04-27 06:00:00+00:00,35.676003,46.718777,22.526
20311,2023-04-27 07:00:00+00:00,35.626,45.443848,22.026
20312,2023-04-27 08:00:00+00:00,35.426003,46.795513,22.325998
20313,2023-04-27 09:00:00+00:00,34.476,51.62157,23.075998
20314,2023-04-27 10:00:00+00:00,33.276,56.72114,23.526
20315,2023-04-27 11:00:00+00:00,32.576,60.800922,24.026
20316,2023-04-27 12:00:00+00:00,31.325998,67.44935,24.575998
20317,2023-04-27 13:00:00+00:00,29.925999,75.962135,25.226
20318,2023-04-27 14:00:00+00:00,29.325998,80.2872,25.575998
20319,2023-04-27 15:00:00+00:00,29.126,81.46185,25.626
20320,2023-04-27 16:00:00+00:00,28.925999,82.165985,25.575998
20321,2023-04-27 17:00:00+00:00,28.776,81.90425,25.376
20322,2023-04-27 18:00:00+00:00,28.526,82.85443,25.325998
20323,2023-04-27 19:00:00+00:00,28.325998,83.32601,25.226
20324,2023-04-27 20:00:00+00:00,27.925999,84.784134,25.126
20325,2023-04-27 21:00:00+00:00,27.575998,86.79353,25.175999
20326,2023-04-27 22:00:00+00:00,27.126,89.11232,25.175999
20327,2023-04-27 23:00:00+00:00,26.675999,91.50111,25.175999
20328,2023-04-28 00:00:00+00:00,26.976,92.61232,25.675999
20329,2023-04-28 01:00:00+00:00,28.126,85.818954,25.526
20330,2023-04-28 02:00:00+00:00,30.126,75.31813,25.276
20331,2023-04-28 03:00:00+00:00,32.176003,63.890713,24.476
20332,2023-04-28 04:00:00+00:00,34.076,53.265472,23.226
20333,2023-04-28 05:00:00+00:00,35.526,47.250263,22.575998
20334,2023-04-28 06:00:00+00:00,36.576,45.143604,22.776
20335,2023-04-28 07:00:00+00:00,36.576,43.3951,22.126
20336,2023-04-28 08:00:00+00:00,36.026,43.914368,21.825998
20337,2023-04-28 09:00:00+00:00,35.376,45.65577,21.876
20338,2023-04-28 10:00:00+00:00,34.426003,49.61377,22.376
20339,2023-04-28 11:00:00+00:00,32.926003,55.619194,22.876
20340,2023-04-28 12:00:00+00:00,31.675999,62.26816,23.575998
20341,2023-04-28 13:00:00+00:00,30.126,71.80677,24.476
20342,2023-04-28 14:00:00+00:00,29.726,75.70519,24.976
20343,2023-04-28 15:00:00+00:00,29.425999,76.796265,24.925999
20344,2023-04-28 16:00:00+00:00,29.175999,78.379135,25.026
20345,2023-04-28 17:00:00+00:00,28.776,80.93537,25.175999
20346,2023-04-28 18:00:00+00:00,28.376,83.08405,25.226
20347,2023-04-28 19:00:00+00:00,27.925999,85.544655,25.276
20348,2023-04-28 20:00:00+00:00,27.575998,86.79353,25.175999
20349,2023-04-28 21:00:00+00:00,27.226,88.85516,25.226
20350,2023-04-28 22:00:00+00:00,26.825998,91.238396,25.276
20351,2023-04-28 23:00:00+00:00,26.226,94.24233,25.226
20352,2023-04-29 00:00:00+00:00,26.776,95.95458,26.075998
20353,2023-04-29 01:00:00+00:00,28.126,88.40063,26.026
20354,2023-04-29 02:00:00+00:00,29.925999,78.484795,25.776
20355,2023-04-29 03:00:00+00:00,32.126,65.4263,24.825998
20356,2023-04-29 04:00:00+00:00,33.876,55.847355,23.825998
20357,2023-04-29 05:00:00+00:00,35.476,49.134716,23.175999
20358,2023-04-29 06:00:00+00:00,35.926003,45.522926,22.325998
20359,2023-04-29 07:00:00+00:00,35.576,44.46989,21.626
20360,2023-04-29 08:00:00+00:00,33.126,52.228603,22.026
20361,2023-04-29 09:00:00+00:00,32.126,59.97266,23.376
20362,2023-04-29 10:00:00+00:00,33.126,54.66518,22.776
20363,2023-04-29 11:00:00+00:00,31.476,61.29186,23.126
20364,2023-04-29 12:00:00+00:00,30.925999,64.01113,23.325998
20365,2023-04-29 13:00:00+00:00,29.526,72.56767,24.075998
20366,2023-04-29 14:00:00+00:00,28.776,77.855415,24.526
20367,2023-04-29 15:00:00+00:00,28.425999,81.61815,24.976
20368,2023-04-29 16:00:00+00:00,28.175999,83.557625,25.126
20369,2023-04-29 17:00:00+00:00,27.776,86.296974,25.276
20370,2023-04-29 18:00:00+00:00,27.376,88.603004,25.325998
20371,2023-04-29 19:00:00+00:00,27.026,90.44075,25.325998
20372,2023-04-29 20:00:00+00:00,26.675999,91.22904,25.126
20373,2023-04-29 21:00:00+00:00,26.376,90.938416,24.776
20374,2023-04-29 22:00:00+00:00,26.175999,91.19783,24.626
20375,2023-04-29 23:00:00+00:00,25.776,92.548584,24.476
20376,2023-04-30 00:00:00+00:00,26.526,92.31332,25.175999
20377,2023-04-30 01:00:00+00:00,28.175999,83.30908,25.075998
20378,2023-04-30 02:00:00+00:00,27.325998,84.21606,24.425999
20379,2023-04-30 03:00:00+00:00,28.325998,77.324455,23.976
20380,2023-04-30 04:00:00+00:00,30.175999,68.2434,23.675999
20381,2023-04-30 05:00:00+00:00,32.026,60.131275,23.325998
20382,2023-04-30 06:00:00+00:00,34.226,52.981655,23.276
20383,2023-04-30 07:00:00+00:00,35.176003,49.206482,22.925999
20384,2023-04-30 08:00:00+00:00,34.376,50.20761,22.526
20385,2023-04-30 09:00:00+00:00,32.426003,60.76744,23.876
20386,2023-04-30 10:00:00+00:00,31.226,64.074486,23.626
20387,2023-04-30 11:00:00+00:00,30.726,67.33141,23.976
20388,2023-04-30 12:00:00+00:00,31.026,65.20038,23.726
20389,2023-04-30 13:00:00+00:00,29.626,75.0147,24.726
20390,2023-04-30 14:00:00+00:00,29.425999,76.111755,24.776
20391,2023-04-30 15:00:00+00:00,29.226,77.9203,24.976
20392,2023-04-30 16:00:00+00:00,29.075998,78.13156,24.876
20393,2023-04-30 17:00:00+00:00,28.626,80.675476,24.976
20394,2023-04-30 18:00:00+00:00,28.126,84.05123,25.175999
20395,2023-04-30 19:00:00+00:00,27.776,86.04057,25.226
20396,2023-04-30 20:00:00+00:00,27.425999,87.819855,25.226
20397,2023-04-30 21:00:00+00:00,27.126,88.31951,25.026
20398,2023-04-30 22:00:00+00:00,26.876,87.77312,24.675999
20399,2023-04-30 23:00:00+00:00,26.776,86.980286,24.425999
20400,2023-05-01 00:00:00+00:00,25.226,93.918434,24.175999
20401,2023-05-01 01:00:00+00:00,24.675999,95.89214,23.976
20402,2023-05-01 02:00:00+00:00,25.325998,89.512054,23.476
20403,2023-05-01 03:00:00+00:00,26.175999,83.83803,23.226
20404,2023-05-01 04:00:00+00:00,26.126,82.57407,22.925999
20405,2023-05-01 05:00:00+00:00,28.376,73.24946,23.126
20406,2023-05-01 06:00:00+00:00,30.175999,64.82775,22.825998
20407,2023-05-01 07:00:00+00:00,29.226,69.517265,23.075998
20408,2023-05-01 08:00:00+00:00,29.776,68.78597,23.425999
20409,2023-05-01 09:00:00+00:00,31.526,62.04794,23.376
20410,2023-05-01 10:00:00+00:00,31.476,61.849968,23.276
20411,2023-05-01 11:00:00+00:00,29.675999,71.727455,24.026
20412,2023-05-01 12:00:00+00:00,29.026,72.481255,23.575998
20413,2023-05-01 13:00:00+00:00,27.925999,78.90999,23.925999
20414,2023-05-01 14:00:00+00:00,25.876,89.55272,24.026
20415,2023-05-01 15:00:00+00:00,24.925999,94.47132,23.976
20416,2023-05-01 16:00:00+00:00,24.976,94.75737,24.075998
20417,2023-05-01 17:00:00+00:00,25.175999,94.765015,24.276
20418,2023-05-01 18:00:00+00:00,25.175999,94.48136,24.226
20419,2023-05-01 19:00:00+00:00,24.726,95.03316,23.876
20420,2023-05-01 20:00:00+00:00,24.325998,96.17075,23.675999
20421,2023-05-01 21:00:00+00:00,24.575998,93.325226,23.425999
20422,2023-05-01 22:00:00+00:00,24.376,95.02045,23.526
20423,2023-05-01 23:00:00+00:00,24.325998,95.88159,23.626
20424,2023-05-02 00:00:00+00:00,23.325998,97.61043,22.925999
20425,2023-05-02 01:00:00+00:00,23.825998,94.71325,22.925999
20426,2023-05-02 02:00:00+00:00,25.226,88.16308,23.126
20427,2023-05-02 03:00:00+00:00,26.876,81.42616,23.425999
20428,2023-05-02 04:00:00+00:00,28.675999,75.087944,23.825998
20429,2023-05-02 05:00:00+00:00,29.126,72.49856,23.675999
20430,2023-05-02 06:00:00+00:00,31.476,63.742607,23.776
20431,2023-05-02 07:00:00+00:00,30.126,68.64584,23.726
20432,2023-05-02 08:00:00+00:00,30.675999,68.750854,24.276
20433,2023-05-02 09:00:00+00:00,31.276,62.557644,23.276
20434,2023-05-02 10:00:00+00:00,29.976,67.79449,23.376
20435,2023-05-02 11:00:00+00:00,29.575998,70.00382,23.526
20436,2023-05-02 12:00:00+00:00,29.075998,73.14752,23.776
20437,2023-05-02 13:00:00+00:00,28.175999,78.472336,24.075998
20438,2023-05-02 14:00:00+00:00,28.126,78.7012,24.075998
20439,2023-05-02 15:00:00+00:00,27.976,79.87021,24.175999
20440,2023-05-02 16:00:00+00:00,27.776,81.050674,24.226
20441,2023-05-02 17:00:00+00:00,27.276,83.958786,24.325998
20442,2023-05-02 18:00:00+00:00,26.825998,86.72483,24.425999
20443,2023-05-02 19:00:00+00:00,26.226,90.38653,24.526
20444,2023-05-02 20:00:00+00:00,25.726,93.10152,24.526
20445,2023-05-02 21:00:00+00:00,25.325998,94.48736,24.376
20446,2023-05-02 22:00:00+00:00,25.276,93.07912,24.075998
20447,2023-05-02 23:00:00+00:00,25.026,93.3469,23.876
20448,2023-05-03 00:00:00+00:00,25.825998,95.07277,24.976
20449,2023-05-03 01:00:00+00:00,26.626,92.31881,25.276
20450,2023-05-03 02:00:00+00:00,28.175999,81.83141,24.776
20451,2023-05-03 03:00:00+00:00,30.075998,68.636284,23.675999
20452,2023-05-03 04:00:00+00:00,27.276,79.776505,23.476
20453,2023-05-03 05:00:00+00:00,27.476,81.50082,24.026
20454,2023-05-03 06:00:00+00:00,30.626,67.71748,23.976
20455,2023-05-03 07:00:00+00:00,32.176003,62.9409,24.226
20456,2023-05-03 08:00:00+00:00,32.676003,61.189205,24.226
20457,2023-05-03 09:00:00+00:00,29.075998,72.27188,23.575998
20458,2023-05-03 10:00:00+00:00,28.876,75.5722,24.126
20459,2023-05-03 11:00:00+00:00,29.425999,72.550446,23.976
20460,2023-05-03 12:00:00+00:00,29.126,74.26329,24.075998
20461,2023-05-03 13:00:00+00:00,27.976,79.15431,24.026
20462,2023-05-03 14:00:00+00:00,27.276,83.707565,24.276
20463,2023-05-03 15:00:00+00:00,26.925999,86.47489,24.476
20464,2023-05-03 16:00:00+00:00,26.726,88.81606,24.726
20465,2023-05-03 17:00:00+00:00,26.876,87.51118,24.626
20466,2023-05-03 18:00:00+00:00,26.925999,86.73404,24.526
20467,2023-05-03 19:00:00+00:00,26.526,90.13742,24.776
20468,2023-05-03 20:00:00+00:00,26.226,92.57257,24.925999
20469,2023-05-03 21:00:00+00:00,25.825998,96.212585,25.175999
20470,2023-05-03 22:00:00+00:00,25.776,95.6396,25.026
20471,2023-05-03 23:00:00+00:00,25.425999,97.647255,25.026
20472,2023-05-04 00:00:00+00:00,25.825998,96.212585,25.175999
20473,2023-05-04 01:00:00+00:00,26.825998,90.69693,25.175999
20474,2023-05-04 02:00:00+00:00,28.276,80.63046,24.626
20475,2023-05-04 03:00:00+00:00,30.376,70.99666,24.526
20476,2023-05-04 04:00:00+00:00,31.626,64.73899,24.175999
20477,2023-05-04 05:00:00+00:00,32.826,60.31157,24.126
20478,2023-05-04 06:00:00+00:00,33.376,58.47663,24.126
20479,2023-05-04 07:00:00+00:00,34.126,56.41261,24.226
20480,2023-05-04 08:00:00+00:00,32.476,60.96149,23.976
20481,2023-05-04 09:00:00+00:00,31.825998,63.244556,23.976
20482,2023-05-04 10:00:00+00:00,31.575998,65.9032,24.425999
20483,2023-05-04 11:00:00+00:00,31.276,66.43733,24.276
20484,2023-05-04 12:00:00+00:00,29.925999,71.55673,24.226
20485,2023-05-04 13:00:00+00:00,28.976,75.81484,24.276
20486,2023-05-04 14:00:00+00:00,28.376,79.44669,24.476
20487,2023-05-04 15:00:00+00:00,28.376,79.44669,24.476
20488,2023-05-04 16:00:00+00:00,28.376,78.73617,24.325998
20489,2023-05-04 17:00:00+00:00,27.925999,81.80094,24.526
20490,2023-05-04 18:00:00+00:00,27.575998,85.255196,24.876
20491,2023-05-04 19:00:00+00:00,27.126,88.05662,24.976
20492,2023-05-04 20:00:00+00:00,26.776,89.886444,24.976
20493,2023-05-04 21:00:00+00:00,26.626,90.954475,25.026
20494,2023-05-04 22:00:00+00:00,26.575998,90.95128,24.976
20495,2023-05-04 23:00:00+00:00,26.026,93.67374,24.925999
20496,2023-05-05 00:00:00+00:00,24.776,93.33487,23.626
20497,2023-05-05 01:00:00+00:00,26.126,89.303024,24.226
20498,2023-05-05 02:00:00+00:00,27.626,83.246864,24.526
20499,2023-05-05 03:00:00+00:00,29.526,73.885025,24.376
20500,2023-05-05 04:00:00+00:00,30.526,69.55143,24.325998
20501,2023-05-05 05:00:00+00:00,31.976,64.0401,24.325998
20502,2023-05-05 06:00:00+00:00,32.126,60.153862,23.425999
20503,2023-05-05 07:00:00+00:00,28.626,77.3687,24.276
20504,2023-05-05 08:00:00+00:00,30.626,72.1092,25.026
20505,2023-05-05 09:00:00+00:00,30.276,72.479904,24.776
20506,2023-05-05 10:00:00+00:00,28.425999,77.33921,24.075998
20507,2023-05-05 11:00:00+00:00,28.075998,81.08859,24.526
20508,2023-05-05 12:00:00+00:00,27.575998,89.676994,25.726
20509,2023-05-05 13:00:00+00:00,27.626,89.68061,25.776
20510,2023-05-05 14:00:00+00:00,27.425999,88.343925,25.325998
20511,2023-05-05 15:00:00+00:00,26.876,92.88228,25.626
20512,2023-05-05 16:00:00+00:00,26.776,92.601746,25.476
20513,2023-05-05 17:00:00+00:00,26.526,95.38016,25.726
20514,2023-05-05 18:00:00+00:00,26.376,96.227745,25.726
20515,2023-05-05 19:00:00+00:00,26.175999,96.222275,25.526
20516,2023-05-05 20:00:00+00:00,25.925999,97.07742,25.425999
20517,2023-05-05 21:00:00+00:00,25.776,96.2112,25.126
20518,2023-05-05 22:00:00+00:00,25.726,95.638016,24.976
20519,2023-05-05 23:00:00+00:00,25.776,95.07097,24.925999
20520,2023-05-06 00:00:00+00:00,26.425999,97.95379,26.075998
20521,2023-05-06 01:00:00+00:00,27.075998,93.72136,25.976
20522,2023-05-06 02:00:00+00:00,28.376,86.097984,25.825998
20523,2023-05-06 03:00:00+00:00,30.376,72.93092,24.976
20524,2023-05-06 04:00:00+00:00,31.526,68.29884,24.976
20525,2023-05-06 05:00:00+00:00,31.876,66.75629,24.925999
20526,2023-05-06 06:00:00+00:00,28.425999,80.89092,24.825998
20527,2023-05-06 07:00:00+00:00,29.575998,75.681816,24.825998
20528,2023-05-06 08:00:00+00:00,31.825998,68.3564,25.276
20529,2023-05-06 09:00:00+00:00,31.476,67.47873,24.726
20530,2023-05-06 10:00:00+00:00,31.276,69.0706,24.925999
20531,2023-05-06 11:00:00+00:00,30.425999,72.93943,25.026
20532,2023-05-06 12:00:00+00:00,30.626,71.041565,24.776
20533,2023-05-06 13:00:00+00:00,29.476,76.80375,24.976
20534,2023-05-06 14:00:00+00:00,28.776,82.39249,25.476
20535,2023-05-06 15:00:00+00:00,28.325998,85.83837,25.726
20536,2023-05-06 16:00:00+00:00,27.726,89.95381,25.925999
20537,2023-05-06 17:00:00+00:00,27.925999,87.86209,25.726
20538,2023-05-06 18:00:00+00:00,27.726,87.584694,25.476
20539,2023-05-06 19:00:00+00:00,27.175999,90.18253,25.425999
20540,2023-05-06 20:00:00+00:00,26.376,94.52909,25.425999
20541,2023-05-06 21:00:00+00:00,26.026,95.93245,25.325998
20542,2023-05-06 22:00:00+00:00,25.825998,96.49941,25.226
20543,2023-05-06 23:00:00+00:00,25.626,97.65072,25.226
20544,2023-05-07 00:00:00+00:00,26.876,89.893555,25.075998
20545,2023-05-07 01:00:00+00:00,27.425999,87.298485,25.126
20546,2023-05-07 02:00:00+00:00,29.325998,77.9347,25.075998
20547,2023-05-07 03:00:00+00:00,31.425999,66.86647,24.526
20548,2023-05-07 04:00:00+00:00,32.876,57.487846,23.376
20549,2023-05-07 05:00:00+00:00,34.026,51.50835,22.626
20550,2023-05-07 06:00:00+00:00,34.976,48.2679,22.425999
20551,2023-05-07 07:00:00+00:00,36.126,45.162014,22.376
20552,2023-05-07 08:00:00+00:00,35.276,47.907448,22.575998
20553,2023-05-07 09:00:00+00:00,33.126,63.521275,25.276
20554,2023-05-07 10:00:00+00:00,33.026,64.83559,25.526
20555,2023-05-07 11:00:00+00:00,32.076,67.99903,25.425999
20556,2023-05-07 12:00:00+00:00,31.925999,68.17253,25.325998
20557,2023-05-07 13:00:00+00:00,30.376,74.91112,25.425999
20558,2023-05-07 14:00:00+00:00,29.376,80.53225,25.675999
20559,2023-05-07 15:00:00+00:00,28.876,83.8834,25.876
20560,2023-05-07 16:00:00+00:00,28.476,86.87529,26.075998
20561,2023-05-07 17:00:00+00:00,28.175999,89.19203,26.226
20562,2023-05-07 18:00:00+00:00,27.726,92.651726,26.425999
20563,2023-05-07 19:00:00+00:00,27.476,94.01628,26.425999
20564,2023-05-07 20:00:00+00:00,27.175999,94.84032,26.276
20565,2023-05-07 21:00:00+00:00,26.876,95.95753,26.175999
20566,2023-05-07 22:00:00+00:00,26.626,96.8057,26.075998
20567,2023-05-07 23:00:00+00:00,26.276,97.37304,25.825998
20568,2023-05-08 00:00:00+00:00,25.575998,100.0,25.575998
20569,2023-05-08 01:00:00+00:00,26.626,97.37975,26.175999
20570,2023-05-08 02:00:00+00:00,29.075998,80.97338,25.476
20571,2023-05-08 03:00:00+00:00,31.075998,69.03287,24.726
20572,2023-05-08 04:00:00+00:00,32.976,57.859062,23.575998
20573,2023-05-08 05:00:00+00:00,34.376,52.540905,23.276
20574,2023-05-08 06:00:00+00:00,35.276,49.981853,23.276
20575,2023-05-08 07:00:00+00:00,35.476,50.94515,23.776
20576,2023-05-08 08:00:00+00:00,35.026,50.525463,23.226
20577,2023-05-08 09:00:00+00:00,34.826,51.709435,23.425999
20578,2023-05-08 10:00:00+00:00,34.326,52.0543,23.075998
20579,2023-05-08 11:00:00+00:00,32.626,57.60294,23.175999
20580,2023-05-08 12:00:00+00:00,31.726,57.917084,22.425999
20581,2023-05-08 13:00:00+00:00,29.976,69.65769,23.825998
20582,2023-05-08 14:00:00+00:00,28.776,79.26395,24.825998
20583,2023-05-08 15:00:00+00:00,28.026,85.55454,25.376
20584,2023-05-08 16:00:00+00:00,27.976,87.6062,25.726
20585,2023-05-08 17:00:00+00:00,27.776,89.161766,25.825998
20586,2023-05-08 18:00:00+00:00,27.126,93.44669,25.976
20587,2023-05-08 19:00:00+00:00,26.876,94.82912,25.976
20588,2023-05-08 20:00:00+00:00,26.776,93.707794,25.675999
20589,2023-05-08 21:00:00+00:00,26.425999,94.25064,25.425999
20590,2023-05-08 22:00:00+00:00,25.825998,95.64118,25.075998
20591,2023-05-08 23:00:00+00:00,25.175999,97.35172,24.726
20592,2023-05-09 00:00:00+00:00,25.825998,94.78966,24.925999
20593,2023-05-09 01:00:00+00:00,27.175999,87.53721,24.925999
20594,2023-05-09 02:00:00+00:00,29.175999,77.44955,24.825998
20595,2023-05-09 03:00:00+00:00,31.575998,66.29886,24.526
20596,2023-05-09 04:00:00+00:00,33.676003,54.633804,23.276
20597,2023-05-09 05:00:00+00:00,35.276,47.61735,22.476
20598,2023-05-09 06:00:00+00:00,36.526,43.118095,21.976
20599,2023-05-09 07:00:00+00:00,37.326,41.273563,21.976
20600,2023-05-09 08:00:00+00:00,36.726,44.100204,22.526
20601,2023-05-09 09:00:00+00:00,35.876,46.347256,22.575998
20602,2023-05-09 10:00:00+00:00,34.826,47.21139,21.925999
20603,2023-05-09 11:00:00+00:00,33.826,51.457935,22.425999
20604,2023-05-09 12:00:00+00:00,32.426003,58.4328,23.226
20605,2023-05-09 13:00:00+00:00,30.575998,69.5608,24.376
20606,2023-05-09 14:00:00+00:00,29.325998,78.86838,25.276
20607,2023-05-09 15:00:00+00:00,28.626,83.856094,25.626
20608,2023-05-09 16:00:00+00:00,28.175999,87.10587,25.825998
20609,2023-05-09 17:00:00+00:00,27.726,89.68786,25.876
20610,2023-05-09 18:00:00+00:00,26.976,93.71684,25.876
20611,2023-05-09 19:00:00+00:00,26.675999,95.10305,25.825998
20612,2023-05-09 20:00:00+00:00,26.526,93.696465,25.425999
20613,2023-05-09 21:00:00+00:00,26.026,95.07991,25.175999
20614,2023-05-09 22:00:00+00:00,25.776,95.6396,25.026
20615,2023-05-09 23:00:00+00:00,26.376,93.4113,25.226
20616,2023-05-10 00:00:00+00:00,26.325998,94.808495,25.425999
20617,2023-05-10 01:00:00+00:00,27.526,88.878525,25.526
20618,2023-05-10 02:00:00+00:00,29.526,76.81125,25.026
20619,2023-05-10 03:00:00+00:00,31.776,62.666008,23.776
20620,2023-05-10 04:00:00+00:00,33.976,51.652283,22.626
20621,2023-05-10 05:00:00+00:00,35.726,45.60891,22.175999
20622,2023-05-10 06:00:00+00:00,37.226,41.24674,21.876
20623,2023-05-10 07:00:00+00:00,38.276,38.018528,21.476
20624,2023-05-10 08:00:00+00:00,37.926003,40.561855,22.226
20625,2023-05-10 09:00:00+00:00,36.976,42.845284,22.276
20626,2023-05-10 10:00:00+00:00,36.176003,44.088467,22.026
20627,2023-05-10 11:00:00+00:00,34.776,50.005634,22.825998
20628,2023-05-10 12:00:00+00:00,33.076,56.16249,23.175999
20629,2023-05-10 13:00:00+00:00,30.726,67.53394,24.026
20630,2023-05-10 14:00:00+00:00,29.376,77.018166,24.925999
20631,2023-05-10 15:00:00+00:00,28.825998,81.42475,25.325998
20632,2023-05-10 16:00:00+00:00,28.675999,83.61316,25.626
20633,2023-05-10 17:00:00+00:00,28.325998,87.37739,26.026
20634,2023-05-10 18:00:00+00:00,28.026,89.44477,26.126
20635,2023-05-10 19:00:00+00:00,27.575998,92.64388,26.276
20636,2023-05-10 20:00:00+00:00,26.876,95.39185,26.075998
20637,2023-05-10 21:00:00+00:00,26.026,97.657616,25.626
20638,2023-05-10 22:00:00+00:00,25.726,98.23475,25.425999
20639,2023-05-10 23:00:00+00:00,26.425999,96.80106,25.876
20640,2023-05-11 00:00:00+00:00,26.976,95.11368,26.126
20641,2023-05-11 01:00:00+00:00,27.876,89.43368,25.976
20642,2023-05-11 02:00:00+00:00,29.376,79.58172,25.476
20643,2023-05-11 03:00:00+00:00,31.476,67.07663,24.626
20644,2023-05-11 04:00:00+00:00,33.726,53.989613,23.126
20645,2023-05-11 05:00:00+00:00,35.476,47.959305,22.776
20646,2023-05-11 06:00:00+00:00,36.826,43.593906,22.425999
20647,2023-05-11 07:00:00+00:00,37.776,39.908314,21.825998
20648,2023-05-11 08:00:00+00:00,38.276,34.025833,19.675999
20649,2023-05-11 09:00:00+00:00,37.926003,32.177612,18.476
20650,2023-05-11 10:00:00+00:00,37.076,35.4275,19.276
20651,2023-05-11 11:00:00+00:00,35.376,43.741234,21.175999
20652,2023-05-11 12:00:00+00:00,32.626,58.832863,23.526
20653,2023-05-11 13:00:00+00:00,30.575998,73.83838,25.376
20654,2023-05-11 14:00:00+00:00,29.425999,81.98271,26.026
20655,2023-05-11 15:00:00+00:00,29.075998,84.90288,26.276
20656,2023-05-11 16:00:00+00:00,28.726,86.386185,26.226
20657,2023-05-11 17:00:00+00:00,28.376,88.16,26.226
20658,2023-05-11 18:00:00+00:00,28.175999,89.19203,26.226
20659,2023-05-11 19:00:00+00:00,27.876,87.5976,25.626
20660,2023-05-11 20:00:00+00:00,27.675999,85.51985,25.026
20661,2023-05-11 21:00:00+00:00,27.526,85.50494,24.876
20662,2023-05-11 22:00:00+00:00,27.075998,85.460075,24.425999
20663,2023-05-11 23:00:00+00:00,26.425999,86.16872,23.925999
20664,2023-05-12 00:00:00+00:00,26.526,95.94724,25.825998
20665,2023-05-12 01:00:00+00:00,27.976,86.82996,25.575998
20666,2023-05-12 02:00:00+00:00,30.226,74.22138,25.126
20667,2023-05-12 03:00:00+00:00,33.376,55.224762,23.175999
20668,2023-05-12 04:00:00+00:00,35.676003,46.294827,22.376
20669,2023-05-12 05:00:00+00:00,37.826,38.957462,21.476
20670,2023-05-12 06:00:00+00:00,39.676003,31.652576,19.726
20671,2023-05-12 07:00:00+00:00,40.976,24.619658,16.825998
20672,2023-05-12 08:00:00+00:00,42.176003,19.687212,14.326
20673,2023-05-12 09:00:00+00:00,40.376,28.292818,18.526
20674,2023-05-12 10:00:00+00:00,37.626,47.22589,24.476
20675,2023-05-12 11:00:00+00:00,36.726,47.276443,23.675999
20676,2023-05-12 12:00:00+00:00,33.976,54.377937,23.476
20677,2023-05-12 13:00:00+00:00,32.526,61.339764,24.126
20678,2023-05-12 14:00:00+00:00,31.075998,70.07071,24.976
20679,2023-05-12 15:00:00+00:00,30.476,65.87764,23.376
20680,2023-05-12 16:00:00+00:00,29.876,69.22095,23.626
20681,2023-05-12 17:00:00+00:00,29.276,73.181435,23.976
20682,2023-05-12 18:00:00+00:00,28.925999,74.678,23.976
20683,2023-05-12 19:00:00+00:00,28.776,75.103905,23.925999
20684,2023-05-12 20:00:00+00:00,28.825998,73.32567,23.575998
20685,2023-05-12 21:00:00+00:00,29.126,67.62779,22.526
20686,2023-05-12 22:00:00+00:00,29.325998,61.185375,21.075998
20687,2023-05-12 23:00:00+00:00,29.226,58.76215,20.325998
20688,2023-05-13 00:00:00+00:00,27.626,69.85291,21.626
20689,2023-05-13 01:00:00+00:00,29.626,56.89166,20.175999
20690,2023-05-13 02:00:00+00:00,32.776,45.24615,19.376
20691,2023-05-13 03:00:00+00:00,34.476,44.862656,20.776
20692,2023-05-13 04:00:00+00:00,35.876,46.066605,22.476
20693,2023-05-13 05:00:00+00:00,37.576,40.96455,22.075998
20694,2023-05-13 06:00:00+00:00,39.026,35.407276,20.976
20695,2023-05-13 07:00:00+00:00,40.426003,28.305952,18.575998
20696,2023-05-13 08:00:00+00:00,41.376,22.688375,15.876
20697,2023-05-13 09:00:00+00:00,41.426003,20.548733,14.376
20698,2023-05-13 10:00:00+00:00,42.226,17.985603,12.976
20699,2023-05-13 11:00:00+00:00,41.876,17.96434,12.676
20700,2023-05-13 12:00:00+00:00,37.476,42.460052,22.575998
20701,2023-05-13 13:00:00+00:00,33.626,53.96508,23.026
20702,2023-05-13 14:00:00+00:00,31.276,64.27824,23.726
20703,2023-05-13 15:00:00+00:00,30.376,72.06563,24.776
20704,2023-05-13 16:00:00+00:00,29.675999,78.21701,25.476
20705,2023-05-13 17:00:00+00:00,28.726,84.11602,25.776
20706,2023-05-13 18:00:00+00:00,27.825998,88.37638,25.726
20707,2023-05-13 19:00:00+00:00,27.675999,75.84041,23.026
20708,2023-05-13 20:00:00+00:00,27.825998,65.73532,20.825998
20709,2023-05-13 21:00:00+00:00,29.776,50.42339,18.376
20710,2023-05-13 22:00:00+00:00,31.026,52.34237,20.126
20711,2023-05-13 23:00:00+00:00,30.776,57.34152,21.376
20712,2023-05-14 00:00:00+00:00,31.126,59.563892,22.325998
20713,2023-05-14 01:00:00+00:00,31.376,59.080227,22.425999
20714,2023-05-14 02:00:00+00:00,32.326,55.982742,22.425999
20715,2023-05-14 03:00:00+00:00,33.726,51.589333,22.376
20716,2023-05-14 04:00:00+00:00,35.476,46.24235,22.175999
20717,2023-05-14 05:00:00+00:00,37.276,41.009068,21.825998
20718,2023-05-14 06:00:00+00:00,38.776,36.33097,21.175999
20719,2023-05-14 07:00:00+00:00,40.276,31.422052,20.126
20720,2023-05-14 08:00:00+00:00,41.726,24.810318,17.575998
20721,2023-05-14 09:00:00+00:00,42.526,19.769997,14.676
20722,2023-05-14 10:00:00+00:00,42.526,17.936848,13.176
20723,2023-05-14 11:00:00+00:00,41.976,18.70599,13.376
20724,2023-05-14 12:00:00+00:00,39.726,26.150606,16.726
20725,2023-05-14 13:00:00+00:00,35.826,34.540024,17.776
20726,2023-05-14 14:00:00+00:00,34.776,32.760746,16.026
20727,2023-05-14 15:00:00+00:00,33.776,33.013752,15.276
20728,2023-05-14 16:00:00+00:00,33.676003,32.35597,14.876
20729,2023-05-14 17:00:00+00:00,31.276,38.3815,15.426
20730,2023-05-14 18:00:00+00:00,30.026,43.944687,16.425999
20731,2023-05-14 19:00:00+00:00,28.876,47.108654,16.476
20732,2023-05-14 20:00:00+00:00,28.325998,55.008423,18.425999
20733,2023-05-14 21:00:00+00:00,28.476,53.01215,17.976
20734,2023-05-14 22:00:00+00:00,28.776,44.4517,15.476
20735,2023-05-14 23:00:00+00:00,27.526,47.351074,15.326
20736,2023-05-15 00:00:00+00:00,31.325998,40.02458,16.126
20737,2023-05-15 01:00:00+00:00,32.026,39.709396,16.626
20738,2023-05-15 02:00:00+00:00,33.376,39.453323,17.726
20739,2023-05-15 03:00:00+00:00,35.026,39.90295,19.376
20740,2023-05-15 04:00:00+00:00,36.926003,38.239674,20.376
20741,2023-05-15 05:00:00+00:00,38.826,35.02829,20.626
20742,2023-05-15 06:00:00+00:00,40.276,31.422052,20.126
20743,2023-05-15 07:00:00+00:00,41.426003,28.21535,19.376
20744,2023-05-15 08:00:00+00:00,42.626,23.811584,17.675999
20745,2023-05-15 09:00:00+00:00,42.476,23.699093,17.476
20746,2023-05-15 10:00:00+00:00,42.276,22.839235,16.726
20747,2023-05-15 11:00:00+00:00,41.676003,22.90838,16.276
20748,2023-05-15 12:00:00+00:00,39.626,26.374691,16.776
20749,2023-05-15 13:00:00+00:00,37.676003,28.749352,16.476
20750,2023-05-15 14:00:00+00:00,36.726,28.679754,15.626
20751,2023-05-15 15:00:00+00:00,35.476,30.231627,15.376
20752,2023-05-15 16:00:00+00:00,35.026,29.629019,14.676
20753,2023-05-15 17:00:00+00:00,32.876,37.13396,16.325998
20754,2023-05-15 18:00:00+00:00,30.626,62.98663,22.776
20755,2023-05-15 19:00:00+00:00,29.776,73.047,24.425999
20756,2023-05-15 20:00:00+00:00,29.276,75.861465,24.575998
20757,2023-05-15 21:00:00+00:00,28.976,75.58791,24.226
20758,2023-05-15 22:00:00+00:00,28.675999,76.45361,24.126
20759,2023-05-15 23:00:00+00:00,28.626,73.51327,23.425999
20760,2023-05-16 00:00:00+00:00,29.575998,61.617725,21.425999
20761,2023-05-16 01:00:00+00:00,31.726,44.68402,18.226
20762,2023-05-16 02:00:00+00:00,33.976,42.566143,19.476
20763,2023-05-16 03:00:00+00:00,36.076,39.571617,20.175999
20764,2023-05-16 04:00:00+00:00,38.076,35.588303,20.226
20765,2023-05-16 05:00:00+00:00,40.126,30.234941,19.376
20766,2023-05-16 06:00:00+00:00,41.876,24.229197,17.325998
20767,2023-05-16 07:00:00+00:00,42.776,19.512297,14.676
20768,2023-05-16 08:00:00+00:00,43.326,18.534925,14.326
20769,2023-05-16 09:00:00+00:00,43.776,17.930105,14.176
20770,2023-05-16 10:00:00+00:00,42.576,18.602411,13.776
20771,2023-05-16 11:00:00+00:00,40.776,25.682974,17.325998
20772,2023-05-16 12:00:00+00:00,39.876,26.523438,17.075998
20773,2023-05-16 13:00:00+00:00,36.126,41.84148,21.126
20774,2023-05-16 14:00:00+00:00,32.976,63.67883,25.175999
20775,2023-05-16 15:00:00+00:00,31.876,67.35597,25.075998
20776,2023-05-16 16:00:00+00:00,31.476,65.29304,24.175999
20777,2023-05-16 17:00:00+00:00,31.026,67.39045,24.276
20778,2023-05-16 18:00:00+00:00,30.526,71.66283,24.825998
20779,2023-05-16 19:00:00+00:00,30.026,72.653725,24.575998
20780,2023-05-16 20:00:00+00:00,29.575998,73.672386,24.376
20781,2023-05-16 21:00:00+00:00,28.825998,75.79148,24.126
20782,2023-05-16 22:00:00+00:00,27.925999,79.62421,24.075998
20783,2023-05-16 23:00:00+00:00,27.526,80.77591,23.925999
20784,2023-05-17 00:00:00+00:00,28.276,76.85358,23.825998
20785,2023-05-17 01:00:00+00:00,29.876,71.119736,24.075998
20786,2023-05-17 02:00:00+00:00,32.176003,64.85306,24.726
20787,2023-05-17 03:00:00+00:00,35.076,52.714745,23.976
20788,2023-05-17 04:00:00+00:00,37.676003,37.973087,20.925999
20789,2023-05-17 05:00:00+00:00,39.776,29.398144,18.626
20790,2023-05-17 06:00:00+00:00,41.826,21.456982,15.376
20791,2023-05-17 07:00:00+00:00,41.876,22.23815,15.976
20792,2023-05-17 08:00:00+00:00,40.676003,30.475126,19.976
20793,2023-05-17 09:00:00+00:00,39.026,37.872887,22.075998
20794,2023-05-17 10:00:00+00:00,39.126,32.601326,19.726
20795,2023-05-17 11:00:00+00:00,37.276,41.639275,22.075998
20796,2023-05-17 12:00:00+00:00,37.126,34.568455,18.925999
20797,2023-05-17 13:00:00+00:00,34.676003,44.640537,20.876
20798,2023-05-17 14:00:00+00:00,32.476,64.14515,24.825998
20799,2023-05-17 15:00:00+00:00,31.026,80.98016,27.376
20800,2023-05-17 16:00:00+00:00,30.226,90.39029,28.476
20801,2023-05-17 17:00:00+00:00,29.825998,92.22307,28.425999
20802,2023-05-17 18:00:00+00:00,29.526,90.8722,27.876
20803,2023-05-17 19:00:00+00:00,29.126,90.31612,27.376
20804,2023-05-17 20:00:00+00:00,28.876,89.24466,26.925999
20805,2023-05-17 21:00:00+00:00,28.675999,87.92506,26.476
20806,2023-05-17 22:00:00+00:00,28.476,87.908295,26.276
20807,2023-05-17 23:00:00+00:00,28.175999,88.40465,26.075998
20808,2023-05-18 00:00:00+00:00,28.575998,83.10684,25.425999
20809,2023-05-18 01:00:00+00:00,29.675999,76.377426,25.075998
20810,2023-05-18 02:00:00+00:00,31.675999,66.91608,24.776
20811,2023-05-18 03:00:00+00:00,33.826,59.639835,24.876
20812,2023-05-18 04:00:00+00:00,36.126,50.803482,24.325998
20813,2023-05-18 05:00:00+00:00,38.226,42.40277,23.226
20814,2023-05-18 06:00:00+00:00,39.826,35.950348,21.925999
20815,2023-05-18 07:00:00+00:00,40.426003,35.136196,22.075998
20816,2023-05-18 08:00:00+00:00,39.476,41.721752,24.075998
20817,2023-05-18 09:00:00+00:00,37.626,52.715797,26.325998
20818,2023-05-18 10:00:00+00:00,36.776,54.24695,26.026
20819,2023-05-18 11:00:00+00:00,35.676003,59.352474,26.526
20820,2023-05-18 12:00:00+00:00,34.426003,65.89239,27.126
20821,2023-05-18 13:00:00+00:00,32.126,75.85271,27.325998
20822,2023-05-18 14:00:00+00:00,31.226,84.136696,28.226
20823,2023-05-18 15:00:00+00:00,31.126,80.04934,27.276
20824,2023-05-18 16:00:00+00:00,31.075998,74.80111,26.075998
20825,2023-05-18 17:00:00+00:00,30.425999,76.264885,25.776
20826,2023-05-18 18:00:00+00:00,29.726,77.99211,25.476
20827,2023-05-18 19:00:00+00:00,29.075998,80.73315,25.425999
20828,2023-05-18 20:00:00+00:00,28.575998,82.124115,25.226
20829,2023-05-18 21:00:00+00:00,28.325998,82.58494,25.075998
20830,2023-05-18 22:00:00+00:00,28.126,82.80816,24.925999
20831,2023-05-18 23:00:00+00:00,27.776,84.26437,24.876
20832,2023-05-19 00:00:00+00:00,28.325998,86.348724,25.825998
20833,2023-05-19 01:00:00+00:00,29.226,82.689926,25.976
20834,2023-05-19 02:00:00+00:00,31.075998,73.920845,25.876
20835,2023-05-19 03:00:00+00:00,33.376,64.14272,25.675999
20836,2023-05-19 04:00:00+00:00,35.876,52.75465,24.726
20837,2023-05-19 05:00:00+00:00,38.426003,39.71902,22.325998
20838,2023-05-19 06:00:00+00:00,40.326,31.048779,19.976
20839,2023-05-19 07:00:00+00:00,41.426003,25.768877,17.925999
20840,2023-05-19 08:00:00+00:00,41.126,27.701288,18.825998
20841,2023-05-19 09:00:00+00:00,39.276,39.347195,22.925999
20842,2023-05-19 10:00:00+00:00,37.726,47.535114,24.675999
20843,2023-05-19 11:00:00+00:00,36.426003,53.682125,25.526
20844,2023-05-19 12:00:00+00:00,33.776,63.847324,25.976
20845,2023-05-19 13:00:00+00:00,31.476,77.78315,27.126
20846,2023-05-19 14:00:00+00:00,30.425999,86.0401,27.825998
20847,2023-05-19 15:00:00+00:00,30.075998,85.75539,27.425999
20848,2023-05-19 16:00:00+00:00,29.776,87.75942,27.526
20849,2023-05-19 17:00:00+00:00,29.526,88.51278,27.425999
20850,2023-05-19 18:00:00+00:00,29.175999,90.58432,27.476
20851,2023-05-19 19:00:00+00:00,28.825998,90.56116,27.126
20852,2023-05-19 20:00:00+00:00,28.626,88.70186,26.575998
20853,2023-05-19 21:00:00+00:00,28.376,88.94433,26.376
20854,2023-05-19 22:00:00+00:00,28.126,89.452156,26.226
20855,2023-05-19 23:00:00+00:00,27.876,90.49788,26.175999
20856,2023-05-20 00:00:00+00:00,28.026,94.316475,27.026
20857,2023-05-20 01:00:00+00:00,28.876,88.72148,26.825998
20858,2023-05-20 02:00:00+00:00,30.776,76.997604,26.276
20859,2023-05-20 03:00:00+00:00,33.326,63.56363,25.476
20860,2023-05-20 04:00:00+00:00,35.876,51.66157,24.376
20861,2023-05-20 05:00:00+00:00,38.326,40.669067,22.626
20862,2023-05-20 06:00:00+00:00,40.076,32.055325,20.276
20863,2023-05-20 07:00:00+00:00,40.776,30.033016,19.825998
20864,2023-05-20 08:00:00+00:00,40.376,34.591,21.776
20865,2023-05-20 09:00:00+00:00,39.476,40.363873,23.526
20866,2023-05-20 10:00:00+00:00,37.926003,47.444874,24.825998
20867,2023-05-20 11:00:00+00:00,36.626,51.234093,24.925999
20868,2023-05-20 12:00:00+00:00,34.726,60.020504,25.825998
20869,2023-05-20 13:00:00+00:00,31.976,73.850716,26.726
20870,2023-05-20 14:00:00+00:00,30.876,82.39669,27.526
20871,2023-05-20 15:00:00+00:00,30.325998,86.7875,27.876
20872,2023-05-20 16:00:00+00:00,30.226,83.78353,27.175999
20873,2023-05-20 17:00:00+00:00,30.175999,81.111725,26.575998
20874,2023-05-20 18:00:00+00:00,29.925999,80.84139,26.276
20875,2023-05-20 19:00:00+00:00,29.526,83.70691,26.476
20876,2023-05-20 20:00:00+00:00,29.226,84.66809,26.376
20877,2023-05-20 21:00:00+00:00,29.075998,82.917786,25.876
20878,2023-05-20 22:00:00+00:00,28.776,82.88326,25.575998
20879,2023-05-20 23:00:00+00:00,28.425999,84.584526,25.575998
20880,2023-05-21 00:00:00+00:00,28.726,91.08772,27.126
20881,2023-05-21 01:00:00+00:00,29.575998,86.974236,27.175999
20882,2023-05-21 02:00:00+00:00,31.425999,77.54798,27.026
20883,2023-05-21 03:00:00+00:00,33.226,68.62298,26.675999
20884,2023-05-21 04:00:00+00:00,35.176003,58.715572,25.876
20885,2023-05-21 05:00:00+00:00,37.126,50.001465,24.976
20886,2023-05-21 06:00:00+00:00,38.776,41.786854,23.476
20887,2023-05-21 07:00:00+00:00,40.076,36.68084,22.476
20888,2023-05-21 08:00:00+00:00,30.726,65.532425,23.526
20889,2023-05-21 09:00:00+00:00,31.226,64.85051,23.825998
20890,2023-05-21 10:00:00+00:00,33.076,56.845016,23.376
20891,2023-05-21 11:00:00+00:00,33.276,55.535362,23.175999
20892,2023-05-21 12:00:00+00:00,33.626,64.767334,26.075998
20893,2023-05-21 13:00:00+00:00,31.876,71.26468,26.026
20894,2023-05-21 14:00:00+00:00,30.726,80.46845,26.976
20895,2023-05-21 15:00:00+00:00,30.776,78.603645,26.626
20896,2023-05-21 16:00:00+00:00,30.425999,81.14297,26.825998
20897,2023-05-21 17:00:00+00:00,30.075998,83.27646,26.925999
20898,2023-05-21 18:00:00+00:00,29.976,80.84771,26.325998
20899,2023-05-21 19:00:00+00:00,29.675999,81.04902,26.075998
20900,2023-05-21 20:00:00+00:00,29.325998,81.72831,25.876
20901,2023-05-21 21:00:00+00:00,28.876,83.387794,25.776
20902,2023-05-21 22:00:00+00:00,28.526,84.84625,25.726
20903,2023-05-21 23:00:00+00:00,28.276,86.344025,25.776
20904,2023-05-22 00:00:00+00:00,28.876,95.45793,28.075998
20905,2023-05-22 01:00:00+00:00,30.075998,88.81501,28.026
20906,2023-05-22 02:00:00+00:00,31.825998,78.97964,27.726
20907,2023-05-22 03:00:00+00:00,33.726,69.324486,27.325998
20908,2023-05-22 04:00:00+00:00,35.776,59.02621,26.526
20909,2023-05-22 05:00:00+00:00,34.826,59.335556,25.726
20910,2023-05-22 06:00:00+00:00,28.325998,78.729195,24.276
20911,2023-05-22 07:00:00+00:00,27.626,82.75006,24.425999
20912,2023-05-22 08:00:00+00:00,30.726,69.58877,24.526
20913,2023-05-22 09:00:00+00:00,32.576,62.276997,24.425999
20914,2023-05-22 10:00:00+00:00,32.876,61.785587,24.575998
20915,2023-05-22 11:00:00+00:00,31.626,68.11475,25.026
20916,2023-05-22 12:00:00+00:00,32.076,66.3992,25.026
20917,2023-05-22 13:00:00+00:00,30.425999,79.25342,26.425999
20918,2023-05-22 14:00:00+00:00,30.026,81.33245,26.476
20919,2023-05-22 15:00:00+00:00,29.925999,81.320076,26.376
20920,2023-05-22 16:00:00+00:00,29.726,83.48266,26.626
20921,2023-05-22 17:00:00+00:00,29.626,83.22583,26.476
20922,2023-05-22 18:00:00+00:00,29.575998,81.03645,25.976
20923,2023-05-22 19:00:00+00:00,29.325998,80.0492,25.526
20924,2023-05-22 20:00:00+00:00,29.075998,79.06897,25.075998
20925,2023-05-22 21:00:00+00:00,28.876,78.10294,24.675999
20926,2023-05-22 22:00:00+00:00,28.575998,78.528786,24.476
20927,2023-05-22 23:00:00+00:00,27.976,82.052,24.626
20928,2023-05-23 00:00:00+00:00,27.726,90.22049,25.976
20929,2023-05-23 01:00:00+00:00,28.825998,84.6264,25.976
20930,2023-05-23 02:00:00+00:00,30.776,74.75306,25.776
20931,2023-05-23 03:00:00+00:00,32.926003,63.85813,25.175999
20932,2023-05-23 04:00:00+00:00,35.076,52.873306,24.026
20933,2023-05-23 05:00:00+00:00,36.976,44.434883,22.876
20934,2023-05-23 06:00:00+00:00,38.576,38.215908,21.825998
20935,2023-05-23 07:00:00+00:00,39.726,34.100864,20.976
20936,2023-05-23 08:00:00+00:00,39.426003,38.211826,22.575998
20937,2023-05-23 09:00:00+00:00,37.226,50.176003,25.126
20938,2023-05-23 10:00:00+00:00,35.976,53.892284,25.175999
20939,2023-05-23 11:00:00+00:00,34.326,57.31078,24.675999
20940,2023-05-23 12:00:00+00:00,33.726,59.26205,24.675999
20941,2023-05-23 13:00:00+00:00,31.976,67.37559,25.175999
20942,2023-05-23 14:00:00+00:00,30.726,75.63612,25.925999
20943,2023-05-23 15:00:00+00:00,30.075998,81.578705,26.575998
20944,2023-05-23 16:00:00+00:00,29.825998,83.986496,26.825998
20945,2023-05-23 17:00:00+00:00,29.675999,82.98648,26.476
20946,2023-05-23 18:00:00+00:00,29.526,82.72472,26.276
20947,2023-05-23 19:00:00+00:00,29.376,81.49271,25.876
20948,2023-05-23 20:00:00+00:00,29.126,79.78513,25.276
20949,2023-05-23 21:00:00+00:00,28.776,79.02766,24.776
20950,2023-05-23 22:00:00+00:00,28.376,80.1628,24.626
20951,2023-05-23 23:00:00+00:00,27.876,82.5321,24.626
20952,2023-05-24 00:00:00+00:00,28.876,84.38156,25.976
20953,2023-05-24 01:00:00+00:00,29.575998,81.03645,25.976
20954,2023-05-24 02:00:00+00:00,31.026,73.9126,25.825998
20955,2023-05-24 03:00:00+00:00,33.276,63.364426,25.376
20956,2023-05-24 04:00:00+00:00,36.076,47.680683,23.226
20957,2023-05-24 05:00:00+00:00,38.176003,38.45959,21.575998
20958,2023-05-24 06:00:00+00:00,40.026,31.94307,20.175999
20959,2023-05-24 07:00:00+00:00,41.426003,28.65714,19.626
20960,2023-05-24 08:00:00+00:00,41.526,27.461187,19.026
20961,2023-05-24 09:00:00+00:00,39.976,33.647575,20.976
20962,2023-05-24 10:00:00+00:00,36.226,49.922752,24.126
20963,2023-05-24 11:00:00+00:00,35.526,51.57399,24.026
20964,2023-05-24 12:00:00+00:00,35.576,50.81734,23.825998
20965,2023-05-24 13:00:00+00:00,33.926003,59.484787,24.925999
20966,2023-05-24 14:00:00+00:00,32.176003,68.423325,25.626
20967,2023-05-24 15:00:00+00:00,31.226,78.66618,27.075998
20968,2023-05-24 16:00:00+00:00,31.226,77.064186,26.726
20969,2023-05-24 17:00:00+00:00,31.476,70.56226,25.476
20970,2023-05-24 18:00:00+00:00,31.575998,63.76383,23.876
20971,2023-05-24 19:00:00+00:00,31.126,61.9602,22.976
20972,2023-05-24 20:00:00+00:00,30.476,63.337326,22.726
20973,2023-05-24 21:00:00+00:00,29.925999,63.02683,22.126
20974,2023-05-24 22:00:00+00:00,29.575998,61.053944,21.276
20975,2023-05-24 23:00:00+00:00,29.376,59.526474,20.675999
20976,2023-05-25 00:00:00+00:00,29.175999,68.87952,22.876
20977,2023-05-25 01:00:00+00:00,30.626,64.72563,23.226
20978,2023-05-25 02:00:00+00:00,31.675999,63.97689,24.026
20979,2023-05-25 03:00:00+00:00,34.326,55.78744,24.226
20980,2023-05-25 04:00:00+00:00,37.176003,44.62243,23.126
20981,2023-05-25 05:00:00+00:00,38.926003,36.707165,21.476
20982,2023-05-25 06:00:00+00:00,40.376,30.02026,19.476
20983,2023-05-25 07:00:00+00:00,40.826,27.709587,18.575998
20984,2023-05-25 08:00:00+00:00,41.476,25.944265,18.075998
20985,2023-05-25 09:00:00+00:00,39.426003,30.048918,18.675999
20986,2023-05-25 10:00:00+00:00,37.026,36.98759,19.925999
20987,2023-05-25 11:00:00+00:00,36.026,42.853218,21.425999
20988,2023-05-25 12:00:00+00:00,39.326,34.414658,20.776
20989,2023-05-25 13:00:00+00:00,37.626,31.103045,17.675999
20990,2023-05-25 14:00:00+00:00,35.726,38.032135,19.226
20991,2023-05-25 15:00:00+00:00,34.526,42.188374,19.825998
20992,2023-05-25 16:00:00+00:00,33.176003,49.443645,21.175999
20993,2023-05-25 17:00:00+00:00,32.476,49.414894,20.526
20994,2023-05-25 18:00:00+00:00,31.825998,51.4238,20.575998
20995,2023-05-25 19:00:00+00:00,30.776,54.08791,20.425999
20996,2023-05-25 20:00:00+00:00,30.575998,54.879,20.476
20997,2023-05-25 21:00:00+00:00,31.175999,51.258266,19.925999
20998,2023-05-25 22:00:00+00:00,31.325998,48.811825,19.276
20999,2023-05-25 23:00:00+00:00,31.175999,49.07745,19.226
21000,2023-05-26 00:00:00+00:00,31.526,52.306927,20.575998
21001,2023-05-26 01:00:00+00:00,31.825998,54.01513,21.376
21002,2023-05-26 02:00:00+00:00,33.076,51.42521,21.726
21003,2023-05-26 03:00:00+00:00,34.676003,45.891052,21.325998
21004,2023-05-26 04:00:00+00:00,36.576,39.584763,20.626
21005,2023-05-26 05:00:00+00:00,38.126,34.62402,19.825998
21006,2023-05-26 06:00:00+00:00,39.376,31.181828,19.226
21007,2023-05-26 07:00:00+00:00,40.426003,29.662323,19.325998
21008,2023-05-26 08:00:00+00:00,41.376,28.202278,19.325998
21009,2023-05-26 09:00:00+00:00,40.826,28.499712,19.026
21010,2023-05-26 10:00:00+00:00,35.376,44.41675,21.425999
21011,2023-05-26 11:00:00+00:00,33.776,49.5981,21.776
21012,2023-05-26 12:00:00+00:00,34.626,47.448032,21.825998
21013,2023-05-26 13:00:00+00:00,33.676003,55.13072,23.425999
21014,2023-05-26 14:00:00+00:00,32.576,55.36635,22.476
21015,2023-05-26 15:00:00+00:00,31.675999,60.782967,23.175999
21016,2023-05-26 16:00:00+00:00,31.226,64.65573,23.776
21017,2023-05-26 17:00:00+00:00,30.825998,66.54667,23.876
21018,2023-05-26 18:00:00+00:00,30.425999,67.06997,23.626
21019,2023-05-26 19:00:00+00:00,29.976,68.20472,23.476
21020,2023-05-26 20:00:00+00:00,29.575998,69.7931,23.476
21021,2023-05-26 21:00:00+00:00,29.376,70.39025,23.425999
21022,2023-05-26 22:00:00+00:00,29.226,70.362724,23.276
21023,2023-05-26 23:00:00+00:00,29.126,70.13204,23.126
21024,2023-05-27 00:00:00+00:00,28.526,75.74464,23.825998
21025,2023-05-27 01:00:00+00:00,30.075998,69.050674,23.776
21026,2023-05-27 02:00:00+00:00,33.026,52.044468,21.876
21027,2023-05-27 03:00:00+00:00,35.026,44.459923,21.126
21028,2023-05-27 04:00:00+00:00,36.626,41.719616,21.526
21029,2023-05-27 05:00:00+00:00,38.126,38.21145,21.425999
21030,2023-05-27 06:00:00+00:00,39.576,32.419865,20.026
21031,2023-05-27 07:00:00+00:00,40.326,30.476673,19.675999
21032,2023-05-27 08:00:00+00:00,40.476,29.491453,19.276
21033,2023-05-27 09:00:00+00:00,40.476,28.05442,18.476
21034,2023-05-27 10:00:00+00:00,40.376,28.38151,18.575998
21035,2023-05-27 11:00:00+00:00,39.676003,28.286308,17.925999
21036,2023-05-27 12:00:00+00:00,38.326,30.515049,17.976
21037,2023-05-27 13:00:00+00:00,35.876,38.549194,19.575998
21038,2023-05-27 14:00:00+00:00,33.726,51.589333,22.376
21039,2023-05-27 15:00:00+00:00,32.526,61.155945,24.075998
21040,2023-05-27 16:00:00+00:00,31.825998,63.625523,24.075998
21041,2023-05-27 17:00:00+00:00,31.726,59.700912,22.925999
21042,2023-05-27 18:00:00+00:00,31.126,58.843098,22.126
21043,2023-05-27 19:00:00+00:00,30.276,57.575645,20.976
21044,2023-05-27 20:00:00+00:00,29.526,60.855743,21.175999
21045,2023-05-27 21:00:00+00:00,29.726,58.15805,20.626
21046,2023-05-27 22:00:00+00:00,29.276,60.240963,20.776
21047,2023-05-27 23:00:00+00:00,28.325998,66.44602,21.476
21048,2023-05-28 00:00:00+00:00,30.876,56.1475,21.126
21049,2023-05-28 01:00:00+00:00,31.425999,53.916275,20.976
21050,2023-05-28 02:00:00+00:00,33.376,48.89194,21.175999
21051,2023-05-28 03:00:00+00:00,35.376,42.02684,20.526
21052,2023-05-28 04:00:00+00:00,37.076,37.34624,20.126
21053,2023-05-28 05:00:00+00:00,38.726,32.696598,19.425999
21054,2023-05-28 06:00:00+00:00,39.926003,29.529963,18.825998
21055,2023-05-28 07:00:00+00:00,40.926003,27.390692,18.476
21056,2023-05-28 08:00:00+00:00,41.576,25.888578,18.126
21057,2023-05-28 09:00:00+00:00,41.726,25.20422,17.825998
21058,2023-05-28 10:00:00+00:00,41.126,25.772943,17.675999
21059,2023-05-28 11:00:00+00:00,40.276,27.221258,17.825998
21060,2023-05-28 12:00:00+00:00,38.476,33.659733,19.675999
21061,2023-05-28 13:00:00+00:00,34.876,49.278725,22.675999
21062,2023-05-28 14:00:00+00:00,33.576,56.281822,23.675999
21063,2023-05-28 15:00:00+00:00,33.726,48.683533,21.425999
21064,2023-05-28 16:00:00+00:00,33.576,39.757187,18.026
21065,2023-05-28 17:00:00+00:00,32.276,44.831635,18.776
21066,2023-05-28 18:00:00+00:00,31.075998,49.051388,19.126
21067,2023-05-28 19:00:00+00:00,30.126,52.931515,19.476
21068,2023-05-28 20:00:00+00:00,28.925999,61.095566,20.675999
21069,2023-05-28 21:00:00+00:00,29.675999,56.72805,20.175999
21070,2023-05-28 22:00:00+00:00,27.925999,66.161285,21.026
21071,2023-05-28 23:00:00+00:00,26.976,71.90253,21.476
21072,2023-05-29 00:00:00+00:00,28.425999,87.386116,26.126
21073,2023-05-29 01:00:00+00:00,29.476,83.948616,26.476
21074,2023-05-29 02:00:00+00:00,31.376,74.84902,26.376
21075,2023-05-29 03:00:00+00:00,34.126,58.649395,24.876
21076,2023-05-29 04:00:00+00:00,36.726,43.303017,22.226
21077,2023-05-29 05:00:00+00:00,38.626,34.866547,20.376
21078,2023-05-29 06:00:00+00:00,39.826,30.155256,19.075998
21079,2023-05-29 07:00:00+00:00,40.376,28.470446,18.626
21080,2023-05-29 08:00:00+00:00,40.076,30.790508,19.626
21081,2023-05-29 09:00:00+00:00,39.426003,35.298023,21.276
21082,2023-05-29 10:00:00+00:00,37.476,44.432533,23.325998
21083,2023-05-29 11:00:00+00:00,36.026,49.722256,23.876
21084,2023-05-29 12:00:00+00:00,35.576,55.75285,25.376
21085,2023-05-29 13:00:00+00:00,33.076,69.40748,26.726
21086,2023-05-29 14:00:00+00:00,31.276,85.12628,28.476
21087,2023-05-29 15:00:00+00:00,30.776,90.16576,28.976
21088,2023-05-29 16:00:00+00:00,30.876,87.85171,28.626
21089,2023-05-29 17:00:00+00:00,30.575998,87.063225,28.175999
21090,2023-05-29 18:00:00+00:00,30.526,81.39423,26.976
21091,2023-05-29 19:00:00+00:00,30.425999,71.21828,24.626
21092,2023-05-29 20:00:00+00:00,29.925999,70.06856,23.876
21093,2023-05-29 21:00:00+00:00,29.026,71.39648,23.325998
21094,2023-05-29 22:00:00+00:00,28.675999,72.63961,23.276
21095,2023-05-29 23:00:00+00:00,28.276,75.93392,23.626
21096,2023-05-30 00:00:00+00:00,29.976,81.56644,26.476
21097,2023-05-30 01:00:00+00:00,30.575998,78.34431,26.376
21098,2023-05-30 02:00:00+00:00,31.925999,72.548096,26.376
21099,2023-05-30 03:00:00+00:00,33.576,64.94885,26.075998
21100,2023-05-30 04:00:00+00:00,35.426003,55.386303,25.126
21101,2023-05-30 05:00:00+00:00,37.176003,44.62243,23.126
21102,2023-05-30 06:00:00+00:00,38.976,36.273586,21.325998
21103,2023-05-30 07:00:00+00:00,39.876,33.828068,20.976
21104,2023-05-30 08:00:00+00:00,29.726,73.03851,24.376
21105,2023-05-30 09:00:00+00:00,29.726,73.25754,24.425999
21106,2023-05-30 10:00:00+00:00,31.476,67.07663,24.626
21107,2023-05-30 11:00:00+00:00,32.526,63.773777,24.776
21108,2023-05-30 12:00:00+00:00,27.126,85.97796,24.575998
21109,2023-05-30 13:00:00+00:00,27.425999,84.226814,24.526
21110,2023-05-30 14:00:00+00:00,27.226,87.280846,24.925999
21111,2023-05-30 15:00:00+00:00,27.075998,88.843445,25.075998
21112,2023-05-30 16:00:00+00:00,26.976,89.10086,25.026
21113,2023-05-30 17:00:00+00:00,26.925999,88.83174,24.925999
21114,2023-05-30 18:00:00+00:00,26.526,90.94806,24.925999
21115,2023-05-30 19:00:00+00:00,26.526,89.600494,24.675999
21116,2023-05-30 20:00:00+00:00,26.075998,92.01322,24.675999
21117,2023-05-30 21:00:00+00:00,25.675999,94.50132,24.726
21118,2023-05-30 22:00:00+00:00,25.376,95.9131,24.675999
21119,2023-05-30 23:00:00+00:00,25.425999,94.491356,24.476
21120,2023-05-31 00:00:00+00:00,26.075998,90.64735,24.425999
21121,2023-05-31 01:00:00+00:00,27.075998,85.460075,24.425999
21122,2023-05-31 02:00:00+00:00,28.925999,76.49166,24.376
21123,2023-05-31 03:00:00+00:00,31.175999,66.41726,24.175999
21124,2023-05-31 04:00:00+00:00,33.326,56.904175,23.626
21125,2023-05-31 05:00:00+00:00,35.026,49.616875,22.925999
21126,2023-05-31 06:00:00+00:00,36.376,45.22794,22.626
21127,2023-05-31 07:00:00+00:00,37.576,41.846554,22.425999
21128,2023-05-31 08:00:00+00:00,38.226,40.27346,22.376
21129,2023-05-31 09:00:00+00:00,37.326,43.462494,22.825998
21130,2023-05-31 10:00:00+00:00,34.776,56.397972,24.825998
21131,2023-05-31 11:00:00+00:00,33.476,60.63803,24.825998
21132,2023-05-31 12:00:00+00:00,32.726,62.683224,24.675999
21133,2023-05-31 13:00:00+00:00,31.425999,69.09887,25.075998
21134,2023-05-31 14:00:00+00:00,30.276,75.79071,25.526
21135,2023-05-31 15:00:00+00:00,29.876,82.27891,26.526
21136,2023-05-31 16:00:00+00:00,29.526,84.94895,26.726
21137,2023-05-31 17:00:00+00:00,29.175999,86.428154,26.675999
21138,2023-05-31 18:00:00+00:00,28.976,86.15505,26.425999
21139,2023-05-31 19:00:00+00:00,28.675999,84.36036,25.776
21140,2023-05-31 20:00:00+00:00,28.476,81.138985,24.925999
21141,2023-05-31 21:00:00+00:00,28.376,79.44669,24.476
21142,2023-05-31 22:00:00+00:00,28.175999,79.657875,24.325998
21143,2023-05-31 23:00:00+00:00,27.925999,80.34409,24.226
21144,2023-06-01 00:00:00+00:00,28.726,79.96992,24.925999
21145,2023-06-01 01:00:00+00:00,29.626,77.05534,25.175999
21146,2023-06-01 02:00:00+00:00,31.425999,70.13498,25.325998
21147,2023-06-01 03:00:00+00:00,33.676003,59.605846,24.726
21148,2023-06-01 04:00:00+00:00,35.776,49.509163,23.575998
21149,2023-06-01 05:00:00+00:00,37.676003,40.866722,22.126
21150,2023-06-01 06:00:00+00:00,39.176003,35.885227,21.325998
21151,2023-06-01 07:00:00+00:00,40.376,32.036568,20.526
21152,2023-06-01 08:00:00+00:00,41.226,29.597765,19.976
21153,2023-06-01 09:00:00+00:00,37.726,37.870033,20.925999
21154,2023-06-01 10:00:00+00:00,38.526,34.839558,20.276
21155,2023-06-01 11:00:00+00:00,38.526,33.987865,19.876
21156,2023-06-01 12:00:00+00:00,37.526,39.476913,21.425999
21157,2023-06-01 13:00:00+00:00,34.226,56.26746,24.276
21158,2023-06-01 14:00:00+00:00,32.376,71.77498,26.626
21159,2023-06-01 15:00:00+00:00,31.376,79.84803,27.476
21160,2023-06-01 16:00:00+00:00,30.575998,82.361496,27.226
21161,2023-06-01 17:00:00+00:00,30.075998,85.50464,27.376
21162,2023-06-01 18:00:00+00:00,29.976,86.50229,27.476
21163,2023-06-01 19:00:00+00:00,29.825998,80.3522,26.075998
21164,2023-06-01 20:00:00+00:00,30.425999,64.099106,22.876
21165,2023-06-01 21:00:00+00:00,29.776,60.53995,21.325998
21166,2023-06-01 22:00:00+00:00,29.925999,57.84792,20.726
21167,2023-06-01 23:00:00+00:00,30.075998,57.175163,20.675999
21168,2023-06-02 00:00:00+00:00,30.476,57.79997,21.226
21169,2023-06-02 01:00:00+00:00,31.376,56.095978,21.575998
21170,2023-06-02 02:00:00+00:00,32.826,52.31286,21.776
21171,2023-06-02 03:00:00+00:00,34.326,48.393898,21.876
21172,2023-06-02 04:00:00+00:00,36.126,44.6157,22.175999
21173,2023-06-02 05:00:00+00:00,37.826,40.04377,21.925999
21174,2023-06-02 06:00:00+00:00,39.426003,35.298023,21.276
21175,2023-06-02 07:00:00+00:00,40.526,31.198282,20.226
21176,2023-06-02 08:00:00+00:00,41.026,28.463417,19.175999
21177,2023-06-02 09:00:00+00:00,41.176003,27.541758,18.776
21178,2023-06-02 10:00:00+00:00,38.126,33.669865,19.376
21179,2023-06-02 11:00:00+00:00,36.976,35.070896,19.026
21180,2023-06-02 12:00:00+00:00,36.626,37.9229,19.976
21181,2023-06-02 13:00:00+00:00,33.526,49.231476,21.425999
21182,2023-06-02 14:00:00+00:00,32.076,55.413834,22.026
21183,2023-06-02 15:00:00+00:00,31.825998,53.356796,21.175999
21184,2023-06-02 16:00:00+00:00,30.925999,56.505093,21.276
21185,2023-06-02 17:00:00+00:00,30.526,57.811756,21.276
21186,2023-06-02 18:00:00+00:00,30.376,62.36152,22.376
21187,2023-06-02 19:00:00+00:00,29.726,70.666626,23.825998
21188,2023-06-02 20:00:00+00:00,29.476,70.19666,23.476
21189,2023-06-02 21:00:00+00:00,29.226,69.938866,23.175999
21190,2023-06-02 22:00:00+00:00,28.876,70.51146,22.976
21191,2023-06-02 23:00:00+00:00,28.925999,69.46087,22.776
21192,2023-06-03 00:00:00+00:00,33.976,48.748264,21.675999
21193,2023-06-03 01:00:00+00:00,33.176003,53.203976,22.376
21194,2023-06-03 02:00:00+00:00,33.676003,53.16649,22.825998
21195,2023-06-03 03:00:00+00:00,35.376,49.25779,23.126
21196,2023-06-03 04:00:00+00:00,37.126,43.673542,22.726
21197,2023-06-03 05:00:00+00:00,38.826,37.819065,21.876
21198,2023-06-03 06:00:00+00:00,37.476,39.463444,21.376
21199,2023-06-03 07:00:00+00:00,39.076,33.199635,19.976
21200,2023-06-03 08:00:00+00:00,40.076,30.504927,19.476
21201,2023-06-03 09:00:00+00:00,40.026,33.35207,20.876
21202,2023-06-03 10:00:00+00:00,40.126,32.068684,20.325998
21203,2023-06-03 11:00:00+00:00,40.576,24.596048,16.476
21204,2023-06-03 12:00:00+00:00,38.376,48.84925,25.726
21205,2023-06-03 13:00:00+00:00,35.726,43.70058,21.476
21206,2023-06-03 14:00:00+00:00,35.426003,38.30725,19.075998
21207,2023-06-03 15:00:00+00:00,32.726,45.656765,19.476
21208,2023-06-03 16:00:00+00:00,31.675999,52.34474,20.726
21209,2023-06-03 17:00:00+00:00,31.425999,52.120705,20.425999
21210,2023-06-03 18:00:00+00:00,31.925999,49.88598,20.175999
21211,2023-06-03 19:00:00+00:00,29.425999,60.646694,21.026
21212,2023-06-03 20:00:00+00:00,29.976,56.276543,20.325998
21213,2023-06-03 21:00:00+00:00,29.675999,57.256298,20.325998
21214,2023-06-03 22:00:00+00:00,29.276,59.320286,20.526
21215,2023-06-03 23:00:00+00:00,29.325998,57.70599,20.126
21216,2023-06-04 00:00:00+00:00,30.575998,54.70996,20.425999
21217,2023-06-04 01:00:00+00:00,31.325998,50.196156,19.726
21218,2023-06-04 02:00:00+00:00,33.026,46.16373,19.925999
21219,2023-06-04 03:00:00+00:00,34.076,49.675137,22.075998
21220,2023-06-04 04:00:00+00:00,35.826,46.475056,22.575998
21221,2023-06-04 05:00:00+00:00,37.276,41.134438,21.876
21222,2023-06-04 06:00:00+00:00,36.776,42.531837,21.976
21223,2023-06-04 07:00:00+00:00,37.226,40.870617,21.726
21224,2023-06-04 08:00:00+00:00,37.526,39.719345,21.526
21225,2023-06-04 09:00:00+00:00,37.326,40.15431,21.526
21226,2023-06-04 10:00:00+00:00,36.426003,42.050552,21.476
21227,2023-06-04 11:00:00+00:00,37.026,37.680584,20.226
21228,2023-06-04 12:00:00+00:00,36.326,39.884556,20.526
21229,2023-06-04 13:00:00+00:00,34.976,41.78965,20.075998
21230,2023-06-04 14:00:00+00:00,33.126,47.492638,20.476
21231,2023-06-04 15:00:00+00:00,31.825998,54.01513,21.376
21232,2023-06-04 16:00:00+00:00,31.425999,55.086926,21.325998
21233,2023-06-04 17:00:00+00:00,30.925999,56.85248,21.376
21234,2023-06-04 18:00:00+00:00,30.376,57.953957,21.175999
21235,2023-06-04 19:00:00+00:00,31.026,54.31674,20.726
21236,2023-06-04 20:00:00+00:00,31.026,52.993378,20.325998
21237,2023-06-04 21:00:00+00:00,31.075998,52.032177,20.075998
21238,2023-06-04 22:00:00+00:00,30.825998,53.43644,20.276
21239,2023-06-04 23:00:00+00:00,30.626,55.91496,20.825998
21240,2023-06-05 00:00:00+00:00,29.126,63.23949,21.425999
21241,2023-06-05 01:00:00+00:00,30.626,59.630997,21.876
21242,2023-06-05 02:00:00+00:00,32.526,55.860947,22.575998
21243,2023-06-05 03:00:00+00:00,34.526,47.85835,21.876
21244,2023-06-05 04:00:00+00:00,36.076,42.474525,21.325998
21245,2023-06-05 05:00:00+00:00,37.626,38.076447,20.925999
21246,2023-06-05 06:00:00+00:00,38.576,35.177235,20.476
21247,2023-06-05 07:00:00+00:00,39.576,32.319668,19.976
21248,2023-06-05 08:00:00+00:00,40.476,30.706202,19.925999
21249,2023-06-05 09:00:00+00:00,41.026,29.180529,19.575998
21250,2023-06-05 10:00:00+00:00,40.576,28.881336,19.026
21251,2023-06-05 11:00:00+00:00,38.926003,30.867939,18.675999
21252,2023-06-05 12:00:00+00:00,38.326,30.998026,18.226
21253,2023-06-05 13:00:00+00:00,35.676003,37.19742,18.825998
21254,2023-06-05 14:00:00+00:00,32.376,57.370247,22.876
21255,2023-06-05 15:00:00+00:00,32.426003,51.103218,21.026
21256,2023-06-05 16:00:00+00:00,31.575998,54.119183,21.175999
21257,2023-06-05 17:00:00+00:00,30.925999,56.159565,21.175999
21258,2023-06-05 18:00:00+00:00,30.575998,57.11853,21.126
21259,2023-06-05 19:00:00+00:00,30.126,59.516285,21.376
21260,2023-06-05 20:00:00+00:00,29.876,60.934486,21.526
21261,2023-06-05 21:00:00+00:00,29.825998,61.297245,21.575998
21262,2023-06-05 22:00:00+00:00,29.526,62.748108,21.675999
21263,2023-06-05 23:00:00+00:00,29.325998,63.476437,21.675999
21264,2023-06-06 00:00:00+00:00,31.226,57.44802,21.825998
21265,2023-06-06 01:00:00+00:00,31.726,59.340347,22.825998
21266,2023-06-06 02:00:00+00:00,33.376,53.90366,22.776
21267,2023-06-06 03:00:00+00:00,34.626,46.728577,21.575998
21268,2023-06-06 04:00:00+00:00,36.076,43.26184,21.626
21269,2023-06-06 05:00:00+00:00,37.626,39.6249,21.575998
21270,2023-06-06 06:00:00+00:00,39.176003,34.586643,20.726
21271,2023-06-06 07:00:00+00:00,40.176003,30.62645,19.626
21272,2023-06-06 08:00:00+00:00,40.826,29.21857,19.425999
21273,2023-06-06 09:00:00+00:00,41.126,28.136868,19.075998
21274,2023-06-06 10:00:00+00:00,40.426003,28.751896,18.825998
21275,2023-06-06 11:00:00+00:00,38.726,32.292187,19.226
21276,2023-06-06 12:00:00+00:00,38.926003,31.648643,19.075998
21277,2023-06-06 13:00:00+00:00,37.626,37.49517,20.675999
21278,2023-06-06 14:00:00+00:00,35.176003,41.074306,19.976
21279,2023-06-06 15:00:00+00:00,33.926003,49.788258,21.976
21280,2023-06-06 16:00:00+00:00,32.776,57.46436,23.276
21281,2023-06-06 17:00:00+00:00,32.576,58.998955,23.526
21282,2023-06-06 18:00:00+00:00,31.976,63.466743,24.175999
21283,2023-06-06 19:00:00+00:00,32.676003,55.89702,22.726
21284,2023-06-06 20:00:00+00:00,32.226,53.94869,21.726
21285,2023-06-06 21:00:00+00:00,31.175999,55.195065,21.126
21286,2023-06-06 22:00:00+00:00,30.175999,57.72918,20.925999
21287,2023-06-06 23:00:00+00:00,29.575998,62.567516,21.675999
21288,2023-06-07 00:00:00+00:00,31.575998,54.285446,21.226
21289,2023-06-07 01:00:00+00:00,32.326,55.81283,22.376
21290,2023-06-07 02:00:00+00:00,32.826,56.785763,23.126
21291,2023-06-07 03:00:00+00:00,34.426003,50.679573,22.726
21292,2023-06-07 04:00:00+00:00,35.826,45.082798,22.075998
21293,2023-06-07 05:00:00+00:00,37.226,40.250423,21.476
21294,2023-06-07 06:00:00+00:00,37.726,37.753788,20.876
21295,2023-06-07 07:00:00+00:00,38.676003,34.772564,20.376
21296,2023-06-07 08:00:00+00:00,39.376,33.383213,20.325998
21297,2023-06-07 09:00:00+00:00,39.026,34.439903,20.526
21298,2023-06-07 10:00:00+00:00,34.676003,47.89737,22.026
21299,2023-06-07 11:00:00+00:00,36.476,42.192837,21.575998
21300,2023-06-07 12:00:00+00:00,38.376,32.399693,18.976
21301,2023-06-07 13:00:00+00:00,34.976,46.25204,21.726
21302,2023-06-07 14:00:00+00:00,33.476,50.592064,21.825998
21303,2023-06-07 15:00:00+00:00,33.326,57.075787,23.675999
21304,2023-06-07 16:00:00+00:00,31.526,63.56173,23.776
21305,2023-06-07 17:00:00+00:00,30.976,56.171593,21.226
21306,2023-06-07 18:00:00+00:00,30.175999,58.983116,21.276
21307,2023-06-07 19:00:00+00:00,30.175999,58.442818,21.126
21308,2023-06-07 20:00:00+00:00,29.126,65.801346,22.075998
21309,2023-06-07 21:00:00+00:00,30.026,58.767643,21.075998
21310,2023-06-07 22:00:00+00:00,31.575998,50.105133,19.925999
21311,2023-06-07 23:00:00+00:00,31.175999,51.896774,20.126
21312,2023-06-08 00:00:00+00:00,29.675999,64.92041,22.376
21313,2023-06-08 01:00:00+00:00,31.376,57.658993,22.026
21314,2023-06-08 02:00:00+00:00,32.326,54.802788,22.075998
21315,2023-06-08 03:00:00+00:00,32.526,54.02262,22.026
21316,2023-06-08 04:00:00+00:00,34.376,48.406845,21.925999
21317,2023-06-08 05:00:00+00:00,35.226,45.477013,21.675999
21318,2023-06-08 06:00:00+00:00,37.426003,39.208813,21.226
21319,2023-06-08 07:00:00+00:00,38.526,36.15219,20.876
21320,2023-06-08 08:00:00+00:00,39.626,33.450375,20.575998
21321,2023-06-08 09:00:00+00:00,40.526,29.966822,19.575998
21322,2023-06-08 10:00:00+00:00,40.476,30.140203,19.626
21323,2023-06-08 11:00:00+00:00,39.576,31.527792,19.575998
21324,2023-06-08 12:00:00+00:00,37.676003,36.821465,20.425999
21325,2023-06-08 13:00:00+00:00,36.576,43.13143,22.026
21326,2023-06-08 14:00:00+00:00,33.476,52.95594,22.575998
21327,2023-06-08 15:00:00+00:00,32.726,56.078716,22.825998
21328,2023-06-08 16:00:00+00:00,32.376,62.607685,24.325998
21329,2023-06-08 17:00:00+00:00,32.376,59.30983,23.425999
21330,2023-06-08 18:00:00+00:00,32.476,53.192257,21.726
21331,2023-06-08 19:00:00+00:00,31.976,51.62055,20.776
21332,2023-06-08 20:00:00+00:00,31.376,51.46816,20.175999
21333,2023-06-08 21:00:00+00:00,31.376,49.89849,19.675999
21334,2023-06-08 22:00:00+00:00,31.476,49.003048,19.476
21335,2023-06-08 23:00:00+00:00,31.626,49.04209,19.626
21336,2023-06-09 00:00:00+00:00,31.675999,49.821445,19.925999
21337,2023-06-09 01:00:00+00:00,32.476,56.01875,22.575998
21338,2023-06-09 02:00:00+00:00,33.226,53.216377,22.425999
21339,2023-06-09 03:00:00+00:00,34.476,48.877453,22.175999
21340,2023-06-09 04:00:00+00:00,35.926003,44.562717,21.976
21341,2023-06-09 05:00:00+00:00,37.526,40.331123,21.776
21342,2023-06-09 06:00:00+00:00,38.976,36.608425,21.476
21343,2023-06-09 07:00:00+00:00,40.126,33.17431,20.876
21344,2023-06-09 08:00:00+00:00,40.876,30.812452,20.325998
21345,2023-06-09 09:00:00+00:00,41.326,28.63092,19.526
21346,2023-06-09 10:00:00+00:00,41.676003,28.018423,19.476
21347,2023-06-09 11:00:00+00:00,41.376,27.16637,18.726
21348,2023-06-09 12:00:00+00:00,36.126,43.143078,21.626
21349,2023-06-09 13:00:00+00:00,34.476,45.838234,21.126
21350,2023-06-09 14:00:00+00:00,34.776,42.25576,20.075998
21351,2023-06-09 15:00:00+00:00,33.426003,51.670845,22.126
21352,2023-06-09 16:00:00+00:00,32.576,50.053333,20.825998
21353,2023-06-09 17:00:00+00:00,32.376,51.56336,21.126
21354,2023-06-09 18:00:00+00:00,31.726,54.99159,21.575998
21355,2023-06-09 19:00:00+00:00,31.325998,56.4281,21.626
21356,2023-06-09 20:00:00+00:00,31.276,55.90049,21.425999
21357,2023-06-09 21:00:00+00:00,32.026,49.45111,20.126
21358,2023-06-09 22:00:00+00:00,31.575998,49.487747,19.726
21359,2023-06-09 23:00:00+00:00,31.876,48.052094,19.526
21360,2023-06-10 00:00:00+00:00,32.176003,49.796513,20.376
21361,2023-06-10 01:00:00+00:00,31.876,51.595184,20.675999
21362,2023-06-10 02:00:00+00:00,32.526,51.443348,21.226
21363,2023-06-10 03:00:00+00:00,33.626,49.559544,21.626
21364,2023-06-10 04:00:00+00:00,35.176003,46.163525,21.876
21365,2023-06-10 05:00:00+00:00,36.726,42.388947,21.876
21366,2023-06-10 06:00:00+00:00,38.226,37.7729,21.325998
21367,2023-06-10 07:00:00+00:00,39.526,33.423515,20.476
21368,2023-06-10 08:00:00+00:00,40.326,30.38223,19.626
21369,2023-06-10 09:00:00+00:00,40.776,29.114668,19.325998
21370,2023-06-10 10:00:00+00:00,41.126,27.961922,18.976
21371,2023-06-10 11:00:00+00:00,40.076,28.930092,18.626
21372,2023-06-10 12:00:00+00:00,38.826,41.548843,23.425999
21373,2023-06-10 13:00:00+00:00,35.176003,40.56838,19.776
21374,2023-06-10 14:00:00+00:00,33.526,46.011112,20.325998
21375,2023-06-10 15:00:00+00:00,32.176003,49.033157,20.126
21376,2023-06-10 16:00:00+00:00,31.825998,50.6367,20.325998
21377,2023-06-10 17:00:00+00:00,31.376,52.754906,20.575998
21378,2023-06-10 18:00:00+00:00,30.726,55.255054,20.726
21379,2023-06-10 19:00:00+00:00,30.476,56.397003,20.825998
21380,2023-06-10 20:00:00+00:00,30.325998,56.88376,20.825998
21381,2023-06-10 21:00:00+00:00,30.126,57.717365,20.876
21382,2023-06-10 22:00:00+00:00,30.226,57.563797,20.925999
21383,2023-06-10 23:00:00+00:00,30.776,55.437557,20.825998
21384,2023-06-11 00:00:00+00:00,31.575998,55.63174,21.626
21385,2023-06-11 01:00:00+00:00,31.876,54.19313,21.476
21386,2023-06-11 02:00:00+00:00,32.726,51.968987,21.575998
21387,2023-06-11 03:00:00+00:00,33.826,49.008347,21.626
21388,2023-06-11 04:00:00+00:00,34.876,46.651463,21.776
21389,2023-06-11 05:00:00+00:00,36.226,43.038044,21.675999
21390,2023-06-11 06:00:00+00:00,37.626,39.6249,21.575998
21391,2023-06-11 07:00:00+00:00,38.976,35.83132,21.126
21392,2023-06-11 08:00:00+00:00,39.626,33.760918,20.726
21393,2023-06-11 09:00:00+00:00,40.026,31.94307,20.175999
21394,2023-06-11 10:00:00+00:00,40.076,30.9822,19.726
21395,2023-06-11 11:00:00+00:00,39.576,31.527792,19.575998
21396,2023-06-11 12:00:00+00:00,38.976,33.07008,19.825998
21397,2023-06-11 13:00:00+00:00,34.326,49.287178,22.175999
21398,2023-06-11 14:00:00+00:00,32.026,56.081116,22.175999
21399,2023-06-11 15:00:00+00:00,31.075998,57.94112,21.825998
21400,2023-06-11 16:00:00+00:00,30.276,62.15022,22.226
21401,2023-06-11 17:00:00+00:00,29.925999,64.38334,22.476
21402,2023-06-11 18:00:00+00:00,30.075998,61.917217,21.976
21403,2023-06-11 19:00:00+00:00,29.726,62.409393,21.776
21404,2023-06-11 20:00:00+00:00,29.526,62.55658,21.626
21405,2023-06-11 21:00:00+00:00,29.276,63.27189,21.575998
21406,2023-06-11 22:00:00+00:00,29.376,62.142025,21.376
21407,2023-06-11 23:00:00+00:00,29.925999,58.205044,20.825998
21408,2023-06-12 00:00:00+00:00,31.026,58.462288,21.925999
21409,2023-06-12 01:00:00+00:00,31.476,57.50705,22.075998
21410,2023-06-12 02:00:00+00:00,32.576,53.379814,21.876
21411,2023-06-12 03:00:00+00:00,33.876,49.32172,21.776
21412,2023-06-12 04:00:00+00:00,35.426003,44.29422,21.425999
21413,2023-06-12 05:00:00+00:00,36.976,39.937283,21.126
21414,2023-06-12 06:00:00+00:00,38.376,36.00065,20.675999
21415,2023-06-12 07:00:00+00:00,39.526,32.506927,20.026
21416,2023-06-12 08:00:00+00:00,40.326,30.194107,19.526
21417,2023-06-12 09:00:00+00:00,40.576,29.794441,19.526
21418,2023-06-12 10:00:00+00:00,41.126,28.936073,19.526
21419,2023-06-12 11:00:00+00:00,37.826,36.18591,20.276
21420,2023-06-12 12:00:00+00:00,35.626,50.37332,23.726
21421,2023-06-12 13:00:00+00:00,33.176003,60.2096,24.425999
21422,2023-06-12 14:00:00+00:00,32.926003,67.56101,26.126
21423,2023-06-12 15:00:00+00:00,33.176003,48.69025,20.925999
21424,2023-06-12 16:00:00+00:00,32.626,50.374924,20.976
21425,2023-06-12 17:00:00+00:00,32.126,51.184105,20.776
21426,2023-06-12 18:00:00+00:00,31.675999,51.22734,20.376
21427,2023-06-12 19:00:00+00:00,31.175999,52.70471,20.376
21428,2023-06-12 20:00:00+00:00,30.776,52.93069,20.075998
21429,2023-06-12 21:00:00+00:00,31.476,48.850952,19.425999
21430,2023-06-12 22:00:00+00:00,32.126,45.924706,19.026
21431,2023-06-12 23:00:00+00:00,31.825998,48.188496,19.526
21432,2023-06-13 00:00:00+00:00,31.825998,54.180817,21.425999
21433,2023-06-13 01:00:00+00:00,32.126,53.75935,21.575998
21434,2023-06-13 02:00:00+00:00,32.976,51.242935,21.575998
21435,2023-06-13 03:00:00+00:00,34.126,48.342014,21.675999
21436,2023-06-13 04:00:00+00:00,35.626,43.540302,21.325998
21437,2023-06-13 05:00:00+00:00,37.326,37.87843,20.575998
21438,2023-06-13 06:00:00+00:00,38.726,33.936626,20.026
21439,2023-06-13 07:00:00+00:00,39.826,30.915585,19.476
21440,2023-06-13 08:00:00+00:00,40.476,29.12627,19.075998
21441,2023-06-13 09:00:00+00:00,40.876,28.335548,18.976
21442,2023-06-13 10:00:00+00:00,40.226,29.425365,19.026
21443,2023-06-13 11:00:00+00:00,38.626,33.07852,19.526
21444,2023-06-13 12:00:00+00:00,38.126,33.56529,19.325998
21445,2023-06-13 13:00:00+00:00,35.426003,42.561375,20.776
21446,2023-06-13 14:00:00+00:00,34.526,43.379787,20.276
21447,2023-06-13 15:00:00+00:00,33.926003,45.69271,20.575998
21448,2023-06-13 16:00:00+00:00,33.026,47.907734,20.526
21449,2023-06-13 17:00:00+00:00,32.426003,50.478725,20.825998
21450,2023-06-13 18:00:00+00:00,31.825998,52.543774,20.925999
21451,2023-06-13 19:00:00+00:00,30.675999,57.317814,21.276
21452,2023-06-13 20:00:00+00:00,30.575998,57.11853,21.126
21453,2023-06-13 21:00:00+00:00,31.675999,48.299152,19.425999
21454,2023-06-13 22:00:00+00:00,32.026,45.470104,18.776
21455,2023-06-13 23:00:00+00:00,31.976,46.751404,19.175999
21456,2023-06-14 00:00:00+00:00,32.426003,48.64524,20.226
21457,2023-06-14 01:00:00+00:00,32.226,49.809402,20.425999
21458,2023-06-14 02:00:00+00:00,32.976,47.16103,20.226
21459,2023-06-14 03:00:00+00:00,33.976,45.006638,20.376
21460,2023-06-14 04:00:00+00:00,35.276,41.999924,20.425999
21461,2023-06-14 05:00:00+00:00,36.976,37.43478,20.075998
21462,2023-06-14 06:00:00+00:00,38.376,33.52845,19.526
21463,2023-06-14 07:00:00+00:00,39.526,29.888077,18.675999
21464,2023-06-14 08:00:00+00:00,40.326,27.234303,17.876
21465,2023-06-14 09:00:00+00:00,40.526,25.699905,17.126
21466,2023-06-14 10:00:00+00:00,40.826,24.117104,16.376
21467,2023-06-14 11:00:00+00:00,40.426003,24.092644,16.026
21468,2023-06-14 12:00:00+00:00,38.126,29.329533,17.175999
21469,2023-06-14 13:00:00+00:00,36.126,33.974545,17.776
21470,2023-06-14 14:00:00+00:00,35.526,33.918278,17.226
21471,2023-06-14 15:00:00+00:00,34.826,35.035667,17.126
21472,2023-06-14 16:00:00+00:00,34.376,35.809303,17.075998
21473,2023-06-14 17:00:00+00:00,33.326,38.70019,17.376
21474,2023-06-14 18:00:00+00:00,31.825998,43.739017,17.976
21475,2023-06-14 19:00:00+00:00,30.675999,48.79418,18.675999
21476,2023-06-14 20:00:00+00:00,30.075998,53.248894,19.526
21477,2023-06-14 21:00:00+00:00,29.526,52.45162,18.776
21478,2023-06-14 22:00:00+00:00,30.726,44.696182,17.325998
21479,2023-06-14 23:00:00+00:00,31.776,45.83143,18.675999
21480,2023-06-15 00:00:00+00:00,31.976,47.190094,19.325998
21481,2023-06-15 01:00:00+00:00,32.076,50.389034,20.476
21482,2023-06-15 02:00:00+00:00,33.026,49.253403,20.976
21483,2023-06-15 03:00:00+00:00,34.026,47.146362,21.175999
21484,2023-06-15 04:00:00+00:00,35.376,43.20732,20.976
21485,2023-06-15 05:00:00+00:00,36.776,39.274452,20.675999
21486,2023-06-15 06:00:00+00:00,38.176003,34.85277,19.976
21487,2023-06-15 07:00:00+00:00,39.426003,30.712997,19.026
21488,2023-06-15 08:00:00+00:00,40.226,27.988878,18.226
21489,2023-06-15 09:00:00+00:00,40.576,26.453981,17.626
21490,2023-06-15 10:00:00+00:00,40.776,25.440557,17.175999
21491,2023-06-15 11:00:00+00:00,41.026,24.946493,17.075998
21492,2023-06-15 12:00:00+00:00,39.326,29.278938,18.175999
21493,2023-06-15 13:00:00+00:00,36.626,42.751904,21.925999
21494,2023-06-15 14:00:00+00:00,34.476,49.17591,22.276
21495,2023-06-15 15:00:00+00:00,33.376,53.0921,22.526
21496,2023-06-15 16:00:00+00:00,32.926003,55.78788,22.925999
21497,2023-06-15 17:00:00+00:00,32.226,59.096745,23.226
21498,2023-06-15 18:00:00+00:00,31.376,63.338696,23.575998
21499,2023-06-15 19:00:00+00:00,30.126,69.47661,23.925999
21500,2023-06-15 20:00:00+00:00,29.726,71.09279,23.925999
21501,2023-06-15 21:00:00+00:00,28.825998,75.564354,24.075998
21502,2023-06-15 22:00:00+00:00,28.925999,70.307556,22.976
21503,2023-06-15 23:00:00+00:00,30.126,55.27902,20.175999
21504,2023-06-16 00:00:00+00:00,31.776,51.252796,20.476
21505,2023-06-16 01:00:00+00:00,32.126,53.43136,21.476
21506,2023-06-16 02:00:00+00:00,33.326,50.09216,21.526
21507,2023-06-16 03:00:00+00:00,34.776,44.80457,21.026
21508,2023-06-16 04:00:00+00:00,36.376,39.408855,20.376
21509,2023-06-16 05:00:00+00:00,37.876,34.879684,19.726
21510,2023-06-16 06:00:00+00:00,39.226,30.659637,18.825998
21511,2023-06-16 07:00:00+00:00,40.126,27.70032,17.976
21512,2023-06-16 08:00:00+00:00,40.676003,25.738504,17.276
21513,2023-06-16 09:00:00+00:00,40.976,24.619658,16.825998
21514,2023-06-16 10:00:00+00:00,41.076,23.497704,16.175999
21515,2023-06-16 11:00:00+00:00,41.076,23.273949,16.026
21516,2023-06-16 12:00:00+00:00,40.026,25.980179,16.876
21517,2023-06-16 13:00:00+00:00,38.026,29.395798,17.126
21518,2023-06-16 14:00:00+00:00,35.426003,38.06907,18.976
21519,2023-06-16 15:00:00+00:00,34.326,38.608704,18.226
21520,2023-06-16 16:00:00+00:00,32.576,59.355564,23.626
21521,2023-06-16 17:00:00+00:00,31.726,59.881916,22.976
21522,2023-06-16 18:00:00+00:00,31.075998,62.89331,23.175999
21523,2023-06-16 19:00:00+00:00,30.325998,65.25268,23.075998
21524,2023-06-16 20:00:00+00:00,31.026,58.10653,21.825998
21525,2023-06-16 21:00:00+00:00,33.276,38.4427,17.226
21526,2023-06-16 22:00:00+00:00,32.976,43.0971,18.776
21527,2023-06-16 23:00:00+00:00,32.376,46.422447,19.425999
21528,2023-06-17 00:00:00+00:00,32.676003,47.66853,20.126
21529,2023-06-17 01:00:00+00:00,32.476,49.414894,20.526
21530,2023-06-17 02:00:00+00:00,33.226,47.665524,20.626
21531,2023-06-17 03:00:00+00:00,34.576,44.34008,20.675999
21532,2023-06-17 04:00:00+00:00,36.276,39.503597,20.325998
21533,2023-06-17 05:00:00+00:00,37.826,35.630783,20.026
21534,2023-06-17 06:00:00+00:00,38.976,32.359344,19.476
21535,2023-06-17 07:00:00+00:00,40.126,29.398914,18.925999
21536,2023-06-17 08:00:00+00:00,40.726,27.424442,18.325998
21537,2023-06-17 09:00:00+00:00,40.726,27.338581,18.276
21538,2023-06-17 10:00:00+00:00,40.126,27.353912,17.776
21539,2023-06-17 11:00:00+00:00,38.526,31.051601,18.425999
21540,2023-06-17 12:00:00+00:00,34.026,46.857845,21.075998
21541,2023-06-17 13:00:00+00:00,33.076,49.722137,21.175999
21542,2023-06-17 14:00:00+00:00,32.876,49.82346,21.026
21543,2023-06-17 15:00:00+00:00,32.076,52.768135,21.226
21544,2023-06-17 16:00:00+00:00,31.376,53.738407,20.876
21545,2023-06-17 17:00:00+00:00,31.376,53.573376,20.825998
21546,2023-06-17 18:00:00+00:00,30.925999,55.13408,20.876
21547,2023-06-17 19:00:00+00:00,30.575998,56.24787,20.876
21548,2023-06-17 20:00:00+00:00,29.776,59.253418,20.976
21549,2023-06-17 21:00:00+00:00,26.376,86.16392,23.876
21550,2023-06-17 22:00:00+00:00,26.726,83.89856,23.776
21551,2023-06-17 23:00:00+00:00,26.425999,80.87866,22.876
21552,2023-06-18 00:00:00+00:00,30.175999,65.61767,23.026
21553,2023-06-18 01:00:00+00:00,32.026,54.230057,21.626
21554,2023-06-18 02:00:00+00:00,33.426003,49.356667,21.376
21555,2023-06-18 03:00:00+00:00,34.076,47.449524,21.325998
21556,2023-06-18 04:00:00+00:00,33.976,47.568993,21.276
21557,2023-06-18 05:00:00+00:00,34.026,47.72807,21.376
21558,2023-06-18 06:00:00+00:00,35.576,43.794575,21.376
21559,2023-06-18 07:00:00+00:00,36.026,41.430866,20.876
21560,2023-06-18 08:00:00+00:00,36.026,41.05021,20.726
21561,2023-06-18 09:00:00+00:00,37.176003,38.544018,20.726
21562,2023-06-18 10:00:00+00:00,36.476,42.58157,21.726
21563,2023-06-18 11:00:00+00:00,35.976,42.317715,21.175999
21564,2023-06-18 12:00:00+00:00,34.826,48.523327,22.376
21565,2023-06-18 13:00:00+00:00,34.476,49.02648,22.226
21566,2023-06-18 14:00:00+00:00,34.076,47.887524,21.476
21567,2023-06-18 15:00:00+00:00,33.326,50.09216,21.526
21568,2023-06-18 16:00:00+00:00,32.676003,51.48136,21.376
21569,2023-06-18 17:00:00+00:00,32.226,51.68388,21.026
21570,2023-06-18 18:00:00+00:00,31.276,54.54567,21.026
21571,2023-06-18 19:00:00+00:00,31.876,49.259468,19.925999
21572,2023-06-18 20:00:00+00:00,29.425999,61.584373,21.276
21573,2023-06-18 21:00:00+00:00,28.276,71.91361,22.726
21574,2023-06-18 22:00:00+00:00,28.476,70.86686,22.675999
21575,2023-06-18 23:00:00+00:00,27.876,72.942696,22.575998
21576,2023-06-19 00:00:00+00:00,27.726,79.11987,23.776
21577,2023-06-19 01:00:00+00:00,28.175999,81.83141,24.776
21578,2023-06-19 02:00:00+00:00,27.026,92.06716,25.626
21579,2023-06-19 03:00:00+00:00,27.026,93.441986,25.876
21580,2023-06-19 04:00:00+00:00,27.175999,90.98966,25.575998
21581,2023-06-19 05:00:00+00:00,30.876,72.58311,25.376
21582,2023-06-19 06:00:00+00:00,33.026,61.63399,24.675999
21583,2023-06-19 07:00:00+00:00,34.526,55.3357,24.276
21584,2023-06-19 08:00:00+00:00,35.876,48.793903,23.425999
21585,2023-06-19 09:00:00+00:00,36.176003,47.56275,23.276
21586,2023-06-19 10:00:00+00:00,35.426003,50.020042,23.425999
21587,2023-06-19 11:00:00+00:00,35.076,50.385735,23.226
21588,2023-06-19 12:00:00+00:00,34.576,54.523994,24.075998
21589,2023-06-19 13:00:00+00:00,33.676003,57.8484,24.226
21590,2023-06-19 14:00:00+00:00,31.626,64.73899,24.175999
21591,2023-06-19 15:00:00+00:00,30.626,67.3117,23.876
21592,2023-06-19 16:00:00+00:00,29.925999,70.702995,24.026
21593,2023-06-19 17:00:00+00:00,29.276,77.46418,24.925999
21594,2023-06-19 18:00:00+00:00,28.276,85.32565,25.575998
21595,2023-06-19 19:00:00+00:00,27.325998,85.997284,24.776
21596,2023-06-19 20:00:00+00:00,27.626,82.25586,24.325998
21597,2023-06-19 21:00:00+00:00,27.575998,78.38729,23.476
21598,2023-06-19 22:00:00+00:00,27.526,79.09227,23.575998
21599,2023-06-19 23:00:00+00:00,27.325998,81.23757,23.825998
21600,2023-06-20 00:00:00+00:00,26.626,90.954475,25.026
21601,2023-06-20 01:00:00+00:00,26.675999,93.70328,25.575998
21602,2023-06-20 02:00:00+00:00,27.325998,94.00985,26.276
21603,2023-06-20 03:00:00+00:00,29.675999,82.98648,26.476
21604,2023-06-20 04:00:00+00:00,32.276,65.65238,25.026
21605,2023-06-20 05:00:00+00:00,34.726,55.716125,24.575998
21606,2023-06-20 06:00:00+00:00,35.876,50.43664,23.976
21607,2023-06-20 07:00:00+00:00,37.126,44.474503,23.026
21608,2023-06-20 08:00:00+00:00,35.276,51.822094,23.876
21609,2023-06-20 09:00:00+00:00,35.126,49.943634,23.126
21610,2023-06-20 10:00:00+00:00,36.326,46.18458,22.925999
21611,2023-06-20 11:00:00+00:00,35.826,47.185196,22.825998
21612,2023-06-20 12:00:00+00:00,35.626,48.14367,22.976
21613,2023-06-20 13:00:00+00:00,32.076,58.70597,22.976
21614,2023-06-20 14:00:00+00:00,31.476,60.371468,22.876
21615,2023-06-20 15:00:00+00:00,31.276,64.66616,23.825998
21616,2023-06-20 16:00:00+00:00,31.626,60.771763,23.126
21617,2023-06-20 17:00:00+00:00,31.976,59.218197,23.026
21618,2023-06-20 18:00:00+00:00,30.376,65.85726,23.276
21619,2023-06-20 19:00:00+00:00,26.575998,90.14089,24.825998
21620,2023-06-20 20:00:00+00:00,26.726,91.50413,25.226
21621,2023-06-20 21:00:00+00:00,27.026,89.10467,25.075998
21622,2023-06-20 22:00:00+00:00,26.675999,91.50111,25.175999
21623,2023-06-20 23:00:00+00:00,26.626,89.07404,24.675999
21624,2023-06-21 00:00:00+00:00,27.825998,87.333664,25.526
21625,2023-06-21 01:00:00+00:00,28.126,86.58643,25.675999
21626,2023-06-21 02:00:00+00:00,29.425999,80.53871,25.726
21627,2023-06-21 03:00:00+00:00,30.726,73.4256,25.425999
21628,2023-06-21 04:00:00+00:00,32.476,64.721825,24.976
21629,2023-06-21 05:00:00+00:00,34.326,57.139748,24.626
21630,2023-06-21 06:00:00+00:00,35.626,49.920296,23.575998
21631,2023-06-21 07:00:00+00:00,36.876,43.08008,22.276
21632,2023-06-21 08:00:00+00:00,37.576,40.71556,21.976
21633,2023-06-21 09:00:00+00:00,36.926003,41.545494,21.726
21634,2023-06-21 10:00:00+00:00,36.976,40.183094,21.226
21635,2023-06-21 11:00:00+00:00,36.526,41.948822,21.526
21636,2023-06-21 12:00:00+00:00,33.026,54.640793,22.675999
21637,2023-06-21 13:00:00+00:00,32.076,59.780582,23.276
21638,2023-06-21 14:00:00+00:00,31.026,62.31444,22.976
21639,2023-06-21 15:00:00+00:00,30.626,65.90818,23.526
21640,2023-06-21 16:00:00+00:00,30.126,70.951645,24.276
21641,2023-06-21 17:00:00+00:00,29.876,77.32182,25.476
21642,2023-06-21 18:00:00+00:00,29.376,75.65055,24.626
21643,2023-06-21 19:00:00+00:00,28.626,76.2168,24.026
21644,2023-06-21 20:00:00+00:00,28.325998,75.71335,23.626
21645,2023-06-21 21:00:00+00:00,28.226,75.92615,23.575998
21646,2023-06-21 22:00:00+00:00,28.425999,72.15827,22.925999
21647,2023-06-21 23:00:00+00:00,28.425999,70.42887,22.526
21648,2023-06-22 00:00:00+00:00,27.776,77.710205,23.526
21649,2023-06-22 01:00:00+00:00,28.575998,74.62126,23.626
21650,2023-06-22 02:00:00+00:00,29.476,73.65567,24.276
21651,2023-06-22 03:00:00+00:00,30.825998,67.75653,24.175999
21652,2023-06-22 04:00:00+00:00,32.176003,62.37694,24.075998
21653,2023-06-22 05:00:00+00:00,32.826,60.674477,24.226
21654,2023-06-22 06:00:00+00:00,33.576,57.998844,24.175999
21655,2023-06-22 07:00:00+00:00,34.876,52.66515,23.776
21656,2023-06-22 08:00:00+00:00,35.726,47.58987,22.876
21657,2023-06-22 09:00:00+00:00,35.676003,46.294827,22.376
21658,2023-06-22 10:00:00+00:00,35.026,45.842976,21.626
21659,2023-06-22 11:00:00+00:00,34.826,46.78104,21.776
21660,2023-06-22 12:00:00+00:00,33.576,52.820293,22.626
21661,2023-06-22 13:00:00+00:00,31.575998,61.68549,23.325998
21662,2023-06-22 14:00:00+00:00,30.776,66.137474,23.726
21663,2023-06-22 15:00:00+00:00,30.226,69.49534,24.026
21664,2023-06-22 16:00:00+00:00,29.575998,71.49457,23.876
21665,2023-06-22 17:00:00+00:00,29.325998,72.0982,23.776
21666,2023-06-22 18:00:00+00:00,28.876,75.11986,24.026
21667,2023-06-22 19:00:00+00:00,28.226,79.90352,24.425999
21668,2023-06-22 20:00:00+00:00,28.476,77.812004,24.226
21669,2023-06-22 21:00:00+00:00,28.925999,70.734276,23.075998
21670,2023-06-22 22:00:00+00:00,28.925999,66.16277,21.976
21671,2023-06-22 23:00:00+00:00,28.325998,68.50747,21.976
21672,2023-06-23 00:00:00+00:00,27.325998,83.2128,24.226
21673,2023-06-23 01:00:00+00:00,27.726,79.8368,23.925999
21674,2023-06-23 02:00:00+00:00,28.425999,77.80475,24.175999
21675,2023-06-23 03:00:00+00:00,30.226,69.286934,23.976
21676,2023-06-23 04:00:00+00:00,32.126,60.70038,23.575998
21677,2023-06-23 05:00:00+00:00,33.176003,56.01694,23.226
21678,2023-06-23 06:00:00+00:00,34.426003,49.916267,22.476
21679,2023-06-23 07:00:00+00:00,35.176003,47.158985,22.226
21680,2023-06-23 08:00:00+00:00,35.876,44.822014,22.026
21681,2023-06-23 09:00:00+00:00,36.326,43.328503,21.876
21682,2023-06-23 10:00:00+00:00,36.076,44.331474,22.026
21683,2023-06-23 11:00:00+00:00,34.876,47.22444,21.976
21684,2023-06-23 12:00:00+00:00,32.426003,59.500374,23.526
21685,2023-06-23 13:00:00+00:00,31.425999,64.11665,23.825998
21686,2023-06-23 14:00:00+00:00,30.276,72.04816,24.675999
21687,2023-06-23 15:00:00+00:00,29.876,74.16408,24.776
21688,2023-06-23 16:00:00+00:00,29.425999,76.567505,24.876
21689,2023-06-23 17:00:00+00:00,29.425999,74.535286,24.425999
21690,2023-06-23 18:00:00+00:00,28.876,74.66988,23.925999
21691,2023-06-23 19:00:00+00:00,27.476,81.01262,23.925999
21692,2023-06-23 20:00:00+00:00,27.425999,83.97517,24.476
21693,2023-06-23 21:00:00+00:00,27.126,85.97796,24.575998
21694,2023-06-23 22:00:00+00:00,27.626,80.30481,23.925999
21695,2023-06-23 23:00:00+00:00,28.126,72.32472,22.675999
21696,2023-06-24 00:00:00+00:00,27.526,85.7604,24.925999
21697,2023-06-24 01:00:00+00:00,28.376,82.5908,25.126
21698,2023-06-24 02:00:00+00:00,28.575998,84.34973,25.675999
21699,2023-06-24 03:00:00+00:00,30.126,75.99295,25.425999
21700,2023-06-24 04:00:00+00:00,31.376,65.468666,24.126
21701,2023-06-24 05:00:00+00:00,31.526,62.04794,23.376
21702,2023-06-24 06:00:00+00:00,33.076,54.65301,22.726
21703,2023-06-24 07:00:00+00:00,34.226,51.71515,22.876
21704,2023-06-24 08:00:00+00:00,34.676003,49.828762,22.675999
21705,2023-06-24 09:00:00+00:00,35.026,49.16798,22.776
21706,2023-06-24 10:00:00+00:00,33.276,55.033867,23.026
21707,2023-06-24 11:00:00+00:00,33.926003,52.111885,22.726
21708,2023-06-24 12:00:00+00:00,33.726,52.53798,22.675999
21709,2023-06-24 13:00:00+00:00,30.726,67.53394,24.026
21710,2023-06-24 14:00:00+00:00,29.476,73.87672,24.325998
21711,2023-06-24 15:00:00+00:00,28.476,74.830185,23.575998
21712,2023-06-24 16:00:00+00:00,27.776,78.41569,23.675999
21713,2023-06-24 17:00:00+00:00,28.026,72.52706,22.626
21714,2023-06-24 18:00:00+00:00,27.876,73.83317,22.776
21715,2023-06-24 19:00:00+00:00,27.425999,76.26204,22.876
21716,2023-06-24 20:00:00+00:00,27.675999,75.3827,22.925999
21717,2023-06-24 21:00:00+00:00,27.876,73.609665,22.726
21718,2023-06-24 22:00:00+00:00,28.175999,70.38284,22.276
21719,2023-06-24 23:00:00+00:00,28.175999,70.168976,22.226
21720,2023-06-25 00:00:00+00:00,28.325998,72.35963,22.876
21721,2023-06-25 01:00:00+00:00,28.825998,68.188156,22.376
21722,2023-06-25 02:00:00+00:00,29.776,64.35171,22.325998
21723,2023-06-25 03:00:00+00:00,30.876,58.964813,21.925999
21724,2023-06-25 04:00:00+00:00,31.575998,57.007217,22.026
21725,2023-06-25 05:00:00+00:00,32.776,53.755882,22.175999
21726,2023-06-25 06:00:00+00:00,34.076,50.43707,22.325998
21727,2023-06-25 07:00:00+00:00,34.976,46.963356,21.976
21728,2023-06-25 08:00:00+00:00,35.026,46.833416,21.976
21729,2023-06-25 09:00:00+00:00,35.276,46.330864,22.026
21730,2023-06-25 10:00:00+00:00,35.626,44.89267,21.825998
21731,2023-06-25 11:00:00+00:00,35.176003,45.4638,21.626
21732,2023-06-25 12:00:00+00:00,33.676003,58.721367,24.476
21733,2023-06-25 13:00:00+00:00,32.176003,56.631218,22.476
21734,2023-06-25 14:00:00+00:00,30.376,65.06595,23.075998
21735,2023-06-25 15:00:00+00:00,29.325998,74.96676,24.425999
21736,2023-06-25 16:00:00+00:00,29.726,66.124344,22.726
21737,2023-06-25 17:00:00+00:00,28.226,70.82138,22.425999
21738,2023-06-25 18:00:00+00:00,27.675999,74.0241,22.626
21739,2023-06-25 19:00:00+00:00,27.626,75.14674,22.825998
21740,2023-06-25 20:00:00+00:00,27.626,75.83257,22.976
21741,2023-06-25 21:00:00+00:00,27.575998,76.28515,23.026
21742,2023-06-25 22:00:00+00:00,27.425999,76.95778,23.026
21743,2023-06-25 23:00:00+00:00,27.376,77.18347,23.026
21744,2023-06-26 00:00:00+00:00,27.825998,77.71751,23.575998
21745,2023-06-26 01:00:00+00:00,28.526,73.49646,23.325998
21746,2023-06-26 02:00:00+00:00,29.325998,66.64797,22.476
21747,2023-06-26 03:00:00+00:00,30.075998,63.059254,22.276
21748,2023-06-26 04:00:00+00:00,30.675999,61.673584,22.476
21749,2023-06-26 05:00:00+00:00,30.776,63.018997,22.925999
21750,2023-06-26 06:00:00+00:00,32.626,56.22495,22.776
21751,2023-06-26 07:00:00+00:00,33.626,52.993202,22.726
21752,2023-06-26 08:00:00+00:00,34.476,49.17591,22.276
21753,2023-06-26 09:00:00+00:00,34.376,49.000713,22.126
21754,2023-06-26 10:00:00+00:00,34.626,48.030582,22.026
21755,2023-06-26 11:00:00+00:00,34.876,47.080624,21.925999
21756,2023-06-26 12:00:00+00:00,33.676003,50.797585,22.075998
21757,2023-06-26 13:00:00+00:00,32.376,54.98217,22.175999
21758,2023-06-26 14:00:00+00:00,30.776,65.740425,23.626
21759,2023-06-26 15:00:00+00:00,30.675999,62.049316,22.575998
21760,2023-06-26 16:00:00+00:00,29.925999,64.77558,22.575998
21761,2023-06-26 17:00:00+00:00,29.526,64.69185,22.175999
21762,2023-06-26 18:00:00+00:00,29.026,67.6081,22.425999
21763,2023-06-26 19:00:00+00:00,28.925999,67.38312,22.276
21764,2023-06-26 20:00:00+00:00,28.425999,70.42887,22.526
21765,2023-06-26 21:00:00+00:00,27.876,73.83317,22.776
21766,2023-06-26 22:00:00+00:00,27.575998,75.138756,22.776
21767,2023-06-26 23:00:00+00:00,27.626,72.45748,22.226
21768,2023-06-27 00:00:00+00:00,29.925999,57.139412,20.526
21769,2023-06-27 01:00:00+00:00,30.075998,57.175163,20.675999
21770,2023-06-27 02:00:00+00:00,30.476,56.744915,20.925999
21771,2023-06-27 03:00:00+00:00,31.325998,54.057446,20.925999
21772,2023-06-27 04:00:00+00:00,32.426003,51.734467,21.226
21773,2023-06-27 05:00:00+00:00,33.076,50.33563,21.376
21774,2023-06-27 06:00:00+00:00,34.076,47.015045,21.175999
21775,2023-06-27 07:00:00+00:00,34.976,43.366573,20.675999
21776,2023-06-27 08:00:00+00:00,35.426003,41.52482,20.376
21777,2023-06-27 09:00:00+00:00,35.676003,40.452843,20.175999
21778,2023-06-27 10:00:00+00:00,35.876,39.639942,20.026
21779,2023-06-27 11:00:00+00:00,36.026,38.70981,19.776
21780,2023-06-27 12:00:00+00:00,35.126,39.930103,19.476
21781,2023-06-27 13:00:00+00:00,33.026,47.907734,20.526
21782,2023-06-27 14:00:00+00:00,31.226,52.71726,20.425999
21783,2023-06-27 15:00:00+00:00,30.325998,60.849567,21.925999
21784,2023-06-27 16:00:00+00:00,30.526,60.156437,21.925999
21785,2023-06-27 17:00:00+00:00,30.175999,60.815845,21.776
21786,2023-06-27 18:00:00+00:00,29.526,63.519375,21.876
21787,2023-06-27 19:00:00+00:00,29.276,65.43241,22.126
21788,2023-06-27 20:00:00+00:00,29.425999,62.15305,21.425999
21789,2023-06-27 21:00:00+00:00,29.476,59.00198,20.626
21790,2023-06-27 22:00:00+00:00,28.925999,62.809677,21.126
21791,2023-06-27 23:00:00+00:00,28.825998,64.15064,21.376
21792,2023-06-28 00:00:00+00:00,30.476,59.05256,21.575998
21793,2023-06-28 01:00:00+00:00,30.376,60.306213,21.825998
21794,2023-06-28 02:00:00+00:00,31.075998,57.94112,21.825998
21795,2023-06-28 03:00:00+00:00,32.026,55.4017,21.976
21796,2023-06-28 04:00:00+00:00,33.276,51.475773,21.925999
21797,2023-06-28 05:00:00+00:00,34.576,47.580063,21.825998
21798,2023-06-28 06:00:00+00:00,35.676003,44.36065,21.675999
21799,2023-06-28 07:00:00+00:00,36.626,41.085587,21.276
21800,2023-06-28 08:00:00+00:00,37.526,39.356194,21.376
21801,2023-06-28 09:00:00+00:00,37.876,37.91056,21.075998
21802,2023-06-28 10:00:00+00:00,38.076,36.590233,20.675999
21803,2023-06-28 11:00:00+00:00,37.026,38.031334,20.376
21804,2023-06-28 12:00:00+00:00,33.426003,54.079536,22.876
21805,2023-06-28 13:00:00+00:00,30.425999,74.03354,25.276
21806,2023-06-28 14:00:00+00:00,29.925999,74.39399,24.876
21807,2023-06-28 15:00:00+00:00,30.026,77.114655,25.575998
21808,2023-06-28 16:00:00+00:00,29.776,79.39983,25.825998
21809,2023-06-28 17:00:00+00:00,30.126,75.76743,25.376
21810,2023-06-28 18:00:00+00:00,29.976,71.78035,24.325998
21811,2023-06-28 19:00:00+00:00,29.276,73.40156,24.026
21812,2023-06-28 20:00:00+00:00,28.825998,72.22826,23.325998
21813,2023-06-28 21:00:00+00:00,28.476,70.011536,22.476
21814,2023-06-28 22:00:00+00:00,28.126,69.946365,22.126
21815,2023-06-28 23:00:00+00:00,27.575998,72.66967,22.226
21816,2023-06-29 00:00:00+00:00,29.075998,70.12281,23.075998
21817,2023-06-29 01:00:00+00:00,30.175999,61.001823,21.825998
21818,2023-06-29 02:00:00+00:00,31.175999,57.086315,21.675999
21819,2023-06-29 03:00:00+00:00,32.376,53.330166,21.675999
21820,2023-06-29 04:00:00+00:00,33.726,49.585255,21.726
21821,2023-06-29 05:00:00+00:00,35.026,45.702995,21.575998
21822,2023-06-29 06:00:00+00:00,36.276,42.268497,21.425999
21823,2023-06-29 07:00:00+00:00,37.226,40.4975,21.575998
21824,2023-06-29 08:00:00+00:00,37.776,38.35168,21.175999
21825,2023-06-29 09:00:00+00:00,38.176003,36.617256,20.776
21826,2023-06-29 10:00:00+00:00,38.226,36.51823,20.776
21827,2023-06-29 11:00:00+00:00,38.126,35.93308,20.425999
21828,2023-06-29 12:00:00+00:00,28.976,79.765114,25.126
21829,2023-06-29 13:00:00+00:00,30.376,71.63635,24.675999
21830,2023-06-29 14:00:00+00:00,30.575998,67.707726,23.925999
21831,2023-06-29 15:00:00+00:00,30.325998,71.84194,24.675999
21832,2023-06-29 16:00:00+00:00,30.376,63.31586,22.626
21833,2023-06-29 17:00:00+00:00,30.325998,62.16122,22.276
21834,2023-06-29 18:00:00+00:00,30.876,57.014957,21.376
21835,2023-06-29 19:00:00+00:00,29.825998,62.431293,21.876
21836,2023-06-29 20:00:00+00:00,29.126,65.801346,22.075998
21837,2023-06-29 21:00:00+00:00,29.226,65.222984,22.026
21838,2023-06-29 22:00:00+00:00,29.575998,63.143524,21.825998
21839,2023-06-29 23:00:00+00:00,29.325998,62.321682,21.376
21840,2023-06-30 00:00:00+00:00,28.575998,66.49666,21.726
21841,2023-06-30 01:00:00+00:00,28.876,66.35467,21.976
21842,2023-06-30 02:00:00+00:00,29.876,62.824223,22.026
21843,2023-06-30 03:00:00+00:00,30.976,58.45063,21.876
21844,2023-06-30 04:00:00+00:00,32.276,53.796436,21.726
21845,2023-06-30 05:00:00+00:00,33.676003,49.42109,21.626
21846,2023-06-30 06:00:00+00:00,35.026,44.87095,21.276
21847,2023-06-30 07:00:00+00:00,36.126,41.203686,20.876
21848,2023-06-30 08:00:00+00:00,36.876,38.820316,20.575998
21849,2023-06-30 09:00:00+00:00,37.026,38.266747,20.476
21850,2023-06-30 10:00:00+00:00,36.576,38.979095,20.376
21851,2023-06-30 11:00:00+00:00,37.176003,37.488983,20.276
21852,2023-06-30 12:00:00+00:00,36.676003,36.323624,19.325998
21853,2023-06-30 13:00:00+00:00,35.126,39.06966,19.126
21854,2023-06-30 14:00:00+00:00,31.825998,52.867676,21.026
21855,2023-06-30 15:00:00+00:00,30.376,74.2459,25.276
21856,2023-06-30 16:00:00+00:00,29.425999,80.30023,25.675999
21857,2023-06-30 17:00:00+00:00,29.726,71.09279,23.925999
21858,2023-06-30 18:00:00+00:00,29.976,64.78601,22.626
21859,2023-06-30 19:00:00+00:00,30.376,59.02943,21.476
21860,2023-06-30 20:00:00+00:00,30.726,55.767437,20.876
21861,2023-06-30 21:00:00+00:00,30.376,58.310524,21.276
21862,2023-06-30 22:00:00+00:00,30.226,58.994686,21.325998
21863,2023-06-30 23:00:00+00:00,29.776,60.1699,21.226
21864,2023-07-01 00:00:00+00:00,29.825998,64.36226,22.376
21865,2023-07-01 01:00:00+00:00,30.675999,60.55831,22.175999
21866,2023-07-01 02:00:00+00:00,31.425999,58.555344,22.325998
21867,2023-07-01 03:00:00+00:00,32.626,55.210484,22.476
21868,2023-07-01 04:00:00+00:00,33.676003,52.36633,22.575998
21869,2023-07-01 05:00:00+00:00,35.176003,47.302723,22.276
21870,2023-07-01 06:00:00+00:00,35.826,45.082798,22.075998
21871,2023-07-01 07:00:00+00:00,36.176003,44.223038,22.075998
21872,2023-07-01 08:00:00+00:00,36.476,42.84246,21.825998
21873,2023-07-01 09:00:00+00:00,36.876,41.786648,21.776
21874,2023-07-01 10:00:00+00:00,36.276,42.789032,21.626
21875,2023-07-01 11:00:00+00:00,36.276,42.920036,21.675999
21876,2023-07-01 12:00:00+00:00,35.376,66.85658,28.276
21877,2023-07-01 13:00:00+00:00,34.176003,56.255573,24.226
21878,2023-07-01 14:00:00+00:00,30.726,61.124866,22.376
21879,2023-07-01 15:00:00+00:00,29.425999,66.668076,22.575998
21880,2023-07-01 16:00:00+00:00,29.376,67.26773,22.675999
21881,2023-07-01 17:00:00+00:00,28.825998,70.07651,22.825998
21882,2023-07-01 18:00:00+00:00,29.425999,64.86823,22.126
21883,2023-07-01 19:00:00+00:00,29.876,60.377373,21.376
21884,2023-07-01 20:00:00+00:00,30.026,58.948322,21.126
21885,2023-07-01 21:00:00+00:00,29.876,60.192654,21.325998
21886,2023-07-01 22:00:00+00:00,29.026,66.79057,22.226
21887,2023-07-01 23:00:00+00:00,27.476,75.12271,22.675999
21888,2023-07-02 00:00:00+00:00,26.675999,86.71103,24.276
21889,2023-07-02 01:00:00+00:00,28.026,77.51304,23.726
21890,2023-07-02 02:00:00+00:00,29.476,74.09837,24.376
21891,2023-07-02 03:00:00+00:00,31.876,63.06554,23.976
21892,2023-07-02 04:00:00+00:00,33.376,54.39579,22.925999
21893,2023-07-02 05:00:00+00:00,34.676003,49.828762,22.675999
21894,2023-07-02 06:00:00+00:00,35.476,47.380886,22.575998
21895,2023-07-02 07:00:00+00:00,35.876,46.206745,22.526
21896,2023-07-02 08:00:00+00:00,35.126,48.60079,22.675999
21897,2023-07-02 09:00:00+00:00,35.126,49.64245,23.026
21898,2023-07-02 10:00:00+00:00,36.026,45.826878,22.526
21899,2023-07-02 11:00:00+00:00,36.076,45.562447,22.476
21900,2023-07-02 12:00:00+00:00,30.526,69.135765,24.226
21901,2023-07-02 13:00:00+00:00,30.675999,65.918365,23.575998
21902,2023-07-02 14:00:00+00:00,30.026,65.19062,22.776
21903,2023-07-02 15:00:00+00:00,30.026,62.665653,22.126
21904,2023-07-02 16:00:00+00:00,29.626,63.540825,21.976
21905,2023-07-02 17:00:00+00:00,29.376,65.05567,22.126
21906,2023-07-02 18:00:00+00:00,29.226,65.821846,22.175999
21907,2023-07-02 19:00:00+00:00,29.026,67.4029,22.376
21908,2023-07-02 20:00:00+00:00,28.726,69.63421,22.626
21909,2023-07-02 21:00:00+00:00,28.425999,71.50544,22.776
21910,2023-07-02 22:00:00+00:00,28.425999,72.15827,22.925999
21911,2023-07-02 23:00:00+00:00,28.626,70.465614,22.726
21912,2023-07-03 00:00:00+00:00,28.126,78.7012,24.075998
21913,2023-07-03 01:00:00+00:00,28.026,78.923874,24.026
21914,2023-07-03 02:00:00+00:00,27.825998,82.279755,24.526
21915,2023-07-03 03:00:00+00:00,29.876,70.27028,23.876
21916,2023-07-03 04:00:00+00:00,30.976,62.68181,23.026
21917,2023-07-03 05:00:00+00:00,32.076,58.70597,22.976
21918,2023-07-03 06:00:00+00:00,33.976,51.028618,22.425999
21919,2023-07-03 07:00:00+00:00,34.276,49.87789,22.325998
21920,2023-07-03 08:00:00+00:00,35.176003,47.015636,22.175999
21921,2023-07-03 09:00:00+00:00,35.476,45.96149,22.075998
21922,2023-07-03 10:00:00+00:00,35.776,46.321045,22.476
21923,2023-07-03 11:00:00+00:00,34.226,51.558712,22.825998
21924,2023-07-03 12:00:00+00:00,33.626,53.315437,22.825998
21925,2023-07-03 13:00:00+00:00,31.976,63.466743,24.175999
21926,2023-07-03 14:00:00+00:00,30.776,64.36712,23.276
21927,2023-07-03 15:00:00+00:00,31.026,60.08687,22.376
21928,2023-07-03 16:00:00+00:00,30.276,63.679836,22.626
21929,2023-07-03 17:00:00+00:00,26.175999,91.19783,24.626
21930,2023-07-03 18:00:00+00:00,26.476,93.6942,25.376
21931,2023-07-03 19:00:00+00:00,26.126,88.50286,24.075998
21932,2023-07-03 20:00:00+00:00,25.976,89.291695,24.075998
21933,2023-07-03 21:00:00+00:00,26.075998,89.299255,24.175999
21934,2023-07-03 22:00:00+00:00,26.075998,88.764946,24.075998
21935,2023-07-03 23:00:00+00:00,25.876,89.01629,23.925999
21936,2023-07-04 00:00:00+00:00,26.575998,86.70181,24.175999
21937,2023-07-04 01:00:00+00:00,26.376,87.73043,24.175999
21938,2023-07-04 02:00:00+00:00,26.925999,81.43243,23.476
21939,2023-07-04 03:00:00+00:00,27.376,79.31037,23.476
21940,2023-07-04 04:00:00+00:00,28.175999,77.0701,23.776
21941,2023-07-04 05:00:00+00:00,28.976,72.47259,23.526
21942,2023-07-04 06:00:00+00:00,29.825998,68.79555,23.476
21943,2023-07-04 07:00:00+00:00,30.876,64.19407,23.325998
21944,2023-07-04 08:00:00+00:00,30.575998,64.91105,23.226
21945,2023-07-04 09:00:00+00:00,30.726,64.551285,23.276
21946,2023-07-04 10:00:00+00:00,31.175999,63.295895,23.376
21947,2023-07-04 11:00:00+00:00,32.176003,60.346817,23.526
21948,2023-07-04 12:00:00+00:00,32.976,59.4468,24.026
21949,2023-07-04 13:00:00+00:00,25.976,86.125565,23.476
21950,2023-07-04 14:00:00+00:00,26.126,88.76888,24.126
21951,2023-07-04 15:00:00+00:00,26.876,88.5631,24.825998
21952,2023-07-04 16:00:00+00:00,26.876,87.51118,24.626
21953,2023-07-04 17:00:00+00:00,26.976,86.47955,24.526
21954,2023-07-04 18:00:00+00:00,26.825998,87.2455,24.526
21955,2023-07-04 19:00:00+00:00,26.425999,90.94164,24.825998
21956,2023-07-04 20:00:00+00:00,26.226,92.02177,24.825998
21957,2023-07-04 21:00:00+00:00,26.126,92.01607,24.726
21958,2023-07-04 22:00:00+00:00,26.026,90.91586,24.425999
21959,2023-07-04 23:00:00+00:00,25.726,89.81119,23.925999
21960,2023-07-05 00:00:00+00:00,25.925999,92.28026,24.575998
21961,2023-07-05 01:00:00+00:00,26.126,91.194664,24.575998
21962,2023-07-05 02:00:00+00:00,26.325998,90.12345,24.575998
21963,2023-07-05 03:00:00+00:00,28.325998,81.60585,24.876
21964,2023-07-05 04:00:00+00:00,30.325998,68.68409,23.925999
21965,2023-07-05 05:00:00+00:00,32.176003,59.443317,23.276
21966,2023-07-05 06:00:00+00:00,32.976,56.308586,23.126
21967,2023-07-05 07:00:00+00:00,33.726,54.81115,23.376
21968,2023-07-05 08:00:00+00:00,34.026,52.295105,22.876
21969,2023-07-05 09:00:00+00:00,32.726,58.855896,23.626
21970,2023-07-05 10:00:00+00:00,32.126,60.153862,23.425999
21971,2023-07-05 11:00:00+00:00,32.376,57.370247,22.876
21972,2023-07-05 12:00:00+00:00,31.825998,61.000355,23.376
21973,2023-07-05 13:00:00+00:00,30.175999,65.61767,23.026
21974,2023-07-05 14:00:00+00:00,28.325998,74.580635,23.376
21975,2023-07-05 15:00:00+00:00,28.476,72.38575,23.026
21976,2023-07-05 16:00:00+00:00,28.276,72.79052,22.925999
21977,2023-07-05 17:00:00+00:00,28.175999,73.660034,23.026
21978,2023-07-05 18:00:00+00:00,27.976,74.52359,23.026
21979,2023-07-05 19:00:00+00:00,27.876,74.05726,22.825998
21980,2023-07-05 20:00:00+00:00,28.376,68.10051,21.925999
21981,2023-07-05 21:00:00+00:00,28.376,66.253075,21.476
21982,2023-07-05 22:00:00+00:00,28.376,65.647095,21.325998
21983,2023-07-05 23:00:00+00:00,28.276,65.62646,21.226
21984,2023-07-06 00:00:00+00:00,26.026,90.64404,24.376
21985,2023-07-06 01:00:00+00:00,26.876,87.24989,24.575998
21986,2023-07-06 02:00:00+00:00,27.776,81.78262,24.376
21987,2023-07-06 03:00:00+00:00,28.425999,76.41547,23.876
21988,2023-07-06 04:00:00+00:00,29.325998,70.80699,23.476
21989,2023-07-06 05:00:00+00:00,29.825998,70.89753,23.976
21990,2023-07-06 06:00:00+00:00,29.925999,71.55673,24.226
21991,2023-07-06 07:00:00+00:00,31.526,60.565804,22.976
21992,2023-07-06 08:00:00+00:00,32.626,55.378437,22.526
21993,2023-07-06 09:00:00+00:00,33.876,50.539776,22.175999
21994,2023-07-06 10:00:00+00:00,33.976,48.00825,21.425999
21995,2023-07-06 11:00:00+00:00,33.376,49.192757,21.276
21996,2023-07-06 12:00:00+00:00,33.026,51.255604,21.626
21997,2023-07-06 13:00:00+00:00,32.576,50.053333,20.825998
21998,2023-07-06 14:00:00+00:00,32.076,50.233826,20.425999
21999,2023-07-06 15:00:00+00:00,31.126,53.18223,20.476
22000,2023-07-06 16:00:00+00:00,30.425999,55.866554,20.626
22001,2023-07-06 17:00:00+00:00,29.825998,57.82431,20.626
22002,2023-07-06 18:00:00+00:00,29.175999,60.59009,20.776
22003,2023-07-06 19:00:00+00:00,29.126,61.140495,20.876
22004,2023-07-06 20:00:00+00:00,28.925999,62.042713,20.925999
22005,2023-07-06 21:00:00+00:00,28.626,63.325592,20.976
22006,2023-07-06 22:00:00+00:00,28.526,63.694355,20.976
22007,2023-07-06 23:00:00+00:00,28.226,65.01463,21.026
22008,2023-07-07 00:00:00+00:00,29.226,62.490936,21.325998
22009,2023-07-07 01:00:00+00:00,29.126,64.60788,21.776
22010,2023-07-07 02:00:00+00:00,29.976,62.84594,22.126
22011,2023-07-07 03:00:00+00:00,29.825998,63.583683,22.175999
22012,2023-07-07 04:00:00+00:00,30.325998,61.4087,22.075998
22013,2023-07-07 05:00:00+00:00,32.476,54.83935,22.226
22014,2023-07-07 06:00:00+00:00,33.926003,49.940292,22.026
22015,2023-07-07 07:00:00+00:00,35.226,47.45986,22.376
22016,2023-07-07 08:00:00+00:00,36.176003,45.038094,22.376
22017,2023-07-07 09:00:00+00:00,35.876,43.740543,21.626
22018,2023-07-07 10:00:00+00:00,33.476,51.526287,22.126
22019,2023-07-07 11:00:00+00:00,29.175999,74.271515,24.126
22020,2023-07-07 12:00:00+00:00,28.476,75.96498,23.825998
22021,2023-07-07 13:00:00+00:00,26.626,89.87574,24.825998
22022,2023-07-07 14:00:00+00:00,27.226,83.702034,24.226
22023,2023-07-07 15:00:00+00:00,27.376,80.514015,23.726
22024,2023-07-07 16:00:00+00:00,27.476,80.76949,23.876
22025,2023-07-07 17:00:00+00:00,27.526,80.77591,23.925999
22026,2023-07-07 18:00:00+00:00,27.526,79.810036,23.726
22027,2023-07-07 19:00:00+00:00,27.675999,77.69561,23.425999
22028,2023-07-07 20:00:00+00:00,27.675999,75.61125,22.976
22029,2023-07-07 21:00:00+00:00,27.476,73.99083,22.425999
22030,2023-07-07 22:00:00+00:00,26.976,75.73064,22.325998
22031,2023-07-07 23:00:00+00:00,26.776,76.62643,22.325998
22032,2023-07-08 00:00:00+00:00,28.726,69.42317,22.575998
22033,2023-07-08 01:00:00+00:00,29.276,66.032745,22.276
22034,2023-07-08 02:00:00+00:00,29.976,65.5766,22.825998
22035,2023-07-08 03:00:00+00:00,31.626,58.95863,22.626
22036,2023-07-08 04:00:00+00:00,32.676003,55.558918,22.626
22037,2023-07-08 05:00:00+00:00,33.776,52.074295,22.575998
22038,2023-07-08 06:00:00+00:00,34.776,49.103725,22.526
22039,2023-07-08 07:00:00+00:00,35.576,46.550915,22.376
22040,2023-07-08 08:00:00+00:00,35.576,45.016693,21.825998
22041,2023-07-08 09:00:00+00:00,35.376,44.552956,21.476
22042,2023-07-08 10:00:00+00:00,34.326,51.27233,22.825998
22043,2023-07-08 11:00:00+00:00,32.076,58.175037,22.825998
22044,2023-07-08 12:00:00+00:00,32.726,51.810238,21.526
22045,2023-07-08 13:00:00+00:00,28.976,66.37493,22.075998
22046,2023-07-08 14:00:00+00:00,29.425999,64.67089,22.075998
22047,2023-07-08 15:00:00+00:00,30.075998,62.29586,22.075998
22048,2023-07-08 16:00:00+00:00,29.575998,64.309525,22.126
22049,2023-07-08 17:00:00+00:00,29.126,65.00357,21.876
22050,2023-07-08 18:00:00+00:00,28.825998,66.1424,21.876
22051,2023-07-08 19:00:00+00:00,28.675999,66.72024,21.876
22052,2023-07-08 20:00:00+00:00,28.925999,64.5658,21.575998
22053,2023-07-08 21:00:00+00:00,28.825998,63.36878,21.175999
22054,2023-07-08 22:00:00+00:00,28.276,65.62646,21.226
22055,2023-07-08 23:00:00+00:00,27.876,67.587364,21.325998
22056,2023-07-09 00:00:00+00:00,29.976,60.585186,21.526
22057,2023-07-09 01:00:00+00:00,29.626,63.154316,21.876
22058,2023-07-09 02:00:00+00:00,30.276,62.15022,22.226
22059,2023-07-09 03:00:00+00:00,31.126,58.843098,22.126
22060,2023-07-09 04:00:00+00:00,32.126,56.276062,22.325998
22061,2023-07-09 05:00:00+00:00,33.576,52.34134,22.476
22062,2023-07-09 06:00:00+00:00,34.476,49.475952,22.376
22063,2023-07-09 07:00:00+00:00,35.226,48.479393,22.726
22064,2023-07-09 08:00:00+00:00,35.976,45.953102,22.526
22065,2023-07-09 09:00:00+00:00,33.226,54.68956,22.876
22066,2023-07-09 10:00:00+00:00,35.426003,44.56623,21.526
22067,2023-07-09 11:00:00+00:00,35.276,45.074932,21.575998
22068,2023-07-09 12:00:00+00:00,35.176003,52.73949,24.075998
22069,2023-07-09 13:00:00+00:00,33.076,61.0947,24.575998
22070,2023-07-09 14:00:00+00:00,31.825998,60.816517,23.325998
22071,2023-07-09 15:00:00+00:00,31.776,52.04857,20.726
22072,2023-07-09 16:00:00+00:00,30.276,59.187267,21.425999
22073,2023-07-09 17:00:00+00:00,29.825998,61.110004,21.526
22074,2023-07-09 18:00:00+00:00,29.175999,69.718475,23.075998
22075,2023-07-09 19:00:00+00:00,27.876,76.10113,23.276
22076,2023-07-09 20:00:00+00:00,26.575998,88.27454,24.476
22077,2023-07-09 21:00:00+00:00,26.276,93.12872,25.075998
22078,2023-07-09 22:00:00+00:00,26.575998,90.14089,24.825998
22079,2023-07-09 23:00:00+00:00,26.276,92.85163,25.026
22080,2023-07-10 00:00:00+00:00,27.776,80.565895,24.126
22081,2023-07-10 01:00:00+00:00,28.226,77.77573,23.976
22082,2023-07-10 02:00:00+00:00,28.476,78.27984,24.325998
22083,2023-07-10 03:00:00+00:00,29.276,76.088646,24.626
22084,2023-07-10 04:00:00+00:00,29.876,68.59795,23.476
22085,2023-07-10 05:00:00+00:00,30.476,64.890236,23.126
22086,2023-07-10 06:00:00+00:00,31.726,62.27905,23.626
22087,2023-07-10 07:00:00+00:00,31.925999,60.2905,23.276
22088,2023-07-10 08:00:00+00:00,32.626,55.884987,22.675999
22089,2023-07-10 09:00:00+00:00,32.726,54.23664,22.276
22090,2023-07-10 10:00:00+00:00,32.676003,55.05513,22.476
22091,2023-07-10 11:00:00+00:00,32.976,53.805206,22.376
22092,2023-07-10 12:00:00+00:00,31.075998,72.83324,25.626
22093,2023-07-10 13:00:00+00:00,28.876,76.25518,24.276
22094,2023-07-10 14:00:00+00:00,27.175999,84.96,24.425999
22095,2023-07-10 15:00:00+00:00,27.126,85.46507,24.476
22096,2023-07-10 16:00:00+00:00,27.276,81.96734,23.925999
22097,2023-07-10 17:00:00+00:00,27.126,83.44014,24.075998
22098,2023-07-10 18:00:00+00:00,27.075998,86.23067,24.575998
22099,2023-07-10 19:00:00+00:00,27.075998,87.79016,24.876
22100,2023-07-10 20:00:00+00:00,27.175999,86.49824,24.726
22101,2023-07-10 21:00:00+00:00,27.276,83.20709,24.175999
22102,2023-07-10 22:00:00+00:00,27.626,78.631,23.575998
22103,2023-07-10 23:00:00+00:00,26.226,86.14955,23.726
22104,2023-07-11 00:00:00+00:00,26.075998,90.919106,24.476
22105,2023-07-11 01:00:00+00:00,27.226,91.53423,25.726
22106,2023-07-11 02:00:00+00:00,28.476,83.8397,25.476
22107,2023-07-11 03:00:00+00:00,29.376,76.33168,24.776
22108,2023-07-11 04:00:00+00:00,30.476,68.71271,24.075998
22109,2023-07-11 05:00:00+00:00,30.876,66.957756,24.026
22110,2023-07-11 06:00:00+00:00,31.776,63.614902,24.026
22111,2023-07-11 07:00:00+00:00,32.676003,57.440853,23.175999
22112,2023-07-11 08:00:00+00:00,32.976,55.7999,22.976
22113,2023-07-11 09:00:00+00:00,33.076,55.319443,22.925999
22114,2023-07-11 10:00:00+00:00,33.126,54.33465,22.675999
22115,2023-07-11 11:00:00+00:00,33.276,53.39071,22.526
22116,2023-07-11 12:00:00+00:00,31.876,60.097343,23.175999
22117,2023-07-11 13:00:00+00:00,31.476,60.371468,22.876
22118,2023-07-11 14:00:00+00:00,28.575998,74.846306,23.675999
22119,2023-07-11 15:00:00+00:00,27.126,88.05662,24.976
22120,2023-07-11 16:00:00+00:00,26.526,91.219696,24.976
22121,2023-07-11 17:00:00+00:00,26.226,92.57257,24.925999
22122,2023-07-11 18:00:00+00:00,26.075998,91.46472,24.575998
22123,2023-07-11 19:00:00+00:00,25.626,92.26366,24.276
22124,2023-07-11 20:00:00+00:00,25.526,90.61074,23.876
22125,2023-07-11 21:00:00+00:00,25.575998,90.0709,23.825998
22126,2023-07-11 22:00:00+00:00,25.526,90.33869,23.825998
22127,2023-07-11 23:00:00+00:00,25.425999,93.36609,24.276
22128,2023-07-12 00:00:00+00:00,25.075998,91.403595,23.575998
22129,2023-07-12 01:00:00+00:00,25.376,91.97313,23.976
22130,2023-07-12 02:00:00+00:00,25.726,91.71794,24.276
22131,2023-07-12 03:00:00+00:00,26.876,89.35931,24.976
22132,2023-07-12 04:00:00+00:00,28.325998,82.094124,24.976
22133,2023-07-12 05:00:00+00:00,30.825998,70.02468,24.726
22134,2023-07-12 06:00:00+00:00,30.976,67.58292,24.276
22135,2023-07-12 07:00:00+00:00,32.026,62.908634,24.075998
22136,2023-07-12 08:00:00+00:00,32.376,59.48898,23.476
22137,2023-07-12 09:00:00+00:00,32.376,59.30983,23.425999
22138,2023-07-12 10:00:00+00:00,32.676003,59.916645,23.876
22139,2023-07-12 11:00:00+00:00,31.626,63.774406,23.925999
22140,2023-07-12 12:00:00+00:00,30.575998,67.09971,23.776
22141,2023-07-12 13:00:00+00:00,28.675999,82.13609,25.325998
22142,2023-07-12 14:00:00+00:00,27.876,85.79459,25.276
22143,2023-07-12 15:00:00+00:00,27.626,83.246864,24.526
22144,2023-07-12 16:00:00+00:00,27.226,85.219765,24.526
22145,2023-07-12 17:00:00+00:00,26.976,86.99835,24.626
22146,2023-07-12 18:00:00+00:00,26.425999,92.30782,25.075998
22147,2023-07-12 19:00:00+00:00,26.526,90.13742,24.776
22148,2023-07-12 20:00:00+00:00,26.425999,85.39492,23.776
22149,2023-07-12 21:00:00+00:00,25.476,86.59983,23.075998
22150,2023-07-12 22:00:00+00:00,24.526,93.88751,23.476
22151,2023-07-12 23:00:00+00:00,24.626,93.046585,23.425999
22152,2023-07-13 00:00:00+00:00,25.976,86.646324,23.575998
22153,2023-07-13 01:00:00+00:00,26.276,85.637314,23.675999
22154,2023-07-13 02:00:00+00:00,27.276,82.70923,24.075998
22155,2023-07-13 03:00:00+00:00,28.925999,75.58006,24.175999
22156,2023-07-13 04:00:00+00:00,30.776,64.17301,23.226
22157,2023-07-13 05:00:00+00:00,32.226,57.508972,22.776
22158,2023-07-13 06:00:00+00:00,33.226,54.524124,22.825998
22159,2023-07-13 07:00:00+00:00,34.276,51.884525,22.976
22160,2023-07-13 08:00:00+00:00,34.876,49.728973,22.825998
22161,2023-07-13 09:00:00+00:00,35.176003,47.591335,22.376
22162,2023-07-13 10:00:00+00:00,35.526,45.14108,21.825998
22163,2023-07-13 11:00:00+00:00,34.926003,46.522297,21.776
22164,2023-07-13 12:00:00+00:00,33.076,51.42521,21.726
22165,2023-07-13 13:00:00+00:00,29.925999,74.61626,24.925999
22166,2023-07-13 14:00:00+00:00,29.276,79.568275,25.376
22167,2023-07-13 15:00:00+00:00,28.976,80.00299,25.175999
22168,2023-07-13 16:00:00+00:00,28.575998,77.593605,24.276
22169,2023-07-13 17:00:00+00:00,28.276,75.70551,23.575998
22170,2023-07-13 18:00:00+00:00,28.276,74.57248,23.325998
22171,2023-07-13 19:00:00+00:00,28.675999,68.993256,22.425999
22172,2023-07-13 20:00:00+00:00,28.325998,69.13674,22.126
22173,2023-07-13 21:00:00+00:00,28.026,70.78493,22.226
22174,2023-07-13 22:00:00+00:00,27.925999,71.41597,22.276
22175,2023-07-13 23:00:00+00:00,27.876,69.47418,21.776
22176,2023-07-14 00:00:00+00:00,27.825998,78.18708,23.675999
22177,2023-07-14 01:00:00+00:00,28.175999,74.33126,23.175999
22178,2023-07-14 02:00:00+00:00,29.325998,68.69992,22.976
22179,2023-07-14 03:00:00+00:00,30.226,64.05676,22.675999
22180,2023-07-14 04:00:00+00:00,31.526,59.47464,22.675999
22181,2023-07-14 05:00:00+00:00,32.876,54.273415,22.425999
22182,2023-07-14 06:00:00+00:00,34.076,49.82672,22.126
22183,2023-07-14 07:00:00+00:00,34.826,46.9241,21.825998
22184,2023-07-14 08:00:00+00:00,35.276,46.330864,22.026
22185,2023-07-14 09:00:00+00:00,35.726,45.056362,21.976
22186,2023-07-14 10:00:00+00:00,35.576,45.569393,22.026
22187,2023-07-14 11:00:00+00:00,34.276,48.97492,22.026
22188,2023-07-14 12:00:00+00:00,34.876,45.38448,21.325998
22189,2023-07-14 13:00:00+00:00,32.476,61.513042,24.126
22190,2023-07-14 14:00:00+00:00,32.226,56.47134,22.476
22191,2023-07-14 15:00:00+00:00,30.425999,61.806046,22.276
22192,2023-07-14 16:00:00+00:00,30.026,65.19062,22.776
22193,2023-07-14 17:00:00+00:00,29.026,76.27817,24.425999
22194,2023-07-14 18:00:00+00:00,28.876,72.89352,23.526
22195,2023-07-14 19:00:00+00:00,29.626,62.76988,21.776
22196,2023-07-14 20:00:00+00:00,30.126,58.7909,21.175999
22197,2023-07-14 21:00:00+00:00,29.575998,60.309258,21.075998
22198,2023-07-14 22:00:00+00:00,28.925999,62.809677,21.126
22199,2023-07-14 23:00:00+00:00,28.425999,64.857185,21.175999
22200,2023-07-15 00:00:00+00:00,28.925999,65.96128,21.925999
22201,2023-07-15 01:00:00+00:00,29.126,66.00214,22.126
22202,2023-07-15 02:00:00+00:00,29.976,63.809505,22.376
22203,2023-07-15 03:00:00+00:00,31.126,59.745293,22.376
22204,2023-07-15 04:00:00+00:00,32.476,55.342117,22.376
22205,2023-07-15 05:00:00+00:00,33.526,51.8536,22.276
22206,2023-07-15 06:00:00+00:00,34.726,46.61209,21.626
22207,2023-07-15 07:00:00+00:00,35.626,43.27416,21.226
22208,2023-07-15 08:00:00+00:00,36.426003,40.034706,20.675999
22209,2023-07-15 09:00:00+00:00,36.226,41.357468,21.026
22210,2023-07-15 10:00:00+00:00,36.126,42.87996,21.526
22211,2023-07-15 11:00:00+00:00,36.076,42.214897,21.226
22212,2023-07-15 12:00:00+00:00,35.776,41.109352,20.526
22213,2023-07-15 13:00:00+00:00,34.376,43.473755,20.175999
22214,2023-07-15 14:00:00+00:00,33.476,47.001984,20.626
22215,2023-07-15 15:00:00+00:00,33.176003,44.9326,19.626
22216,2023-07-15 16:00:00+00:00,32.376,47.885593,19.925999
22217,2023-07-15 17:00:00+00:00,30.175999,57.55197,20.876
22218,2023-07-15 18:00:00+00:00,30.675999,55.75532,20.825998
22219,2023-07-15 19:00:00+00:00,30.276,57.39896,20.925999
22220,2023-07-15 20:00:00+00:00,30.026,58.948322,21.126
22221,2023-07-15 21:00:00+00:00,29.226,63.067783,21.476
22222,2023-07-15 22:00:00+00:00,28.925999,64.96184,21.675999
22223,2023-07-15 23:00:00+00:00,28.876,65.75003,21.825998
22224,2023-07-16 00:00:00+00:00,29.026,69.69041,22.925999
22225,2023-07-16 01:00:00+00:00,29.726,66.124344,22.726
22226,2023-07-16 02:00:00+00:00,30.526,63.733112,22.876
22227,2023-07-16 03:00:00+00:00,31.726,58.270073,22.526
22228,2023-07-16 04:00:00+00:00,32.626,54.875904,22.376
22229,2023-07-16 05:00:00+00:00,33.026,53.654175,22.376
22230,2023-07-16 06:00:00+00:00,33.676003,51.26383,22.226
22231,2023-07-16 07:00:00+00:00,34.026,49.96589,22.126
22232,2023-07-16 08:00:00+00:00,34.876,46.509174,21.726
22233,2023-07-16 09:00:00+00:00,34.826,46.212585,21.575998
22234,2023-07-16 10:00:00+00:00,35.076,44.33697,21.126
22235,2023-07-16 11:00:00+00:00,34.776,45.497307,21.276
22236,2023-07-16 12:00:00+00:00,34.526,42.846676,20.075998
22237,2023-07-16 13:00:00+00:00,33.126,46.33337,20.075998
22238,2023-07-16 14:00:00+00:00,32.026,49.45111,20.126
22239,2023-07-16 15:00:00+00:00,30.175999,60.630352,21.726
22240,2023-07-16 16:00:00+00:00,30.675999,56.6187,21.075998
22241,2023-07-16 17:00:00+00:00,29.276,63.85483,21.726
22242,2023-07-16 18:00:00+00:00,29.776,55.88141,20.026
22243,2023-07-16 19:00:00+00:00,31.075998,50.600986,19.626
22244,2023-07-16 20:00:00+00:00,30.726,53.41147,20.175999
22245,2023-07-16 21:00:00+00:00,30.075998,57.175163,20.675999
22246,2023-07-16 22:00:00+00:00,29.626,59.951336,21.026
22247,2023-07-16 23:00:00+00:00,29.226,61.539814,21.075998
22248,2023-07-17 00:00:00+00:00,30.175999,58.622433,21.175999
22249,2023-07-17 01:00:00+00:00,30.276,59.187267,21.425999
22250,2023-07-17 02:00:00+00:00,30.825998,58.415676,21.726
22251,2023-07-17 03:00:00+00:00,31.626,55.643826,21.675999
22252,2023-07-17 04:00:00+00:00,32.576,53.21712,21.825998
22253,2023-07-17 05:00:00+00:00,33.926003,48.438103,21.526
22254,2023-07-17 06:00:00+00:00,35.076,44.60986,21.226
22255,2023-07-17 07:00:00+00:00,35.476,43.633904,21.226
22256,2023-07-17 08:00:00+00:00,35.976,42.578083,21.276
22257,2023-07-17 09:00:00+00:00,36.476,40.91943,21.075998
22258,2023-07-17 10:00:00+00:00,36.176003,40.58792,20.675999
22259,2023-07-17 11:00:00+00:00,35.826,40.87005,20.476
22260,2023-07-17 12:00:00+00:00,34.326,43.86522,20.276
22261,2023-07-17 13:00:00+00:00,33.476,45.997875,20.276
22262,2023-07-17 14:00:00+00:00,32.826,47.12156,20.075998
22263,2023-07-17 15:00:00+00:00,32.476,48.358448,20.175999
22264,2023-07-17 16:00:00+00:00,31.126,53.346485,20.526
22265,2023-07-17 17:00:00+00:00,30.476,56.919586,20.976
22266,2023-07-17 18:00:00+00:00,30.226,58.814144,21.276
22267,2023-07-17 19:00:00+00:00,29.976,59.847603,21.325998
22268,2023-07-17 20:00:00+00:00,29.925999,59.65299,21.226
22269,2023-07-17 21:00:00+00:00,29.675999,60.147137,21.126
22270,2023-07-17 22:00:00+00:00,29.575998,59.939922,20.976
22271,2023-07-17 23:00:00+00:00,29.476,59.549515,20.776
22272,2023-07-18 00:00:00+00:00,29.226,64.43191,21.825998
22273,2023-07-18 01:00:00+00:00,28.976,65.37035,21.825998
22274,2023-07-18 02:00:00+00:00,28.575998,68.97418,22.325998
22275,2023-07-18 03:00:00+00:00,29.825998,63.77755,22.226
22276,2023-07-18 04:00:00+00:00,30.626,60.547028,22.126
22277,2023-07-18 05:00:00+00:00,31.376,57.834984,22.075998
22278,2023-07-18 06:00:00+00:00,32.826,51.994167,21.675999
22279,2023-07-18 07:00:00+00:00,34.376,45.811806,21.026
22280,2023-07-18 08:00:00+00:00,34.976,42.30961,20.276
22281,2023-07-18 09:00:00+00:00,35.926003,41.14979,20.675999
22282,2023-07-18 10:00:00+00:00,32.176003,52.63157,21.276
22283,2023-07-18 11:00:00+00:00,32.926003,48.475758,20.626
22284,2023-07-18 12:00:00+00:00,33.776,41.724693,18.976
22285,2023-07-18 13:00:00+00:00,32.476,46.304836,19.476
22286,2023-07-18 14:00:00+00:00,31.276,49.71797,19.526
22287,2023-07-18 15:00:00+00:00,30.126,56.66104,20.575998
22288,2023-07-18 16:00:00+00:00,29.226,62.874977,21.425999
22289,2023-07-18 17:00:00+00:00,29.976,58.037994,20.825998
22290,2023-07-18 18:00:00+00:00,29.876,58.014454,20.726
22291,2023-07-18 19:00:00+00:00,29.776,57.812473,20.575998
22292,2023-07-18 20:00:00+00:00,28.876,61.65118,20.776
22293,2023-07-18 21:00:00+00:00,27.825998,67.37059,21.226
22294,2023-07-18 22:00:00+00:00,27.026,73.01901,21.776
22295,2023-07-18 23:00:00+00:00,27.175999,72.15817,21.726
22296,2023-07-19 00:00:00+00:00,29.126,61.32875,20.925999
22297,2023-07-19 01:00:00+00:00,28.976,62.436134,21.075998
22298,2023-07-19 02:00:00+00:00,29.325998,60.810673,20.976
22299,2023-07-19 03:00:00+00:00,29.626,59.951336,21.026
22300,2023-07-19 04:00:00+00:00,30.126,59.152622,21.276
22301,2023-07-19 05:00:00+00:00,31.575998,54.452156,21.276
22302,2023-07-19 06:00:00+00:00,32.226,51.84284,21.075998
22303,2023-07-19 07:00:00+00:00,32.126,51.976997,21.026
22304,2023-07-19 08:00:00+00:00,32.276,50.4403,20.675999
22305,2023-07-19 09:00:00+00:00,32.776,48.287495,20.425999
22306,2023-07-19 10:00:00+00:00,32.976,47.16103,20.226
22307,2023-07-19 11:00:00+00:00,32.576,48.08644,20.175999
22308,2023-07-19 12:00:00+00:00,32.076,50.389034,20.476
22309,2023-07-19 13:00:00+00:00,31.526,51.825256,20.425999
22310,2023-07-19 14:00:00+00:00,31.126,54.341385,20.825998
22311,2023-07-19 15:00:00+00:00,30.776,55.608334,20.876
22312,2023-07-19 16:00:00+00:00,30.476,56.744915,20.925999
22313,2023-07-19 17:00:00+00:00,30.026,58.04977,20.876
22314,2023-07-19 18:00:00+00:00,29.575998,59.75598,20.925999
22315,2023-07-19 19:00:00+00:00,29.075998,61.506386,20.925999
22316,2023-07-19 20:00:00+00:00,28.726,62.76604,20.925999
22317,2023-07-19 21:00:00+00:00,28.626,62.937473,20.876
22318,2023-07-19 22:00:00+00:00,28.376,64.054855,20.925999
22319,2023-07-19 23:00:00+00:00,28.276,63.640636,20.726
22320,2023-07-20 00:00:00+00:00,28.226,68.07122,21.776
22321,2023-07-20 01:00:00+00:00,28.526,65.67803,21.476
22322,2023-07-20 02:00:00+00:00,28.476,66.070984,21.526
22323,2023-07-20 03:00:00+00:00,28.526,67.71565,21.976
22324,2023-07-20 04:00:00+00:00,29.626,64.71281,22.276
22325,2023-07-20 05:00:00+00:00,33.226,49.913414,21.376
22326,2023-07-20 06:00:00+00:00,34.526,46.70233,21.476
22327,2023-07-20 07:00:00+00:00,34.576,44.47682,20.726
22328,2023-07-20 08:00:00+00:00,33.976,44.72954,20.276
22329,2023-07-20 09:00:00+00:00,33.576,47.173244,20.776
22330,2023-07-20 10:00:00+00:00,34.426003,42.687393,19.925999
22331,2023-07-20 11:00:00+00:00,33.226,49.003345,21.075998
22332,2023-07-20 12:00:00+00:00,33.226,45.931625,20.026
22333,2023-07-20 13:00:00+00:00,33.026,44.892532,19.476
22334,2023-07-20 14:00:00+00:00,32.126,48.86872,20.026
22335,2023-07-20 15:00:00+00:00,31.226,52.392815,20.325998
22336,2023-07-20 16:00:00+00:00,29.825998,58.72108,20.876
22337,2023-07-20 17:00:00+00:00,28.425999,66.26325,21.526
22338,2023-07-20 18:00:00+00:00,28.226,66.629486,21.425999
22339,2023-07-20 19:00:00+00:00,28.026,66.3851,21.175999
22340,2023-07-20 20:00:00+00:00,27.626,68.37179,21.276
22341,2023-07-20 21:00:00+00:00,28.276,63.836815,20.776
22342,2023-07-20 22:00:00+00:00,28.575998,61.205444,20.376
22343,2023-07-20 23:00:00+00:00,28.376,61.349792,20.226
22344,2023-07-21 00:00:00+00:00,28.925999,61.85227,20.876
22345,2023-07-21 01:00:00+00:00,28.925999,63.002712,21.175999
22346,2023-07-21 02:00:00+00:00,29.075998,63.61715,21.476
22347,2023-07-21 03:00:00+00:00,30.226,60.088223,21.626
22348,2023-07-21 04:00:00+00:00,30.276,60.652885,21.825998
22349,2023-07-21 05:00:00+00:00,33.076,50.800087,21.526
22350,2023-07-21 06:00:00+00:00,33.876,48.425133,21.476
22351,2023-07-21 07:00:00+00:00,34.526,45.710964,21.126
22352,2023-07-21 08:00:00+00:00,33.026,50.01521,21.226
22353,2023-07-21 09:00:00+00:00,33.176003,49.900562,21.325998
22354,2023-07-21 10:00:00+00:00,33.476,48.02526,20.976
22355,2023-07-21 11:00:00+00:00,32.676003,51.48136,21.376
22356,2023-07-21 12:00:00+00:00,30.825998,58.77358,21.825998
22357,2023-07-21 13:00:00+00:00,29.226,67.85301,22.675999
22358,2023-07-21 14:00:00+00:00,28.276,74.7979,23.376
22359,2023-07-21 15:00:00+00:00,28.626,73.070946,23.325998
22360,2023-07-21 16:00:00+00:00,29.026,68.85085,22.726
22361,2023-07-21 17:00:00+00:00,29.575998,63.53012,21.925999
22362,2023-07-21 18:00:00+00:00,29.325998,64.060814,21.825998
22363,2023-07-21 19:00:00+00:00,28.925999,65.360016,21.776
22364,2023-07-21 20:00:00+00:00,28.675999,65.9101,21.675999
22365,2023-07-21 21:00:00+00:00,28.425999,66.66986,21.626
22366,2023-07-21 22:00:00+00:00,27.825998,69.89034,21.825998
22367,2023-07-21 23:00:00+00:00,27.226,73.72435,22.126
22368,2023-07-22 00:00:00+00:00,27.325998,71.74515,21.776
22369,2023-07-22 01:00:00+00:00,27.726,69.87163,21.726
22370,2023-07-22 02:00:00+00:00,27.325998,73.96589,22.276
22371,2023-07-22 03:00:00+00:00,28.726,67.13853,22.026
22372,2023-07-22 04:00:00+00:00,31.075998,58.47394,21.976
22373,2023-07-22 05:00:00+00:00,32.526,54.02262,22.026
22374,2023-07-22 06:00:00+00:00,32.126,55.934643,22.226
22375,2023-07-22 07:00:00+00:00,32.676003,52.917984,21.825998
22376,2023-07-22 08:00:00+00:00,30.726,62.627533,22.776
22377,2023-07-22 09:00:00+00:00,30.575998,63.551025,22.876
22378,2023-07-22 10:00:00+00:00,32.626,53.55531,21.976
22379,2023-07-22 11:00:00+00:00,32.126,54.58706,21.825998
22380,2023-07-22 12:00:00+00:00,31.126,58.48557,22.026
22381,2023-07-22 13:00:00+00:00,30.726,59.836052,22.026
22382,2023-07-22 14:00:00+00:00,29.925999,64.77558,22.575998
22383,2023-07-22 15:00:00+00:00,29.726,65.5252,22.575998
22384,2023-07-22 16:00:00+00:00,29.776,62.42033,21.825998
22385,2023-07-22 17:00:00+00:00,29.825998,61.48499,21.626
22386,2023-07-22 18:00:00+00:00,29.325998,64.060814,21.825998
22387,2023-07-22 19:00:00+00:00,29.126,64.80545,21.825998
22388,2023-07-22 20:00:00+00:00,28.976,64.576324,21.626
22389,2023-07-22 21:00:00+00:00,28.226,67.8636,21.726
22390,2023-07-22 22:00:00+00:00,27.526,71.999916,22.026
22391,2023-07-22 23:00:00+00:00,27.175999,74.84663,22.325998
22392,2023-07-23 00:00:00+00:00,26.675999,80.17975,22.976
22393,2023-07-23 01:00:00+00:00,25.776,89.00856,23.825998
22394,2023-07-23 02:00:00+00:00,26.026,90.372894,24.325998
22395,2023-07-23 03:00:00+00:00,27.776,80.565895,24.126
22396,2023-07-23 04:00:00+00:00,30.325998,65.055595,23.026
22397,2023-07-23 05:00:00+00:00,33.076,53.50365,22.376
22398,2023-07-23 06:00:00+00:00,32.476,54.010303,21.976
22399,2023-07-23 07:00:00+00:00,32.176003,56.117126,22.325998
22400,2023-07-23 08:00:00+00:00,31.776,59.351807,22.876
22401,2023-07-23 09:00:00+00:00,33.476,53.60242,22.776
22402,2023-07-23 10:00:00+00:00,33.126,51.124474,21.675999
22403,2023-07-23 11:00:00+00:00,29.825998,69.83961,23.726
22404,2023-07-23 12:00:00+00:00,29.075998,76.973465,24.626
22405,2023-07-23 13:00:00+00:00,28.376,81.36888,24.876
22406,2023-07-23 14:00:00+00:00,27.575998,86.021355,25.026
22407,2023-07-23 15:00:00+00:00,26.925999,89.62974,25.075998
22408,2023-07-23 16:00:00+00:00,26.276,90.11998,24.526
22409,2023-07-23 17:00:00+00:00,26.175999,86.40448,23.726
22410,2023-07-23 18:00:00+00:00,25.925999,85.34452,23.276
22411,2023-07-23 19:00:00+00:00,26.175999,82.579994,22.976
22412,2023-07-23 20:00:00+00:00,26.376,80.38344,22.726
22413,2023-07-23 21:00:00+00:00,26.626,77.3061,22.325998
22414,2023-07-23 22:00:00+00:00,26.776,74.32665,21.825998
22415,2023-07-23 23:00:00+00:00,26.726,73.415344,21.575998
22416,2023-07-24 00:00:00+00:00,26.976,74.359634,22.026
22417,2023-07-24 01:00:00+00:00,27.026,75.05044,22.226
22418,2023-07-24 02:00:00+00:00,27.126,75.52437,22.425999
22419,2023-07-24 03:00:00+00:00,27.226,76.00024,22.626
22420,2023-07-24 04:00:00+00:00,27.075998,79.50912,23.226
22421,2023-07-24 05:00:00+00:00,27.575998,80.29827,23.876
22422,2023-07-24 06:00:00+00:00,28.226,78.244225,24.075998
22423,2023-07-24 07:00:00+00:00,27.425999,85.24002,24.726
22424,2023-07-24 08:00:00+00:00,28.075998,83.54649,25.026
22425,2023-07-24 09:00:00+00:00,27.425999,89.932625,25.626
22426,2023-07-24 10:00:00+00:00,27.575998,88.88241,25.575998
22427,2023-07-24 11:00:00+00:00,28.876,80.70754,25.226
22428,2023-07-24 12:00:00+00:00,26.575998,88.80429,24.575998
22429,2023-07-24 13:00:00+00:00,26.126,89.83994,24.325998
22430,2023-07-24 14:00:00+00:00,25.075998,92.51103,23.776
22431,2023-07-24 15:00:00+00:00,25.126,93.91403,24.075998
22432,2023-07-24 16:00:00+00:00,25.575998,94.78019,24.675999
22433,2023-07-24 17:00:00+00:00,26.075998,90.64735,24.425999
22434,2023-07-24 18:00:00+00:00,25.626,89.80398,23.825998
22435,2023-07-24 19:00:00+00:00,25.376,89.24629,23.476
22436,2023-07-24 20:00:00+00:00,25.126,89.22731,23.226
22437,2023-07-24 21:00:00+00:00,24.925999,89.48232,23.075998
22438,2023-07-24 22:00:00+00:00,25.075998,87.08906,22.776
22439,2023-07-24 23:00:00+00:00,25.075998,86.825424,22.726
22440,2023-07-25 00:00:00+00:00,25.026,87.879906,22.876
22441,2023-07-25 01:00:00+00:00,25.026,89.489746,23.175999
22442,2023-07-25 02:00:00+00:00,25.126,89.767815,23.325998
22443,2023-07-25 03:00:00+00:00,25.425999,90.06034,23.675999
22444,2023-07-25 04:00:00+00:00,25.776,90.08495,24.026
22445,2023-07-25 05:00:00+00:00,26.175999,90.11299,24.425999
22446,2023-07-25 06:00:00+00:00,26.476,90.13392,24.726
22447,2023-07-25 07:00:00+00:00,27.526,84.742516,24.726
22448,2023-07-25 08:00:00+00:00,27.026,88.83955,25.026
22449,2023-07-25 09:00:00+00:00,26.726,89.348076,24.825998
22450,2023-07-25 10:00:00+00:00,26.575998,88.27454,24.476
22451,2023-07-25 11:00:00+00:00,26.226,88.24578,24.126
22452,2023-07-25 12:00:00+00:00,26.026,87.700424,23.825998
22453,2023-07-25 13:00:00+00:00,25.675999,90.62075,24.026
22454,2023-07-25 14:00:00+00:00,25.526,90.61074,23.876
22455,2023-07-25 15:00:00+00:00,25.276,90.04975,23.526
22456,2023-07-25 16:00:00+00:00,25.175999,90.04269,23.425999
22457,2023-07-25 17:00:00+00:00,25.175999,89.771454,23.376
22458,2023-07-25 18:00:00+00:00,25.226,88.96587,23.276
22459,2023-07-25 19:00:00+00:00,25.026,89.760574,23.226
22460,2023-07-25 20:00:00+00:00,24.925999,90.025,23.175999
22461,2023-07-25 21:00:00+00:00,24.825998,89.47486,22.976
22462,2023-07-25 22:00:00+00:00,24.626,88.91903,22.675999
22463,2023-07-25 23:00:00+00:00,24.325998,90.25591,22.626
22464,2023-07-26 00:00:00+00:00,24.575998,88.37692,22.526
22465,2023-07-26 01:00:00+00:00,24.526,90.81826,22.925999
22466,2023-07-26 02:00:00+00:00,25.026,90.57729,23.376
22467,2023-07-26 03:00:00+00:00,25.226,90.31809,23.526
22468,2023-07-26 04:00:00+00:00,26.376,85.90522,23.825998
22469,2023-07-26 05:00:00+00:00,26.776,84.15671,23.876
22470,2023-07-26 06:00:00+00:00,26.175999,89.574814,24.325998
22471,2023-07-26 07:00:00+00:00,26.276,89.58215,24.425999
22472,2023-07-26 08:00:00+00:00,27.175999,86.756966,24.776
22473,2023-07-26 09:00:00+00:00,26.776,87.24105,24.476
22474,2023-07-26 10:00:00+00:00,26.276,88.78071,24.276
22475,2023-07-26 11:00:00+00:00,27.075998,83.434525,24.026
22476,2023-07-26 12:00:00+00:00,27.476,77.432045,23.175999
22477,2023-07-26 13:00:00+00:00,26.675999,80.17975,22.976
22478,2023-07-26 14:00:00+00:00,26.276,83.09269,23.175999
22479,2023-07-26 15:00:00+00:00,25.476,88.717445,23.476
22480,2023-07-26 16:00:00+00:00,25.276,87.901146,23.126
22481,2023-07-26 17:00:00+00:00,25.476,86.07739,22.976
22482,2023-07-26 18:00:00+00:00,25.476,85.0408,22.776
22483,2023-07-26 19:00:00+00:00,25.776,81.04129,22.276
22484,2023-07-26 20:00:00+00:00,26.175999,77.71173,21.976
22485,2023-07-26 21:00:00+00:00,26.325998,75.85956,21.726
22486,2023-07-26 22:00:00+00:00,26.226,75.61226,21.575998
22487,2023-07-26 23:00:00+00:00,26.026,76.98099,21.675999
22488,2023-07-27 00:00:00+00:00,26.026,78.40411,21.976
22489,2023-07-27 01:00:00+00:00,25.626,83.01774,22.526
22490,2023-07-27 02:00:00+00:00,25.776,84.558495,22.976
22491,2023-07-27 03:00:00+00:00,26.776,81.16825,23.276
22492,2023-07-27 04:00:00+00:00,28.026,76.12432,23.425999
22493,2023-07-27 05:00:00+00:00,29.726,68.156296,23.226
22494,2023-07-27 06:00:00+00:00,30.776,63.018997,22.925999
22495,2023-07-27 07:00:00+00:00,31.726,57.917084,22.425999
22496,2023-07-27 08:00:00+00:00,32.176003,56.288033,22.376
22497,2023-07-27 09:00:00+00:00,32.576,54.863735,22.325998
22498,2023-07-27 10:00:00+00:00,32.476,54.506413,22.126
22499,2023-07-27 11:00:00+00:00,32.076,56.264103,22.276
22500,2023-07-27 12:00:00+00:00,30.276,62.910946,22.425999
22501,2023-07-27 13:00:00+00:00,29.325998,65.44274,22.175999
22502,2023-07-27 14:00:00+00:00,29.075998,66.59764,22.226
22503,2023-07-27 15:00:00+00:00,29.175999,64.81595,21.876
22504,2023-07-27 16:00:00+00:00,29.175999,62.86413,21.376
22505,2023-07-27 17:00:00+00:00,28.776,64.14001,21.325998
22506,2023-07-27 18:00:00+00:00,28.126,66.609276,21.325998
22507,2023-07-27 19:00:00+00:00,27.976,66.17149,21.075998
22508,2023-07-27 20:00:00+00:00,27.626,66.91825,20.925999
22509,2023-07-27 21:00:00+00:00,27.325998,67.89472,20.876
22510,2023-07-27 22:00:00+00:00,27.126,68.06457,20.726
22511,2023-07-27 23:00:00+00:00,26.976,68.03511,20.575998
22512,2023-07-28 00:00:00+00:00,27.626,65.896675,20.675999
22513,2023-07-28 01:00:00+00:00,27.726,65.311165,20.626
22514,2023-07-28 02:00:00+00:00,28.226,65.21459,21.075998
22515,2023-07-28 03:00:00+00:00,28.825998,64.54474,21.476
22516,2023-07-28 04:00:00+00:00,30.425999,60.686707,21.976
22517,2023-07-28 05:00:00+00:00,32.026,55.4017,21.976
22518,2023-07-28 06:00:00+00:00,32.876,53.45415,22.175999
22519,2023-07-28 07:00:00+00:00,32.976,52.190968,21.876
22520,2023-07-28 08:00:00+00:00,33.576,49.8506,21.675999
22521,2023-07-28 09:00:00+00:00,33.626,51.251183,22.175999
22522,2023-07-28 10:00:00+00:00,34.226,49.411766,22.126
22523,2023-07-28 11:00:00+00:00,33.676003,50.64301,22.026
22524,2023-07-28 12:00:00+00:00,33.026,54.973183,22.776
22525,2023-07-28 13:00:00+00:00,31.776,57.05468,22.226
22526,2023-07-28 14:00:00+00:00,30.776,60.03008,22.126
22527,2023-07-28 15:00:00+00:00,29.976,63.42254,22.276
22528,2023-07-28 16:00:00+00:00,30.175999,61.188316,21.876
22529,2023-07-28 17:00:00+00:00,30.075998,60.793346,21.675999
22530,2023-07-28 18:00:00+00:00,29.776,61.473846,21.575998
22531,2023-07-28 19:00:00+00:00,29.376,62.907585,21.575998
22532,2023-07-28 20:00:00+00:00,28.976,63.790745,21.425999
22533,2023-07-28 21:00:00+00:00,28.526,64.87815,21.276
22534,2023-07-28 22:00:00+00:00,28.075998,66.19192,21.175999
22535,2023-07-28 23:00:00+00:00,27.675999,67.34073,21.075998
22536,2023-07-29 00:00:00+00:00,28.126,65.595474,21.075998
22537,2023-07-29 01:00:00+00:00,28.075998,66.80361,21.325998
22538,2023-07-29 02:00:00+00:00,28.675999,67.33356,22.026
22539,2023-07-29 03:00:00+00:00,29.675999,64.33063,22.226
22540,2023-07-29 04:00:00+00:00,30.726,62.060284,22.626
22541,2023-07-29 05:00:00+00:00,32.326,55.137676,22.175999
22542,2023-07-29 06:00:00+00:00,33.226,53.05486,22.376
22543,2023-07-29 07:00:00+00:00,34.026,51.35225,22.575998
22544,2023-07-29 08:00:00+00:00,34.576,50.106388,22.675999
22545,2023-07-29 09:00:00+00:00,34.526,48.890358,22.226
22546,2023-07-29 10:00:00+00:00,34.176003,50.156593,22.325998
22547,2023-07-29 11:00:00+00:00,33.776,50.5143,22.075998
22548,2023-07-29 12:00:00+00:00,32.876,52.967815,22.026
22549,2023-07-29 13:00:00+00:00,31.976,54.217754,21.575998
22550,2023-07-29 14:00:00+00:00,31.476,55.09911,21.376
22551,2023-07-29 15:00:00+00:00,31.126,56.552994,21.476
22552,2023-07-29 16:00:00+00:00,30.425999,58.86059,21.476
22553,2023-07-29 17:00:00+00:00,29.925999,60.38872,21.425999
22554,2023-07-29 18:00:00+00:00,29.526,61.0427,21.226
22555,2023-07-29 19:00:00+00:00,28.976,63.401108,21.325998
22556,2023-07-29 20:00:00+00:00,28.675999,64.711075,21.376
22557,2023-07-29 21:00:00+00:00,28.425999,65.65742,21.376
22558,2023-07-29 22:00:00+00:00,28.175999,66.82374,21.425999
22559,2023-07-29 23:00:00+00:00,27.925999,66.36478,21.075998
22560,2023-07-30 00:00:00+00:00,28.776,63.163784,21.075998
22561,2023-07-30 01:00:00+00:00,28.726,63.933044,21.226
22562,2023-07-30 02:00:00+00:00,28.876,64.75306,21.575998
22563,2023-07-30 03:00:00+00:00,29.376,63.29345,21.675999
22564,2023-07-30 04:00:00+00:00,29.976,62.65475,22.075998
22565,2023-07-30 05:00:00+00:00,31.425999,58.555344,22.325998
22566,2023-07-30 06:00:00+00:00,33.226,50.838257,21.675999
22567,2023-07-30 07:00:00+00:00,34.226,46.910362,21.276
22568,2023-07-30 08:00:00+00:00,34.676003,45.331528,21.126
22569,2023-07-30 09:00:00+00:00,34.626,46.44348,21.476
22570,2023-07-30 10:00:00+00:00,33.976,49.649464,21.976
22571,2023-07-30 11:00:00+00:00,33.576,50.617558,21.925999
22572,2023-07-30 12:00:00+00:00,33.626,50.47609,21.925999
22573,2023-07-30 13:00:00+00:00,32.326,53.644684,21.726
22574,2023-07-30 14:00:00+00:00,31.226,56.92397,21.675999
22575,2023-07-30 15:00:00+00:00,30.626,59.268005,21.776
22576,2023-07-30 16:00:00+00:00,30.376,60.675438,21.925999
22577,2023-07-30 17:00:00+00:00,30.325998,60.110996,21.726
22578,2023-07-30 18:00:00+00:00,30.175999,60.630352,21.726
22579,2023-07-30 19:00:00+00:00,29.876,61.68432,21.726
22580,2023-07-30 20:00:00+00:00,29.526,62.55658,21.626
22581,2023-07-30 21:00:00+00:00,29.226,63.454926,21.575998
22582,2023-07-30 22:00:00+00:00,28.976,63.790745,21.425999
22583,2023-07-30 23:00:00+00:00,28.626,64.70054,21.325998
22584,2023-07-31 00:00:00+00:00,28.976,63.98636,21.476
22585,2023-07-31 01:00:00+00:00,28.825998,65.33929,21.675999
22586,2023-07-31 02:00:00+00:00,29.126,65.801346,22.075998
22587,2023-07-31 03:00:00+00:00,29.976,63.42254,22.276
22588,2023-07-31 04:00:00+00:00,31.126,60.109562,22.476
22589,2023-07-31 05:00:00+00:00,32.026,58.163376,22.776
22590,2023-07-31 06:00:00+00:00,33.476,52.475567,22.425999
22591,2023-07-31 07:00:00+00:00,34.426003,49.312893,22.276
22592,2023-07-31 08:00:00+00:00,34.776,47.77757,22.075998
22593,2023-07-31 09:00:00+00:00,34.276,51.259705,22.776
22594,2023-07-31 10:00:00+00:00,34.776,50.15736,22.876
22595,2023-07-31 11:00:00+00:00,34.426003,51.142445,22.876
22596,2023-07-31 12:00:00+00:00,33.676003,51.576733,22.325998
22597,2023-07-31 13:00:00+00:00,32.576,55.030823,22.376
22598,2023-07-31 14:00:00+00:00,31.726,57.216743,22.226
22599,2023-07-31 15:00:00+00:00,30.925999,59.699646,22.175999
22600,2023-07-31 16:00:00+00:00,30.626,60.91687,22.226
22601,2023-07-31 17:00:00+00:00,30.325998,61.4087,22.075998
22602,2023-07-31 18:00:00+00:00,30.175999,60.815845,21.776
22603,2023-07-31 19:00:00+00:00,30.075998,59.322693,21.276
22604,2023-07-31 20:00:00+00:00,30.126,58.251965,21.026
22605,2023-07-31 21:00:00+00:00,29.726,60.15851,21.175999
22606,2023-07-31 22:00:00+00:00,29.226,62.108955,21.226
22607,2023-07-31 23:00:00+00:00,28.776,64.14001,21.325998
22608,2023-08-01 00:00:00+00:00,29.626,62.76988,21.776
22609,2023-08-01 01:00:00+00:00,29.575998,63.53012,21.925999
22610,2023-08-01 02:00:00+00:00,29.976,63.037617,22.175999
22611,2023-08-01 03:00:00+00:00,30.226,62.900127,22.376
22612,2023-08-01 04:00:00+00:00,31.876,57.776512,22.526
22613,2023-08-01 05:00:00+00:00,32.826,54.261173,22.376
22614,2023-08-01 06:00:00+00:00,34.076,51.053967,22.526
22615,2023-08-01 07:00:00+00:00,34.876,47.803574,22.175999
22616,2023-08-01 08:00:00+00:00,33.726,52.857582,22.776
22617,2023-08-01 09:00:00+00:00,32.776,56.26081,22.925999
22618,2023-08-01 10:00:00+00:00,33.176003,54.677364,22.825998
22619,2023-08-01 11:00:00+00:00,33.026,55.98099,23.075998
22620,2023-08-01 12:00:00+00:00,33.026,51.727657,21.776
22621,2023-08-01 13:00:00+00:00,32.376,53.00504,21.575998
22622,2023-08-01 14:00:00+00:00,32.026,51.951748,20.925999
22623,2023-08-01 15:00:00+00:00,31.175999,55.195065,21.126
22624,2023-08-01 16:00:00+00:00,31.476,51.4936,20.276
22625,2023-08-01 17:00:00+00:00,31.476,50.234783,19.876
22626,2023-08-01 18:00:00+00:00,31.276,51.125282,19.976
22627,2023-08-01 19:00:00+00:00,30.925999,52.155445,19.976
22628,2023-08-01 20:00:00+00:00,30.276,54.467392,20.075998
22629,2023-08-01 21:00:00+00:00,29.575998,57.23246,20.226
22630,2023-08-01 22:00:00+00:00,29.075998,59.27401,20.325998
22631,2023-08-01 23:00:00+00:00,28.526,61.763386,20.476
22632,2023-08-02 00:00:00+00:00,28.976,61.106808,20.726
22633,2023-08-02 01:00:00+00:00,28.776,62.58432,20.925999
22634,2023-08-02 02:00:00+00:00,29.325998,61.751236,21.226
22635,2023-08-02 03:00:00+00:00,30.276,59.187267,21.425999
22636,2023-08-02 04:00:00+00:00,31.825998,53.356796,21.175999
22637,2023-08-02 05:00:00+00:00,33.226,48.853092,21.026
22638,2023-08-02 06:00:00+00:00,34.376,44.014263,20.376
22639,2023-08-02 07:00:00+00:00,35.176003,41.843563,20.276
22640,2023-08-02 08:00:00+00:00,35.476,40.14926,19.876
22641,2023-08-02 09:00:00+00:00,35.676003,39.70859,19.876
22642,2023-08-02 10:00:00+00:00,35.376,40.622528,19.976
22643,2023-08-02 11:00:00+00:00,35.526,39.056847,19.476
22644,2023-08-02 12:00:00+00:00,34.576,41.811188,19.726
22645,2023-08-02 13:00:00+00:00,33.376,44.569347,19.675999
22646,2023-08-02 14:00:00+00:00,32.626,45.914757,19.476
22647,2023-08-02 15:00:00+00:00,31.425999,49.911434,19.726
22648,2023-08-02 16:00:00+00:00,30.776,52.11746,19.825998
22649,2023-08-02 17:00:00+00:00,30.075998,54.925907,20.026
22650,2023-08-02 18:00:00+00:00,30.226,53.452053,19.726
22651,2023-08-02 19:00:00+00:00,30.776,51.15606,19.526
22652,2023-08-02 20:00:00+00:00,30.325998,53.311516,19.776
22653,2023-08-02 21:00:00+00:00,29.726,55.696518,19.925999
22654,2023-08-02 22:00:00+00:00,29.175999,57.849213,20.026
22655,2023-08-02 23:00:00+00:00,28.626,60.2786,20.175999
22656,2023-08-03 00:00:00+00:00,29.575998,59.75598,20.925999
22657,2023-08-03 01:00:00+00:00,29.425999,60.833218,21.075998
22658,2023-08-03 02:00:00+00:00,30.175999,59.164177,21.325998
22659,2023-08-03 03:00:00+00:00,31.226,56.231754,21.476
22660,2023-08-03 04:00:00+00:00,32.576,51.613983,21.325998
22661,2023-08-03 05:00:00+00:00,33.776,47.225704,20.976
22662,2023-08-03 06:00:00+00:00,34.376,45.811806,21.026
22663,2023-08-03 07:00:00+00:00,35.276,43.714542,21.075998
22664,2023-08-03 08:00:00+00:00,36.176003,41.854908,21.175999
22665,2023-08-03 09:00:00+00:00,36.476,40.295452,20.825998
22666,2023-08-03 10:00:00+00:00,36.276,39.994175,20.526
22667,2023-08-03 11:00:00+00:00,35.776,41.49114,20.675999
22668,2023-08-03 12:00:00+00:00,33.926003,45.271946,20.425999
22669,2023-08-03 13:00:00+00:00,33.426003,45.842716,20.175999
22670,2023-08-03 14:00:00+00:00,32.776,46.672775,19.876
22671,2023-08-03 15:00:00+00:00,31.876,49.10711,19.876
22672,2023-08-03 16:00:00+00:00,30.925999,52.968334,20.226
22673,2023-08-03 17:00:00+00:00,29.825998,57.82431,20.626
22674,2023-08-03 18:00:00+00:00,29.825998,57.468967,20.526
22675,2023-08-03 19:00:00+00:00,31.276,50.652344,19.825998
22676,2023-08-03 20:00:00+00:00,30.476,53.34902,19.925999
22677,2023-08-03 21:00:00+00:00,29.776,55.7087,19.976
22678,2023-08-03 22:00:00+00:00,29.175999,57.492104,19.925999
22679,2023-08-03 23:00:00+00:00,28.526,59.883965,19.976
22680,2023-08-04 00:00:00+00:00,28.925999,56.5475,19.425999
22681,2023-08-04 01:00:00+00:00,28.925999,58.149357,19.876
22682,2023-08-04 02:00:00+00:00,29.776,57.10361,20.376
22683,2023-08-04 03:00:00+00:00,31.075998,54.496487,20.825998
22684,2023-08-04 04:00:00+00:00,32.526,51.128654,21.126
22685,2023-08-04 05:00:00+00:00,34.376,45.952705,21.075998
22686,2023-08-04 06:00:00+00:00,35.776,41.747387,20.776
22687,2023-08-04 07:00:00+00:00,36.426003,39.78878,20.575998
22688,2023-08-04 08:00:00+00:00,35.926003,41.531517,20.825998
22689,2023-08-04 09:00:00+00:00,36.876,39.78789,20.976
22690,2023-08-04 10:00:00+00:00,34.876,44.69372,21.075998
22691,2023-08-04 11:00:00+00:00,35.826,41.249763,20.626
22692,2023-08-04 12:00:00+00:00,36.226,38.764072,19.976
22693,2023-08-04 13:00:00+00:00,34.876,40.48709,19.476
22694,2023-08-04 14:00:00+00:00,31.626,55.643826,21.675999
22695,2023-08-04 15:00:00+00:00,30.526,60.524456,22.026
22696,2023-08-04 16:00:00+00:00,30.276,59.55074,21.526
22697,2023-08-04 17:00:00+00:00,30.075998,59.504795,21.325998
22698,2023-08-04 18:00:00+00:00,29.526,62.17506,21.526
22699,2023-08-04 19:00:00+00:00,28.976,63.790745,21.425999
22700,2023-08-04 20:00:00+00:00,28.675999,64.5131,21.325998
22701,2023-08-04 21:00:00+00:00,29.325998,60.252365,20.825998
22702,2023-08-04 22:00:00+00:00,29.726,58.33746,20.675999
22703,2023-08-04 23:00:00+00:00,29.325998,59.514977,20.626
22704,2023-08-05 00:00:00+00:00,30.126,58.7909,21.175999
22705,2023-08-05 01:00:00+00:00,29.825998,60.181297,21.276
22706,2023-08-05 02:00:00+00:00,30.526,57.811756,21.276
22707,2023-08-05 03:00:00+00:00,31.226,56.059845,21.425999
22708,2023-08-05 04:00:00+00:00,32.676003,51.797626,21.476
22709,2023-08-05 05:00:00+00:00,34.326,47.514835,21.575998
22710,2023-08-05 06:00:00+00:00,35.576,44.198677,21.526
22711,2023-08-05 07:00:00+00:00,36.876,38.581676,20.476
22712,2023-08-05 08:00:00+00:00,36.826,37.859898,20.126
22713,2023-08-05 09:00:00+00:00,37.326,37.06893,20.226
22714,2023-08-05 10:00:00+00:00,37.376,37.42751,20.425999
22715,2023-08-05 11:00:00+00:00,37.276,36.713108,20.026
22716,2023-08-05 12:00:00+00:00,36.976,35.400356,19.175999
22717,2023-08-05 13:00:00+00:00,33.526,49.68558,21.575998
22718,2023-08-05 14:00:00+00:00,30.226,72.68805,24.776
22719,2023-08-05 15:00:00+00:00,29.075998,76.51446,24.526
22720,2023-08-05 16:00:00+00:00,29.425999,76.796265,24.925999
22721,2023-08-05 17:00:00+00:00,28.575998,79.95004,24.776
22722,2023-08-05 18:00:00+00:00,28.476,77.57899,24.175999
22723,2023-08-05 19:00:00+00:00,27.976,79.87021,24.175999
22724,2023-08-05 20:00:00+00:00,28.026,78.923874,24.026
22725,2023-08-05 21:00:00+00:00,28.425999,70.85778,22.626
22726,2023-08-05 22:00:00+00:00,27.776,74.49091,22.825998
22727,2023-08-05 23:00:00+00:00,27.376,76.71766,22.925999
22728,2023-08-06 00:00:00+00:00,25.376,89.24629,23.476
22729,2023-08-06 01:00:00+00:00,26.675999,85.42004,24.026
22730,2023-08-06 02:00:00+00:00,28.226,81.837494,24.825998
22731,2023-08-06 03:00:00+00:00,30.876,67.15908,24.075998
22732,2023-08-06 04:00:00+00:00,33.376,51.187874,21.925999
22733,2023-08-06 05:00:00+00:00,34.876,45.245586,21.276
22734,2023-08-06 06:00:00+00:00,36.026,41.68636,20.976
22735,2023-08-06 07:00:00+00:00,36.926003,39.557533,20.925999
22736,2023-08-06 08:00:00+00:00,37.676003,37.16369,20.575998
22737,2023-08-06 09:00:00+00:00,37.926003,36.212967,20.376
22738,2023-08-06 10:00:00+00:00,37.976,35.561245,20.126
22739,2023-08-06 11:00:00+00:00,37.276,37.05537,20.175999
22740,2023-08-06 12:00:00+00:00,34.676003,42.62265,20.126
22741,2023-08-06 13:00:00+00:00,33.376,48.146954,20.925999
22742,2023-08-06 14:00:00+00:00,30.876,60.787857,22.425999
22743,2023-08-06 15:00:00+00:00,30.675999,57.84709,21.425999
22744,2023-08-06 16:00:00+00:00,30.575998,58.89537,21.626
22745,2023-08-06 17:00:00+00:00,29.276,67.452324,22.626
22746,2023-08-06 18:00:00+00:00,29.126,66.203445,22.175999
22747,2023-08-06 19:00:00+00:00,28.925999,67.38312,22.276
22748,2023-08-06 20:00:00+00:00,28.925999,69.04088,22.675999
22749,2023-08-06 21:00:00+00:00,28.626,70.25221,22.675999
22750,2023-08-06 22:00:00+00:00,28.026,72.74744,22.675999
22751,2023-08-06 23:00:00+00:00,27.925999,72.28979,22.476
22752,2023-08-07 00:00:00+00:00,30.476,57.79997,21.226
22753,2023-08-07 01:00:00+00:00,30.476,58.33391,21.376
22754,2023-08-07 02:00:00+00:00,31.376,55.583286,21.425999
22755,2023-08-07 03:00:00+00:00,32.276,52.656612,21.376
22756,2023-08-07 04:00:00+00:00,33.526,48.18604,21.075998
22757,2023-08-07 05:00:00+00:00,34.376,45.811806,21.026
22758,2023-08-07 06:00:00+00:00,35.576,42.470856,20.876
22759,2023-08-07 07:00:00+00:00,36.526,39.206837,20.425999
22760,2023-08-07 08:00:00+00:00,37.276,37.2851,20.276
22761,2023-08-07 09:00:00+00:00,37.676003,36.369465,20.226
22762,2023-08-07 10:00:00+00:00,37.876,35.534184,20.026
22763,2023-08-07 11:00:00+00:00,37.826,35.192074,19.825998
22764,2023-08-07 12:00:00+00:00,36.526,36.39604,19.226
22765,2023-08-07 13:00:00+00:00,35.676003,37.19742,18.825998
22766,2023-08-07 14:00:00+00:00,34.176003,41.058666,19.075998
22767,2023-08-07 15:00:00+00:00,31.776,52.369892,20.825998
22768,2023-08-07 16:00:00+00:00,30.675999,61.29984,22.376
22769,2023-08-07 17:00:00+00:00,29.476,70.4086,23.526
22770,2023-08-07 18:00:00+00:00,29.126,73.15598,23.825998
22771,2023-08-07 19:00:00+00:00,29.026,75.82262,24.325998
22772,2023-08-07 20:00:00+00:00,28.626,75.306114,23.825998
22773,2023-08-07 21:00:00+00:00,28.575998,74.172935,23.526
22774,2023-08-07 22:00:00+00:00,28.575998,75.525024,23.825998
22775,2023-08-07 23:00:00+00:00,28.226,77.07756,23.825998
22776,2023-08-08 00:00:00+00:00,27.325998,84.21606,24.425999
22777,2023-08-08 01:00:00+00:00,26.476,88.53103,24.425999
22778,2023-08-08 02:00:00+00:00,26.825998,80.92986,23.276
22779,2023-08-08 03:00:00+00:00,29.425999,68.92719,23.126
22780,2023-08-08 04:00:00+00:00,32.476,55.679535,22.476
22781,2023-08-08 05:00:00+00:00,35.226,43.835606,21.075998
22782,2023-08-08 06:00:00+00:00,36.326,39.76175,20.476
22783,2023-08-08 07:00:00+00:00,37.376,37.197166,20.325998
22784,2023-08-08 08:00:00+00:00,38.226,34.866276,20.026
22785,2023-08-08 09:00:00+00:00,38.526,33.46488,19.626
22786,2023-08-08 10:00:00+00:00,38.476,32.52783,19.126
22787,2023-08-08 11:00:00+00:00,37.526,32.9878,18.526
22788,2023-08-08 12:00:00+00:00,35.726,37.44404,18.976
22789,2023-08-08 13:00:00+00:00,33.476,44.59609,19.776
22790,2023-08-08 14:00:00+00:00,29.976,71.99571,24.376
22791,2023-08-08 15:00:00+00:00,29.276,73.84355,24.126
22792,2023-08-08 16:00:00+00:00,29.376,75.199425,24.526
22793,2023-08-08 17:00:00+00:00,29.175999,75.61927,24.425999
22794,2023-08-08 18:00:00+00:00,28.876,73.99936,23.776
22795,2023-08-08 19:00:00+00:00,28.675999,74.6375,23.726
22796,2023-08-08 20:00:00+00:00,28.575998,75.07195,23.726
22797,2023-08-08 21:00:00+00:00,28.526,72.833496,23.175999
22798,2023-08-08 22:00:00+00:00,28.226,70.82138,22.425999
22799,2023-08-08 23:00:00+00:00,28.726,64.92003,21.476
22800,2023-08-09 00:00:00+00:00,27.726,78.40859,23.626
22801,2023-08-09 01:00:00+00:00,29.476,68.93668,23.175999
22802,2023-08-09 02:00:00+00:00,31.575998,56.1441,21.776
22803,2023-08-09 03:00:00+00:00,33.126,50.812798,21.575998
22804,2023-08-09 04:00:00+00:00,34.476,47.40887,21.675999
22805,2023-08-09 05:00:00+00:00,35.876,43.874462,21.675999
22806,2023-08-09 06:00:00+00:00,37.176003,39.503593,21.126
22807,2023-08-09 07:00:00+00:00,38.226,35.960114,20.526
22808,2023-08-09 08:00:00+00:00,36.526,38.845387,20.276
22809,2023-08-09 09:00:00+00:00,35.426003,45.808464,21.976
22810,2023-08-09 10:00:00+00:00,34.726,50.602257,22.976
22811,2023-08-09 11:00:00+00:00,34.026,51.04129,22.476
22812,2023-08-09 12:00:00+00:00,33.126,52.388023,22.075998
22813,2023-08-09 13:00:00+00:00,32.376,56.85101,22.726
22814,2023-08-09 14:00:00+00:00,31.276,65.644966,24.075998
22815,2023-08-09 15:00:00+00:00,30.376,68.282005,23.876
22816,2023-08-09 16:00:00+00:00,29.876,68.39137,23.425999
22817,2023-08-09 17:00:00+00:00,29.575998,69.7931,23.476
22818,2023-08-09 18:00:00+00:00,29.175999,72.50724,23.726
22819,2023-08-09 19:00:00+00:00,28.825998,74.21407,23.776
22820,2023-08-09 20:00:00+00:00,28.575998,74.172935,23.526
22821,2023-08-09 21:00:00+00:00,28.976,69.0504,22.726
22822,2023-08-09 22:00:00+00:00,28.925999,66.97416,22.175999
22823,2023-08-09 23:00:00+00:00,27.976,66.17149,21.075998
22824,2023-08-10 00:00:00+00:00,25.825998,84.563805,23.026
22825,2023-08-10 01:00:00+00:00,25.026,93.066635,23.825998
22826,2023-08-10 02:00:00+00:00,24.626,95.60284,23.876
22827,2023-08-10 03:00:00+00:00,24.575998,95.88914,23.876
22828,2023-08-10 04:00:00+00:00,26.425999,89.861465,24.626
22829,2023-08-10 05:00:00+00:00,29.126,76.75116,24.626
22830,2023-08-10 06:00:00+00:00,31.776,64.77014,24.325998
22831,2023-08-10 07:00:00+00:00,33.376,58.652332,24.175999
22832,2023-08-10 08:00:00+00:00,34.476,53.68645,23.726
22833,2023-08-10 09:00:00+00:00,34.526,49.488785,22.425999
22834,2023-08-10 10:00:00+00:00,34.526,47.56702,21.776
22835,2023-08-10 11:00:00+00:00,33.826,48.8587,21.575998
22836,2023-08-10 12:00:00+00:00,33.426003,49.205666,21.325998
22837,2023-08-10 13:00:00+00:00,32.226,55.9587,22.325998
22838,2023-08-10 14:00:00+00:00,30.925999,65.37633,23.675999
22839,2023-08-10 15:00:00+00:00,30.226,69.70429,24.075998
22840,2023-08-10 16:00:00+00:00,29.675999,71.94312,24.075998
22841,2023-08-10 17:00:00+00:00,29.376,72.97893,24.026
22842,2023-08-10 18:00:00+00:00,29.325998,71.881584,23.726
22843,2023-08-10 19:00:00+00:00,29.325998,68.285164,22.876
22844,2023-08-10 20:00:00+00:00,27.726,69.44581,21.626
22845,2023-08-10 21:00:00+00:00,27.626,69.21474,21.476
22846,2023-08-10 22:00:00+00:00,27.776,68.19175,21.376
22847,2023-08-10 23:00:00+00:00,27.476,71.33508,21.825998
22848,2023-08-11 00:00:00+00:00,26.325998,90.12345,24.575998
22849,2023-08-11 01:00:00+00:00,26.925999,90.70352,25.276
22850,2023-08-11 02:00:00+00:00,27.276,90.72648,25.626
22851,2023-08-11 03:00:00+00:00,29.075998,82.42789,25.776
22852,2023-08-11 04:00:00+00:00,31.825998,65.75702,24.626
22853,2023-08-11 05:00:00+00:00,34.076,51.520958,22.675999
22854,2023-08-11 06:00:00+00:00,35.626,45.167522,21.925999
22855,2023-08-11 07:00:00+00:00,36.476,41.935413,21.476
22856,2023-08-11 08:00:00+00:00,36.626,41.464977,21.425999
22857,2023-08-11 09:00:00+00:00,36.126,42.357925,21.325998
22858,2023-08-11 10:00:00+00:00,34.676003,46.173077,21.425999
22859,2023-08-11 11:00:00+00:00,33.426003,55.571472,23.325998
22860,2023-08-11 12:00:00+00:00,31.976,59.757824,23.175999
22861,2023-08-11 13:00:00+00:00,30.425999,68.0867,23.876
22862,2023-08-11 14:00:00+00:00,29.726,74.58389,24.726
22863,2023-08-11 15:00:00+00:00,29.126,79.07582,25.126
22864,2023-08-11 16:00:00+00:00,29.226,76.99582,24.776
22865,2023-08-11 17:00:00+00:00,29.175999,76.07326,24.526
22866,2023-08-11 18:00:00+00:00,28.776,73.53849,23.575998
22867,2023-08-11 19:00:00+00:00,28.575998,71.74908,22.976
22868,2023-08-11 20:00:00+00:00,28.276,73.23248,23.026
22869,2023-08-11 21:00:00+00:00,27.976,75.20269,23.175999
22870,2023-08-11 22:00:00+00:00,27.476,75.80909,22.825998
22871,2023-08-11 23:00:00+00:00,26.526,81.6289,23.126
22872,2023-08-12 00:00:00+00:00,26.126,85.88086,23.575998
22873,2023-08-12 01:00:00+00:00,26.776,81.9065,23.425999
22874,2023-08-12 02:00:00+00:00,27.776,80.565895,24.126
22875,2023-08-12 03:00:00+00:00,29.626,71.28884,23.876
22876,2023-08-12 04:00:00+00:00,32.726,56.59052,22.976
22877,2023-08-12 05:00:00+00:00,34.226,50.93712,22.626
22878,2023-08-12 06:00:00+00:00,35.826,45.082798,22.075998
22879,2023-08-12 07:00:00+00:00,37.176003,40.60809,21.575998
22880,2023-08-12 08:00:00+00:00,37.826,38.130497,21.126
22881,2023-08-12 09:00:00+00:00,38.576,35.50406,20.626
22882,2023-08-12 10:00:00+00:00,38.676003,34.55848,20.276
22883,2023-08-12 11:00:00+00:00,34.276,48.825825,21.976
22884,2023-08-12 12:00:00+00:00,35.226,40.33103,19.726
22885,2023-08-12 13:00:00+00:00,33.076,49.115223,20.976
22886,2023-08-12 14:00:00+00:00,30.425999,68.0867,23.876
22887,2023-08-12 15:00:00+00:00,28.476,76.423096,23.925999
22888,2023-08-12 16:00:00+00:00,28.425999,79.45348,24.526
22889,2023-08-12 17:00:00+00:00,28.126,80.8527,24.526
22890,2023-08-12 18:00:00+00:00,27.575998,81.51323,24.126
22891,2023-08-12 19:00:00+00:00,27.126,82.44353,23.876
22892,2023-08-12 20:00:00+00:00,26.825998,81.174576,23.325998
22893,2023-08-12 21:00:00+00:00,26.776,78.98829,22.825998
22894,2023-08-12 22:00:00+00:00,26.675999,77.078804,22.325998
22895,2023-08-12 23:00:00+00:00,27.126,73.25938,21.925999
22896,2023-08-13 00:00:00+00:00,27.376,81.48841,23.925999
22897,2023-08-13 01:00:00+00:00,28.726,68.79343,22.425999
22898,2023-08-13 02:00:00+00:00,30.325998,61.4087,22.075998
22899,2023-08-13 03:00:00+00:00,32.076,55.413834,22.026
22900,2023-08-13 04:00:00+00:00,33.676003,49.5724,21.675999
22901,2023-08-13 05:00:00+00:00,34.826,45.37126,21.276
22902,2023-08-13 06:00:00+00:00,35.526,43.114872,21.075998
22903,2023-08-13 07:00:00+00:00,36.426003,41.41125,21.226
22904,2023-08-13 08:00:00+00:00,37.276,38.928463,20.976
22905,2023-08-13 09:00:00+00:00,36.976,38.84737,20.675999
22906,2023-08-13 10:00:00+00:00,36.976,38.253212,20.425999
22907,2023-08-13 11:00:00+00:00,36.226,39.612213,20.325998
22908,2023-08-13 12:00:00+00:00,34.126,47.462585,21.376
22909,2023-08-13 13:00:00+00:00,32.326,56.83914,22.675999
22910,2023-08-13 14:00:00+00:00,30.925999,60.799107,22.476
22911,2023-08-13 15:00:00+00:00,30.476,63.72246,22.825998
22912,2023-08-13 16:00:00+00:00,30.276,67.64902,23.626
22913,2023-08-13 17:00:00+00:00,29.425999,66.870735,22.626
22914,2023-08-13 18:00:00+00:00,28.776,69.4326,22.626
22915,2023-08-13 19:00:00+00:00,28.425999,72.5964,23.026
22916,2023-08-13 20:00:00+00:00,28.175999,74.10694,23.126
22917,2023-08-13 21:00:00+00:00,27.976,74.52359,23.026
22918,2023-08-13 22:00:00+00:00,28.126,72.10563,22.626
22919,2023-08-13 23:00:00+00:00,28.075998,69.08911,21.876
22920,2023-08-14 00:00:00+00:00,28.126,77.52772,23.825998
22921,2023-08-14 01:00:00+00:00,28.325998,78.96547,24.325998
22922,2023-08-14 02:00:00+00:00,29.526,73.443596,24.276
22923,2023-08-14 03:00:00+00:00,31.325998,63.32802,23.526
22924,2023-08-14 04:00:00+00:00,33.726,51.276474,22.276
22925,2023-08-14 05:00:00+00:00,35.526,45.14108,21.825998
22926,2023-08-14 06:00:00+00:00,36.576,41.07215,21.226
22927,2023-08-14 07:00:00+00:00,37.276,38.689873,20.876
22928,2023-08-14 08:00:00+00:00,37.676003,36.935234,20.476
22929,2023-08-14 09:00:00+00:00,36.426003,38.578938,20.075998
22930,2023-08-14 10:00:00+00:00,33.376,55.55944,23.276
22931,2023-08-14 11:00:00+00:00,32.626,57.255703,23.075998
22932,2023-08-14 12:00:00+00:00,31.925999,59.02776,22.925999
22933,2023-08-14 13:00:00+00:00,31.126,64.829735,23.726
22934,2023-08-14 14:00:00+00:00,29.425999,73.647354,24.226
22935,2023-08-14 15:00:00+00:00,28.776,74.429474,23.776
22936,2023-08-14 16:00:00+00:00,28.325998,77.324455,23.976
22937,2023-08-14 17:00:00+00:00,28.325998,76.63034,23.825998
22938,2023-08-14 18:00:00+00:00,27.876,79.617455,24.026
22939,2023-08-14 19:00:00+00:00,27.626,80.78874,24.026
22940,2023-08-14 20:00:00+00:00,27.476,81.01262,23.925999
22941,2023-08-14 21:00:00+00:00,27.425999,80.52051,23.776
22942,2023-08-14 22:00:00+00:00,27.276,80.017365,23.526
22943,2023-08-14 23:00:00+00:00,26.925999,81.43243,23.476
22944,2023-08-15 00:00:00+00:00,27.776,76.54675,23.276
22945,2023-08-15 01:00:00+00:00,28.376,73.91645,23.276
22946,2023-08-15 02:00:00+00:00,30.726,65.92852,23.626
22947,2023-08-15 03:00:00+00:00,32.526,52.55818,21.575998
22948,2023-08-15 04:00:00+00:00,33.726,48.53466,21.376
22949,2023-08-15 05:00:00+00:00,35.426003,42.561375,20.776
22950,2023-08-15 06:00:00+00:00,36.626,38.51396,20.226
22951,2023-08-15 07:00:00+00:00,37.376,35.952374,19.776
22952,2023-08-15 08:00:00+00:00,37.976,34.050514,19.425999
22953,2023-08-15 09:00:00+00:00,37.726,33.561794,18.976
22954,2023-08-15 10:00:00+00:00,36.976,33.77979,18.425999
22955,2023-08-15 11:00:00+00:00,35.426003,41.9109,20.526
22956,2023-08-15 12:00:00+00:00,33.226,52.413067,22.175999
22957,2023-08-15 13:00:00+00:00,31.226,64.65573,23.776
22958,2023-08-15 14:00:00+00:00,30.425999,71.43146,24.675999
22959,2023-08-15 15:00:00+00:00,29.776,74.59199,24.776
22960,2023-08-15 16:00:00+00:00,29.075998,81.21424,25.526
22961,2023-08-15 17:00:00+00:00,28.425999,85.34069,25.726
22962,2023-08-15 18:00:00+00:00,28.776,80.694725,25.126
22963,2023-08-15 19:00:00+00:00,27.726,84.51085,24.876
22964,2023-08-15 20:00:00+00:00,27.626,82.25586,24.325998
22965,2023-08-15 21:00:00+00:00,27.526,82.98664,24.376
22966,2023-08-15 22:00:00+00:00,27.126,84.70073,24.325998
22967,2023-08-15 23:00:00+00:00,27.325998,81.97342,23.976
22968,2023-08-16 00:00:00+00:00,28.776,67.353386,22.126
22969,2023-08-16 01:00:00+00:00,28.925999,66.77051,22.126
22970,2023-08-16 02:00:00+00:00,30.675999,60.37417,22.126
22971,2023-08-16 03:00:00+00:00,32.676003,53.241974,21.925999
22972,2023-08-16 04:00:00+00:00,33.926003,48.88454,21.675999
22973,2023-08-16 05:00:00+00:00,35.476,43.90226,21.325998
22974,2023-08-16 06:00:00+00:00,36.476,40.295452,20.825998
22975,2023-08-16 07:00:00+00:00,37.326,37.298653,20.325998
22976,2023-08-16 08:00:00+00:00,38.076,34.610516,19.776
22977,2023-08-16 09:00:00+00:00,38.176003,33.893387,19.526
22978,2023-08-16 10:00:00+00:00,37.676003,34.609753,19.425999
22979,2023-08-16 11:00:00+00:00,36.276,37.013664,19.276
22980,2023-08-16 12:00:00+00:00,34.076,46.727333,21.075998
22981,2023-08-16 13:00:00+00:00,32.126,56.791607,22.476
22982,2023-08-16 14:00:00+00:00,30.976,62.303516,22.925999
22983,2023-08-16 15:00:00+00:00,30.425999,64.099106,22.876
22984,2023-08-16 16:00:00+00:00,29.726,66.124344,22.726
22985,2023-08-16 17:00:00+00:00,29.226,74.72646,24.276
22986,2023-08-16 18:00:00+00:00,28.626,80.916336,25.026
22987,2023-08-16 19:00:00+00:00,28.675999,80.681915,25.026
22988,2023-08-16 20:00:00+00:00,28.325998,78.96547,24.325998
22989,2023-08-16 21:00:00+00:00,28.026,80.357124,24.325998
22990,2023-08-16 22:00:00+00:00,28.175999,78.2371,24.026
22991,2023-08-16 23:00:00+00:00,27.825998,78.65913,23.776
22992,2023-08-17 00:00:00+00:00,27.925999,84.029564,24.976
22993,2023-08-17 01:00:00+00:00,28.825998,76.47645,24.276
22994,2023-08-17 02:00:00+00:00,30.776,61.69568,22.575998
22995,2023-08-17 03:00:00+00:00,32.876,53.45415,22.175999
22996,2023-08-17 04:00:00+00:00,34.376,48.554714,21.976
22997,2023-08-17 05:00:00+00:00,35.676003,44.90591,21.876
22998,2023-08-17 06:00:00+00:00,36.676003,40.22563,20.976
22999,2023-08-17 07:00:00+00:00,37.726,36.49554,20.325998
23000,2023-08-17 08:00:00+00:00,37.226,36.699562,19.976
23001,2023-08-17 09:00:00+00:00,37.126,36.672436,19.876
23002,2023-08-17 10:00:00+00:00,34.876,43.2064,20.526
23003,2023-08-17 11:00:00+00:00,31.376,59.62106,22.575998
23004,2023-08-17 12:00:00+00:00,34.026,44.33007,20.175999
23005,2023-08-17 13:00:00+00:00,33.176003,49.443645,21.175999
23006,2023-08-17 14:00:00+00:00,32.276,52.014835,21.175999
23007,2023-08-17 15:00:00+00:00,31.075998,56.714413,21.476
23008,2023-08-17 16:00:00+00:00,30.126,66.60687,23.226
23009,2023-08-17 17:00:00+00:00,28.825998,77.86263,24.575998
23010,2023-08-17 18:00:00+00:00,28.425999,75.50138,23.675999
23011,2023-08-17 19:00:00+00:00,28.175999,71.027855,22.425999
23012,2023-08-17 20:00:00+00:00,27.876,72.28101,22.425999
23013,2023-08-17 21:00:00+00:00,27.825998,74.27374,22.825998
23014,2023-08-17 22:00:00+00:00,27.976,73.181465,22.726
23015,2023-08-17 23:00:00+00:00,28.476,66.67994,21.675999
23016,2023-08-18 00:00:00+00:00,28.226,69.965,22.226
23017,2023-08-18 01:00:00+00:00,28.776,68.80302,22.476
23018,2023-08-18 02:00:00+00:00,30.026,62.284897,22.026
23019,2023-08-18 03:00:00+00:00,31.126,57.600067,21.776
23020,2023-08-18 04:00:00+00:00,32.326,53.317757,21.626
23021,2023-08-18 05:00:00+00:00,34.076,46.870995,21.126
23022,2023-08-18 06:00:00+00:00,35.276,43.18055,20.876
23023,2023-08-18 07:00:00+00:00,36.576,38.979095,20.376
23024,2023-08-18 08:00:00+00:00,36.476,38.354443,20.026
23025,2023-08-18 09:00:00+00:00,36.276,37.244717,19.376
23026,2023-08-18 10:00:00+00:00,36.376,35.792442,18.825998
23027,2023-08-18 11:00:00+00:00,36.276,35.765236,18.726
23028,2023-08-18 12:00:00+00:00,35.526,37.040512,18.626
23029,2023-08-18 13:00:00+00:00,34.526,38.66329,18.425999
23030,2023-08-18 14:00:00+00:00,33.226,42.496086,18.776
23031,2023-08-18 15:00:00+00:00,31.526,52.79253,20.726
23032,2023-08-18 16:00:00+00:00,30.075998,63.444004,22.376
23033,2023-08-18 17:00:00+00:00,29.026,71.6123,23.376
23034,2023-08-18 18:00:00+00:00,28.376,70.63389,22.526
23035,2023-08-18 19:00:00+00:00,28.075998,71.66027,22.476
23036,2023-08-18 20:00:00+00:00,27.976,75.20269,23.175999
23037,2023-08-18 21:00:00+00:00,27.976,71.86055,22.425999
23038,2023-08-18 22:00:00+00:00,27.726,72.0352,22.226
23039,2023-08-18 23:00:00+00:00,28.726,61.42818,20.575998
23040,2023-08-19 00:00:00+00:00,28.026,66.58905,21.226
23041,2023-08-19 01:00:00+00:00,28.776,63.163784,21.075998
23042,2023-08-19 02:00:00+00:00,29.325998,62.131016,21.325998
23043,2023-08-19 03:00:00+00:00,30.726,57.681973,21.425999
23044,2023-08-19 04:00:00+00:00,32.426003,52.21238,21.376
23045,2023-08-19 05:00:00+00:00,33.926003,47.555927,21.226
23046,2023-08-19 06:00:00+00:00,35.126,43.674484,20.925999
23047,2023-08-19 07:00:00+00:00,35.976,40.78464,20.575998
23048,2023-08-19 08:00:00+00:00,36.526,38.725555,20.226
23049,2023-08-19 09:00:00+00:00,37.126,36.108147,19.626
23050,2023-08-19 10:00:00+00:00,37.776,33.68016,19.075998
23051,2023-08-19 11:00:00+00:00,37.226,34.811947,19.126
23052,2023-08-19 12:00:00+00:00,34.176003,42.487984,19.626
23053,2023-08-19 13:00:00+00:00,33.326,43.461445,19.226
23054,2023-08-19 14:00:00+00:00,32.326,47.135868,19.626
23055,2023-08-19 15:00:00+00:00,31.675999,48.6003,19.526
23056,2023-08-19 16:00:00+00:00,31.026,51.698383,19.925999
23057,2023-08-19 17:00:00+00:00,30.376,56.026806,20.626
23058,2023-08-19 18:00:00+00:00,29.776,58.89026,20.876
23059,2023-08-19 19:00:00+00:00,29.626,58.49398,20.626
23060,2023-08-19 20:00:00+00:00,29.226,60.78808,20.876
23061,2023-08-19 21:00:00+00:00,28.726,63.152954,21.026
23062,2023-08-19 22:00:00+00:00,28.325998,64.836205,21.075998
23063,2023-08-19 23:00:00+00:00,28.126,65.595474,21.075998
23064,2023-08-20 00:00:00+00:00,28.976,63.790745,21.425999
23065,2023-08-20 01:00:00+00:00,29.075998,63.61715,21.476
23066,2023-08-20 02:00:00+00:00,30.376,58.848972,21.425999
23067,2023-08-20 03:00:00+00:00,31.526,54.774666,21.325998
23068,2023-08-20 04:00:00+00:00,32.926003,49.98954,21.126
23069,2023-08-20 05:00:00+00:00,34.426003,45.26526,20.876
23070,2023-08-20 06:00:00+00:00,35.876,40.133343,20.226
23071,2023-08-20 07:00:00+00:00,37.076,36.432247,19.726
23072,2023-08-20 08:00:00+00:00,38.026,33.22627,19.075998
23073,2023-08-20 09:00:00+00:00,38.526,31.051601,18.425999
23074,2023-08-20 10:00:00+00:00,38.126,30.653875,17.876
23075,2023-08-20 11:00:00+00:00,36.026,36.94565,19.026
23076,2023-08-20 12:00:00+00:00,33.876,46.388435,20.776
23077,2023-08-20 13:00:00+00:00,29.575998,68.95574,23.276
23078,2023-08-20 14:00:00+00:00,29.376,69.96672,23.325998
23079,2023-08-20 15:00:00+00:00,29.575998,70.00382,23.526
23080,2023-08-20 16:00:00+00:00,28.925999,71.16325,23.175999
23081,2023-08-20 17:00:00+00:00,28.626,76.90613,24.175999
23082,2023-08-20 18:00:00+00:00,28.376,77.33183,24.026
23083,2023-08-20 19:00:00+00:00,28.425999,74.14822,23.376
23084,2023-08-20 20:00:00+00:00,28.126,76.59999,23.626
23085,2023-08-20 21:00:00+00:00,27.925999,77.73208,23.675999
23086,2023-08-20 22:00:00+00:00,27.776,77.710205,23.526
23087,2023-08-20 23:00:00+00:00,27.526,78.14406,23.376
23088,2023-08-21 00:00:00+00:00,27.825998,81.30026,24.325998
23089,2023-08-21 01:00:00+00:00,28.376,78.972404,24.376
23090,2023-08-21 02:00:00+00:00,30.425999,68.29165,23.925999
23091,2023-08-21 03:00:00+00:00,32.126,55.089035,21.976
23092,2023-08-21 04:00:00+00:00,32.626,53.55531,21.976
23093,2023-08-21 05:00:00+00:00,34.126,48.936214,21.876
23094,2023-08-21 06:00:00+00:00,35.426003,45.252663,21.776
23095,2023-08-21 07:00:00+00:00,36.076,42.60487,21.376
23096,2023-08-21 08:00:00+00:00,36.976,39.814873,21.075998
23097,2023-08-21 09:00:00+00:00,37.376,38.008846,20.675999
23098,2023-08-21 10:00:00+00:00,35.826,41.88949,20.876
23099,2023-08-21 11:00:00+00:00,33.126,58.594692,23.925999
23100,2023-08-21 12:00:00+00:00,30.325998,74.68077,25.325998
23101,2023-08-21 13:00:00+00:00,29.575998,69.582924,23.425999
23102,2023-08-21 14:00:00+00:00,29.476,71.26199,23.726
23103,2023-08-21 15:00:00+00:00,29.226,74.502785,24.226
23104,2023-08-21 16:00:00+00:00,28.476,75.736824,23.776
23105,2023-08-21 17:00:00+00:00,27.925999,81.80094,24.526
23106,2023-08-21 18:00:00+00:00,27.626,84.24828,24.726
23107,2023-08-21 19:00:00+00:00,27.425999,84.226814,24.526
23108,2023-08-21 20:00:00+00:00,27.526,82.7384,24.325998
23109,2023-08-21 21:00:00+00:00,27.376,85.490005,24.726
23110,2023-08-21 22:00:00+00:00,27.425999,85.24002,24.726
23111,2023-08-21 23:00:00+00:00,27.376,83.468216,24.325998
23112,2023-08-22 00:00:00+00:00,28.226,80.38323,24.526
23113,2023-08-22 01:00:00+00:00,28.976,74.91064,24.075998
23114,2023-08-22 02:00:00+00:00,30.976,63.444427,23.226
23115,2023-08-22 03:00:00+00:00,33.026,54.14552,22.526
23116,2023-08-22 04:00:00+00:00,34.376,47.382748,21.575998
23117,2023-08-22 05:00:00+00:00,35.176003,44.77339,21.376
23118,2023-08-22 06:00:00+00:00,36.576,40.44656,20.976
23119,2023-08-22 07:00:00+00:00,37.426003,37.905476,20.675999
23120,2023-08-22 08:00:00+00:00,37.876,36.648975,20.526
23121,2023-08-22 09:00:00+00:00,37.376,38.479607,20.876
23122,2023-08-22 10:00:00+00:00,35.676003,44.632553,21.776
23123,2023-08-22 11:00:00+00:00,33.526,57.1229,23.876
23124,2023-08-22 12:00:00+00:00,32.976,55.631237,22.925999
23125,2023-08-22 13:00:00+00:00,31.825998,66.94578,24.925999
23126,2023-08-22 14:00:00+00:00,30.726,72.99035,25.325998
23127,2023-08-22 15:00:00+00:00,30.675999,70.20663,24.626
23128,2023-08-22 16:00:00+00:00,30.476,67.48486,23.776
23129,2023-08-22 17:00:00+00:00,30.026,68.6267,23.626
23130,2023-08-22 18:00:00+00:00,29.575998,70.63934,23.675999
23131,2023-08-22 19:00:00+00:00,29.425999,70.18745,23.425999
23132,2023-08-22 20:00:00+00:00,28.976,71.81985,23.376
23133,2023-08-22 21:00:00+00:00,28.175999,76.83854,23.726
23134,2023-08-22 22:00:00+00:00,28.026,75.66629,23.325998
23135,2023-08-22 23:00:00+00:00,27.726,78.40859,23.626
23136,2023-08-23 00:00:00+00:00,27.925999,85.03698,25.175999
23137,2023-08-23 01:00:00+00:00,27.776,86.55402,25.325998
23138,2023-08-23 02:00:00+00:00,29.526,75.673996,24.776
23139,2023-08-23 03:00:00+00:00,30.925999,65.179756,23.626
23140,2023-08-23 04:00:00+00:00,33.626,50.01598,21.776
23141,2023-08-23 05:00:00+00:00,35.226,45.061695,21.526
23142,2023-08-23 06:00:00+00:00,36.676003,41.73302,21.575998
23143,2023-08-23 07:00:00+00:00,37.676003,38.679115,21.226
23144,2023-08-23 08:00:00+00:00,38.026,36.68954,20.675999
23145,2023-08-23 09:00:00+00:00,37.026,37.797184,20.276
23146,2023-08-23 10:00:00+00:00,35.326,50.44916,23.476
23147,2023-08-23 11:00:00+00:00,34.326,51.117184,22.776
23148,2023-08-23 12:00:00+00:00,33.626,52.353832,22.526
23149,2023-08-23 13:00:00+00:00,30.675999,67.72726,24.026
23150,2023-08-23 14:00:00+00:00,30.126,69.47661,23.925999
23151,2023-08-23 15:00:00+00:00,29.976,77.33652,25.575998
23152,2023-08-23 16:00:00+00:00,29.575998,77.2777,25.175999
23153,2023-08-23 17:00:00+00:00,29.526,79.83838,25.675999
23154,2023-08-23 18:00:00+00:00,29.026,84.647255,26.175999
23155,2023-08-23 19:00:00+00:00,28.325998,88.67826,26.276
23156,2023-08-23 20:00:00+00:00,27.925999,89.437386,26.026
23157,2023-08-23 21:00:00+00:00,28.175999,86.07889,25.626
23158,2023-08-23 22:00:00+00:00,27.825998,84.018715,24.876
23159,2023-08-23 23:00:00+00:00,27.675999,81.03801,24.126
23160,2023-08-24 00:00:00+00:00,27.626,89.15038,25.675999
23161,2023-08-24 01:00:00+00:00,28.026,86.32053,25.526
23162,2023-08-24 02:00:00+00:00,30.226,72.68805,24.776
23163,2023-08-24 03:00:00+00:00,33.076,53.993614,22.526
23164,2023-08-24 04:00:00+00:00,34.576,43.796814,20.476
23165,2023-08-24 05:00:00+00:00,36.026,40.05007,20.325998
23166,2023-08-24 06:00:00+00:00,37.226,36.699562,19.976
23167,2023-08-24 07:00:00+00:00,38.226,34.118057,19.675999
23168,2023-08-24 08:00:00+00:00,38.826,32.319065,19.325998
23169,2023-08-24 09:00:00+00:00,38.826,31.034765,18.675999
23170,2023-08-24 10:00:00+00:00,38.176003,30.667267,17.925999
23171,2023-08-24 11:00:00+00:00,36.626,35.52642,18.925999
23172,2023-08-24 12:00:00+00:00,36.426003,33.000942,17.575998
23173,2023-08-24 13:00:00+00:00,32.976,51.55725,21.675999
23174,2023-08-24 14:00:00+00:00,30.425999,66.266174,23.425999
23175,2023-08-24 15:00:00+00:00,29.876,75.95439,25.175999
23176,2023-08-24 16:00:00+00:00,29.776,76.62037,25.226
23177,2023-08-24 17:00:00+00:00,29.425999,82.225555,26.075998
23178,2023-08-24 18:00:00+00:00,29.175999,82.68413,25.925999
23179,2023-08-24 19:00:00+00:00,28.825998,83.3822,25.726
23180,2023-08-24 20:00:00+00:00,28.575998,82.124115,25.226
23181,2023-08-24 21:00:00+00:00,28.175999,82.56736,24.925999
23182,2023-08-24 22:00:00+00:00,27.925999,81.80094,24.526
23183,2023-08-24 23:00:00+00:00,27.976,77.973625,23.776
23184,2023-08-25 00:00:00+00:00,28.726,81.17038,25.175999
23185,2023-08-25 01:00:00+00:00,29.226,77.68827,24.925999
23186,2023-08-25 02:00:00+00:00,31.075998,68.0085,24.476
23187,2023-08-25 03:00:00+00:00,33.626,47.77012,21.026
23188,2023-08-25 04:00:00+00:00,34.626,42.215332,19.925999
23189,2023-08-25 05:00:00+00:00,35.776,38.402462,19.425999
23190,2023-08-25 06:00:00+00:00,36.726,35.44288,18.976
23191,2023-08-25 07:00:00+00:00,37.976,33.006187,18.925999
23192,2023-08-25 08:00:00+00:00,38.876,30.662067,18.526
23193,2023-08-25 09:00:00+00:00,39.426003,28.939787,18.075998
23194,2023-08-25 10:00:00+00:00,38.926003,29.081154,17.726
23195,2023-08-25 11:00:00+00:00,35.576,46.128017,22.226
23196,2023-08-25 12:00:00+00:00,33.276,55.535362,23.175999
23197,2023-08-25 13:00:00+00:00,30.976,65.38659,23.726
23198,2023-08-25 14:00:00+00:00,30.575998,69.97856,24.476
23199,2023-08-25 15:00:00+00:00,30.276,70.34364,24.276
23200,2023-08-25 16:00:00+00:00,30.026,72.004456,24.425999
23201,2023-08-25 17:00:00+00:00,29.976,71.565575,24.276
23202,2023-08-25 18:00:00+00:00,29.575998,70.85231,23.726
23203,2023-08-25 19:00:00+00:00,29.526,68.94622,23.226
23204,2023-08-25 20:00:00+00:00,29.526,67.29746,22.825998
23205,2023-08-25 21:00:00+00:00,28.626,71.75793,23.026
23206,2023-08-25 22:00:00+00:00,28.476,72.60504,23.075998
23207,2023-08-25 23:00:00+00:00,28.976,70.52978,23.075998
23208,2023-08-26 00:00:00+00:00,28.075998,74.76555,23.175999
23209,2023-08-26 01:00:00+00:00,27.876,72.72155,22.526
23210,2023-08-26 02:00:00+00:00,28.726,69.63421,22.626
23211,2023-08-26 03:00:00+00:00,30.675999,62.997433,22.825998
23212,2023-08-26 04:00:00+00:00,32.726,55.909027,22.776
23213,2023-08-26 05:00:00+00:00,34.476,49.475952,22.376
23214,2023-08-26 06:00:00+00:00,35.676003,45.04314,21.925999
23215,2023-08-26 07:00:00+00:00,36.826,41.26546,21.526
23216,2023-08-26 08:00:00+00:00,37.726,38.456005,21.175999
23217,2023-08-26 09:00:00+00:00,38.276,36.531742,20.825998
23218,2023-08-26 10:00:00+00:00,37.026,38.384933,20.526
23219,2023-08-26 11:00:00+00:00,31.476,67.07663,24.626
23220,2023-08-26 12:00:00+00:00,34.176003,45.61834,20.776
23221,2023-08-26 13:00:00+00:00,30.626,71.89456,24.976
23222,2023-08-26 14:00:00+00:00,30.276,72.9139,24.876
23223,2023-08-26 15:00:00+00:00,30.026,72.653725,24.575998
23224,2023-08-26 16:00:00+00:00,27.776,86.55402,25.325998
23225,2023-08-26 17:00:00+00:00,26.976,85.70644,24.376
23226,2023-08-26 18:00:00+00:00,26.876,88.03577,24.726
23227,2023-08-26 19:00:00+00:00,26.776,89.08555,24.825998
23228,2023-08-26 20:00:00+00:00,26.575998,88.539085,24.526
23229,2023-08-26 21:00:00+00:00,25.626,87.66598,23.425999
23230,2023-08-26 22:00:00+00:00,25.575998,87.134026,23.276
23231,2023-08-26 23:00:00+00:00,25.526,88.187965,23.425999
23232,2023-08-27 00:00:00+00:00,25.825998,92.55126,24.526
23233,2023-08-27 01:00:00+00:00,25.825998,92.55126,24.526
23234,2023-08-27 02:00:00+00:00,26.776,90.1548,25.026
23235,2023-08-27 03:00:00+00:00,29.276,77.69554,24.976
23236,2023-08-27 04:00:00+00:00,32.126,61.992508,23.925999
23237,2023-08-27 05:00:00+00:00,34.226,51.558712,22.825998
23238,2023-08-27 06:00:00+00:00,35.776,44.795536,21.925999
23239,2023-08-27 07:00:00+00:00,36.426003,41.28442,21.175999
23240,2023-08-27 08:00:00+00:00,36.976,37.08875,19.925999
23241,2023-08-27 09:00:00+00:00,36.926003,35.16684,19.026
23242,2023-08-27 10:00:00+00:00,36.776,34.689816,18.675999
23243,2023-08-27 11:00:00+00:00,36.476,34.93505,18.526
23244,2023-08-27 12:00:00+00:00,35.526,38.096294,19.075998
23245,2023-08-27 13:00:00+00:00,33.276,46.373047,20.226
23246,2023-08-27 14:00:00+00:00,31.825998,58.648113,22.726
23247,2023-08-27 15:00:00+00:00,30.175999,75.77519,25.425999
23248,2023-08-27 16:00:00+00:00,29.575998,78.2028,25.376
23249,2023-08-27 17:00:00+00:00,29.075998,80.49355,25.376
23250,2023-08-27 18:00:00+00:00,28.776,80.4547,25.075998
23251,2023-08-27 19:00:00+00:00,28.476,79.93675,24.675999
23252,2023-08-27 20:00:00+00:00,28.476,77.346596,24.126
23253,2023-08-27 21:00:00+00:00,28.425999,74.82212,23.526
23254,2023-08-27 22:00:00+00:00,28.476,72.38575,23.026
23255,2023-08-27 23:00:00+00:00,28.325998,73.01976,23.026
23256,2023-08-28 00:00:00+00:00,28.876,73.99936,23.776
23257,2023-08-28 01:00:00+00:00,29.376,72.97893,24.026
23258,2023-08-28 02:00:00+00:00,30.575998,68.32055,24.075998
23259,2023-08-28 03:00:00+00:00,31.376,64.1061,23.776
23260,2023-08-28 04:00:00+00:00,33.776,50.668446,22.126
23261,2023-08-28 05:00:00+00:00,35.326,44.67626,21.476
23262,2023-08-28 06:00:00+00:00,36.526,41.43812,21.325998
23263,2023-08-28 07:00:00+00:00,37.176003,38.90144,20.876
23264,2023-08-28 08:00:00+00:00,38.076,36.253544,20.526
23265,2023-08-28 09:00:00+00:00,38.426003,34.920315,20.226
23266,2023-08-28 10:00:00+00:00,38.176003,34.423477,19.776
23267,2023-08-28 11:00:00+00:00,36.376,35.458443,18.675999
23268,2023-08-28 12:00:00+00:00,36.076,34.826225,18.126
23269,2023-08-28 13:00:00+00:00,32.126,60.33556,23.476
23270,2023-08-28 14:00:00+00:00,30.126,72.02196,24.526
23271,2023-08-28 15:00:00+00:00,29.776,77.07761,25.325998
23272,2023-08-28 16:00:00+00:00,29.626,76.59771,25.075998
23273,2023-08-28 17:00:00+00:00,29.376,77.47882,25.026
23274,2023-08-28 18:00:00+00:00,29.226,72.29798,23.726
23275,2023-08-28 19:00:00+00:00,28.726,73.08799,23.425999
23276,2023-08-28 20:00:00+00:00,28.425999,74.59689,23.476
23277,2023-08-28 21:00:00+00:00,28.075998,75.44609,23.325998
23278,2023-08-28 22:00:00+00:00,28.026,70.56976,22.175999
23279,2023-08-28 23:00:00+00:00,27.575998,70.9189,21.825998
23280,2023-08-29 00:00:00+00:00,27.026,84.69027,24.226
23281,2023-08-29 01:00:00+00:00,26.925999,89.62974,25.075998
23282,2023-08-29 02:00:00+00:00,29.626,73.460396,24.376
23283,2023-08-29 03:00:00+00:00,31.575998,61.49953,23.276
23284,2023-08-29 04:00:00+00:00,33.326,53.241184,22.526
23285,2023-08-29 05:00:00+00:00,34.876,47.080624,21.925999
23286,2023-08-29 06:00:00+00:00,36.226,42.645,21.526
23287,2023-08-29 07:00:00+00:00,36.826,40.26608,21.126
23288,2023-08-29 08:00:00+00:00,37.326,38.82253,20.976
23289,2023-08-29 09:00:00+00:00,37.326,38.112545,20.675999
23290,2023-08-29 10:00:00+00:00,36.576,38.50042,20.175999
23291,2023-08-29 11:00:00+00:00,34.426003,48.27235,21.925999
23292,2023-08-29 12:00:00+00:00,33.326,50.399536,21.626
23293,2023-08-29 13:00:00+00:00,31.876,56.38767,22.126
23294,2023-08-29 14:00:00+00:00,30.776,64.561745,23.325998
23295,2023-08-29 15:00:00+00:00,30.075998,70.30701,24.075998
23296,2023-08-29 16:00:00+00:00,29.175999,75.61927,24.425999
23297,2023-08-29 17:00:00+00:00,28.476,79.93675,24.675999
23298,2023-08-29 18:00:00+00:00,28.325998,80.8782,24.726
23299,2023-08-29 19:00:00+00:00,28.425999,77.57168,24.126
23300,2023-08-29 20:00:00+00:00,28.675999,71.7668,23.075998
23301,2023-08-29 21:00:00+00:00,28.026,72.96842,22.726
23302,2023-08-29 22:00:00+00:00,27.226,75.3111,22.476
23303,2023-08-29 23:00:00+00:00,26.175999,80.60155,22.575998
23304,2023-08-30 00:00:00+00:00,28.075998,72.535736,22.675999
23305,2023-08-30 01:00:00+00:00,28.675999,70.261475,22.726
23306,2023-08-30 02:00:00+00:00,29.976,64.58967,22.575998
23307,2023-08-30 03:00:00+00:00,32.876,51.374557,21.526
23308,2023-08-30 04:00:00+00:00,34.376,45.531136,20.925999
23309,2023-08-30 05:00:00+00:00,35.326,43.593872,21.075998
23310,2023-08-30 06:00:00+00:00,34.376,47.382748,21.575998
23311,2023-08-30 07:00:00+00:00,32.626,55.378437,22.526
23312,2023-08-30 08:00:00+00:00,33.826,49.914696,21.925999
23313,2023-08-30 09:00:00+00:00,35.276,44.937244,21.526
23314,2023-08-30 10:00:00+00:00,36.076,43.52711,21.726
23315,2023-08-30 11:00:00+00:00,32.776,56.431385,22.976
23316,2023-08-30 12:00:00+00:00,30.876,64.58266,23.425999
23317,2023-08-30 13:00:00+00:00,30.226,75.333885,25.376
23318,2023-08-30 14:00:00+00:00,29.925999,72.419464,24.425999
23319,2023-08-30 15:00:00+00:00,29.476,73.87672,24.325998
23320,2023-08-30 16:00:00+00:00,28.925999,74.902626,24.026
23321,2023-08-30 17:00:00+00:00,28.976,73.351,23.726
23322,2023-08-30 18:00:00+00:00,28.376,76.17833,23.776
23323,2023-08-30 19:00:00+00:00,27.026,81.44487,23.575998
23324,2023-08-30 20:00:00+00:00,26.526,85.91983,23.976
23325,2023-08-30 21:00:00+00:00,26.325998,87.989746,24.175999
23326,2023-08-30 22:00:00+00:00,26.175999,88.50691,24.126
23327,2023-08-30 23:00:00+00:00,25.726,81.28189,22.276
23328,2023-08-31 00:00:00+00:00,27.526,81.50701,24.075998
23329,2023-08-31 01:00:00+00:00,27.276,81.47599,23.825998
23330,2023-08-31 02:00:00+00:00,29.276,74.73452,24.325998
23331,2023-08-31 03:00:00+00:00,32.926003,59.79343,24.075998
23332,2023-08-31 04:00:00+00:00,34.326,52.528484,23.226
23333,2023-08-31 05:00:00+00:00,35.876,45.787437,22.376
23334,2023-08-31 06:00:00+00:00,31.425999,63.540462,23.675999
23335,2023-08-31 07:00:00+00:00,35.076,46.137238,21.776
23336,2023-08-31 08:00:00+00:00,36.276,41.11756,20.976
23337,2023-08-31 09:00:00+00:00,37.326,38.112545,20.675999
23338,2023-08-31 10:00:00+00:00,37.026,38.266747,20.476
23339,2023-08-31 11:00:00+00:00,35.276,44.526386,21.376
23340,2023-08-31 12:00:00+00:00,33.076,50.955738,21.575998
23341,2023-08-31 13:00:00+00:00,32.426003,56.51905,22.675999
23342,2023-08-31 14:00:00+00:00,31.526,62.80084,23.575998
23343,2023-08-31 15:00:00+00:00,30.876,66.356926,23.876
23344,2023-08-31 16:00:00+00:00,30.126,72.23769,24.575998
23345,2023-08-31 17:00:00+00:00,29.626,73.90157,24.476
23346,2023-08-31 18:00:00+00:00,28.825998,72.665474,23.425999
23347,2023-08-31 19:00:00+00:00,28.325998,73.240974,23.075998
23348,2023-08-31 20:00:00+00:00,28.175999,72.99411,22.876
23349,2023-08-31 21:00:00+00:00,27.825998,74.048996,22.776
23350,2023-08-31 22:00:00+00:00,27.476,74.44179,22.526
23351,2023-08-31 23:00:00+00:00,27.425999,76.26204,22.876
23352,2023-09-01 00:00:00+00:00,25.376,91.97313,23.976
23353,2023-09-01 01:00:00+00:00,27.026,88.04828,24.876
23354,2023-09-01 02:00:00+00:00,28.976,80.48061,25.276
23355,2023-09-01 03:00:00+00:00,31.526,66.487434,24.526
23356,2023-09-01 04:00:00+00:00,33.926003,53.389565,23.126
23357,2023-09-01 05:00:00+00:00,35.626,44.619297,21.726
23358,2023-09-01 06:00:00+00:00,36.626,41.59213,21.476
23359,2023-09-01 07:00:00+00:00,37.676003,38.207165,21.026
23360,2023-09-01 08:00:00+00:00,37.926003,37.691906,21.026
23361,2023-09-01 09:00:00+00:00,38.126,37.400024,21.075998
23362,2023-09-01 10:00:00+00:00,35.926003,44.29165,21.876
23363,2023-09-01 11:00:00+00:00,33.926003,52.111885,22.726
23364,2023-09-01 12:00:00+00:00,34.226,51.091896,22.675999
23365,2023-09-01 13:00:00+00:00,32.276,62.0253,24.075998
23366,2023-09-01 14:00:00+00:00,31.476,65.68576,24.276
23367,2023-09-01 15:00:00+00:00,31.075998,65.80159,23.925999
23368,2023-09-01 16:00:00+00:00,30.575998,66.09698,23.526
23369,2023-09-01 17:00:00+00:00,30.026,68.83367,23.675999
23370,2023-09-01 18:00:00+00:00,29.575998,70.63934,23.675999
23371,2023-09-01 19:00:00+00:00,29.126,75.61143,24.376
23372,2023-09-01 20:00:00+00:00,28.925999,76.26285,24.325998
23373,2023-09-01 21:00:00+00:00,28.726,76.23217,24.126
23374,2023-09-01 22:00:00+00:00,28.575998,76.66819,24.075998
23375,2023-09-01 23:00:00+00:00,28.376,77.56435,24.075998
23376,2023-09-02 00:00:00+00:00,27.675999,85.77507,25.075998
23377,2023-09-02 01:00:00+00:00,28.876,80.46766,25.175999
23378,2023-09-02 02:00:00+00:00,31.075998,68.62151,24.626
23379,2023-09-02 03:00:00+00:00,33.326,54.3836,22.876
23380,2023-09-02 04:00:00+00:00,35.176003,47.591335,22.376
23381,2023-09-02 05:00:00+00:00,36.776,41.125908,21.425999
23382,2023-09-02 06:00:00+00:00,38.276,36.195972,20.675999
23383,2023-09-02 07:00:00+00:00,39.526,33.526745,20.526
23384,2023-09-02 08:00:00+00:00,39.926003,32.11435,20.175999
23385,2023-09-02 09:00:00+00:00,36.376,43.209774,21.876
23386,2023-09-02 10:00:00+00:00,34.276,51.727695,22.925999
23387,2023-09-02 11:00:00+00:00,35.126,48.74842,22.726
23388,2023-09-02 12:00:00+00:00,34.126,54.743156,23.726
23389,2023-09-02 13:00:00+00:00,32.076,65.4161,24.776
23390,2023-09-02 14:00:00+00:00,29.476,79.35921,25.526
23391,2023-09-02 15:00:00+00:00,28.325998,84.8256,25.526
23392,2023-09-02 16:00:00+00:00,27.675999,87.32048,25.376
23393,2023-09-02 17:00:00+00:00,27.026,91.79433,25.575998
23394,2023-09-02 18:00:00+00:00,26.925999,88.83174,24.925999
23395,2023-09-02 19:00:00+00:00,27.075998,88.5791,25.026
23396,2023-09-02 20:00:00+00:00,26.626,84.90318,23.876
23397,2023-09-02 21:00:00+00:00,26.325998,86.15914,23.825998
23398,2023-09-02 22:00:00+00:00,26.376,86.16392,23.876
23399,2023-09-02 23:00:00+00:00,26.575998,83.88209,23.626
23400,2023-09-03 00:00:00+00:00,26.626,92.86953,25.376
23401,2023-09-03 01:00:00+00:00,27.026,90.980064,25.425999
23402,2023-09-03 02:00:00+00:00,28.026,84.54248,25.175999
23403,2023-09-03 03:00:00+00:00,29.026,74.69416,24.075998
23404,2023-09-03 04:00:00+00:00,30.226,67.03023,23.425999
23405,2023-09-03 05:00:00+00:00,32.626,56.73827,22.925999
23406,2023-09-03 06:00:00+00:00,33.626,52.353832,22.526
23407,2023-09-03 07:00:00+00:00,35.176003,48.02716,22.526
23408,2023-09-03 08:00:00+00:00,35.926003,45.522926,22.325998
23409,2023-09-03 09:00:00+00:00,35.926003,44.022034,21.776
23410,2023-09-03 10:00:00+00:00,35.476,43.500263,21.175999
23411,2023-09-03 11:00:00+00:00,35.026,42.98093,20.575998
23412,2023-09-03 12:00:00+00:00,26.575998,82.8768,23.425999
23413,2023-09-03 13:00:00+00:00,26.825998,82.65654,23.626
23414,2023-09-03 14:00:00+00:00,27.575998,81.75814,24.175999
23415,2023-09-03 15:00:00+00:00,27.675999,83.0039,24.526
23416,2023-09-03 16:00:00+00:00,26.226,91.47383,24.726
23417,2023-09-03 17:00:00+00:00,25.175999,90.860756,23.575998
23418,2023-09-03 18:00:00+00:00,25.325998,91.69424,23.876
23419,2023-09-03 19:00:00+00:00,25.126,95.33286,24.325998
23420,2023-09-03 20:00:00+00:00,24.825998,97.053696,24.325998
23421,2023-09-03 21:00:00+00:00,25.175999,94.48136,24.226
23422,2023-09-03 22:00:00+00:00,25.276,93.35889,24.126
23423,2023-09-03 23:00:00+00:00,25.175999,92.238655,23.825998
23424,2023-09-04 00:00:00+00:00,26.175999,90.65399,24.526
23425,2023-09-04 01:00:00+00:00,26.325998,90.9352,24.726
23426,2023-09-04 02:00:00+00:00,26.476,90.13392,24.726
23427,2023-09-04 03:00:00+00:00,27.325998,85.229904,24.626
23428,2023-09-04 04:00:00+00:00,29.925999,72.20294,24.376
23429,2023-09-04 05:00:00+00:00,32.276,60.006615,23.526
23430,2023-09-04 06:00:00+00:00,32.676003,58.138916,23.376
23431,2023-09-04 07:00:00+00:00,32.026,62.344353,23.925999
23432,2023-09-04 08:00:00+00:00,30.226,69.49534,24.026
23433,2023-09-04 09:00:00+00:00,29.675999,71.083824,23.876
23434,2023-09-04 10:00:00+00:00,29.276,77.46418,24.925999
23435,2023-09-04 11:00:00+00:00,29.976,68.20472,23.476
23436,2023-09-04 12:00:00+00:00,27.325998,80.02402,23.575998
23437,2023-09-04 13:00:00+00:00,26.925999,83.66874,23.925999
23438,2023-09-04 14:00:00+00:00,26.425999,86.94863,24.075998
23439,2023-09-04 15:00:00+00:00,26.075998,88.764946,24.075998
23440,2023-09-04 16:00:00+00:00,26.476,85.39994,23.825998
23441,2023-09-04 17:00:00+00:00,26.675999,82.39005,23.425999
23442,2023-09-04 18:00:00+00:00,26.925999,79.24862,23.026
23443,2023-09-04 19:00:00+00:00,26.925999,78.29461,22.825998
23444,2023-09-04 20:00:00+00:00,26.876,77.343254,22.575998
23445,2023-09-04 21:00:00+00:00,26.825998,75.93787,22.226
23446,2023-09-04 22:00:00+00:00,26.425999,77.74837,22.226
23447,2023-09-04 23:00:00+00:00,26.526,76.12275,21.976
23448,2023-09-05 00:00:00+00:00,26.575998,77.06379,22.226
23449,2023-09-05 01:00:00+00:00,27.175999,70.6293,21.376
23450,2023-09-05 02:00:00+00:00,27.776,66.53842,20.976
23451,2023-09-05 03:00:00+00:00,28.776,64.53418,21.425999
23452,2023-09-05 04:00:00+00:00,30.425999,59.767536,21.726
23453,2023-09-05 05:00:00+00:00,31.376,56.786007,21.776
23454,2023-09-05 06:00:00+00:00,31.726,54.48899,21.425999
23455,2023-09-05 07:00:00+00:00,31.226,55.546917,21.276
23456,2023-09-05 08:00:00+00:00,31.276,54.54567,21.026
23457,2023-09-05 09:00:00+00:00,31.976,53.886967,21.476
23458,2023-09-05 10:00:00+00:00,30.575998,58.715534,21.575998
23459,2023-09-05 11:00:00+00:00,30.376,59.573692,21.626
23460,2023-09-05 12:00:00+00:00,29.175999,62.86413,21.376
23461,2023-09-05 13:00:00+00:00,28.276,65.42546,21.175999
23462,2023-09-05 14:00:00+00:00,27.776,68.19175,21.376
23463,2023-09-05 15:00:00+00:00,27.776,69.45528,21.675999
23464,2023-09-05 16:00:00+00:00,27.876,69.89968,21.876
23465,2023-09-05 17:00:00+00:00,27.976,69.70543,21.925999
23466,2023-09-05 18:00:00+00:00,28.175999,69.53079,22.075998
23467,2023-09-05 19:00:00+00:00,28.075998,69.08911,21.876
23468,2023-09-05 20:00:00+00:00,27.876,69.47418,21.776
23469,2023-09-05 21:00:00+00:00,27.825998,69.67726,21.776
23470,2023-09-05 22:00:00+00:00,27.626,70.49624,21.776
23471,2023-09-05 23:00:00+00:00,27.425999,70.89158,21.675999
23472,2023-09-06 00:00:00+00:00,28.325998,68.09075,21.876
23473,2023-09-06 01:00:00+00:00,28.175999,69.31921,22.026
23474,2023-09-06 02:00:00+00:00,28.976,67.80405,22.425999
23475,2023-09-06 03:00:00+00:00,30.276,62.72001,22.376
23476,2023-09-06 04:00:00+00:00,31.476,59.282997,22.575998
23477,2023-09-06 05:00:00+00:00,32.126,57.311287,22.626
23478,2023-09-06 06:00:00+00:00,32.926003,55.115803,22.726
23479,2023-09-06 07:00:00+00:00,33.826,51.301754,22.376
23480,2023-09-06 08:00:00+00:00,34.226,50.78275,22.575998
23481,2023-09-06 09:00:00+00:00,33.476,53.116917,22.626
23482,2023-09-06 10:00:00+00:00,32.776,57.98702,23.425999
23483,2023-09-06 11:00:00+00:00,33.226,53.86678,22.626
23484,2023-09-06 12:00:00+00:00,32.926003,53.46653,22.226
23485,2023-09-06 13:00:00+00:00,32.826,52.31286,21.776
23486,2023-09-06 14:00:00+00:00,30.026,65.7858,22.925999
23487,2023-09-06 15:00:00+00:00,29.276,69.526665,23.126
23488,2023-09-06 16:00:00+00:00,28.626,74.854355,23.726
23489,2023-09-06 17:00:00+00:00,29.075998,69.06942,22.825998
23490,2023-09-06 18:00:00+00:00,28.825998,70.71606,22.976
23491,2023-09-06 19:00:00+00:00,28.776,69.64358,22.675999
23492,2023-09-06 20:00:00+00:00,28.376,70.41967,22.476
23493,2023-09-06 21:00:00+00:00,27.976,70.9916,22.226
23494,2023-09-06 22:00:00+00:00,28.325998,66.44602,21.476
23495,2023-09-06 23:00:00+00:00,28.425999,63.087864,20.726
23496,2023-09-07 00:00:00+00:00,29.026,63.217888,21.325998
23497,2023-09-07 01:00:00+00:00,29.126,63.23949,21.425999
23498,2023-09-07 02:00:00+00:00,29.876,59.09476,21.026
23499,2023-09-07 03:00:00+00:00,30.976,55.146263,20.925999
23500,2023-09-07 04:00:00+00:00,32.526,50.815655,21.026
23501,2023-09-07 05:00:00+00:00,33.976,45.705963,20.626
23502,2023-09-07 06:00:00+00:00,35.176003,41.843563,20.276
23503,2023-09-07 07:00:00+00:00,36.026,39.192554,19.976
23504,2023-09-07 08:00:00+00:00,36.426003,36.482338,19.175999
23505,2023-09-07 09:00:00+00:00,36.676003,35.65104,19.026
23506,2023-09-07 10:00:00+00:00,36.476,36.269268,19.126
23507,2023-09-07 11:00:00+00:00,35.876,37.2519,19.026
23508,2023-09-07 12:00:00+00:00,35.026,40.15185,19.476
23509,2023-09-07 13:00:00+00:00,33.076,46.46371,20.075998
23510,2023-09-07 14:00:00+00:00,31.026,58.99948,22.075998
23511,2023-09-07 15:00:00+00:00,31.976,50.51902,20.425999
23512,2023-09-07 16:00:00+00:00,29.925999,63.02683,22.126
23513,2023-09-07 17:00:00+00:00,29.726,59.607037,21.026
23514,2023-09-07 18:00:00+00:00,29.726,60.343327,21.226
23515,2023-09-07 19:00:00+00:00,29.226,63.454926,21.575998
23516,2023-09-07 20:00:00+00:00,28.876,62.222652,20.925999
23517,2023-09-07 21:00:00+00:00,28.675999,62.17856,20.726
23518,2023-09-07 22:00:00+00:00,28.075998,65.98911,21.126
23519,2023-09-07 23:00:00+00:00,27.175999,72.37893,21.776
23520,2023-09-08 00:00:00+00:00,28.976,63.401108,21.325998
23521,2023-09-08 01:00:00+00:00,28.726,64.12939,21.276
23522,2023-09-08 02:00:00+00:00,29.925999,60.945736,21.575998
23523,2023-09-08 03:00:00+00:00,31.476,54.762436,21.276
23524,2023-09-08 04:00:00+00:00,32.876,50.284416,21.175999
23525,2023-09-08 05:00:00+00:00,34.326,45.798607,20.976
23526,2023-09-08 06:00:00+00:00,35.676003,39.83179,19.925999
23527,2023-09-08 07:00:00+00:00,36.426003,36.710243,19.276
23528,2023-09-08 08:00:00+00:00,36.826,35.691803,19.175999
23529,2023-09-08 09:00:00+00:00,37.126,35.441067,19.325998
23530,2023-09-08 10:00:00+00:00,36.826,36.818916,19.675999
23531,2023-09-08 11:00:00+00:00,36.426003,37.868626,19.776
23532,2023-09-08 12:00:00+00:00,35.626,37.53378,18.925999
23533,2023-09-08 13:00:00+00:00,33.026,48.651287,20.776
23534,2023-09-08 14:00:00+00:00,33.326,42.78939,18.976
23535,2023-09-08 15:00:00+00:00,30.675999,59.824654,21.976
23536,2023-09-08 16:00:00+00:00,29.825998,70.05008,23.776
23537,2023-09-08 17:00:00+00:00,29.376,74.081894,24.276
23538,2023-09-08 18:00:00+00:00,28.925999,72.245705,23.425999
23539,2023-09-08 19:00:00+00:00,28.526,68.75508,22.226
23540,2023-09-08 20:00:00+00:00,28.976,63.401108,21.325998
23541,2023-09-08 21:00:00+00:00,28.476,64.86767,21.226
23542,2023-09-08 22:00:00+00:00,27.876,66.96849,21.175999
23543,2023-09-08 23:00:00+00:00,28.325998,64.2414,20.925999
23544,2023-09-09 00:00:00+00:00,29.925999,59.470287,21.175999
23545,2023-09-09 01:00:00+00:00,29.976,59.66445,21.276
23546,2023-09-09 02:00:00+00:00,31.175999,55.534786,21.226
23547,2023-09-09 03:00:00+00:00,32.476,51.430668,21.175999
23548,2023-09-09 04:00:00+00:00,33.876,47.25192,21.075998
23549,2023-09-09 05:00:00+00:00,35.226,43.567154,20.976
23550,2023-09-09 06:00:00+00:00,36.376,41.14447,21.075998
23551,2023-09-09 07:00:00+00:00,37.276,40.387245,21.575998
23552,2023-09-09 08:00:00+00:00,38.126,38.21145,21.425999
23553,2023-09-09 09:00:00+00:00,38.676003,36.639744,21.226
23554,2023-09-09 10:00:00+00:00,38.326,36.65779,20.925999
23555,2023-09-09 11:00:00+00:00,36.676003,40.47349,21.075998
23556,2023-09-09 12:00:00+00:00,35.076,42.86207,20.575998
23557,2023-09-09 13:00:00+00:00,32.326,56.153122,22.476
23558,2023-09-09 14:00:00+00:00,30.026,67.19311,23.276
23559,2023-09-09 15:00:00+00:00,29.626,72.15061,24.075998
23560,2023-09-09 16:00:00+00:00,28.876,80.46766,25.175999
23561,2023-09-09 17:00:00+00:00,28.376,85.58912,25.726
23562,2023-09-09 18:00:00+00:00,28.026,87.35116,25.726
23563,2023-09-09 19:00:00+00:00,27.925999,87.08358,25.575998
23564,2023-09-09 20:00:00+00:00,27.376,88.86685,25.376
23565,2023-09-09 21:00:00+00:00,27.126,89.11232,25.175999
23566,2023-09-09 22:00:00+00:00,26.675999,85.934395,24.126
23567,2023-09-09 23:00:00+00:00,26.075998,85.87599,23.526
23568,2023-09-10 00:00:00+00:00,26.425999,87.47201,24.175999
23569,2023-09-10 01:00:00+00:00,27.476,81.74587,24.075998
23570,2023-09-10 02:00:00+00:00,28.776,73.98281,23.675999
23571,2023-09-10 03:00:00+00:00,31.175999,59.938572,22.476
23572,2023-09-10 04:00:00+00:00,31.876,56.7321,22.226
23573,2023-09-10 05:00:00+00:00,33.126,52.388023,22.075998
23574,2023-09-10 06:00:00+00:00,34.076,49.072876,21.876
23575,2023-09-10 07:00:00+00:00,35.176003,46.304596,21.925999
23576,2023-09-10 08:00:00+00:00,36.176003,43.420944,21.776
23577,2023-09-10 09:00:00+00:00,32.976,54.62861,22.626
23578,2023-09-10 10:00:00+00:00,34.476,47.264164,21.626
23579,2023-09-10 11:00:00+00:00,35.276,44.662968,21.425999
23580,2023-09-10 12:00:00+00:00,31.075998,69.23936,24.776
23581,2023-09-10 13:00:00+00:00,30.325998,71.62754,24.626
23582,2023-09-10 14:00:00+00:00,29.526,74.99873,24.626
23583,2023-09-10 15:00:00+00:00,29.026,76.736115,24.526
23584,2023-09-10 16:00:00+00:00,28.626,83.6076,25.575998
23585,2023-09-10 17:00:00+00:00,28.276,86.344025,25.776
23586,2023-09-10 18:00:00+00:00,27.425999,90.7363,25.776
23587,2023-09-10 19:00:00+00:00,28.075998,85.55949,25.425999
23588,2023-09-10 20:00:00+00:00,27.825998,81.30026,24.325998
23589,2023-09-10 21:00:00+00:00,27.476,79.32405,23.575998
23590,2023-09-10 22:00:00+00:00,27.976,70.9916,22.226
23591,2023-09-10 23:00:00+00:00,28.626,65.29778,21.476
23592,2023-09-11 00:00:00+00:00,27.075998,88.5791,25.026
23593,2023-09-11 01:00:00+00:00,27.476,87.04329,25.126
23594,2023-09-11 02:00:00+00:00,28.026,82.54974,24.776
23595,2023-09-11 03:00:00+00:00,29.226,74.05717,24.126
23596,2023-09-11 04:00:00+00:00,30.626,63.754395,22.976
23597,2023-09-11 05:00:00+00:00,31.876,57.25222,22.376
23598,2023-09-11 06:00:00+00:00,33.226,52.09473,22.075998
23599,2023-09-11 07:00:00+00:00,33.526,51.225864,22.075998
23600,2023-09-11 08:00:00+00:00,33.576,50.003178,21.726
23601,2023-09-11 09:00:00+00:00,33.426003,49.81209,21.526
23602,2023-09-11 10:00:00+00:00,32.776,52.46031,21.776
23603,2023-09-11 11:00:00+00:00,32.276,54.45742,21.925999
23604,2023-09-11 12:00:00+00:00,30.626,64.53034,23.175999
23605,2023-09-11 13:00:00+00:00,29.126,74.71031,24.175999
23606,2023-09-11 14:00:00+00:00,28.526,78.75713,24.476
23607,2023-09-11 15:00:00+00:00,28.325998,79.91683,24.526
23608,2023-09-11 16:00:00+00:00,28.376,81.126396,24.825998
23609,2023-09-11 17:00:00+00:00,28.325998,82.83132,25.126
23610,2023-09-11 18:00:00+00:00,28.325998,85.5842,25.675999
23611,2023-09-11 19:00:00+00:00,28.175999,83.557625,25.126
23612,2023-09-11 20:00:00+00:00,28.126,82.070076,24.776
23613,2023-09-11 21:00:00+00:00,28.075998,76.36192,23.526
23614,2023-09-11 22:00:00+00:00,27.976,70.56059,22.126
23615,2023-09-11 23:00:00+00:00,28.226,67.45002,21.626
23616,2023-09-12 00:00:00+00:00,30.026,59.12949,21.175999
23617,2023-09-12 01:00:00+00:00,29.626,60.505993,21.175999
23618,2023-09-12 02:00:00+00:00,29.976,60.2154,21.425999
23619,2023-09-12 03:00:00+00:00,31.175999,55.876335,21.325998
23620,2023-09-12 04:00:00+00:00,32.276,52.81813,21.425999
23621,2023-09-12 05:00:00+00:00,33.326,50.09216,21.526
23622,2023-09-12 06:00:00+00:00,34.026,48.612423,21.675999
23623,2023-09-12 07:00:00+00:00,34.876,47.080624,21.925999
23624,2023-09-12 08:00:00+00:00,35.526,45.003456,21.776
23625,2023-09-12 09:00:00+00:00,35.576,43.39371,21.226
23626,2023-09-12 10:00:00+00:00,35.176003,44.092182,21.126
23627,2023-09-12 11:00:00+00:00,34.826,43.86364,20.726
23628,2023-09-12 12:00:00+00:00,32.876,56.62619,23.126
23629,2023-09-12 13:00:00+00:00,31.175999,62.347187,23.126
23630,2023-09-12 14:00:00+00:00,29.575998,71.49457,23.876
23631,2023-09-12 15:00:00+00:00,28.425999,70.643036,22.575998
23632,2023-09-12 16:00:00+00:00,28.325998,67.46984,21.726
23633,2023-09-12 17:00:00+00:00,28.175999,69.95568,22.175999
23634,2023-09-12 18:00:00+00:00,27.825998,75.17876,23.026
23635,2023-09-12 19:00:00+00:00,27.876,76.33124,23.325998
23636,2023-09-12 20:00:00+00:00,27.925999,77.032745,23.526
23637,2023-09-12 21:00:00+00:00,27.876,74.73315,22.976
23638,2023-09-12 22:00:00+00:00,27.876,69.05094,21.675999
23639,2023-09-12 23:00:00+00:00,27.675999,68.591354,21.376
23640,2023-09-13 00:00:00+00:00,29.726,58.15805,20.626
23641,2023-09-13 01:00:00+00:00,29.825998,59.26498,21.026
23642,2023-09-13 02:00:00+00:00,30.575998,58.53618,21.526
23643,2023-09-13 03:00:00+00:00,31.876,54.359238,21.526
23644,2023-09-13 04:00:00+00:00,33.226,50.373978,21.526
23645,2023-09-13 05:00:00+00:00,34.526,46.70233,21.476
23646,2023-09-13 06:00:00+00:00,35.626,43.94222,21.476
23647,2023-09-13 07:00:00+00:00,35.976,43.103024,21.476
23648,2023-09-13 08:00:00+00:00,36.776,40.500435,21.175999
23649,2023-09-13 09:00:00+00:00,36.326,40.753544,20.876
23650,2023-09-13 10:00:00+00:00,36.776,38.79325,20.476
23651,2023-09-13 11:00:00+00:00,35.826,39.017113,19.726
23652,2023-09-13 12:00:00+00:00,34.426003,48.125282,21.876
23653,2023-09-13 13:00:00+00:00,31.976,57.450104,22.526
23654,2023-09-13 14:00:00+00:00,30.325998,65.055595,23.026
23655,2023-09-13 15:00:00+00:00,29.325998,71.23512,23.575998
23656,2023-09-13 16:00:00+00:00,29.075998,67.4128,22.425999
23657,2023-09-13 17:00:00+00:00,28.126,77.29487,23.776
23658,2023-09-13 18:00:00+00:00,28.226,76.15522,23.626
23659,2023-09-13 19:00:00+00:00,28.325998,73.01976,23.026
23660,2023-09-13 20:00:00+00:00,27.526,75.358864,22.776
23661,2023-09-13 21:00:00+00:00,27.976,69.918365,21.976
23662,2023-09-13 22:00:00+00:00,27.626,71.36208,21.976
23663,2023-09-13 23:00:00+00:00,27.526,71.34409,21.876
23664,2023-09-14 00:00:00+00:00,28.675999,67.33356,22.026
23665,2023-09-14 01:00:00+00:00,29.325998,62.131016,21.325998
23666,2023-09-14 02:00:00+00:00,30.226,59.357243,21.425999
23667,2023-09-14 03:00:00+00:00,31.675999,53.978092,21.226
23668,2023-09-14 04:00:00+00:00,33.026,49.862026,21.175999
23669,2023-09-14 05:00:00+00:00,34.376,45.112965,20.776
23670,2023-09-14 06:00:00+00:00,35.576,41.437267,20.476
23671,2023-09-14 07:00:00+00:00,36.526,38.368,20.075998
23672,2023-09-14 08:00:00+00:00,36.876,35.373203,19.075998
23673,2023-09-14 09:00:00+00:00,36.826,35.691803,19.175999
23674,2023-09-14 10:00:00+00:00,36.576,34.744114,18.526
23675,2023-09-14 11:00:00+00:00,36.626,34.64907,18.526
23676,2023-09-14 12:00:00+00:00,35.176003,36.829308,18.226
23677,2023-09-14 13:00:00+00:00,32.576,46.475437,19.626
23678,2023-09-14 14:00:00+00:00,30.626,59.99594,21.976
23679,2023-09-14 15:00:00+00:00,29.276,68.898575,22.976
23680,2023-09-14 16:00:00+00:00,29.026,68.227,22.575998
23681,2023-09-14 17:00:00+00:00,28.675999,68.15898,22.226
23682,2023-09-14 18:00:00+00:00,28.126,69.09865,21.925999
23683,2023-09-14 19:00:00+00:00,27.976,69.918365,21.976
23684,2023-09-14 20:00:00+00:00,27.526,73.10468,22.276
23685,2023-09-14 21:00:00+00:00,27.126,74.38432,22.175999
23686,2023-09-14 22:00:00+00:00,27.126,73.70756,22.026
23687,2023-09-14 23:00:00+00:00,27.026,73.24231,21.825998
23688,2023-09-15 00:00:00+00:00,28.425999,67.90284,21.925999
23689,2023-09-15 01:00:00+00:00,29.026,64.78452,21.726
23690,2023-09-15 02:00:00+00:00,30.476,59.05256,21.575998
23691,2023-09-15 03:00:00+00:00,31.825998,54.346962,21.476
23692,2023-09-15 04:00:00+00:00,33.326,49.634174,21.376
23693,2023-09-15 05:00:00+00:00,34.826,45.510536,21.325998
23694,2023-09-15 06:00:00+00:00,36.126,42.2283,21.276
23695,2023-09-15 07:00:00+00:00,37.326,38.703392,20.925999
23696,2023-09-15 08:00:00+00:00,37.926003,35.76826,20.175999
23697,2023-09-15 09:00:00+00:00,37.976,34.583466,19.675999
23698,2023-09-15 10:00:00+00:00,35.126,42.74356,20.575998
23699,2023-09-15 11:00:00+00:00,30.675999,68.54507,24.226
23700,2023-09-15 12:00:00+00:00,28.575998,81.88002,25.175999
23701,2023-09-15 13:00:00+00:00,27.325998,89.12757,25.376
23702,2023-09-15 14:00:00+00:00,27.476,87.30287,25.175999
23703,2023-09-15 15:00:00+00:00,26.825998,90.42725,25.126
23704,2023-09-15 16:00:00+00:00,26.925999,88.03996,24.776
23705,2023-09-15 17:00:00+00:00,27.226,84.96515,24.476
23706,2023-09-15 18:00:00+00:00,26.325998,92.5779,25.026
23707,2023-09-15 19:00:00+00:00,26.126,93.12132,24.925999
23708,2023-09-15 20:00:00+00:00,26.226,88.24578,24.126
23709,2023-09-15 21:00:00+00:00,25.876,87.95188,23.726
23710,2023-09-15 22:00:00+00:00,25.476,90.06385,23.726
23711,2023-09-15 23:00:00+00:00,25.276,90.59404,23.626
23712,2023-09-16 00:00:00+00:00,26.126,90.92232,24.526
23713,2023-09-16 01:00:00+00:00,26.825998,87.76888,24.626
23714,2023-09-16 02:00:00+00:00,28.876,79.514366,24.976
23715,2023-09-16 03:00:00+00:00,31.026,64.614006,23.575998
23716,2023-09-16 04:00:00+00:00,32.476,57.220303,22.925999
23717,2023-09-16 05:00:00+00:00,33.826,51.92899,22.575998
23718,2023-09-16 06:00:00+00:00,34.926003,48.69685,22.526
23719,2023-09-16 07:00:00+00:00,35.426003,47.36787,22.526
23720,2023-09-16 08:00:00+00:00,35.926003,45.800575,22.425999
23721,2023-09-16 09:00:00+00:00,36.026,44.72528,22.126
23722,2023-09-16 10:00:00+00:00,36.376,43.47422,21.976
23723,2023-09-16 11:00:00+00:00,33.676003,50.797585,22.075998
23724,2023-09-16 12:00:00+00:00,27.626,86.026146,25.075998
23725,2023-09-16 13:00:00+00:00,27.925999,85.29049,25.226
23726,2023-09-16 14:00:00+00:00,27.825998,82.526215,24.575998
23727,2023-09-16 15:00:00+00:00,27.476,82.732574,24.276
23728,2023-09-16 16:00:00+00:00,27.126,84.70073,24.325998
23729,2023-09-16 17:00:00+00:00,26.825998,86.72483,24.425999
23730,2023-09-16 18:00:00+00:00,26.626,88.27863,24.526
23731,2023-09-16 19:00:00+00:00,26.325998,92.02747,24.925999
23732,2023-09-16 20:00:00+00:00,26.226,92.84906,24.976
23733,2023-09-16 21:00:00+00:00,25.876,92.2775,24.526
23734,2023-09-16 22:00:00+00:00,25.575998,90.61408,23.925999
23735,2023-09-16 23:00:00+00:00,25.876,86.11595,23.376
23736,2023-09-17 00:00:00+00:00,28.126,68.46878,21.776
23737,2023-09-17 01:00:00+00:00,28.226,68.48813,21.876
23738,2023-09-17 02:00:00+00:00,29.575998,65.097275,22.325998
23739,2023-09-17 03:00:00+00:00,31.026,60.45322,22.476
23740,2023-09-17 04:00:00+00:00,32.526,55.354225,22.425999
23741,2023-09-17 05:00:00+00:00,33.876,50.848385,22.276
23742,2023-09-17 06:00:00+00:00,35.026,47.119816,22.075998
23743,2023-09-17 07:00:00+00:00,35.976,44.848473,22.126
23744,2023-09-17 08:00:00+00:00,36.226,44.101734,22.075998
23745,2023-09-17 09:00:00+00:00,36.526,42.855816,21.876
23746,2023-09-17 10:00:00+00:00,36.576,41.83405,21.526
23747,2023-09-17 11:00:00+00:00,32.976,54.96105,22.726
23748,2023-09-17 12:00:00+00:00,32.226,59.814632,23.425999
23749,2023-09-17 13:00:00+00:00,31.026,64.22567,23.476
23750,2023-09-17 14:00:00+00:00,30.425999,64.488434,22.976
23751,2023-09-17 15:00:00+00:00,29.376,70.60287,23.476
23752,2023-09-17 16:00:00+00:00,28.626,76.2168,24.026
23753,2023-09-17 17:00:00+00:00,28.075998,77.753914,23.825998
23754,2023-09-17 18:00:00+00:00,27.776,78.6521,23.726
23755,2023-09-17 19:00:00+00:00,27.575998,79.33774,23.675999
23756,2023-09-17 20:00:00+00:00,27.726,76.3082,23.175999
23757,2023-09-17 21:00:00+00:00,27.276,76.70249,22.825998
23758,2023-09-17 22:00:00+00:00,27.325998,74.41718,22.376
23759,2023-09-17 23:00:00+00:00,27.976,69.28126,21.825998
23760,2023-09-18 00:00:00+00:00,26.126,89.0356,24.175999
23761,2023-09-18 01:00:00+00:00,27.476,83.47942,24.425999
23762,2023-09-18 02:00:00+00:00,29.276,78.16006,25.075998
23763,2023-09-18 03:00:00+00:00,31.226,65.0458,23.876
23764,2023-09-18 04:00:00+00:00,32.826,55.76384,22.825998
23765,2023-09-18 05:00:00+00:00,34.476,49.777607,22.476
23766,2023-09-18 06:00:00+00:00,35.526,45.974648,22.126
23767,2023-09-18 07:00:00+00:00,36.176003,43.420944,21.776
23768,2023-09-18 08:00:00+00:00,36.776,39.760887,20.876
23769,2023-09-18 09:00:00+00:00,37.126,38.17595,20.526
23770,2023-09-18 10:00:00+00:00,36.826,38.68731,20.476
23771,2023-09-18 11:00:00+00:00,35.826,41.249763,20.626
23772,2023-09-18 12:00:00+00:00,31.976,59.757824,23.175999
23773,2023-09-18 13:00:00+00:00,30.175999,73.9924,25.026
23774,2023-09-18 14:00:00+00:00,30.075998,69.67636,23.925999
23775,2023-09-18 15:00:00+00:00,29.325998,71.23512,23.575998
23776,2023-09-18 16:00:00+00:00,28.776,72.43789,23.325998
23777,2023-09-18 17:00:00+00:00,27.825998,78.89609,23.825998
23778,2023-09-18 18:00:00+00:00,27.675999,81.770386,24.276
23779,2023-09-18 19:00:00+00:00,28.175999,77.0701,23.776
23780,2023-09-18 20:00:00+00:00,27.976,67.81446,21.476
23781,2023-09-18 21:00:00+00:00,27.476,70.253426,21.575998
23782,2023-09-18 22:00:00+00:00,27.626,69.00314,21.425999
23783,2023-09-18 23:00:00+00:00,27.776,67.98313,21.325998
23784,2023-09-19 00:00:00+00:00,26.976,83.67429,23.976
23785,2023-09-19 01:00:00+00:00,28.376,75.4935,23.626
23786,2023-09-19 02:00:00+00:00,30.226,65.82666,23.126
23787,2023-09-19 03:00:00+00:00,31.626,58.246742,22.425999
23788,2023-09-19 04:00:00+00:00,32.876,53.944405,22.325998
23789,2023-09-19 05:00:00+00:00,33.876,51.0033,22.325998
23790,2023-09-19 06:00:00+00:00,34.826,47.645203,22.075998
23791,2023-09-19 07:00:00+00:00,35.826,43.72723,21.575998
23792,2023-09-19 08:00:00+00:00,36.076,43.660275,21.776
23793,2023-09-19 09:00:00+00:00,36.526,42.855816,21.876
23794,2023-09-19 10:00:00+00:00,36.076,42.866604,21.476
23795,2023-09-19 11:00:00+00:00,35.326,43.7279,21.126
23796,2023-09-19 12:00:00+00:00,34.076,48.329056,21.626
23797,2023-09-19 13:00:00+00:00,32.076,54.90909,21.876
23798,2023-09-19 14:00:00+00:00,30.925999,62.292618,22.876
23799,2023-09-19 15:00:00+00:00,30.126,66.0056,23.075998
23800,2023-09-19 16:00:00+00:00,29.126,72.28057,23.626
23801,2023-09-19 17:00:00+00:00,28.675999,76.68333,24.175999
23802,2023-09-19 18:00:00+00:00,28.476,77.346596,24.126
23803,2023-09-19 19:00:00+00:00,28.226,79.18867,24.276
23804,2023-09-19 20:00:00+00:00,28.175999,75.918365,23.526
23805,2023-09-19 21:00:00+00:00,27.976,71.86055,22.425999
23806,2023-09-19 22:00:00+00:00,28.226,67.45002,21.626
23807,2023-09-19 23:00:00+00:00,28.476,64.470856,21.126
23808,2023-09-20 00:00:00+00:00,26.425999,86.68798,24.026
23809,2023-09-20 01:00:00+00:00,27.675999,82.015785,24.325998
23810,2023-09-20 02:00:00+00:00,29.276,75.861465,24.575998
23811,2023-09-20 03:00:00+00:00,31.575998,60.21147,22.925999
23812,2023-09-20 04:00:00+00:00,32.926003,53.79288,22.325998
23813,2023-09-20 05:00:00+00:00,33.976,50.105515,22.126
23814,2023-09-20 06:00:00+00:00,35.226,45.75576,21.776
23815,2023-09-20 07:00:00+00:00,36.076,42.997997,21.526
23816,2023-09-20 08:00:00+00:00,36.376,42.55482,21.626
23817,2023-09-20 09:00:00+00:00,36.576,41.706215,21.476
23818,2023-09-20 10:00:00+00:00,36.326,41.257523,21.075998
23819,2023-09-20 11:00:00+00:00,36.126,41.84148,21.126
23820,2023-09-20 12:00:00+00:00,32.626,55.71569,22.626
23821,2023-09-20 13:00:00+00:00,30.575998,70.82068,24.675999
23822,2023-09-20 14:00:00+00:00,30.276,68.46834,23.825998
23823,2023-09-20 15:00:00+00:00,29.925999,70.702995,24.026
23824,2023-09-20 16:00:00+00:00,29.626,71.50343,23.925999
23825,2023-09-20 17:00:00+00:00,29.325998,69.11688,23.075998
23826,2023-09-20 18:00:00+00:00,29.075998,68.65197,22.726
23827,2023-09-20 19:00:00+00:00,29.075998,68.029915,22.575998
23828,2023-09-20 20:00:00+00:00,28.726,70.05796,22.726
23829,2023-09-20 21:00:00+00:00,28.325998,71.92244,22.776
23830,2023-09-20 22:00:00+00:00,28.575998,68.13951,22.126
23831,2023-09-20 23:00:00+00:00,28.376,66.45615,21.526
23832,2023-09-21 00:00:00+00:00,27.726,78.17274,23.575998
23833,2023-09-21 01:00:00+00:00,28.526,76.89113,24.075998
23834,2023-09-21 02:00:00+00:00,29.925999,71.34245,24.175999
23835,2023-09-21 03:00:00+00:00,31.575998,62.811657,23.626
23836,2023-09-21 04:00:00+00:00,33.026,55.98099,23.075998
23837,2023-09-21 05:00:00+00:00,34.026,52.136913,22.825998
23838,2023-09-21 06:00:00+00:00,34.876,48.536236,22.425999
23839,2023-09-21 07:00:00+00:00,35.576,46.550915,22.376
23840,2023-09-21 08:00:00+00:00,36.526,42.855816,21.876
23841,2023-09-21 09:00:00+00:00,36.026,43.116383,21.526
23842,2023-09-21 10:00:00+00:00,35.126,44.897476,21.376
23843,2023-09-21 11:00:00+00:00,34.176003,49.248577,22.026
23844,2023-09-21 12:00:00+00:00,32.526,53.85816,21.976
23845,2023-09-21 13:00:00+00:00,30.075998,67.60982,23.425999
23846,2023-09-21 14:00:00+00:00,29.976,67.79449,23.376
23847,2023-09-21 15:00:00+00:00,29.626,71.07481,23.825998
23848,2023-09-21 16:00:00+00:00,29.325998,74.07369,24.226
23849,2023-09-21 17:00:00+00:00,28.825998,76.705956,24.325998
23850,2023-09-21 18:00:00+00:00,28.575998,79.000046,24.575998
23851,2023-09-21 19:00:00+00:00,28.425999,82.59666,25.175999
23852,2023-09-21 20:00:00+00:00,28.075998,81.08859,24.526
23853,2023-09-21 21:00:00+00:00,27.226,80.73736,23.626
23854,2023-09-21 22:00:00+00:00,26.726,83.14432,23.626
23855,2023-09-21 23:00:00+00:00,26.626,83.383766,23.575998
23856,2023-09-22 00:00:00+00:00,27.776,80.324455,24.075998
23857,2023-09-22 01:00:00+00:00,27.726,80.80155,24.126
23858,2023-09-22 02:00:00+00:00,28.825998,76.0192,24.175999
23859,2023-09-22 03:00:00+00:00,30.276,68.88125,23.925999
23860,2023-09-22 04:00:00+00:00,31.976,59.757824,23.175999
23861,2023-09-22 05:00:00+00:00,33.526,53.61474,22.825998
23862,2023-09-22 06:00:00+00:00,34.976,50.056633,23.026
23863,2023-09-22 07:00:00+00:00,36.026,46.6686,22.825998
23864,2023-09-22 08:00:00+00:00,36.726,43.435,22.276
23865,2023-09-22 09:00:00+00:00,34.976,46.53542,21.825998
23866,2023-09-22 10:00:00+00:00,33.226,57.396893,23.675999
23867,2023-09-22 11:00:00+00:00,30.726,66.12735,23.675999
23868,2023-09-22 12:00:00+00:00,31.425999,65.47893,24.175999
23869,2023-09-22 13:00:00+00:00,30.526,73.17397,25.175999
23870,2023-09-22 14:00:00+00:00,29.526,81.51118,26.026
23871,2023-09-22 15:00:00+00:00,29.075998,84.90288,26.276
23872,2023-09-22 16:00:00+00:00,28.175999,89.45584,26.276
23873,2023-09-22 17:00:00+00:00,27.626,91.558235,26.126
23874,2023-09-22 18:00:00+00:00,26.075998,95.36506,25.276
23875,2023-09-22 19:00:00+00:00,25.675999,96.495544,25.075998
23876,2023-09-22 20:00:00+00:00,25.526,96.20427,24.876
23877,2023-09-22 21:00:00+00:00,25.175999,96.77162,24.626
23878,2023-09-22 22:00:00+00:00,24.876,95.89814,24.175999
23879,2023-09-22 23:00:00+00:00,25.226,97.062355,24.726
23880,2023-09-23 00:00:00+00:00,26.726,95.66963,25.976
23881,2023-09-23 01:00:00+00:00,27.075998,93.44433,25.925999
23882,2023-09-23 02:00:00+00:00,28.276,87.373024,25.976
23883,2023-09-23 03:00:00+00:00,30.276,73.56915,25.026
23884,2023-09-23 04:00:00+00:00,31.976,63.466743,24.175999
23885,2023-09-23 05:00:00+00:00,33.176003,58.25506,23.876
23886,2023-09-23 06:00:00+00:00,34.076,56.06328,24.075998
23887,2023-09-23 07:00:00+00:00,34.876,53.94614,24.175999
23888,2023-09-23 08:00:00+00:00,35.576,50.97037,23.876
23889,2023-09-23 09:00:00+00:00,35.376,50.158417,23.425999
23890,2023-09-23 10:00:00+00:00,34.526,52.261856,23.325998
23891,2023-09-23 11:00:00+00:00,32.476,65.49777,25.175999
23892,2023-09-23 12:00:00+00:00,31.876,71.05412,25.976
23893,2023-09-23 13:00:00+00:00,29.675999,82.01275,26.276
23894,2023-09-23 14:00:00+00:00,28.976,87.69167,26.726
23895,2023-09-23 15:00:00+00:00,28.675999,89.492645,26.776
23896,2023-09-23 16:00:00+00:00,28.476,90.80461,26.825998
23897,2023-09-23 17:00:00+00:00,28.175999,91.32174,26.626
23898,2023-09-23 18:00:00+00:00,26.126,92.567245,24.825998
23899,2023-09-23 19:00:00+00:00,25.626,91.71203,24.175999
23900,2023-09-23 20:00:00+00:00,25.476,95.34475,24.675999
23901,2023-09-23 21:00:00+00:00,25.226,95.62207,24.476
23902,2023-09-23 22:00:00+00:00,25.026,91.67637,23.575998
23903,2023-09-23 23:00:00+00:00,24.925999,93.34209,23.776
23904,2023-09-24 00:00:00+00:00,26.126,93.399445,24.976
23905,2023-09-24 01:00:00+00:00,26.075998,90.919106,24.476
23906,2023-09-24 02:00:00+00:00,27.776,81.050674,24.226
23907,2023-09-24 03:00:00+00:00,29.175999,74.04894,24.075998
23908,2023-09-24 04:00:00+00:00,30.776,67.13931,23.976
23909,2023-09-24 05:00:00+00:00,32.176003,62.37694,24.075998
23910,2023-09-24 06:00:00+00:00,33.076,59.291363,24.075998
23911,2023-09-24 07:00:00+00:00,33.726,57.686844,24.226
23912,2023-09-24 08:00:00+00:00,34.526,54.511837,24.026
23913,2023-09-24 09:00:00+00:00,34.726,52.627914,23.626
23914,2023-09-24 10:00:00+00:00,34.526,51.79044,23.175999
23915,2023-09-24 11:00:00+00:00,33.926003,53.067596,23.026
23916,2023-09-24 12:00:00+00:00,31.776,60.07472,23.075998
23917,2023-09-24 13:00:00+00:00,30.126,67.823784,23.526
23918,2023-09-24 14:00:00+00:00,30.376,62.172176,22.325998
23919,2023-09-24 15:00:00+00:00,29.575998,70.2151,23.575998
23920,2023-09-24 16:00:00+00:00,28.476,74.830185,23.575998
23921,2023-09-24 17:00:00+00:00,28.175999,83.557625,25.126
23922,2023-09-24 18:00:00+00:00,25.825998,92.27474,24.476
23923,2023-09-24 19:00:00+00:00,25.126,91.40667,23.626
23924,2023-09-24 20:00:00+00:00,24.675999,93.04912,23.476
23925,2023-09-24 21:00:00+00:00,25.026,91.952965,23.626
23926,2023-09-24 22:00:00+00:00,25.175999,90.04269,23.425999
23927,2023-09-24 23:00:00+00:00,25.026,89.21967,23.126
23928,2023-09-25 00:00:00+00:00,26.425999,86.68798,24.026
23929,2023-09-25 01:00:00+00:00,26.575998,87.22331,24.276
23930,2023-09-25 02:00:00+00:00,27.825998,84.773766,25.026
23931,2023-09-25 03:00:00+00:00,29.026,76.96597,24.575998
23932,2023-09-25 04:00:00+00:00,30.776,68.76989,24.376
23933,2023-09-25 05:00:00+00:00,31.976,63.65737,24.226
23934,2023-09-25 06:00:00+00:00,32.876,60.68562,24.276
23935,2023-09-25 07:00:00+00:00,33.726,56.14838,23.776
23936,2023-09-25 08:00:00+00:00,34.076,53.104755,23.175999
23937,2023-09-25 09:00:00+00:00,34.126,52.320084,22.976
23938,2023-09-25 10:00:00+00:00,34.226,51.091896,22.675999
23939,2023-09-25 11:00:00+00:00,33.976,50.873745,22.376
23940,2023-09-25 12:00:00+00:00,33.076,55.152176,22.876
23941,2023-09-25 13:00:00+00:00,30.526,68.722244,24.126
23942,2023-09-25 14:00:00+00:00,31.526,59.29447,22.626
23943,2023-09-25 15:00:00+00:00,30.526,64.120224,22.976
23944,2023-09-25 16:00:00+00:00,28.626,75.53289,23.876
23945,2023-09-25 17:00:00+00:00,27.526,77.43945,23.226
23946,2023-09-25 18:00:00+00:00,27.075998,79.26922,23.175999
23947,2023-09-25 19:00:00+00:00,26.376,83.60743,23.376
23948,2023-09-25 20:00:00+00:00,25.925999,87.95611,23.776
23949,2023-09-25 21:00:00+00:00,26.026,85.6125,23.425999
23950,2023-09-25 22:00:00+00:00,25.376,90.60073,23.726
23951,2023-09-25 23:00:00+00:00,25.226,92.51909,23.925999
23952,2023-09-26 00:00:00+00:00,27.075998,93.16805,25.876
23953,2023-09-26 01:00:00+00:00,27.575998,88.88241,25.575998
23954,2023-09-26 02:00:00+00:00,28.776,80.21531,25.026
23955,2023-09-26 03:00:00+00:00,30.075998,69.67636,23.925999
23956,2023-09-26 04:00:00+00:00,31.325998,62.56851,23.325998
23957,2023-09-26 05:00:00+00:00,32.326,59.1197,23.325998
23958,2023-09-26 06:00:00+00:00,33.626,54.621647,23.226
23959,2023-09-26 07:00:00+00:00,34.526,52.89626,23.526
23960,2023-09-26 08:00:00+00:00,34.976,51.436012,23.476
23961,2023-09-26 09:00:00+00:00,35.126,49.64245,23.026
23962,2023-09-26 10:00:00+00:00,34.726,49.84154,22.726
23963,2023-09-26 11:00:00+00:00,32.776,59.044865,23.726
23964,2023-09-26 12:00:00+00:00,32.976,60.16462,24.226
23965,2023-09-26 13:00:00+00:00,30.575998,71.8858,24.925999
23966,2023-09-26 14:00:00+00:00,29.575998,74.78289,24.626
23967,2023-09-26 15:00:00+00:00,29.075998,78.599045,24.976
23968,2023-09-26 16:00:00+00:00,28.476,80.897285,24.876
23969,2023-09-26 17:00:00+00:00,27.876,82.03994,24.526
23970,2023-09-26 18:00:00+00:00,26.376,83.86005,23.425999
23971,2023-09-26 19:00:00+00:00,25.925999,82.05112,22.626
23972,2023-09-26 20:00:00+00:00,25.376,86.852936,23.026
23973,2023-09-26 21:00:00+00:00,25.626,87.4019,23.376
23974,2023-09-26 22:00:00+00:00,25.726,85.06657,23.026
23975,2023-09-26 23:00:00+00:00,25.425999,85.81232,22.876
23976,2023-09-27 00:00:00+00:00,26.776,82.65065,23.575998
23977,2023-09-27 01:00:00+00:00,27.175999,80.00407,23.425999
23978,2023-09-27 02:00:00+00:00,28.876,73.99936,23.776
23979,2023-09-27 03:00:00+00:00,30.476,65.28364,23.226
23980,2023-09-27 04:00:00+00:00,31.726,61.718533,23.476
23981,2023-09-27 05:00:00+00:00,32.826,58.173805,23.526
23982,2023-09-27 06:00:00+00:00,33.726,55.47624,23.575998
23983,2023-09-27 07:00:00+00:00,34.576,52.11681,23.325998
23984,2023-09-27 08:00:00+00:00,35.276,50.588806,23.476
23985,2023-09-27 09:00:00+00:00,34.626,51.97219,23.325998
23986,2023-09-27 10:00:00+00:00,33.376,55.55944,23.276
23987,2023-09-27 11:00:00+00:00,31.276,70.94671,25.376
23988,2023-09-27 12:00:00+00:00,30.825998,72.79065,25.376
23989,2023-09-27 13:00:00+00:00,29.575998,75.45621,24.776
23990,2023-09-27 14:00:00+00:00,28.825998,77.16682,24.425999
23991,2023-09-27 15:00:00+00:00,28.276,80.14965,24.526
23992,2023-09-27 16:00:00+00:00,27.776,83.76282,24.776
23993,2023-09-27 17:00:00+00:00,27.575998,85.00113,24.825998
23994,2023-09-27 18:00:00+00:00,27.276,85.992455,24.726
23995,2023-09-27 19:00:00+00:00,27.276,84.210686,24.376
23996,2023-09-27 20:00:00+00:00,27.226,82.703384,24.026
23997,2023-09-27 21:00:00+00:00,27.075998,83.68539,24.075998
23998,2023-09-27 22:00:00+00:00,26.925999,84.42603,24.075998
23999,2023-09-27 23:00:00+00:00,26.925999,83.41764,23.876
24000,2023-09-28 00:00:00+00:00,27.626,79.823425,23.825998
24001,2023-09-28 01:00:00+00:00,28.425999,73.257935,23.175999
24002,2023-09-28 02:00:00+00:00,29.776,68.57877,23.376
24003,2023-09-28 03:00:00+00:00,31.126,61.214043,22.776
24004,2023-09-28 04:00:00+00:00,32.326,57.532505,22.876
24005,2023-09-28 05:00:00+00:00,33.426003,54.079536,22.876
24006,2023-09-28 06:00:00+00:00,34.276,51.571285,22.876
24007,2023-09-28 07:00:00+00:00,34.726,51.063557,23.126
24008,2023-09-28 08:00:00+00:00,34.926003,50.80625,23.226
24009,2023-09-28 09:00:00+00:00,34.676003,51.20554,23.126
24010,2023-09-28 10:00:00+00:00,34.326,50.962444,22.726
24011,2023-09-28 11:00:00+00:00,33.176003,54.677364,22.825998
24012,2023-09-28 12:00:00+00:00,32.176003,59.62306,23.325998
24013,2023-09-28 13:00:00+00:00,30.425999,65.66889,23.276
24014,2023-09-28 14:00:00+00:00,28.726,73.752014,23.575998
24015,2023-09-28 15:00:00+00:00,28.526,77.35397,24.175999
24016,2023-09-28 16:00:00+00:00,28.276,77.78298,24.026
24017,2023-09-28 17:00:00+00:00,27.226,80.25229,23.526
24018,2023-09-28 18:00:00+00:00,26.526,86.957695,24.175999
24019,2023-09-28 19:00:00+00:00,26.526,85.14856,23.825998
24020,2023-09-28 20:00:00+00:00,26.175999,84.60085,23.376
24021,2023-09-28 21:00:00+00:00,25.976,85.607544,23.376
24022,2023-09-28 22:00:00+00:00,25.976,85.34955,23.325998
24023,2023-09-28 23:00:00+00:00,25.776,86.36669,23.325998
24024,2023-09-29 00:00:00+00:00,25.976,86.646324,23.575998
24025,2023-09-29 01:00:00+00:00,26.526,84.63776,23.726
24026,2023-09-29 02:00:00+00:00,28.175999,78.472336,24.075998
24027,2023-09-29 03:00:00+00:00,30.226,69.49534,24.026
24028,2023-09-29 04:00:00+00:00,31.876,62.124493,23.726
24029,2023-09-29 05:00:00+00:00,32.976,58.560078,23.776
24030,2023-09-29 06:00:00+00:00,33.876,55.847355,23.825998
24031,2023-09-29 07:00:00+00:00,34.626,53.88498,23.925999
24032,2023-09-29 08:00:00+00:00,33.776,58.219357,24.425999
24033,2023-09-29 09:00:00+00:00,32.876,61.601067,24.526
24034,2023-09-29 10:00:00+00:00,32.476,63.38325,24.626
24035,2023-09-29 11:00:00+00:00,31.925999,65.5811,24.675999
24036,2023-09-29 12:00:00+00:00,30.825998,69.39959,24.575998
24037,2023-09-29 13:00:00+00:00,28.226,78.244225,24.075998
24038,2023-09-29 14:00:00+00:00,27.325998,84.72166,24.526
24039,2023-09-29 15:00:00+00:00,26.825998,85.69169,24.226
24040,2023-09-29 16:00:00+00:00,26.675999,88.01907,24.526
24041,2023-09-29 17:00:00+00:00,26.325998,90.12345,24.575998
24042,2023-09-29 18:00:00+00:00,26.126,87.183235,23.825998
24043,2023-09-29 19:00:00+00:00,26.276,84.3566,23.425999
24044,2023-09-29 20:00:00+00:00,26.026,84.84084,23.276
24045,2023-09-29 21:00:00+00:00,25.976,84.83565,23.226
24046,2023-09-29 22:00:00+00:00,25.876,84.8252,23.126
24047,2023-09-29 23:00:00+00:00,25.675999,86.09669,23.175999
24048,2023-09-30 00:00:00+00:00,26.276,85.637314,23.675999
24049,2023-09-30 01:00:00+00:00,26.876,83.41198,23.825998
24050,2023-09-30 02:00:00+00:00,28.626,76.90613,24.175999
24051,2023-09-30 03:00:00+00:00,30.476,65.87764,23.376
24052,2023-09-30 04:00:00+00:00,31.825998,59.54324,22.976
24053,2023-09-30 05:00:00+00:00,33.076,55.319443,22.925999
24054,2023-09-30 06:00:00+00:00,33.876,53.53887,23.126
24055,2023-09-30 07:00:00+00:00,34.776,51.230755,23.226
24056,2023-09-30 08:00:00+00:00,35.076,49.180824,22.825998
24057,2023-09-30 09:00:00+00:00,33.526,53.452503,22.776
24058,2023-09-30 10:00:00+00:00,32.526,61.155945,24.075998
24059,2023-09-30 11:00:00+00:00,32.476,60.778595,23.925999
24060,2023-09-30 12:00:00+00:00,31.226,65.43793,23.976
24061,2023-09-30 13:00:00+00:00,29.876,71.97818,24.276
24062,2023-09-30 14:00:00+00:00,28.976,78.58501,24.876
24063,2023-09-30 15:00:00+00:00,28.925999,79.99639,25.126
24064,2023-09-30 16:00:00+00:00,27.276,87.54586,25.026
24065,2023-09-30 17:00:00+00:00,27.226,85.731,24.626
24066,2023-09-30 18:00:00+00:00,26.175999,83.58507,23.175999
24067,2023-09-30 19:00:00+00:00,26.175999,83.58507,23.175999
24068,2023-09-30 20:00:00+00:00,26.075998,84.846054,23.325998
24069,2023-09-30 21:00:00+00:00,25.925999,86.12076,23.425999
24070,2023-09-30 22:00:00+00:00,25.526,89.25767,23.626
24071,2023-09-30 23:00:00+00:00,25.376,90.32841,23.675999
24072,2023-10-01 00:00:00+00:00,26.675999,84.90836,23.925999
24073,2023-10-01 01:00:00+00:00,27.476,80.76949,23.876
24074,2023-10-01 02:00:00+00:00,29.325998,74.51904,24.325998
24075,2023-10-01 03:00:00+00:00,30.876,62.660107,22.925999
24076,2023-10-01 04:00:00+00:00,31.925999,58.316654,22.726
24077,2023-10-01 05:00:00+00:00,32.976,55.12793,22.776
24078,2023-10-01 06:00:00+00:00,33.726,54.15304,23.175999
24079,2023-10-01 07:00:00+00:00,34.576,51.18032,23.026
24080,2023-10-01 08:00:00+00:00,34.526,50.5515,22.776
24081,2023-10-01 09:00:00+00:00,34.526,50.093628,22.626
24082,2023-10-01 10:00:00+00:00,34.526,49.33858,22.376
24083,2023-10-01 11:00:00+00:00,34.176003,49.700764,22.175999
24084,2023-10-01 12:00:00+00:00,32.576,55.534775,22.526
24085,2023-10-01 13:00:00+00:00,29.976,76.19613,25.325998
24086,2023-10-01 14:00:00+00:00,29.726,74.80699,24.776
24087,2023-10-01 15:00:00+00:00,29.376,72.97893,24.026
24088,2023-10-01 16:00:00+00:00,28.876,75.345726,24.075998
24089,2023-10-01 17:00:00+00:00,28.526,78.286964,24.376
24090,2023-10-01 18:00:00+00:00,28.526,78.521736,24.425999
24091,2023-10-01 19:00:00+00:00,28.026,81.082275,24.476
24092,2023-10-01 20:00:00+00:00,27.675999,82.508545,24.425999
24093,2023-10-01 21:00:00+00:00,27.226,83.702034,24.226
24094,2023-10-01 22:00:00+00:00,27.376,78.12252,23.226
24095,2023-10-01 23:00:00+00:00,27.526,69.407936,21.425999
24096,2023-10-02 00:00:00+00:00,27.776,74.2655,22.776
24097,2023-10-02 01:00:00+00:00,27.976,72.29852,22.526
24098,2023-10-02 02:00:00+00:00,29.675999,65.31623,22.476
24099,2023-10-02 03:00:00+00:00,31.026,57.92938,21.776
24100,2023-10-02 04:00:00+00:00,32.076,54.408382,21.726
24101,2023-10-02 05:00:00+00:00,33.176003,50.670334,21.575998
24102,2023-10-02 06:00:00+00:00,33.126,50.040863,21.325998
24103,2023-10-02 07:00:00+00:00,33.676003,47.783176,21.075998
24104,2023-10-02 08:00:00+00:00,33.976,47.861443,21.376
24105,2023-10-02 09:00:00+00:00,34.226,47.634277,21.526
24106,2023-10-02 10:00:00+00:00,34.526,46.27517,21.325998
24107,2023-10-02 11:00:00+00:00,33.976,48.748264,21.675999
24108,2023-10-02 12:00:00+00:00,32.176003,53.936344,21.675999
24109,2023-10-02 13:00:00+00:00,31.376,56.612804,21.726
24110,2023-10-02 14:00:00+00:00,30.425999,60.31756,21.876
24111,2023-10-02 15:00:00+00:00,29.776,63.379574,22.075998
24112,2023-10-02 16:00:00+00:00,29.276,65.63198,22.175999
24113,2023-10-02 17:00:00+00:00,28.726,69.42317,22.575998
24114,2023-10-02 18:00:00+00:00,28.325998,72.57908,22.925999
24115,2023-10-02 19:00:00+00:00,28.075998,74.31485,23.075998
24116,2023-10-02 20:00:00+00:00,27.776,75.398575,23.026
24117,2023-10-02 21:00:00+00:00,27.476,75.5797,22.776
24118,2023-10-02 22:00:00+00:00,27.276,75.54811,22.575998
24119,2023-10-02 23:00:00+00:00,27.325998,73.96589,22.276
24120,2023-10-03 00:00:00+00:00,28.175999,71.678055,22.575998
24121,2023-10-03 01:00:00+00:00,29.075998,65.79112,22.026
24122,2023-10-03 02:00:00+00:00,29.976,63.809505,22.376
24123,2023-10-03 03:00:00+00:00,31.075998,60.464508,22.526
24124,2023-10-03 04:00:00+00:00,32.526,56.201008,22.675999
24125,2023-10-03 05:00:00+00:00,33.776,51.91642,22.526
24126,2023-10-03 06:00:00+00:00,34.776,48.069527,22.175999
24127,2023-10-03 07:00:00+00:00,35.376,44.41675,21.425999
24128,2023-10-03 08:00:00+00:00,35.826,41.760845,20.825998
24129,2023-10-03 09:00:00+00:00,35.626,41.707027,20.626
24130,2023-10-03 10:00:00+00:00,34.876,44.012188,20.825998
24131,2023-10-03 11:00:00+00:00,34.326,46.9366,21.376
24132,2023-10-03 12:00:00+00:00,33.426003,48.159996,20.976
24133,2023-10-03 13:00:00+00:00,32.026,52.755608,21.175999
24134,2023-10-03 14:00:00+00:00,31.175999,56.564976,21.526
24135,2023-10-03 15:00:00+00:00,30.476,59.778957,21.776
24136,2023-10-03 16:00:00+00:00,30.526,57.634754,21.226
24137,2023-10-03 17:00:00+00:00,29.376,61.00899,21.075998
24138,2023-10-03 18:00:00+00:00,28.726,66.12202,21.776
24139,2023-10-03 19:00:00+00:00,27.976,73.84985,22.876
24140,2023-10-03 20:00:00+00:00,27.425999,81.00629,23.876
24141,2023-10-03 21:00:00+00:00,27.325998,80.75023,23.726
24142,2023-10-03 22:00:00+00:00,27.175999,78.56754,23.126
24143,2023-10-03 23:00:00+00:00,26.276,83.34416,23.226
24144,2023-10-04 00:00:00+00:00,27.226,80.01072,23.476
24145,2023-10-04 01:00:00+00:00,27.776,76.31591,23.226
24146,2023-10-04 02:00:00+00:00,29.226,71.00269,23.425999
24147,2023-10-04 03:00:00+00:00,31.226,63.689526,23.526
24148,2023-10-04 04:00:00+00:00,32.726,56.078716,22.825998
24149,2023-10-04 05:00:00+00:00,34.176003,51.07925,22.626
24150,2023-10-04 06:00:00+00:00,35.476,46.10174,22.126
24151,2023-10-04 07:00:00+00:00,36.076,43.660275,21.776
24152,2023-10-04 08:00:00+00:00,36.076,41.956657,21.126
24153,2023-10-04 09:00:00+00:00,36.026,40.05007,20.325998
24154,2023-10-04 10:00:00+00:00,35.926003,39.04424,19.825998
24155,2023-10-04 11:00:00+00:00,34.276,44.809444,20.575998
24156,2023-10-04 12:00:00+00:00,32.176003,56.803497,22.526
24157,2023-10-04 13:00:00+00:00,30.575998,62.405228,22.575998
24158,2023-10-04 14:00:00+00:00,29.776,71.53008,24.075998
24159,2023-10-04 15:00:00+00:00,29.526,68.32383,23.075998
24160,2023-10-04 16:00:00+00:00,30.126,63.070038,22.325998
24161,2023-10-04 17:00:00+00:00,29.526,65.48399,22.376
24162,2023-10-04 18:00:00+00:00,28.876,68.82215,22.575998
24163,2023-10-04 19:00:00+00:00,28.276,71.26201,22.575998
24164,2023-10-04 20:00:00+00:00,27.675999,73.57602,22.526
24165,2023-10-04 21:00:00+00:00,26.726,80.42928,23.075998
24166,2023-10-04 22:00:00+00:00,26.575998,81.63506,23.175999
24167,2023-10-04 23:00:00+00:00,26.626,81.149284,23.126
24168,2023-10-05 00:00:00+00:00,27.026,83.93144,24.075998
24169,2023-10-05 01:00:00+00:00,27.726,81.776474,24.325998
24170,2023-10-05 02:00:00+00:00,29.726,73.918106,24.575998
24171,2023-10-05 03:00:00+00:00,32.526,60.789764,23.976
24172,2023-10-05 04:00:00+00:00,34.476,49.475952,22.376
24173,2023-10-05 05:00:00+00:00,35.076,42.598583,20.476
24174,2023-10-05 06:00:00+00:00,35.826,40.368538,20.276
24175,2023-10-05 07:00:00+00:00,36.226,38.2866,19.776
24176,2023-10-05 08:00:00+00:00,37.226,34.811947,19.126
24177,2023-10-05 09:00:00+00:00,37.026,34.219006,18.675999
24178,2023-10-05 10:00:00+00:00,35.676003,38.13712,19.226
24179,2023-10-05 11:00:00+00:00,34.026,42.978096,19.675999
24180,2023-10-05 12:00:00+00:00,32.176003,50.104755,20.476
24181,2023-10-05 13:00:00+00:00,30.726,51.94345,19.726
24182,2023-10-05 14:00:00+00:00,29.376,60.07867,20.825998
24183,2023-10-05 15:00:00+00:00,29.425999,64.4741,22.026
24184,2023-10-05 16:00:00+00:00,28.825998,68.188156,22.376
24185,2023-10-05 17:00:00+00:00,28.325998,68.926414,22.075998
24186,2023-10-05 18:00:00+00:00,27.825998,70.53305,21.976
24187,2023-10-05 19:00:00+00:00,27.026,75.50853,22.325998
24188,2023-10-05 20:00:00+00:00,27.226,75.08259,22.425999
24189,2023-10-05 21:00:00+00:00,27.126,77.14617,22.776
24190,2023-10-05 22:00:00+00:00,26.376,80.87222,22.825998
24191,2023-10-05 23:00:00+00:00,26.075998,82.06932,22.776
24192,2023-10-06 00:00:00+00:00,26.376,86.16392,23.876
24193,2023-10-06 01:00:00+00:00,27.575998,81.26895,24.075998
24194,2023-10-06 02:00:00+00:00,29.726,73.03851,24.376
24195,2023-10-06 03:00:00+00:00,32.326,63.161976,24.425999
24196,2023-10-06 04:00:00+00:00,35.326,36.29645,18.126
24197,2023-10-06 05:00:00+00:00,36.326,30.46074,16.226
24198,2023-10-06 06:00:00+00:00,37.476,29.063839,16.476
24199,2023-10-06 07:00:00+00:00,38.426003,26.909348,16.075998
24200,2023-10-06 08:00:00+00:00,38.476,26.159475,15.676
24201,2023-10-06 09:00:00+00:00,37.376,27.065556,15.276
24202,2023-10-06 10:00:00+00:00,35.276,34.06518,17.075998
24203,2023-10-06 11:00:00+00:00,34.476,33.954582,16.325998
24204,2023-10-06 12:00:00+00:00,33.226,40.8004,18.126
24205,2023-10-06 13:00:00+00:00,31.175999,55.534786,21.226
24206,2023-10-06 14:00:00+00:00,29.325998,75.86926,24.626
24207,2023-10-06 15:00:00+00:00,28.925999,75.35365,24.126
24208,2023-10-06 16:00:00+00:00,28.526,72.1758,23.026
24209,2023-10-06 17:00:00+00:00,28.325998,72.35963,22.876
24210,2023-10-06 18:00:00+00:00,27.575998,74.9113,22.726
24211,2023-10-06 19:00:00+00:00,26.476,80.885056,22.925999
24212,2023-10-06 20:00:00+00:00,26.075998,83.06969,22.976
24213,2023-10-06 21:00:00+00:00,25.876,84.56909,23.075998
24214,2023-10-06 22:00:00+00:00,25.376,87.90963,23.226
24215,2023-10-06 23:00:00+00:00,24.976,90.84771,23.376
24216,2023-10-07 00:00:00+00:00,25.425999,93.086624,24.226
24217,2023-10-07 01:00:00+00:00,27.075998,85.460075,24.425999
24218,2023-10-07 02:00:00+00:00,29.476,76.11942,24.825998
24219,2023-10-07 03:00:00+00:00,31.976,66.97544,25.075998
24220,2023-10-07 04:00:00+00:00,34.576,52.27435,23.376
24221,2023-10-07 05:00:00+00:00,36.076,39.327618,20.075998
24222,2023-10-07 06:00:00+00:00,36.826,36.13896,19.376
24223,2023-10-07 07:00:00+00:00,36.776,35.67821,19.126
24224,2023-10-07 08:00:00+00:00,36.276,37.013664,19.276
24225,2023-10-07 09:00:00+00:00,35.826,37.006573,18.876
24226,2023-10-07 10:00:00+00:00,35.676003,36.85031,18.675999
24227,2023-10-07 11:00:00+00:00,35.176003,38.000942,18.726
24228,2023-10-07 12:00:00+00:00,32.526,46.462185,19.575998
24229,2023-10-07 13:00:00+00:00,30.325998,60.479286,21.825998
24230,2023-10-07 14:00:00+00:00,28.976,78.117256,24.776
24231,2023-10-07 15:00:00+00:00,28.425999,80.89092,24.825998
24232,2023-10-07 16:00:00+00:00,27.925999,87.342415,25.626
24233,2023-10-07 17:00:00+00:00,27.626,87.31607,25.325998
24234,2023-10-07 18:00:00+00:00,27.126,85.97796,24.575998
24235,2023-10-07 19:00:00+00:00,26.825998,84.92388,24.075998
24236,2023-10-07 20:00:00+00:00,26.675999,85.42004,24.026
24237,2023-10-07 21:00:00+00:00,26.476,83.36679,23.425999
24238,2023-10-07 22:00:00+00:00,26.376,81.11761,22.876
24239,2023-10-07 23:00:00+00:00,26.126,83.57947,23.126
24240,2023-10-08 00:00:00+00:00,26.376,89.5895,24.526
24241,2023-10-08 01:00:00+00:00,27.126,87.53288,24.876
24242,2023-10-08 02:00:00+00:00,29.425999,79.58847,25.526
24243,2023-10-08 03:00:00+00:00,32.026,68.19175,25.425999
24244,2023-10-08 04:00:00+00:00,34.176003,55.58439,24.026
24245,2023-10-08 05:00:00+00:00,35.726,44.919147,21.925999
24246,2023-10-08 06:00:00+00:00,36.176003,41.598774,21.075998
24247,2023-10-08 07:00:00+00:00,36.426003,40.28196,20.776
24248,2023-10-08 08:00:00+00:00,36.176003,40.214447,20.526
24249,2023-10-08 09:00:00+00:00,35.926003,40.520416,20.425999
24250,2023-10-08 10:00:00+00:00,35.776,40.106274,20.126
24251,2023-10-08 11:00:00+00:00,33.776,45.371983,20.325998
24252,2023-10-08 12:00:00+00:00,32.526,45.603493,19.276
24253,2023-10-08 13:00:00+00:00,31.075998,55.51051,21.126
24254,2023-10-08 14:00:00+00:00,29.776,73.48554,24.526
24255,2023-10-08 15:00:00+00:00,29.226,80.27413,25.476
24256,2023-10-08 16:00:00+00:00,28.776,83.624214,25.726
24257,2023-10-08 17:00:00+00:00,28.276,85.83352,25.675999
24258,2023-10-08 18:00:00+00:00,27.825998,88.11469,25.675999
24259,2023-10-08 19:00:00+00:00,27.526,88.61494,25.476
24260,2023-10-08 20:00:00+00:00,27.376,87.03433,25.026
24261,2023-10-08 21:00:00+00:00,27.126,84.954865,24.376
24262,2023-10-08 22:00:00+00:00,26.626,85.671936,24.026
24263,2023-10-08 23:00:00+00:00,26.026,89.832794,24.226
24264,2023-10-09 00:00:00+00:00,27.575998,91.826355,26.126
24265,2023-10-09 01:00:00+00:00,28.126,91.58807,26.626
24266,2023-10-09 02:00:00+00:00,29.876,84.48699,26.976
24267,2023-10-09 03:00:00+00:00,32.226,71.96058,26.526
24268,2023-10-09 04:00:00+00:00,34.426003,55.311653,24.175999
24269,2023-10-09 05:00:00+00:00,35.876,46.77104,22.726
24270,2023-10-09 06:00:00+00:00,36.526,43.381775,22.075998
24271,2023-10-09 07:00:00+00:00,37.026,41.445557,21.776
24272,2023-10-09 08:00:00+00:00,35.026,47.263603,22.126
24273,2023-10-09 09:00:00+00:00,31.476,65.29304,24.175999
24274,2023-10-09 10:00:00+00:00,33.526,55.428062,23.376
24275,2023-10-09 11:00:00+00:00,32.926003,56.12661,23.026
24276,2023-10-09 12:00:00+00:00,31.925999,64.41443,24.376
24277,2023-10-09 13:00:00+00:00,31.126,69.4557,24.876
24278,2023-10-09 14:00:00+00:00,29.976,77.79683,25.675999
24279,2023-10-09 15:00:00+00:00,29.276,82.94069,26.075998
24280,2023-10-09 16:00:00+00:00,28.825998,84.87718,26.026
24281,2023-10-09 17:00:00+00:00,28.675999,79.01387,24.675999
24282,2023-10-09 18:00:00+00:00,28.626,75.07993,23.776
24283,2023-10-09 19:00:00+00:00,28.276,74.57248,23.325998
24284,2023-10-09 20:00:00+00:00,28.026,74.30663,23.026
24285,2023-10-09 21:00:00+00:00,27.325998,77.17602,22.976
24286,2023-10-09 22:00:00+00:00,26.726,80.42928,23.075998
24287,2023-10-09 23:00:00+00:00,26.276,83.34416,23.226
24288,2023-10-10 00:00:00+00:00,26.825998,88.82391,24.825998
24289,2023-10-10 01:00:00+00:00,26.476,92.03598,25.075998
24290,2023-10-10 02:00:00+00:00,27.575998,85.50991,24.925999
24291,2023-10-10 03:00:00+00:00,29.376,75.199425,24.526
24292,2023-10-10 04:00:00+00:00,31.776,64.77014,24.325998
24293,2023-10-10 05:00:00+00:00,33.476,56.939594,23.776
24294,2023-10-10 06:00:00+00:00,34.576,49.954597,22.626
24295,2023-10-10 07:00:00+00:00,35.776,43.44709,21.425999
24296,2023-10-10 08:00:00+00:00,36.576,40.322437,20.925999
24297,2023-10-10 09:00:00+00:00,35.926003,41.531517,20.825998
24298,2023-10-10 10:00:00+00:00,34.376,48.259365,21.876
24299,2023-10-10 11:00:00+00:00,33.076,51.58254,21.776
24300,2023-10-10 12:00:00+00:00,32.026,60.678,23.476
24301,2023-10-10 13:00:00+00:00,30.126,75.54248,25.325998
24302,2023-10-10 14:00:00+00:00,28.976,82.90627,25.776
24303,2023-10-10 15:00:00+00:00,28.226,88.932755,26.226
24304,2023-10-10 16:00:00+00:00,27.675999,94.30217,26.675999
24305,2023-10-10 17:00:00+00:00,27.276,97.67899,26.876
24306,2023-10-10 18:00:00+00:00,27.075998,98.54164,26.825998
24307,2023-10-10 19:00:00+00:00,26.876,98.539505,26.626
24308,2023-10-10 20:00:00+00:00,26.626,98.53682,26.376
24309,2023-10-10 21:00:00+00:00,26.126,99.41028,26.026
24310,2023-10-10 22:00:00+00:00,25.925999,99.70434,25.876
24311,2023-10-10 23:00:00+00:00,26.026,99.70455,25.976
24312,2023-10-11 00:00:00+00:00,26.575998,100.0,26.575998
24313,2023-10-11 01:00:00+00:00,26.876,98.830086,26.675999
24314,2023-10-11 02:00:00+00:00,28.325998,89.203354,26.376
24315,2023-10-11 03:00:00+00:00,30.276,76.92332,25.776
24316,2023-10-11 04:00:00+00:00,31.776,67.94104,25.126
24317,2023-10-11 05:00:00+00:00,33.076,59.827423,24.226
24318,2023-10-11 06:00:00+00:00,31.126,66.407196,24.126
24319,2023-10-11 07:00:00+00:00,34.176003,52.17444,22.976
24320,2023-10-11 08:00:00+00:00,35.176003,47.8815,22.476
24321,2023-10-11 09:00:00+00:00,34.576,50.106388,22.675999
24322,2023-10-11 10:00:00+00:00,33.626,51.407448,22.226
24323,2023-10-11 11:00:00+00:00,32.676003,54.88808,22.425999
24324,2023-10-11 12:00:00+00:00,31.675999,59.149307,22.726
24325,2023-10-11 13:00:00+00:00,29.876,73.50229,24.626
24326,2023-10-11 14:00:00+00:00,29.026,81.20796,25.476
24327,2023-10-11 15:00:00+00:00,28.425999,85.34069,25.726
24328,2023-10-11 16:00:00+00:00,27.825998,89.16557,25.876
24329,2023-10-11 17:00:00+00:00,27.276,92.902626,26.026
24330,2023-10-11 18:00:00+00:00,26.575998,96.51855,25.976
24331,2023-10-11 19:00:00+00:00,26.226,97.95078,25.876
24332,2023-10-11 20:00:00+00:00,26.026,98.53033,25.776
24333,2023-10-11 21:00:00+00:00,25.376,99.407,25.276
24334,2023-10-11 22:00:00+00:00,24.925999,100.0,24.925999
24335,2023-10-11 23:00:00+00:00,25.026,100.0,25.026
24336,2023-10-12 00:00:00+00:00,26.526,99.70564,26.476
24337,2023-10-12 01:00:00+00:00,27.075998,98.25223,26.776
24338,2023-10-12 02:00:00+00:00,29.325998,84.928505,26.526
24339,2023-10-12 03:00:00+00:00,31.726,63.41346,23.925999
24340,2023-10-12 04:00:00+00:00,33.826,45.94868,20.575998
24341,2023-10-12 05:00:00+00:00,35.026,38.31788,18.726
24342,2023-10-12 06:00:00+00:00,35.576,36.478786,18.425999
24343,2023-10-12 07:00:00+00:00,35.626,36.606853,18.526
24344,2023-10-12 08:00:00+00:00,35.476,36.56595,18.376
24345,2023-10-12 09:00:00+00:00,35.126,36.700256,18.126
24346,2023-10-12 10:00:00+00:00,34.226,38.702694,18.175999
24347,2023-10-12 11:00:00+00:00,32.826,44.6997,19.226
24348,2023-10-12 12:00:00+00:00,31.425999,47.63592,18.976
24349,2023-10-12 13:00:00+00:00,29.175999,64.22491,21.726
24350,2023-10-12 14:00:00+00:00,27.825998,76.55437,23.325998
24351,2023-10-12 15:00:00+00:00,26.776,85.174034,24.075998
24352,2023-10-12 16:00:00+00:00,26.325998,89.051025,24.376
24353,2023-10-12 17:00:00+00:00,25.526,93.650856,24.425999
24354,2023-10-12 18:00:00+00:00,24.876,96.18618,24.226
24355,2023-10-12 19:00:00+00:00,24.626,98.22033,24.325998
24356,2023-10-12 20:00:00+00:00,24.575998,100.0,24.575998
24357,2023-10-12 21:00:00+00:00,24.376,100.0,24.376
24358,2023-10-12 22:00:00+00:00,24.026,100.0,24.026
24359,2023-10-12 23:00:00+00:00,23.476,99.69885,23.425999
24360,2023-10-13 00:00:00+00:00,24.175999,100.0,24.175999
24361,2023-10-13 01:00:00+00:00,24.425999,98.80871,24.226
24362,2023-10-13 02:00:00+00:00,27.825998,83.76833,24.825998
24363,2023-10-13 03:00:00+00:00,30.526,65.49137,23.325998
24364,2023-10-13 04:00:00+00:00,32.776,50.41332,21.126
24365,2023-10-13 05:00:00+00:00,34.326,41.356007,19.325998
24366,2023-10-13 06:00:00+00:00,34.926003,39.382023,19.075998
24367,2023-10-13 07:00:00+00:00,35.076,39.05606,19.075998
24368,2023-10-13 08:00:00+00:00,34.676003,40.558853,19.325998
24369,2023-10-13 09:00:00+00:00,34.226,41.07223,19.126
24370,2023-10-13 10:00:00+00:00,33.626,41.03752,18.575998
24371,2023-10-13 11:00:00+00:00,32.376,45.13931,18.976
24372,2023-10-13 12:00:00+00:00,31.075998,53.00592,20.376
24373,2023-10-13 13:00:00+00:00,29.376,66.45584,22.476
24374,2023-10-13 14:00:00+00:00,28.476,74.38045,23.476
24375,2023-10-13 15:00:00+00:00,27.626,80.30481,23.925999
24376,2023-10-13 16:00:00+00:00,26.726,86.456154,24.276
24377,2023-10-13 17:00:00+00:00,26.626,87.22773,24.325998
24378,2023-10-13 18:00:00+00:00,26.776,86.72024,24.376
24379,2023-10-13 19:00:00+00:00,26.476,88.79644,24.476
24380,2023-10-13 20:00:00+00:00,26.226,90.38653,24.526
24381,2023-10-13 21:00:00+00:00,25.126,96.19315,24.476
24382,2023-10-13 22:00:00+00:00,24.476,98.513374,24.226
24383,2023-10-13 23:00:00+00:00,24.626,98.51503,24.376
24384,2023-10-14 00:00:00+00:00,25.325998,95.339676,24.526
24385,2023-10-14 01:00:00+00:00,26.126,92.01607,24.726
24386,2023-10-14 02:00:00+00:00,28.876,78.805885,24.825998
24387,2023-10-14 03:00:00+00:00,31.476,60.73816,22.976
24388,2023-10-14 04:00:00+00:00,32.926003,48.625298,20.675999
24389,2023-10-14 05:00:00+00:00,33.626,46.46547,20.575998
24390,2023-10-14 06:00:00+00:00,34.176003,44.782833,20.476
24391,2023-10-14 07:00:00+00:00,34.626,43.13935,20.276
24392,2023-10-14 08:00:00+00:00,34.526,43.64852,20.376
24393,2023-10-14 09:00:00+00:00,33.926003,46.975666,21.026
24394,2023-10-14 10:00:00+00:00,33.076,50.955738,21.575998
24395,2023-10-14 11:00:00+00:00,31.776,56.881245,22.175999
24396,2023-10-14 12:00:00+00:00,31.425999,51.799934,20.325998
24397,2023-10-14 13:00:00+00:00,29.325998,69.11688,23.075998
24398,2023-10-14 14:00:00+00:00,28.276,78.48647,24.175999
24399,2023-10-14 15:00:00+00:00,27.626,83.246864,24.526
24400,2023-10-14 16:00:00+00:00,26.976,86.738594,24.575998
24401,2023-10-14 17:00:00+00:00,26.575998,88.539085,24.526
24402,2023-10-14 18:00:00+00:00,26.376,88.52299,24.325998
24403,2023-10-14 19:00:00+00:00,25.976,89.82918,24.175999
24404,2023-10-14 20:00:00+00:00,25.325998,94.20471,24.325998
24405,2023-10-14 21:00:00+00:00,24.575998,97.04829,24.075998
24406,2023-10-14 22:00:00+00:00,24.126,99.40144,24.026
24407,2023-10-14 23:00:00+00:00,24.126,100.0,24.126
24408,2023-10-15 00:00:00+00:00,25.476,99.407425,25.376
24409,2023-10-15 01:00:00+00:00,26.376,96.227745,25.726
24410,2023-10-15 02:00:00+00:00,27.425999,88.08156,25.276
24411,2023-10-15 03:00:00+00:00,28.626,77.13712,24.226
24412,2023-10-15 04:00:00+00:00,30.126,70.105446,24.075998
24413,2023-10-15 05:00:00+00:00,32.576,59.53457,23.675999
24414,2023-10-15 06:00:00+00:00,33.676003,52.685116,22.675999
24415,2023-10-15 07:00:00+00:00,33.826,51.14599,22.325998
24416,2023-10-15 08:00:00+00:00,33.626,52.036682,22.425999
24417,2023-10-15 09:00:00+00:00,33.276,51.318947,21.876
24418,2023-10-15 10:00:00+00:00,32.376,55.14981,22.226
24419,2023-10-15 11:00:00+00:00,31.075998,61.761917,22.876
24420,2023-10-15 12:00:00+00:00,31.726,55.66803,21.776
24421,2023-10-15 13:00:00+00:00,30.126,65.409096,22.925999
24422,2023-10-15 14:00:00+00:00,29.276,70.79789,23.425999
24423,2023-10-15 15:00:00+00:00,28.476,75.50927,23.726
24424,2023-10-15 16:00:00+00:00,27.526,81.75201,24.126
24425,2023-10-15 17:00:00+00:00,26.976,85.96346,24.425999
24426,2023-10-15 18:00:00+00:00,26.425999,90.40014,24.726
24427,2023-10-15 19:00:00+00:00,25.976,94.231926,24.976
24428,2023-10-15 20:00:00+00:00,25.476,96.490425,24.876
24429,2023-10-15 21:00:00+00:00,24.876,98.81265,24.675999
24430,2023-10-15 22:00:00+00:00,25.175999,99.70267,25.126
24431,2023-10-15 23:00:00+00:00,24.776,100.0,24.776
24432,2023-10-16 00:00:00+00:00,25.776,100.0,25.776
24433,2023-10-16 01:00:00+00:00,26.825998,95.95609,26.126
24434,2023-10-16 02:00:00+00:00,27.425999,89.66612,25.575998
24435,2023-10-16 03:00:00+00:00,29.425999,79.117004,25.425999
24436,2023-10-16 04:00:00+00:00,32.176003,59.08524,23.175999
24437,2023-10-16 05:00:00+00:00,33.726,49.132584,21.575998
24438,2023-10-16 06:00:00+00:00,34.426003,44.98762,20.776
24439,2023-10-16 07:00:00+00:00,34.526,43.64852,20.376
24440,2023-10-16 08:00:00+00:00,33.776,46.648376,20.776
24441,2023-10-16 09:00:00+00:00,33.076,48.217007,20.675999
24442,2023-10-16 10:00:00+00:00,32.626,50.841156,21.126
24443,2023-10-16 11:00:00+00:00,31.276,59.417385,22.425999
24444,2023-10-16 12:00:00+00:00,31.876,51.436512,20.626
24445,2023-10-16 13:00:00+00:00,30.425999,64.87984,23.075998
24446,2023-10-16 14:00:00+00:00,29.675999,70.02235,23.626
24447,2023-10-16 15:00:00+00:00,29.126,71.41433,23.425999
24448,2023-10-16 16:00:00+00:00,28.526,72.61369,23.126
24449,2023-10-16 17:00:00+00:00,28.026,73.634865,22.876
24450,2023-10-16 18:00:00+00:00,27.425999,77.19092,23.075998
24451,2023-10-16 19:00:00+00:00,26.776,81.16825,23.276
24452,2023-10-16 20:00:00+00:00,26.476,82.61537,23.276
24453,2023-10-16 21:00:00+00:00,26.376,82.85356,23.226
24454,2023-10-16 22:00:00+00:00,25.825998,86.11114,23.325998
24455,2023-10-16 23:00:00+00:00,24.976,92.22749,23.626
24456,2023-10-17 00:00:00+00:00,25.575998,96.205666,24.925999
24457,2023-10-17 01:00:00+00:00,26.425999,91.21346,24.876
24458,2023-10-17 02:00:00+00:00,29.526,75.22322,24.675999
24459,2023-10-17 03:00:00+00:00,31.675999,63.0226,23.776
24460,2023-10-17 04:00:00+00:00,33.926003,49.63663,21.925999
24461,2023-10-17 05:00:00+00:00,35.526,39.914684,19.825998
24462,2023-10-17 06:00:00+00:00,35.926003,35.335926,18.226
24463,2023-10-17 07:00:00+00:00,35.676003,34.82674,17.776
24464,2023-10-17 08:00:00+00:00,35.226,34.703953,17.325998
24465,2023-10-17 09:00:00+00:00,34.576,35.63801,17.175999
24466,2023-10-17 10:00:00+00:00,33.826,35.54531,16.476
24467,2023-10-17 11:00:00+00:00,32.626,39.74802,17.175999
24468,2023-10-17 12:00:00+00:00,31.026,45.918774,18.026
24469,2023-10-17 13:00:00+00:00,29.776,57.63454,20.526
24470,2023-10-17 14:00:00+00:00,28.976,66.37493,22.075998
24471,2023-10-17 15:00:00+00:00,28.175999,72.333466,22.726
24472,2023-10-17 16:00:00+00:00,27.325998,77.87957,23.126
24473,2023-10-17 17:00:00+00:00,26.925999,79.72943,23.126
24474,2023-10-17 18:00:00+00:00,26.425999,82.36025,23.175999
24475,2023-10-17 19:00:00+00:00,25.825998,85.85155,23.276
24476,2023-10-17 20:00:00+00:00,25.976,85.607544,23.376
24477,2023-10-17 21:00:00+00:00,25.376,89.24629,23.476
24478,2023-10-17 22:00:00+00:00,24.626,94.17522,23.626
24479,2023-10-17 23:00:00+00:00,24.126,96.746574,23.575998
24480,2023-10-18 00:00:00+00:00,25.175999,95.334595,24.376
24481,2023-10-18 01:00:00+00:00,26.026,88.761,24.026
24482,2023-10-18 02:00:00+00:00,28.276,78.72221,24.226
24483,2023-10-18 03:00:00+00:00,30.675999,64.73607,23.276
24484,2023-10-18 04:00:00+00:00,32.576,51.45603,21.276
24485,2023-10-18 05:00:00+00:00,34.276,41.86001,19.476
24486,2023-10-18 06:00:00+00:00,35.476,35.21323,17.776
24487,2023-10-18 07:00:00+00:00,35.276,35.269653,17.626
24488,2023-10-18 08:00:00+00:00,35.326,34.18682,17.175999
24489,2023-10-18 09:00:00+00:00,34.826,35.932495,17.526
24490,2023-10-18 10:00:00+00:00,33.826,39.950497,18.325998
24491,2023-10-18 11:00:00+00:00,32.376,46.422447,19.425999
24492,2023-10-18 12:00:00+00:00,31.626,44.517086,18.075998
24493,2023-10-18 13:00:00+00:00,29.776,56.402363,20.175999
24494,2023-10-18 14:00:00+00:00,28.276,66.43587,21.425999
24495,2023-10-18 15:00:00+00:00,27.376,73.52542,22.226
24496,2023-10-18 16:00:00+00:00,26.526,79.19348,22.626
24497,2023-10-18 17:00:00+00:00,26.325998,80.37688,22.675999
24498,2023-10-18 18:00:00+00:00,25.776,83.54019,22.776
24499,2023-10-18 19:00:00+00:00,25.376,86.32877,22.925999
24500,2023-10-18 20:00:00+00:00,24.825998,90.83793,23.226
24501,2023-10-18 21:00:00+00:00,24.425999,93.88309,23.376
24502,2023-10-18 22:00:00+00:00,23.976,95.87098,23.276
24503,2023-10-18 23:00:00+00:00,23.776,96.15524,23.126
24504,2023-10-19 00:00:00+00:00,24.626,93.60941,23.526
24505,2023-10-19 01:00:00+00:00,26.325998,82.5977,23.126
24506,2023-10-19 02:00:00+00:00,29.476,67.901886,22.925999
24507,2023-10-19 03:00:00+00:00,30.175999,63.465443,22.476
24508,2023-10-19 04:00:00+00:00,30.526,62.584034,22.575998
24509,2023-10-19 05:00:00+00:00,33.326,49.33089,21.276
24510,2023-10-19 06:00:00+00:00,34.126,46.597202,21.075998
24511,2023-10-19 07:00:00+00:00,34.476,43.099075,20.126
24512,2023-10-19 08:00:00+00:00,33.476,46.140156,20.325998
24513,2023-10-19 09:00:00+00:00,34.026,43.111652,19.726
24514,2023-10-19 10:00:00+00:00,33.576,43.93619,19.626
24515,2023-10-19 11:00:00+00:00,32.126,49.172028,20.126
24516,2023-10-19 12:00:00+00:00,31.075998,64.62446,23.626
24517,2023-10-19 13:00:00+00:00,27.876,78.66614,23.825998
24518,2023-10-19 14:00:00+00:00,25.526,85.82212,22.976
24519,2023-10-19 15:00:00+00:00,25.925999,84.830414,23.175999
24520,2023-10-19 16:00:00+00:00,25.276,89.77869,23.476
24521,2023-10-19 17:00:00+00:00,25.226,91.412796,23.726
24522,2023-10-19 18:00:00+00:00,25.876,89.01629,23.925999
24523,2023-10-19 19:00:00+00:00,25.575998,91.16014,24.026
24524,2023-10-19 20:00:00+00:00,25.126,93.91403,24.075998
24525,2023-10-19 21:00:00+00:00,24.876,95.61086,24.126
24526,2023-10-19 22:00:00+00:00,24.325998,98.5117,24.075998
24527,2023-10-19 23:00:00+00:00,23.675999,99.699326,23.626
24528,2023-10-20 00:00:00+00:00,25.175999,100.0,25.175999
24529,2023-10-20 01:00:00+00:00,26.075998,97.369194,25.626
24530,2023-10-20 02:00:00+00:00,28.626,81.157814,25.075998
24531,2023-10-20 03:00:00+00:00,31.075998,62.703506,23.126
24532,2023-10-20 04:00:00+00:00,32.926003,52.980255,22.075998
24533,2023-10-20 05:00:00+00:00,34.376,46.52012,21.276
24534,2023-10-20 06:00:00+00:00,34.276,44.53399,20.476
24535,2023-10-20 07:00:00+00:00,35.226,40.707882,19.876
24536,2023-10-20 08:00:00+00:00,34.926003,42.035446,20.126
24537,2023-10-20 09:00:00+00:00,34.126,44.493988,20.325998
24538,2023-10-20 10:00:00+00:00,33.076,49.569794,21.126
24539,2023-10-20 11:00:00+00:00,31.325998,59.24855,22.425999
24540,2023-10-20 12:00:00+00:00,30.276,69.088524,23.976
24541,2023-10-20 13:00:00+00:00,29.276,74.28788,24.226
24542,2023-10-20 14:00:00+00:00,28.675999,77.376076,24.325998
24543,2023-10-20 15:00:00+00:00,28.175999,80.617584,24.526
24544,2023-10-20 16:00:00+00:00,27.776,83.513016,24.726
24545,2023-10-20 17:00:00+00:00,27.325998,86.25441,24.825998
24546,2023-10-20 18:00:00+00:00,26.726,89.615135,24.876
24547,2023-10-20 19:00:00+00:00,26.476,89.59683,24.626
24548,2023-10-20 20:00:00+00:00,25.126,87.09355,22.825998
24549,2023-10-20 21:00:00+00:00,24.425999,92.19671,23.075998
24550,2023-10-20 22:00:00+00:00,24.026,95.00769,23.175999
24551,2023-10-20 23:00:00+00:00,23.726,94.136955,22.726
24552,2023-10-21 00:00:00+00:00,22.825998,96.42132,22.226
24553,2023-10-21 01:00:00+00:00,24.026,92.73489,22.776
24554,2023-10-21 02:00:00+00:00,26.026,85.8711,23.476
24555,2023-10-21 03:00:00+00:00,28.175999,74.10694,23.126
24556,2023-10-21 04:00:00+00:00,31.476,59.463207,22.626
24557,2023-10-21 05:00:00+00:00,33.926003,46.54455,20.876
24558,2023-10-21 06:00:00+00:00,35.526,37.623844,18.876
24559,2023-10-21 07:00:00+00:00,35.076,38.451443,18.825998
24560,2023-10-21 08:00:00+00:00,34.176003,39.05501,18.276
24561,2023-10-21 09:00:00+00:00,32.276,50.595856,20.726
24562,2023-10-21 10:00:00+00:00,32.076,55.245132,21.976
24563,2023-10-21 11:00:00+00:00,31.626,52.980286,20.876
24564,2023-10-21 12:00:00+00:00,30.925999,51.513027,19.776
24565,2023-10-21 13:00:00+00:00,29.325998,65.045265,22.075998
24566,2023-10-21 14:00:00+00:00,28.825998,67.15846,22.126
24567,2023-10-21 15:00:00+00:00,28.026,72.96842,22.726
24568,2023-10-21 16:00:00+00:00,27.476,77.90131,23.276
24569,2023-10-21 17:00:00+00:00,26.425999,84.37267,23.575998
24570,2023-10-21 18:00:00+00:00,26.476,84.37801,23.626
24571,2023-10-21 19:00:00+00:00,26.675999,83.640915,23.675999
24572,2023-10-21 20:00:00+00:00,24.925999,93.62328,23.825998
24573,2023-10-21 21:00:00+00:00,24.976,93.90741,23.925999
24574,2023-10-21 22:00:00+00:00,24.726,95.606064,23.976
24575,2023-10-21 23:00:00+00:00,24.675999,96.18058,24.026
24576,2023-10-22 00:00:00+00:00,25.776,83.79375,22.825998
24577,2023-10-22 01:00:00+00:00,26.276,80.12675,22.575998
24578,2023-10-22 02:00:00+00:00,28.526,68.12975,22.075998
24579,2023-10-22 03:00:00+00:00,30.876,59.325542,22.026
24580,2023-10-22 04:00:00+00:00,32.776,50.2588,21.075998
24581,2023-10-22 05:00:00+00:00,34.676003,40.939,19.476
24582,2023-10-22 06:00:00+00:00,35.426003,35.983223,18.075998
24583,2023-10-22 07:00:00+00:00,35.826,31.711071,16.425999
24584,2023-10-22 08:00:00+00:00,35.926003,30.159489,15.726
24585,2023-10-22 09:00:00+00:00,35.626,32.0626,16.425999
24586,2023-10-22 10:00:00+00:00,34.576,38.435364,18.376
24587,2023-10-22 11:00:00+00:00,33.176003,44.9326,19.626
24588,2023-10-22 12:00:00+00:00,31.675999,47.110855,19.026
24589,2023-10-22 13:00:00+00:00,29.776,58.529053,20.776
24590,2023-10-22 14:00:00+00:00,28.575998,67.51932,21.976
24591,2023-10-22 15:00:00+00:00,27.626,75.14674,22.825998
24592,2023-10-22 16:00:00+00:00,27.026,79.74289,23.226
24593,2023-10-22 17:00:00+00:00,26.325998,84.36197,23.476
24594,2023-10-22 18:00:00+00:00,26.126,85.62244,23.526
24595,2023-10-22 19:00:00+00:00,25.226,90.864006,23.626
24596,2023-10-22 20:00:00+00:00,24.276,93.87643,23.226
24597,2023-10-22 21:00:00+00:00,23.925999,94.14549,22.925999
24598,2023-10-22 22:00:00+00:00,23.526,93.5582,22.425999
24599,2023-10-22 23:00:00+00:00,23.175999,93.25713,22.026
24600,2023-10-23 00:00:00+00:00,23.976,93.86304,22.925999
24601,2023-10-23 01:00:00+00:00,24.925999,86.811615,22.575998
24602,2023-10-23 02:00:00+00:00,27.476,61.720352,19.476
24603,2023-10-23 03:00:00+00:00,30.876,33.3985,12.926
24604,2023-10-23 04:00:00+00:00,32.976,28.602514,12.376
24605,2023-10-23 05:00:00+00:00,34.526,20.776503,8.876
24606,2023-10-23 06:00:00+00:00,35.326,19.34489,8.476
24607,2023-10-23 07:00:00+00:00,36.076,19.459728,9.176
24608,2023-10-23 08:00:00+00:00,36.576,20.382048,10.276
24609,2023-10-23 09:00:00+00:00,36.776,20.912352,10.826
24610,2023-10-23 10:00:00+00:00,36.476,20.357655,10.176
24611,2023-10-23 11:00:00+00:00,34.676003,25.003244,11.776
24612,2023-10-23 12:00:00+00:00,32.626,25.048277,10.076
24613,2023-10-23 13:00:00+00:00,29.626,35.646893,12.826
24614,2023-10-23 14:00:00+00:00,29.226,39.95872,14.226
24615,2023-10-23 15:00:00+00:00,28.526,44.526375,15.276
24616,2023-10-23 16:00:00+00:00,27.876,48.209156,15.926
24617,2023-10-23 17:00:00+00:00,24.675999,60.508183,16.526
24618,2023-10-23 18:00:00+00:00,24.026,67.23608,17.575998
24619,2023-10-23 19:00:00+00:00,23.575998,65.04951,16.626
24620,2023-10-23 20:00:00+00:00,22.925999,70.94634,17.376
24621,2023-10-23 21:00:00+00:00,23.026,72.09238,17.726
24622,2023-10-23 22:00:00+00:00,23.575998,68.43033,17.425999
24623,2023-10-23 23:00:00+00:00,21.126,80.181244,17.575998
24624,2023-10-24 00:00:00+00:00,21.675999,83.59076,18.776
24625,2023-10-24 01:00:00+00:00,22.976,76.0367,18.526
24626,2023-10-24 02:00:00+00:00,26.726,52.567215,16.226
24627,2023-10-24 03:00:00+00:00,30.476,37.18647,14.226
24628,2023-10-24 04:00:00+00:00,33.376,28.336723,12.576
24629,2023-10-24 05:00:00+00:00,35.126,20.57602,9.226
24630,2023-10-24 06:00:00+00:00,36.126,18.826054,8.726
24631,2023-10-24 07:00:00+00:00,36.976,17.66795,8.476
24632,2023-10-24 08:00:00+00:00,37.176003,17.77415,8.726
24633,2023-10-24 09:00:00+00:00,36.526,21.060104,10.726
24634,2023-10-24 10:00:00+00:00,34.476,26.12891,12.276
24635,2023-10-24 11:00:00+00:00,32.826,30.09939,13.026
24636,2023-10-24 12:00:00+00:00,31.526,34.12822,13.826
24637,2023-10-24 13:00:00+00:00,29.126,51.051895,17.976
24638,2023-10-24 14:00:00+00:00,27.575998,60.979893,19.376
24639,2023-10-24 15:00:00+00:00,26.776,66.334816,19.976
24640,2023-10-24 16:00:00+00:00,25.776,76.00579,21.226
24641,2023-10-24 17:00:00+00:00,25.376,80.25162,21.726
24642,2023-10-24 18:00:00+00:00,25.126,76.3729,20.675999
24643,2023-10-24 19:00:00+00:00,24.575998,77.236374,20.325998
24644,2023-10-24 20:00:00+00:00,23.726,82.28706,20.526
24645,2023-10-24 21:00:00+00:00,23.075998,87.71238,20.925999
24646,2023-10-24 22:00:00+00:00,22.675999,91.25421,21.175999
24647,2023-10-24 23:00:00+00:00,22.175999,92.636795,20.925999
24648,2023-10-25 00:00:00+00:00,21.925999,92.90902,20.726
24649,2023-10-25 01:00:00+00:00,24.325998,85.9657,21.825998
24650,2023-10-25 02:00:00+00:00,27.876,70.54222,22.026
24651,2023-10-25 03:00:00+00:00,30.675999,57.317814,21.276
24652,2023-10-25 04:00:00+00:00,33.176003,41.692333,18.425999
24653,2023-10-25 05:00:00+00:00,35.326,32.702053,16.476
24654,2023-10-25 06:00:00+00:00,36.676003,28.392176,15.426
24655,2023-10-25 07:00:00+00:00,37.426003,25.471516,14.376
24656,2023-10-25 08:00:00+00:00,37.576,23.142385,13.026
24657,2023-10-25 09:00:00+00:00,36.276,28.376804,15.076
24658,2023-10-25 10:00:00+00:00,33.576,36.39117,16.626
24659,2023-10-25 11:00:00+00:00,32.926003,40.208813,17.626
24660,2023-10-25 12:00:00+00:00,30.825998,50.53669,19.376
24661,2023-10-25 13:00:00+00:00,29.075998,61.695713,20.976
24662,2023-10-25 14:00:00+00:00,28.276,67.6664,21.726
24663,2023-10-25 15:00:00+00:00,27.575998,73.55916,22.425999
24664,2023-10-25 16:00:00+00:00,26.476,80.885056,22.925999
24665,2023-10-25 17:00:00+00:00,25.976,84.83565,23.226
24666,2023-10-25 18:00:00+00:00,25.126,88.958084,23.175999
24667,2023-10-25 19:00:00+00:00,24.526,91.92404,23.126
24668,2023-10-25 20:00:00+00:00,24.575998,91.372795,23.075998
24669,2023-10-25 21:00:00+00:00,23.876,94.14336,22.876
24670,2023-10-25 22:00:00+00:00,23.526,94.70165,22.626
24671,2023-10-25 23:00:00+00:00,23.226,94.68999,22.325998
24672,2023-10-26 00:00:00+00:00,23.675999,92.99866,22.476
24673,2023-10-26 01:00:00+00:00,25.376,84.25975,22.526
24674,2023-10-26 02:00:00+00:00,28.226,70.178246,22.276
24675,2023-10-26 03:00:00+00:00,30.526,57.458237,21.175999
24676,2023-10-26 04:00:00+00:00,32.426003,46.580204,19.526
24677,2023-10-26 05:00:00+00:00,34.176003,39.177673,18.325998
24678,2023-10-26 06:00:00+00:00,34.926003,35.846634,17.575998
24679,2023-10-26 07:00:00+00:00,35.476,31.717188,16.126
24680,2023-10-26 08:00:00+00:00,35.576,28.55673,14.576
24681,2023-10-26 09:00:00+00:00,35.126,29.275888,14.576
24682,2023-10-26 10:00:00+00:00,34.026,32.347584,15.176
24683,2023-10-26 11:00:00+00:00,32.276,40.157917,17.026
24684,2023-10-26 12:00:00+00:00,30.376,51.37267,19.226
24685,2023-10-26 13:00:00+00:00,29.425999,58.44715,20.425999
24686,2023-10-26 14:00:00+00:00,28.575998,66.904076,21.825998
24687,2023-10-26 15:00:00+00:00,27.825998,72.93413,22.526
24688,2023-10-26 16:00:00+00:00,26.876,79.722664,23.075998
24689,2023-10-26 17:00:00+00:00,25.976,86.125565,23.476
24690,2023-10-26 18:00:00+00:00,25.726,89.81119,23.925999
24691,2023-10-26 19:00:00+00:00,25.226,93.35648,24.075998
24692,2023-10-26 20:00:00+00:00,24.626,95.60284,23.876
24693,2023-10-26 21:00:00+00:00,24.075998,97.62368,23.675999
24694,2023-10-26 22:00:00+00:00,23.925999,98.50728,23.675999
24695,2023-10-26 23:00:00+00:00,24.075998,97.03738,23.575998
24696,2023-10-27 00:00:00+00:00,24.075998,96.163704,23.425999
24697,2023-10-27 01:00:00+00:00,25.575998,89.26147,23.675999
24698,2023-10-27 02:00:00+00:00,27.675999,77.9303,23.476
24699,2023-10-27 03:00:00+00:00,29.776,63.961296,22.226
24700,2023-10-27 04:00:00+00:00,31.226,57.098194,21.726
24701,2023-10-27 05:00:00+00:00,32.276,50.751823,20.776
24702,2023-10-27 06:00:00+00:00,32.126,50.09189,20.425999
24703,2023-10-27 07:00:00+00:00,31.876,55.365303,21.825998
24704,2023-10-27 08:00:00+00:00,33.476,50.43782,21.776
24705,2023-10-27 09:00:00+00:00,33.176003,50.515556,21.526
24706,2023-10-27 10:00:00+00:00,31.976,54.383812,21.626
24707,2023-10-27 11:00:00+00:00,30.376,61.983334,22.276
24708,2023-10-27 12:00:00+00:00,28.876,69.45145,22.726
24709,2023-10-27 13:00:00+00:00,28.825998,73.10503,23.526
24710,2023-10-27 14:00:00+00:00,28.175999,78.944695,24.175999
24711,2023-10-27 15:00:00+00:00,27.925999,79.86354,24.126
24712,2023-10-27 16:00:00+00:00,27.575998,81.26895,24.075998
24713,2023-10-27 17:00:00+00:00,27.026,84.69027,24.226
24714,2023-10-27 18:00:00+00:00,26.575998,86.962234,24.226
24715,2023-10-27 19:00:00+00:00,25.776,87.94345,23.626
24716,2023-10-27 20:00:00+00:00,25.476,88.717445,23.476
24717,2023-10-27 21:00:00+00:00,25.126,90.31121,23.425999
24718,2023-10-27 22:00:00+00:00,24.526,92.76108,23.276
24719,2023-10-27 23:00:00+00:00,24.175999,95.01317,23.325998
24720,2023-10-28 00:00:00+00:00,24.126,95.87552,23.425999
24721,2023-10-28 01:00:00+00:00,25.575998,86.34777,23.126
24722,2023-10-28 02:00:00+00:00,27.925999,75.42235,23.175999
24723,2023-10-28 03:00:00+00:00,30.276,66.63695,23.376
24724,2023-10-28 04:00:00+00:00,32.326,57.532505,22.876
24725,2023-10-28 05:00:00+00:00,31.976,57.624805,22.575998
24726,2023-10-28 06:00:00+00:00,32.176003,56.97623,22.575998
24727,2023-10-28 07:00:00+00:00,30.026,63.820156,22.425999
24728,2023-10-28 08:00:00+00:00,31.376,60.89988,22.925999
24729,2023-10-28 09:00:00+00:00,32.126,56.276062,22.325998
24730,2023-10-28 10:00:00+00:00,31.575998,58.2351,22.376
24731,2023-10-28 11:00:00+00:00,30.175999,63.85209,22.575998
24732,2023-10-28 12:00:00+00:00,28.876,69.24112,22.675999
24733,2023-10-28 13:00:00+00:00,28.026,77.04769,23.626
24734,2023-10-28 14:00:00+00:00,27.476,80.52699,23.825998
24735,2023-10-28 15:00:00+00:00,26.876,83.41198,23.825998
24736,2023-10-28 16:00:00+00:00,26.376,84.87725,23.626
24737,2023-10-28 17:00:00+00:00,26.026,85.09738,23.325998
24738,2023-10-28 18:00:00+00:00,26.575998,81.14296,23.075998
24739,2023-10-28 19:00:00+00:00,26.026,83.31576,22.976
24740,2023-10-28 20:00:00+00:00,25.325998,86.84836,22.976
24741,2023-10-28 21:00:00+00:00,25.226,87.10255,22.925999
24742,2023-10-28 22:00:00+00:00,25.226,86.314514,22.776
24743,2023-10-28 23:00:00+00:00,24.626,91.65247,23.175999
24744,2023-10-29 00:00:00+00:00,24.476,93.60247,23.376
24745,2023-10-29 01:00:00+00:00,25.876,90.362656,24.175999
24746,2023-10-29 02:00:00+00:00,27.526,80.050545,23.776
24747,2023-10-29 03:00:00+00:00,29.626,68.757324,23.276
24748,2023-10-29 04:00:00+00:00,31.925999,58.140045,22.675999
24749,2023-10-29 05:00:00+00:00,31.876,54.86025,21.675999
24750,2023-10-29 06:00:00+00:00,31.976,56.24012,22.175999
24751,2023-10-29 07:00:00+00:00,29.925999,65.56635,22.776
24752,2023-10-29 08:00:00+00:00,31.476,59.282997,22.575998
24753,2023-10-29 09:00:00+00:00,32.176003,54.101425,21.726
24754,2023-10-29 10:00:00+00:00,31.226,57.62365,21.876
24755,2023-10-29 11:00:00+00:00,30.425999,59.041008,21.526
24756,2023-10-29 12:00:00+00:00,29.325998,63.28269,21.626
24757,2023-10-29 13:00:00+00:00,29.226,64.82639,21.925999
24758,2023-10-29 14:00:00+00:00,28.876,66.15259,21.925999
24759,2023-10-29 15:00:00+00:00,28.376,67.89303,21.876
24760,2023-10-29 16:00:00+00:00,28.075998,69.51194,21.976
24761,2023-10-29 17:00:00+00:00,27.726,71.38005,22.075998
24762,2023-10-29 18:00:00+00:00,27.376,73.30192,22.175999
24763,2023-10-29 19:00:00+00:00,26.925999,75.034355,22.126
24764,2023-10-29 20:00:00+00:00,25.726,80.2979,22.075998
24765,2023-10-29 21:00:00+00:00,26.575998,74.74918,21.726
24766,2023-10-29 22:00:00+00:00,25.726,80.05354,22.026
24767,2023-10-29 23:00:00+00:00,25.226,83.224434,22.175999
24768,2023-10-30 00:00:00+00:00,25.026,84.73612,22.276
24769,2023-10-30 01:00:00+00:00,25.626,86.352486,23.175999
24770,2023-10-30 02:00:00+00:00,23.325998,94.119835,22.325998
24771,2023-10-30 03:00:00+00:00,24.276,91.63149,22.825998
24772,2023-10-30 04:00:00+00:00,27.825998,78.4228,23.726
24773,2023-10-30 05:00:00+00:00,30.226,66.025925,23.175999
24774,2023-10-30 06:00:00+00:00,28.575998,68.13951,22.126
24775,2023-10-30 07:00:00+00:00,28.675999,71.55004,23.026
24776,2023-10-30 08:00:00+00:00,30.675999,60.928093,22.276
24777,2023-10-30 09:00:00+00:00,30.376,59.93898,21.726
24778,2023-10-30 10:00:00+00:00,29.675999,61.076385,21.376
24779,2023-10-30 11:00:00+00:00,29.226,63.067783,21.476
24780,2023-10-30 12:00:00+00:00,28.425999,66.06077,21.476
24781,2023-10-30 13:00:00+00:00,27.526,79.570145,23.675999
24782,2023-10-30 14:00:00+00:00,26.976,82.42573,23.726
24783,2023-10-30 15:00:00+00:00,26.526,84.38336,23.675999
24784,2023-10-30 16:00:00+00:00,25.976,85.34955,23.325998
24785,2023-10-30 17:00:00+00:00,26.075998,82.818596,22.925999
24786,2023-10-30 18:00:00+00:00,25.476,87.3887,23.226
24787,2023-10-30 19:00:00+00:00,26.075998,84.846054,23.325998
24788,2023-10-30 20:00:00+00:00,25.626,87.138504,23.325998
24789,2023-10-30 21:00:00+00:00,25.425999,86.85752,23.075998
24790,2023-10-30 22:00:00+00:00,25.376,86.32877,22.925999
24791,2023-10-30 23:00:00+00:00,24.876,88.93858,22.925999
24792,2023-10-31 00:00:00+00:00,25.575998,84.53726,22.776
24793,2023-10-31 01:00:00+00:00,25.575998,85.051125,22.876
24794,2023-10-31 02:00:00+00:00,27.726,76.53913,23.226
24795,2023-10-31 03:00:00+00:00,29.876,60.934486,21.526
24796,2023-10-31 04:00:00+00:00,31.626,52.65533,20.776
24797,2023-10-31 05:00:00+00:00,32.326,50.60866,20.776
24798,2023-10-31 06:00:00+00:00,32.176003,51.671227,20.976
24799,2023-10-31 07:00:00+00:00,31.876,53.86224,21.376
24800,2023-10-31 08:00:00+00:00,32.176003,51.989613,21.075998
24801,2023-10-31 09:00:00+00:00,31.925999,51.926483,20.825998
24802,2023-10-31 10:00:00+00:00,30.726,55.767437,20.876
24803,2023-10-31 11:00:00+00:00,29.675999,61.828815,21.575998
24804,2023-10-31 12:00:00+00:00,28.825998,66.344536,21.925999
24805,2023-10-31 13:00:00+00:00,28.476,70.22451,22.526
24806,2023-10-31 14:00:00+00:00,27.925999,73.841515,22.825998
24807,2023-10-31 15:00:00+00:00,27.376,76.95026,22.976
24808,2023-10-31 16:00:00+00:00,27.075998,78.31604,22.976
24809,2023-10-31 17:00:00+00:00,26.876,80.20616,23.175999
24810,2023-10-31 18:00:00+00:00,26.075998,84.846054,23.325998
24811,2023-10-31 19:00:00+00:00,25.526,88.187965,23.425999
24812,2023-10-31 20:00:00+00:00,25.126,90.58401,23.476
24813,2023-10-31 21:00:00+00:00,25.075998,90.85425,23.476
24814,2023-10-31 22:00:00+00:00,24.626,93.046585,23.425999
24815,2023-10-31 23:00:00+00:00,24.376,93.88084,23.325998
24816,2023-11-01 00:00:00+00:00,24.175999,95.01317,23.325998
24817,2023-11-01 01:00:00+00:00,26.376,84.62194,23.575998
24818,2023-11-01 02:00:00+00:00,28.726,73.308754,23.476
24819,2023-11-01 03:00:00+00:00,30.825998,60.961674,22.425999
24820,2023-11-01 04:00:00+00:00,32.526,52.237522,21.476
24821,2023-11-01 05:00:00+00:00,32.976,50.156,21.226
24822,2023-11-01 06:00:00+00:00,32.426003,52.21238,21.376
24823,2023-11-01 07:00:00+00:00,29.776,65.73462,22.675999
24824,2023-11-01 08:00:00+00:00,31.126,64.2467,23.575998
24825,2023-11-01 09:00:00+00:00,30.476,63.145515,22.675999
24826,2023-11-01 10:00:00+00:00,28.325998,75.4856,23.575998
24827,2023-11-01 11:00:00+00:00,28.175999,74.78174,23.276
24828,2023-11-01 12:00:00+00:00,27.276,79.29667,23.376
24829,2023-11-01 13:00:00+00:00,27.476,80.76949,23.876
24830,2023-11-01 14:00:00+00:00,27.226,81.469765,23.776
24831,2023-11-01 15:00:00+00:00,27.026,82.43165,23.776
24832,2023-11-01 16:00:00+00:00,26.976,83.17289,23.876
24833,2023-11-01 17:00:00+00:00,26.675999,85.934395,24.126
24834,2023-11-01 18:00:00+00:00,26.276,87.196625,23.976
24835,2023-11-01 19:00:00+00:00,26.425999,85.13835,23.726
24836,2023-11-01 20:00:00+00:00,25.976,87.43264,23.726
24837,2023-11-01 21:00:00+00:00,25.026,93.3469,23.876
24838,2023-11-01 22:00:00+00:00,24.976,93.06413,23.776
24839,2023-11-01 23:00:00+00:00,24.776,94.46527,23.825998
24840,2023-11-02 00:00:00+00:00,24.425999,96.75378,23.876
24841,2023-11-02 01:00:00+00:00,23.876,97.033,23.376
24842,2023-11-02 02:00:00+00:00,23.675999,94.42076,22.726
24843,2023-11-02 03:00:00+00:00,25.425999,85.81232,22.876
24844,2023-11-02 04:00:00+00:00,27.325998,78.826355,23.325998
24845,2023-11-02 05:00:00+00:00,28.876,70.93942,23.075998
24846,2023-11-02 06:00:00+00:00,30.575998,64.130806,23.026
24847,2023-11-02 07:00:00+00:00,30.876,64.19407,23.325998
24848,2023-11-02 08:00:00+00:00,30.226,64.446434,22.776
24849,2023-11-02 09:00:00+00:00,30.075998,68.84321,23.726
24850,2023-11-02 10:00:00+00:00,29.575998,70.85231,23.726
24851,2023-11-02 11:00:00+00:00,28.675999,74.6375,23.726
24852,2023-11-02 12:00:00+00:00,27.726,78.40859,23.626
24853,2023-11-02 13:00:00+00:00,27.476,80.76949,23.876
24854,2023-11-02 14:00:00+00:00,27.226,82.207985,23.925999
24855,2023-11-02 15:00:00+00:00,26.776,84.410034,23.925999
24856,2023-11-02 16:00:00+00:00,26.526,84.63776,23.726
24857,2023-11-02 17:00:00+00:00,25.325998,90.87052,23.726
24858,2023-11-02 18:00:00+00:00,25.175999,92.79491,23.925999
24859,2023-11-02 19:00:00+00:00,24.825998,94.46729,23.876
24860,2023-11-02 20:00:00+00:00,24.876,94.75357,23.976
24861,2023-11-02 21:00:00+00:00,24.226,97.333084,23.776
24862,2023-11-02 22:00:00+00:00,24.325998,96.460686,23.726
24863,2023-11-02 23:00:00+00:00,24.226,97.92029,23.876
24864,2023-11-03 00:00:00+00:00,24.276,97.92107,23.925999
24865,2023-11-03 01:00:00+00:00,24.476,95.8861,23.776
24866,2023-11-03 02:00:00+00:00,24.976,95.90114,24.276
24867,2023-11-03 03:00:00+00:00,26.425999,87.20998,24.126
24868,2023-11-03 04:00:00+00:00,27.075998,84.949684,24.325998
24869,2023-11-03 05:00:00+00:00,28.175999,78.944695,24.175999
24870,2023-11-03 06:00:00+00:00,29.526,71.48565,23.825998
24871,2023-11-03 07:00:00+00:00,30.675999,67.32157,23.925999
24872,2023-11-03 08:00:00+00:00,30.976,65.58363,23.776
24873,2023-11-03 09:00:00+00:00,30.476,66.27627,23.476
24874,2023-11-03 10:00:00+00:00,29.925999,68.195045,23.425999
24875,2023-11-03 11:00:00+00:00,28.976,71.81985,23.376
24876,2023-11-03 12:00:00+00:00,27.776,76.778206,23.325998
24877,2023-11-03 13:00:00+00:00,26.476,88.53103,24.425999
24878,2023-11-03 14:00:00+00:00,26.126,90.65066,24.476
24879,2023-11-03 15:00:00+00:00,25.626,93.655464,24.526
24880,2023-11-03 16:00:00+00:00,25.976,91.45864,24.476
24881,2023-11-03 17:00:00+00:00,25.425999,92.252556,24.075998
24882,2023-11-03 18:00:00+00:00,25.325998,93.36129,24.175999
24883,2023-11-03 19:00:00+00:00,24.325998,97.62807,23.925999
24884,2023-11-03 20:00:00+00:00,24.276,97.04174,23.776
24885,2023-11-03 21:00:00+00:00,24.175999,97.919525,23.825998
24886,2023-11-03 22:00:00+00:00,23.626,99.09999,23.476
24887,2023-11-03 23:00:00+00:00,23.726,97.912575,23.376
24888,2023-11-04 00:00:00+00:00,23.726,97.61749,23.325998
24889,2023-11-04 01:00:00+00:00,23.626,95.860344,22.925999
24890,2023-11-04 02:00:00+00:00,23.876,94.42888,22.925999
24891,2023-11-04 03:00:00+00:00,24.376,93.31556,23.226
24892,2023-11-04 04:00:00+00:00,25.276,87.901146,23.126
24893,2023-11-04 05:00:00+00:00,27.626,78.86823,23.626
24894,2023-11-04 06:00:00+00:00,28.675999,73.521706,23.476
24895,2023-11-04 07:00:00+00:00,27.026,80.955376,23.476
24896,2023-11-04 08:00:00+00:00,27.226,79.289795,23.325998
24897,2023-11-04 09:00:00+00:00,27.825998,76.78578,23.376
24898,2023-11-04 10:00:00+00:00,28.226,74.564354,23.276
24899,2023-11-04 11:00:00+00:00,27.425999,76.95778,23.026
24900,2023-11-04 12:00:00+00:00,25.925999,83.557045,22.925999
24901,2023-11-04 13:00:00+00:00,26.126,87.70901,23.925999
24902,2023-11-04 14:00:00+00:00,24.825998,93.90079,23.776
24903,2023-11-04 15:00:00+00:00,24.726,95.89363,24.026
24904,2023-11-04 16:00:00+00:00,24.776,94.74975,23.876
24905,2023-11-04 17:00:00+00:00,24.175999,97.03956,23.675999
24906,2023-11-04 18:00:00+00:00,24.376,95.59478,23.626
24907,2023-11-04 19:00:00+00:00,23.575998,98.20643,23.276
24908,2023-11-04 20:00:00+00:00,23.675999,97.91179,23.325998
24909,2023-11-04 21:00:00+00:00,22.976,99.69773,22.925999
24910,2023-11-04 22:00:00+00:00,23.175999,99.09698,23.026
24911,2023-11-04 23:00:00+00:00,23.425999,98.20444,23.126
24912,2023-11-05 00:00:00+00:00,23.575998,97.91026,23.226
24913,2023-11-05 01:00:00+00:00,23.825998,94.14122,22.825998
24914,2023-11-05 02:00:00+00:00,24.575998,90.54704,22.925999
24915,2023-11-05 03:00:00+00:00,26.476,80.885056,22.925999
24916,2023-11-05 04:00:00+00:00,27.476,78.609856,23.425999
24917,2023-11-05 05:00:00+00:00,28.675999,73.966255,23.575998
24918,2023-11-05 06:00:00+00:00,29.626,71.07481,23.825998
24919,2023-11-05 07:00:00+00:00,29.925999,69.2304,23.675999
24920,2023-11-05 08:00:00+00:00,29.626,67.72599,23.026
24921,2023-11-05 09:00:00+00:00,28.026,76.35426,23.476
24922,2023-11-05 10:00:00+00:00,27.976,77.73936,23.726
24923,2023-11-05 11:00:00+00:00,27.776,77.01029,23.376
24924,2023-11-05 12:00:00+00:00,27.075998,79.26922,23.175999
24925,2023-11-05 13:00:00+00:00,25.976,86.646324,23.575998
24926,2023-11-05 14:00:00+00:00,25.726,89.27282,23.825998
24927,2023-11-05 15:00:00+00:00,24.526,94.17098,23.526
24928,2023-11-05 16:00:00+00:00,24.325998,95.88159,23.626
24929,2023-11-05 17:00:00+00:00,24.026,97.622795,23.626
24930,2023-11-05 18:00:00+00:00,24.075998,97.03738,23.575998
24931,2023-11-05 19:00:00+00:00,23.325998,98.500595,23.075998
24932,2023-11-05 20:00:00+00:00,23.325998,97.020905,22.825998
24933,2023-11-05 21:00:00+00:00,23.226,97.31327,22.776
24934,2023-11-05 22:00:00+00:00,23.175999,97.3123,22.726
24935,2023-11-05 23:00:00+00:00,23.626,95.860344,22.925999
24936,2023-11-06 00:00:00+00:00,23.626,97.02751,23.126
24937,2023-11-06 01:00:00+00:00,24.075998,97.91799,23.726
24938,2023-11-06 02:00:00+00:00,24.026,96.74418,23.476
24939,2023-11-06 03:00:00+00:00,24.425999,95.02228,23.575998
24940,2023-11-06 04:00:00+00:00,24.726,94.463264,23.776
24941,2023-11-06 05:00:00+00:00,25.776,89.00856,23.825998
24942,2023-11-06 06:00:00+00:00,27.226,82.703384,24.026
24943,2023-11-06 07:00:00+00:00,28.626,76.2168,24.026
24944,2023-11-06 08:00:00+00:00,28.876,73.11352,23.575998
24945,2023-11-06 09:00:00+00:00,28.925999,72.245705,23.425999
24946,2023-11-06 10:00:00+00:00,28.626,73.291824,23.376
24947,2023-11-06 11:00:00+00:00,28.026,75.210686,23.226
24948,2023-11-06 12:00:00+00:00,27.226,78.57458,23.175999
24949,2023-11-06 13:00:00+00:00,25.626,90.88999,24.026
24950,2023-11-06 14:00:00+00:00,25.526,90.88349,23.925999
24951,2023-11-06 15:00:00+00:00,25.026,92.78711,23.776
24952,2023-11-06 16:00:00+00:00,25.325998,90.32498,23.626
24953,2023-11-06 17:00:00+00:00,24.276,96.750175,23.726
24954,2023-11-06 18:00:00+00:00,24.026,98.50838,23.776
24955,2023-11-06 19:00:00+00:00,23.825998,98.506165,23.575998
24956,2023-11-06 20:00:00+00:00,23.726,97.912575,23.376
24957,2023-11-06 21:00:00+00:00,23.776,97.91334,23.425999
24958,2023-11-06 22:00:00+00:00,23.825998,98.506165,23.575998
24959,2023-11-06 23:00:00+00:00,23.825998,97.61926,23.425999
24960,2023-11-07 00:00:00+00:00,23.876,98.803795,23.675999
24961,2023-11-07 01:00:00+00:00,23.825998,95.576996,23.075998
24962,2023-11-07 02:00:00+00:00,24.376,92.193886,23.026
24963,2023-11-07 03:00:00+00:00,26.476,82.11771,23.175999
24964,2023-11-07 04:00:00+00:00,27.726,77.7029,23.476
24965,2023-11-07 05:00:00+00:00,28.376,75.4935,23.626
24966,2023-11-07 06:00:00+00:00,29.726,70.2427,23.726
24967,2023-11-07 07:00:00+00:00,28.376,75.4935,23.626
24968,2023-11-07 08:00:00+00:00,29.226,74.27968,24.175999
24969,2023-11-07 09:00:00+00:00,29.376,73.19836,24.075998
24970,2023-11-07 10:00:00+00:00,27.126,80.968124,23.575998
24971,2023-11-07 11:00:00+00:00,26.726,82.14787,23.425999
24972,2023-11-07 12:00:00+00:00,26.026,86.39032,23.575998
24973,2023-11-07 13:00:00+00:00,25.526,91.43117,24.026
24974,2023-11-07 14:00:00+00:00,24.825998,96.47367,24.226
24975,2023-11-07 15:00:00+00:00,25.276,94.76882,24.376
24976,2023-11-07 16:00:00+00:00,25.325998,93.922844,24.276
24977,2023-11-07 17:00:00+00:00,24.026,97.32915,23.575998
24978,2023-11-07 18:00:00+00:00,24.026,96.74418,23.476
24979,2023-11-07 19:00:00+00:00,23.876,97.91489,23.526
24980,2023-11-07 20:00:00+00:00,23.825998,98.506165,23.575998
24981,2023-11-07 21:00:00+00:00,23.825998,98.209755,23.526
24982,2023-11-07 22:00:00+00:00,23.876,98.506714,23.626
24983,2023-11-07 23:00:00+00:00,23.226,99.39739,23.126
24984,2023-11-08 00:00:00+00:00,23.276,99.39761,23.175999
24985,2023-11-08 01:00:00+00:00,24.276,97.92107,23.925999
24986,2023-11-08 02:00:00+00:00,25.075998,92.51103,23.776
24987,2023-11-08 03:00:00+00:00,26.226,84.861664,23.476
24988,2023-11-08 04:00:00+00:00,27.376,80.99992,23.825998
24989,2023-11-08 05:00:00+00:00,28.126,76.83101,23.675999
24990,2023-11-08 06:00:00+00:00,29.226,73.17294,23.925999
24991,2023-11-08 07:00:00+00:00,30.226,70.334496,24.226
24992,2023-11-08 08:00:00+00:00,30.526,68.310905,24.026
24993,2023-11-08 09:00:00+00:00,30.126,68.439514,23.675999
24994,2023-11-08 10:00:00+00:00,28.276,73.45434,23.075998
24995,2023-11-08 11:00:00+00:00,28.425999,73.257935,23.175999
24996,2023-11-08 12:00:00+00:00,27.325998,80.507515,23.675999
24997,2023-11-08 13:00:00+00:00,27.175999,82.946304,24.026
24998,2023-11-08 14:00:00+00:00,26.575998,86.44209,24.126
24999,2023-11-08 15:00:00+00:00,26.226,88.24578,24.126
25000,2023-11-08 16:00:00+00:00,25.425999,91.70018,23.976
25001,2023-11-08 17:00:00+00:00,25.276,90.59404,23.626
25002,2023-11-08 18:00:00+00:00,24.276,94.73059,23.376
25003,2023-11-08 19:00:00+00:00,23.226,98.20172,22.925999
25004,2023-11-08 20:00:00+00:00,23.226,97.90479,22.876
25005,2023-11-08 21:00:00+00:00,23.425999,97.90793,23.075998
25006,2023-11-08 22:00:00+00:00,23.476,98.800224,23.276
25007,2023-11-08 23:00:00+00:00,23.626,98.50394,23.376
25008,2023-11-09 00:00:00+00:00,23.825998,98.209755,23.526
25009,2023-11-09 01:00:00+00:00,24.526,97.33898,24.075998
25010,2023-11-09 02:00:00+00:00,24.976,94.19,23.976
25011,2023-11-09 03:00:00+00:00,26.026,88.761,24.026
25012,2023-11-09 04:00:00+00:00,27.226,82.207985,23.925999
25013,2023-11-09 05:00:00+00:00,28.425999,77.10737,24.026
25014,2023-11-09 06:00:00+00:00,29.175999,73.82696,24.026
25015,2023-11-09 07:00:00+00:00,29.776,72.39348,24.276
25016,2023-11-09 08:00:00+00:00,30.126,70.105446,24.075998
25017,2023-11-09 09:00:00+00:00,29.675999,69.60165,23.526
25018,2023-11-09 10:00:00+00:00,29.626,70.64843,23.726
25019,2023-11-09 11:00:00+00:00,28.876,73.55527,23.675999
25020,2023-11-09 12:00:00+00:00,27.726,78.40859,23.626
25021,2023-11-09 13:00:00+00:00,27.325998,76.71009,22.876
25022,2023-11-09 14:00:00+00:00,26.575998,80.40965,22.925999
25023,2023-11-09 15:00:00+00:00,26.526,79.43412,22.675999
25024,2023-11-09 16:00:00+00:00,26.126,81.08586,22.626
25025,2023-11-09 17:00:00+00:00,25.726,84.553185,22.925999
25026,2023-11-09 18:00:00+00:00,25.325998,88.17141,23.226
25027,2023-11-09 19:00:00+00:00,25.175999,89.50091,23.325998
25028,2023-11-09 20:00:00+00:00,24.726,92.492134,23.425999
25029,2023-11-09 21:00:00+00:00,24.476,93.885284,23.425999
25030,2023-11-09 22:00:00+00:00,24.575998,93.88974,23.526
25031,2023-11-09 23:00:00+00:00,23.925999,95.29178,23.126
25032,2023-11-10 00:00:00+00:00,23.825998,95.86645,23.126
25033,2023-11-10 01:00:00+00:00,24.925999,93.90522,23.876
25034,2023-11-10 02:00:00+00:00,27.276,85.48004,24.626
25035,2023-11-10 03:00:00+00:00,29.276,72.74291,23.876
25036,2023-11-10 04:00:00+00:00,30.226,67.03023,23.425999
25037,2023-11-10 05:00:00+00:00,30.876,61.90524,22.726
25038,2023-11-10 06:00:00+00:00,31.276,57.63544,21.925999
25039,2023-11-10 07:00:00+00:00,31.325998,54.89389,21.175999
25040,2023-11-10 08:00:00+00:00,31.175999,52.05748,20.175999
25041,2023-11-10 09:00:00+00:00,30.575998,55.218445,20.575998
25042,2023-11-10 10:00:00+00:00,29.726,60.900764,21.376
25043,2023-11-10 11:00:00+00:00,28.626,66.91409,21.876
25044,2023-11-10 12:00:00+00:00,27.276,74.18297,22.276
25045,2023-11-10 13:00:00+00:00,26.376,80.38344,22.726
25046,2023-11-10 14:00:00+00:00,25.675999,84.54788,22.876
25047,2023-11-10 15:00:00+00:00,25.376,85.80739,22.825998
25048,2023-11-10 16:00:00+00:00,25.026,87.34895,22.776
25049,2023-11-10 17:00:00+00:00,24.325998,91.08087,22.776
25050,2023-11-10 18:00:00+00:00,23.825998,93.006256,22.626
25051,2023-11-10 19:00:00+00:00,23.575998,93.560555,22.476
25052,2023-11-10 20:00:00+00:00,23.425999,94.12412,22.425999
25053,2023-11-10 21:00:00+00:00,23.876,91.8862,22.476
25054,2023-11-10 22:00:00+00:00,23.126,94.398285,22.175999
25055,2023-11-10 23:00:00+00:00,23.175999,94.40035,22.226
25056,2023-11-11 00:00:00+00:00,22.425999,97.5944,22.026
25057,2023-11-11 01:00:00+00:00,23.976,95.87098,23.276
25058,2023-11-11 02:00:00+00:00,26.126,86.92139,23.776
25059,2023-11-11 03:00:00+00:00,28.626,73.291824,23.376
25060,2023-11-11 04:00:00+00:00,29.876,64.1774,22.376
25061,2023-11-11 05:00:00+00:00,30.575998,61.091373,22.226
25062,2023-11-11 06:00:00+00:00,30.976,58.987934,22.026
25063,2023-11-11 07:00:00+00:00,30.825998,57.705578,21.526
25064,2023-11-11 08:00:00+00:00,30.726,56.63066,21.126
25065,2023-11-11 09:00:00+00:00,30.325998,57.058987,20.876
25066,2023-11-11 10:00:00+00:00,29.626,61.252537,21.376
25067,2023-11-11 11:00:00+00:00,28.575998,67.725494,22.026
25068,2023-11-11 12:00:00+00:00,27.226,73.276405,22.026
25069,2023-11-11 13:00:00+00:00,25.925999,80.81438,22.376
25070,2023-11-11 14:00:00+00:00,24.925999,87.340096,22.675999
25071,2023-11-11 15:00:00+00:00,24.575998,90.273254,22.876
25072,2023-11-11 16:00:00+00:00,24.126,93.30344,22.976
25073,2023-11-11 17:00:00+00:00,23.776,93.854126,22.726
25074,2023-11-11 18:00:00+00:00,23.825998,93.288864,22.675999
25075,2023-11-11 19:00:00+00:00,23.776,93.00372,22.575998
25076,2023-11-11 20:00:00+00:00,23.526,93.27424,22.376
25077,2023-11-11 21:00:00+00:00,23.876,92.165726,22.526
25078,2023-11-11 22:00:00+00:00,22.976,95.84051,22.276
25079,2023-11-11 23:00:00+00:00,23.175999,97.01759,22.675999
25080,2023-11-12 00:00:00+00:00,22.675999,99.09359,22.526
25081,2023-11-12 01:00:00+00:00,24.026,96.45284,23.425999
25082,2023-11-12 02:00:00+00:00,26.175999,88.24168,24.075998
25083,2023-11-12 03:00:00+00:00,28.526,75.74464,23.825998
25084,2023-11-12 04:00:00+00:00,29.876,64.96206,22.575998
25085,2023-11-12 05:00:00+00:00,30.626,61.10254,22.276
25086,2023-11-12 06:00:00+00:00,30.825998,59.676777,22.075998
25087,2023-11-12 07:00:00+00:00,30.976,56.344097,21.276
25088,2023-11-12 08:00:00+00:00,30.876,56.1475,21.126
25089,2023-11-12 09:00:00+00:00,30.526,57.634754,21.226
25090,2023-11-12 10:00:00+00:00,29.925999,60.204052,21.376
25091,2023-11-12 11:00:00+00:00,28.876,65.150246,21.675999
25092,2023-11-12 12:00:00+00:00,27.325998,73.741135,22.226
25093,2023-11-12 13:00:00+00:00,26.026,82.81276,22.876
25094,2023-11-12 14:00:00+00:00,25.726,85.841736,23.175999
25095,2023-11-12 15:00:00+00:00,24.925999,91.11905,23.376
25096,2023-11-12 16:00:00+00:00,24.575998,93.325226,23.425999
25097,2023-11-12 17:00:00+00:00,23.925999,95.29178,23.126
25098,2023-11-12 18:00:00+00:00,23.776,95.57538,23.026
25099,2023-11-12 19:00:00+00:00,23.825998,95.000404,22.976
25100,2023-11-12 20:00:00+00:00,23.376,95.85273,22.675999
25101,2023-11-12 21:00:00+00:00,23.575998,95.85884,22.876
25102,2023-11-12 22:00:00+00:00,23.276,97.31427,22.825998
25103,2023-11-12 23:00:00+00:00,22.976,97.9009,22.626
25104,2023-11-13 00:00:00+00:00,22.976,98.795746,22.776
25105,2023-11-13 01:00:00+00:00,23.476,98.50227,23.226
25106,2023-11-13 02:00:00+00:00,25.825998,89.01244,23.876
25107,2023-11-13 03:00:00+00:00,28.376,74.588745,23.425999
25108,2023-11-13 04:00:00+00:00,29.726,64.34116,22.276
25109,2023-11-13 05:00:00+00:00,30.376,61.607147,22.175999
25110,2023-11-13 06:00:00+00:00,30.876,58.427326,21.776
25111,2023-11-13 07:00:00+00:00,31.126,56.900146,21.575998
25112,2023-11-13 08:00:00+00:00,30.876,55.975407,21.075998
25113,2023-11-13 09:00:00+00:00,30.526,57.28219,21.126
25114,2023-11-13 10:00:00+00:00,29.976,60.03126,21.376
25115,2023-11-13 11:00:00+00:00,29.026,63.02442,21.276
25116,2023-11-13 12:00:00+00:00,27.825998,68.83059,21.575998
25117,2023-11-13 13:00:00+00:00,27.226,76.6949,22.776
25118,2023-11-13 14:00:00+00:00,26.925999,77.585724,22.675999
25119,2023-11-13 15:00:00+00:00,26.876,77.10877,22.526
25120,2023-11-13 16:00:00+00:00,26.626,78.72819,22.626
25121,2023-11-13 17:00:00+00:00,26.425999,80.634,22.825998
25122,2023-11-13 18:00:00+00:00,26.026,83.06392,22.925999
25123,2023-11-13 19:00:00+00:00,25.675999,84.54788,22.876
25124,2023-11-13 20:00:00+00:00,25.575998,85.309074,22.925999
25125,2023-11-13 21:00:00+00:00,25.226,87.36663,22.976
25126,2023-11-13 22:00:00+00:00,24.276,92.74801,23.026
25127,2023-11-13 23:00:00+00:00,24.476,92.758484,23.226
25128,2023-11-14 00:00:00+00:00,24.425999,93.60015,23.325998
25129,2023-11-14 01:00:00+00:00,25.526,88.98918,23.575998
25130,2023-11-14 02:00:00+00:00,26.976,82.92318,23.825998
25131,2023-11-14 03:00:00+00:00,28.925999,68.00064,22.425999
25132,2023-11-14 04:00:00+00:00,29.925999,60.573902,21.476
25133,2023-11-14 05:00:00+00:00,29.925999,59.836185,21.276
25134,2023-11-14 06:00:00+00:00,29.876,60.934486,21.526
25135,2023-11-14 07:00:00+00:00,29.776,61.662132,21.626
25136,2023-11-14 08:00:00+00:00,29.325998,62.704544,21.476
25137,2023-11-14 09:00:00+00:00,28.776,64.93049,21.526
25138,2023-11-14 10:00:00+00:00,28.476,66.67994,21.675999
25139,2023-11-14 11:00:00+00:00,28.175999,66.61939,21.376
25140,2023-11-14 12:00:00+00:00,27.526,69.834175,21.526
25141,2023-11-14 13:00:00+00:00,26.126,80.84012,22.575998
25142,2023-11-14 14:00:00+00:00,25.876,82.79523,22.726
25143,2023-11-14 15:00:00+00:00,26.126,82.324394,22.876
25144,2023-11-14 16:00:00+00:00,26.925999,76.41673,22.425999
25145,2023-11-14 17:00:00+00:00,26.425999,78.22293,22.325998
25146,2023-11-14 18:00:00+00:00,25.675999,82.52078,22.476
25147,2023-11-14 19:00:00+00:00,25.026,88.950294,23.075998
25148,2023-11-14 20:00:00+00:00,24.776,91.93852,23.376
25149,2023-11-14 21:00:00+00:00,24.726,93.05161,23.526
25150,2023-11-14 22:00:00+00:00,24.226,94.44308,23.276
25151,2023-11-14 23:00:00+00:00,24.126,93.869736,23.075998
25152,2023-11-15 00:00:00+00:00,23.825998,92.72439,22.575998
25153,2023-11-15 01:00:00+00:00,24.626,88.64966,22.626
25154,2023-11-15 02:00:00+00:00,25.476,90.335266,23.776
25155,2023-11-15 03:00:00+00:00,25.925999,85.861336,23.376
25156,2023-11-15 04:00:00+00:00,25.776,82.532646,22.575998
25157,2023-11-15 05:00:00+00:00,26.425999,80.390015,22.776
25158,2023-11-15 06:00:00+00:00,26.476,79.66863,22.675999
25159,2023-11-15 07:00:00+00:00,26.675999,78.496704,22.626
25160,2023-11-15 08:00:00+00:00,27.325998,77.64443,23.075998
25161,2023-11-15 09:00:00+00:00,27.825998,68.83059,21.575998
25162,2023-11-15 10:00:00+00:00,28.376,60.783344,20.075998
25163,2023-11-15 11:00:00+00:00,28.075998,59.96634,19.575998
25164,2023-11-15 12:00:00+00:00,26.675999,66.72643,19.976
25165,2023-11-15 13:00:00+00:00,24.976,89.21585,23.075998
25166,2023-11-15 14:00:00+00:00,25.325998,81.47956,21.925999
25167,2023-11-15 15:00:00+00:00,25.075998,78.50851,21.075998
25168,2023-11-15 16:00:00+00:00,25.825998,73.26186,20.675999
25169,2023-11-15 17:00:00+00:00,25.575998,73.67208,20.526
25170,2023-11-15 18:00:00+00:00,25.276,74.30655,20.376
25171,2023-11-15 19:00:00+00:00,23.276,86.12714,20.825998
25172,2023-11-15 20:00:00+00:00,23.575998,87.75565,21.425999
25173,2023-11-15 21:00:00+00:00,22.925999,91.83044,21.526
25174,2023-11-15 22:00:00+00:00,22.776,90.9811,21.226
25175,2023-11-15 23:00:00+00:00,22.976,90.715805,21.376
25176,2023-11-16 00:00:00+00:00,23.126,90.172035,21.425999
25177,2023-11-16 01:00:00+00:00,23.675999,91.039246,22.126
25178,2023-11-16 02:00:00+00:00,25.425999,85.29386,22.776
25179,2023-11-16 03:00:00+00:00,27.425999,75.80128,22.776
25180,2023-11-16 04:00:00+00:00,29.376,65.25409,22.175999
25181,2023-11-16 05:00:00+00:00,30.626,57.30593,21.226
25182,2023-11-16 06:00:00+00:00,31.526,53.775597,21.026
25183,2023-11-16 07:00:00+00:00,31.925999,51.926483,20.825998
25184,2023-11-16 08:00:00+00:00,31.776,50.623882,20.276
25185,2023-11-16 09:00:00+00:00,31.526,50.71645,20.075998
25186,2023-11-16 10:00:00+00:00,30.925999,51.35352,19.726
25187,2023-11-16 11:00:00+00:00,30.026,53.07112,19.425999
25188,2023-11-16 12:00:00+00:00,28.325998,60.210064,19.876
25189,2023-11-16 13:00:00+00:00,26.776,69.90789,20.825998
25190,2023-11-16 14:00:00+00:00,26.325998,76.091644,21.776
25191,2023-11-16 15:00:00+00:00,25.925999,79.836784,22.175999
25192,2023-11-16 16:00:00+00:00,25.526,83.51205,22.526
25193,2023-11-16 17:00:00+00:00,24.976,87.60973,22.776
25194,2023-11-16 18:00:00+00:00,24.476,90.26631,22.776
25195,2023-11-16 19:00:00+00:00,23.675999,94.42076,22.726
25196,2023-11-16 20:00:00+00:00,23.376,97.31626,22.925999
25197,2023-11-16 21:00:00+00:00,22.825998,98.7944,22.626
25198,2023-11-16 22:00:00+00:00,22.476,98.491035,22.226
25199,2023-11-16 23:00:00+00:00,22.825998,97.00986,22.325998
25200,2023-11-17 00:00:00+00:00,22.876,96.7164,22.325998
25201,2023-11-17 01:00:00+00:00,23.825998,94.14122,22.825998
25202,2023-11-17 02:00:00+00:00,25.925999,85.861336,23.376
25203,2023-11-17 03:00:00+00:00,28.026,77.98084,23.825998
25204,2023-11-17 04:00:00+00:00,29.575998,69.164246,23.325998
25205,2023-11-17 05:00:00+00:00,29.876,68.39137,23.425999
25206,2023-11-17 06:00:00+00:00,31.325998,61.073387,22.925999
25207,2023-11-17 07:00:00+00:00,31.175999,61.78395,22.976
25208,2023-11-17 08:00:00+00:00,30.476,65.28364,23.226
25209,2023-11-17 09:00:00+00:00,30.175999,66.41601,23.226
25210,2023-11-17 10:00:00+00:00,29.675999,67.7358,23.075998
25211,2023-11-17 11:00:00+00:00,29.175999,68.87952,22.876
25212,2023-11-17 12:00:00+00:00,27.876,76.10113,23.276
25213,2023-11-17 13:00:00+00:00,27.026,81.44487,23.575998
25214,2023-11-17 14:00:00+00:00,26.476,84.63248,23.675999
25215,2023-11-17 15:00:00+00:00,25.825998,88.74519,23.825998
25216,2023-11-17 16:00:00+00:00,25.325998,91.970245,23.925999
25217,2023-11-17 17:00:00+00:00,24.675999,94.461266,23.726
25218,2023-11-17 18:00:00+00:00,25.425999,90.331856,23.726
25219,2023-11-17 19:00:00+00:00,25.175999,91.96162,23.776
25220,2023-11-17 20:00:00+00:00,23.876,96.74056,23.325998
25221,2023-11-17 21:00:00+00:00,23.626,98.20708,23.325998
25222,2023-11-17 22:00:00+00:00,22.925999,100.0,22.925999
25223,2023-11-17 23:00:00+00:00,23.126,100.0,23.126
25224,2023-11-18 00:00:00+00:00,23.126,100.0,23.126
25225,2023-11-18 01:00:00+00:00,24.075998,98.21307,23.776
25226,2023-11-18 02:00:00+00:00,26.126,90.65066,24.476
25227,2023-11-18 03:00:00+00:00,28.075998,79.16807,24.126
25228,2023-11-18 04:00:00+00:00,29.476,69.98527,23.425999
25229,2023-11-18 05:00:00+00:00,30.626,62.98663,22.776
25230,2023-11-18 06:00:00+00:00,31.075998,59.37151,22.226
25231,2023-11-18 07:00:00+00:00,31.476,55.26812,21.425999
25232,2023-11-18 08:00:00+00:00,31.325998,55.741646,21.425999
25233,2023-11-18 09:00:00+00:00,30.776,58.225727,21.626
25234,2023-11-18 10:00:00+00:00,29.976,62.65475,22.075998
25235,2023-11-18 11:00:00+00:00,28.876,69.45145,22.726
25236,2023-11-18 12:00:00+00:00,27.575998,76.05464,22.976
25237,2023-11-18 13:00:00+00:00,26.925999,81.67829,23.526
25238,2023-11-18 14:00:00+00:00,26.175999,85.88576,23.626
25239,2023-11-18 15:00:00+00:00,25.276,90.867256,23.675999
25240,2023-11-18 16:00:00+00:00,24.575998,94.17312,23.575998
25241,2023-11-18 17:00:00+00:00,24.325998,94.44714,23.376
25242,2023-11-18 18:00:00+00:00,23.925999,95.58023,23.175999
25243,2023-11-18 19:00:00+00:00,23.726,95.863396,23.026
25244,2023-11-18 20:00:00+00:00,24.026,95.29522,23.226
25245,2023-11-18 21:00:00+00:00,22.976,98.19839,22.675999
25246,2023-11-18 22:00:00+00:00,23.075998,99.09628,22.925999
25247,2023-11-18 23:00:00+00:00,22.776,99.69729,22.726
25248,2023-11-19 00:00:00+00:00,23.226,99.09728,23.075998
25249,2023-11-19 01:00:00+00:00,24.276,97.92107,23.925999
25250,2023-11-19 02:00:00+00:00,26.526,87.21888,24.226
25251,2023-11-19 03:00:00+00:00,28.376,74.13995,23.325998
25252,2023-11-19 04:00:00+00:00,29.876,64.37278,22.425999
25253,2023-11-19 05:00:00+00:00,30.726,58.750366,21.726
25254,2023-11-19 06:00:00+00:00,31.175999,56.73829,21.575998
25255,2023-11-19 07:00:00+00:00,31.126,56.900146,21.575998
25256,2023-11-19 08:00:00+00:00,31.226,55.888416,21.376
25257,2023-11-19 09:00:00+00:00,30.626,58.012714,21.425999
25258,2023-11-19 10:00:00+00:00,29.925999,61.88409,21.825998
25259,2023-11-19 11:00:00+00:00,28.925999,66.364815,22.026
25260,2023-11-19 12:00:00+00:00,27.626,72.89975,22.325998
25261,2023-11-19 13:00:00+00:00,26.726,77.79222,22.526
25262,2023-11-19 14:00:00+00:00,26.126,81.08586,22.626
25263,2023-11-19 15:00:00+00:00,25.726,83.029305,22.626
25264,2023-11-19 16:00:00+00:00,25.026,86.55779,22.626
25265,2023-11-19 17:00:00+00:00,24.675999,88.11724,22.575998
25266,2023-11-19 18:00:00+00:00,24.876,87.070984,22.575998
25267,2023-11-19 19:00:00+00:00,24.526,88.911194,22.575998
25268,2023-11-19 20:00:00+00:00,23.825998,92.16291,22.476
25269,2023-11-19 21:00:00+00:00,23.075998,93.53708,21.976
25270,2023-11-19 22:00:00+00:00,23.376,93.55118,22.276
25271,2023-11-19 23:00:00+00:00,23.575998,93.27667,22.425999
25272,2023-11-20 00:00:00+00:00,24.226,90.24895,22.526
25273,2023-11-20 01:00:00+00:00,25.575998,88.19213,23.476
25274,2023-11-20 02:00:00+00:00,26.976,79.97745,23.226
25275,2023-11-20 03:00:00+00:00,27.325998,74.41718,22.376
25276,2023-11-20 04:00:00+00:00,28.376,74.13995,23.325998
25277,2023-11-20 05:00:00+00:00,29.876,65.15953,22.626
25278,2023-11-20 06:00:00+00:00,30.925999,60.43066,22.376
25279,2023-11-20 07:00:00+00:00,30.726,61.124866,22.376
25280,2023-11-20 08:00:00+00:00,30.026,63.626457,22.376
25281,2023-11-20 09:00:00+00:00,28.925999,66.97416,22.175999
25282,2023-11-20 10:00:00+00:00,28.226,71.03692,22.476
25283,2023-11-20 11:00:00+00:00,27.675999,74.7007,22.776
25284,2023-11-20 12:00:00+00:00,26.776,81.659775,23.376
25285,2023-11-20 13:00:00+00:00,25.276,88.43405,23.226
25286,2023-11-20 14:00:00+00:00,24.825998,94.46729,23.876
25287,2023-11-20 15:00:00+00:00,24.925999,93.90522,23.876
25288,2023-11-20 16:00:00+00:00,23.976,96.451546,23.376
25289,2023-11-20 17:00:00+00:00,24.026,97.03628,23.526
25290,2023-11-20 18:00:00+00:00,24.425999,96.17356,23.776
25291,2023-11-20 19:00:00+00:00,24.376,96.752556,23.825998
25292,2023-11-20 20:00:00+00:00,23.726,99.10066,23.575998
25293,2023-11-20 21:00:00+00:00,23.925999,98.80425,23.726
25294,2023-11-20 22:00:00+00:00,23.876,98.2104,23.575998
25295,2023-11-20 23:00:00+00:00,23.876,97.91489,23.526
25296,2023-11-21 00:00:00+00:00,23.476,97.90869,23.126
25297,2023-11-21 01:00:00+00:00,24.925999,92.50295,23.626
25298,2023-11-21 02:00:00+00:00,24.925999,92.50295,23.626
25299,2023-11-21 03:00:00+00:00,25.575998,91.434235,24.075998
25300,2023-11-21 04:00:00+00:00,25.925999,87.95611,23.776
25301,2023-11-21 05:00:00+00:00,26.626,83.63534,23.626
25302,2023-11-21 06:00:00+00:00,27.175999,80.9745,23.626
25303,2023-11-21 07:00:00+00:00,28.276,75.93392,23.626
25304,2023-11-21 08:00:00+00:00,26.226,85.37478,23.575998
25305,2023-11-21 09:00:00+00:00,26.276,84.611404,23.476
25306,2023-11-21 10:00:00+00:00,27.276,79.05769,23.325998
25307,2023-11-21 11:00:00+00:00,26.976,79.73614,23.175999
25308,2023-11-21 12:00:00+00:00,26.376,82.60358,23.175999
25309,2023-11-21 13:00:00+00:00,24.325998,96.460686,23.726
25310,2023-11-21 14:00:00+00:00,24.276,97.04174,23.776
25311,2023-11-21 15:00:00+00:00,24.276,97.04174,23.776
25312,2023-11-21 16:00:00+00:00,24.325998,96.460686,23.726
25313,2023-11-21 17:00:00+00:00,24.126,98.21373,23.825998
25314,2023-11-21 18:00:00+00:00,24.226,97.04064,23.726
25315,2023-11-21 19:00:00+00:00,23.976,98.21174,23.675999
25316,2023-11-21 20:00:00+00:00,23.726,98.208405,23.425999
25317,2023-11-21 21:00:00+00:00,23.526,98.50283,23.276
25318,2023-11-21 22:00:00+00:00,23.526,98.20577,23.226
25319,2023-11-21 23:00:00+00:00,23.526,98.20577,23.226
25320,2023-11-22 00:00:00+00:00,23.575998,99.39899,23.476
25321,2023-11-22 01:00:00+00:00,24.376,97.33604,23.925999
25322,2023-11-22 02:00:00+00:00,24.376,97.043915,23.876
25323,2023-11-22 03:00:00+00:00,25.325998,93.36129,24.175999
25324,2023-11-22 04:00:00+00:00,27.325998,82.4672,24.075998
25325,2023-11-22 05:00:00+00:00,28.925999,76.72105,24.425999
25326,2023-11-22 06:00:00+00:00,29.175999,72.071945,23.626
25327,2023-11-22 07:00:00+00:00,27.325998,81.23757,23.825998
25328,2023-11-22 08:00:00+00:00,28.376,77.79749,24.126
25329,2023-11-22 09:00:00+00:00,29.226,73.6139,24.026
25330,2023-11-22 10:00:00+00:00,28.675999,74.86242,23.776
25331,2023-11-22 11:00:00+00:00,27.825998,77.48365,23.526
25332,2023-11-22 12:00:00+00:00,26.876,81.180885,23.376
25333,2023-11-22 13:00:00+00:00,25.526,90.33869,23.825998
25334,2023-11-22 14:00:00+00:00,25.276,91.69125,23.825998
25335,2023-11-22 15:00:00+00:00,25.026,92.78711,23.776
25336,2023-11-22 16:00:00+00:00,24.526,96.17636,23.876
25337,2023-11-22 17:00:00+00:00,24.226,95.87855,23.526
25338,2023-11-22 18:00:00+00:00,23.876,97.91489,23.526
25339,2023-11-22 19:00:00+00:00,23.526,98.50283,23.276
25340,2023-11-22 20:00:00+00:00,23.626,98.50394,23.376
25341,2023-11-22 21:00:00+00:00,23.675999,98.504486,23.425999
25342,2023-11-22 22:00:00+00:00,23.575998,99.09965,23.425999
25343,2023-11-22 23:00:00+00:00,23.425999,98.50171,23.175999
25344,2023-11-23 00:00:00+00:00,23.526,97.90946,23.175999
25345,2023-11-23 01:00:00+00:00,23.526,99.39874,23.425999
25346,2023-11-23 02:00:00+00:00,23.726,98.50505,23.476
25347,2023-11-23 03:00:00+00:00,24.226,95.87855,23.526
25348,2023-11-23 04:00:00+00:00,24.825998,91.664444,23.376
25349,2023-11-23 05:00:00+00:00,25.976,88.22519,23.876
25350,2023-11-23 06:00:00+00:00,27.026,84.69027,24.226
25351,2023-11-23 07:00:00+00:00,28.925999,74.00764,23.825998
25352,2023-11-23 08:00:00+00:00,26.476,82.86517,23.325998
25353,2023-11-23 09:00:00+00:00,26.626,82.882614,23.476
25354,2023-11-23 10:00:00+00:00,26.526,81.6289,23.126
25355,2023-11-23 11:00:00+00:00,26.325998,83.85455,23.376
25356,2023-11-23 12:00:00+00:00,25.675999,87.6703,23.476
25357,2023-11-23 13:00:00+00:00,24.876,94.75357,23.976
25358,2023-11-23 14:00:00+00:00,24.825998,94.46729,23.876
25359,2023-11-23 15:00:00+00:00,24.376,97.043915,23.876
25360,2023-11-23 16:00:00+00:00,24.026,97.917206,23.675999
25361,2023-11-23 17:00:00+00:00,24.026,97.917206,23.675999
25362,2023-11-23 18:00:00+00:00,24.175999,96.45677,23.575998
25363,2023-11-23 19:00:00+00:00,24.325998,95.305534,23.526
25364,2023-11-23 20:00:00+00:00,23.776,98.20909,23.476
25365,2023-11-23 21:00:00+00:00,23.476,100.0,23.476
25366,2023-11-23 22:00:00+00:00,23.376,100.0,23.376
25367,2023-11-23 23:00:00+00:00,23.476,99.39853,23.376
25368,2023-11-24 00:00:00+00:00,23.476,98.20507,23.175999
25369,2023-11-24 01:00:00+00:00,23.526,96.43976,22.925999
25370,2023-11-24 02:00:00+00:00,23.976,95.58186,23.226
25371,2023-11-24 03:00:00+00:00,24.825998,92.21912,23.476
25372,2023-11-24 04:00:00+00:00,26.726,85.68181,24.126
25373,2023-11-24 05:00:00+00:00,28.476,77.11481,24.075998
25374,2023-11-24 06:00:00+00:00,27.026,80.71158,23.425999
25375,2023-11-24 07:00:00+00:00,27.626,79.823425,23.825998
25376,2023-11-24 08:00:00+00:00,26.675999,82.638916,23.476
25377,2023-11-24 09:00:00+00:00,27.726,79.358215,23.825998
25378,2023-11-24 10:00:00+00:00,27.325998,79.30351,23.425999
25379,2023-11-24 11:00:00+00:00,26.226,84.09704,23.325998
25380,2023-11-24 12:00:00+00:00,24.175999,93.30587,23.026
25381,2023-11-24 13:00:00+00:00,24.175999,94.15612,23.175999
25382,2023-11-24 14:00:00+00:00,23.776,97.03081,23.276
25383,2023-11-24 15:00:00+00:00,23.626,98.80156,23.425999
25384,2023-11-24 16:00:00+00:00,23.675999,99.100334,23.526
25385,2023-11-24 17:00:00+00:00,22.925999,99.09528,22.776
25386,2023-11-24 18:00:00+00:00,22.876,98.197044,22.575998
25387,2023-11-24 19:00:00+00:00,23.026,97.90167,22.675999
25388,2023-11-24 20:00:00+00:00,23.126,97.90324,22.776
25389,2023-11-24 21:00:00+00:00,23.175999,98.49892,22.925999
25390,2023-11-24 22:00:00+00:00,23.376,97.022,22.876
25391,2023-11-24 23:00:00+00:00,23.476,97.90869,23.126
25392,2023-11-25 00:00:00+00:00,23.226,99.09728,23.075998
25393,2023-11-25 01:00:00+00:00,23.526,97.31925,23.075998
25394,2023-11-25 02:00:00+00:00,23.776,96.7382,23.226
25395,2023-11-25 03:00:00+00:00,25.325998,88.70552,23.325998
25396,2023-11-25 04:00:00+00:00,26.175999,87.97715,24.026
25397,2023-11-25 05:00:00+00:00,28.476,74.830185,23.575998
25398,2023-11-25 06:00:00+00:00,27.026,79.74289,23.226
25399,2023-11-25 07:00:00+00:00,28.976,71.38755,23.276
25400,2023-11-25 08:00:00+00:00,28.075998,72.97699,22.776
25401,2023-11-25 09:00:00+00:00,28.526,75.29025,23.726
25402,2023-11-25 10:00:00+00:00,28.575998,73.94967,23.476
25403,2023-11-25 11:00:00+00:00,27.925999,74.741264,23.026
25404,2023-11-25 12:00:00+00:00,26.925999,79.00916,22.976
25405,2023-11-25 13:00:00+00:00,26.675999,80.42275,23.026
25406,2023-11-25 14:00:00+00:00,26.175999,83.33282,23.126
25407,2023-11-25 15:00:00+00:00,25.575998,87.66168,23.376
25408,2023-11-25 16:00:00+00:00,25.276,89.50832,23.425999
25409,2023-11-25 17:00:00+00:00,25.325998,89.242485,23.425999
25410,2023-11-25 18:00:00+00:00,25.376,86.852936,23.026
25411,2023-11-25 19:00:00+00:00,25.276,86.31926,22.825998
25412,2023-11-25 20:00:00+00:00,25.075998,88.15061,22.976
25413,2023-11-25 21:00:00+00:00,24.776,89.74239,22.976
25414,2023-11-25 22:00:00+00:00,24.126,92.4596,22.825998
25415,2023-11-25 23:00:00+00:00,23.876,93.2913,22.726
25416,2023-11-26 00:00:00+00:00,24.026,92.45417,22.726
25417,2023-11-26 01:00:00+00:00,24.626,90.276695,22.925999
25418,2023-11-26 02:00:00+00:00,26.776,82.65065,23.575998
25419,2023-11-26 03:00:00+00:00,28.425999,72.377045,22.976
25420,2023-11-26 04:00:00+00:00,29.226,67.442444,22.575998
25421,2023-11-26 05:00:00+00:00,29.976,62.273926,21.976
25422,2023-11-26 06:00:00+00:00,30.226,60.456665,21.726
25423,2023-11-26 07:00:00+00:00,30.325998,59.38029,21.526
25424,2023-11-26 08:00:00+00:00,30.126,61.177128,21.825998
25425,2023-11-26 09:00:00+00:00,29.675999,62.780766,21.825998
25426,2023-11-26 10:00:00+00:00,28.876,69.24112,22.675999
25427,2023-11-26 11:00:00+00:00,28.175999,72.333466,22.726
25428,2023-11-26 12:00:00+00:00,27.075998,78.07932,22.925999
25429,2023-11-26 13:00:00+00:00,26.626,80.904274,23.075998
25430,2023-11-26 14:00:00+00:00,26.325998,82.34831,23.075998
25431,2023-11-26 15:00:00+00:00,26.026,84.07528,23.126
25432,2023-11-26 16:00:00+00:00,25.675999,86.35725,23.226
25433,2023-11-26 17:00:00+00:00,24.876,90.56723,23.226
25434,2023-11-26 18:00:00+00:00,25.026,90.85096,23.425999
25435,2023-11-26 19:00:00+00:00,24.626,92.486725,23.325998
25436,2023-11-26 20:00:00+00:00,24.175999,93.87197,23.126
25437,2023-11-26 21:00:00+00:00,23.626,97.32122,23.175999
25438,2023-11-26 22:00:00+00:00,23.726,97.32321,23.276
25439,2023-11-26 23:00:00+00:00,23.526,97.90946,23.175999
25440,2023-11-27 00:00:00+00:00,23.575998,97.614845,23.175999
25441,2023-11-27 01:00:00+00:00,24.175999,94.726746,23.276
25442,2023-11-27 02:00:00+00:00,24.925999,93.90522,23.876
25443,2023-11-27 03:00:00+00:00,26.175999,87.18771,23.876
25444,2023-11-27 04:00:00+00:00,28.075998,77.05517,23.675999
25445,2023-11-27 05:00:00+00:00,27.175999,79.76307,23.376
25446,2023-11-27 06:00:00+00:00,28.925999,74.678,23.976
25447,2023-11-27 07:00:00+00:00,25.575998,85.82705,23.026
25448,2023-11-27 08:00:00+00:00,26.575998,83.62977,23.575998
25449,2023-11-27 09:00:00+00:00,26.825998,78.280304,22.726
25450,2023-11-27 10:00:00+00:00,26.776,80.92347,23.226
25451,2023-11-27 11:00:00+00:00,26.425999,82.111694,23.126
25452,2023-11-27 12:00:00+00:00,25.675999,85.83685,23.126
25453,2023-11-27 13:00:00+00:00,24.675999,94.461266,23.726
25454,2023-11-27 14:00:00+00:00,23.726,96.15382,23.075998
25455,2023-11-27 15:00:00+00:00,24.075998,96.163704,23.425999
25456,2023-11-27 16:00:00+00:00,23.925999,97.03409,23.425999
25457,2023-11-27 17:00:00+00:00,23.825998,97.61926,23.425999
25458,2023-11-27 18:00:00+00:00,23.575998,98.80113,23.376
25459,2023-11-27 19:00:00+00:00,23.325998,99.69854,23.276
25460,2023-11-27 20:00:00+00:00,23.226,99.09728,23.075998
25461,2023-11-27 21:00:00+00:00,23.075998,100.0,23.075998
25462,2023-11-27 22:00:00+00:00,22.726,100.0,22.726
25463,2023-11-27 23:00:00+00:00,22.726,100.0,22.726
25464,2023-11-28 00:00:00+00:00,22.776,100.0,22.776
25465,2023-11-28 01:00:00+00:00,24.026,97.622795,23.626
25466,2023-11-28 02:00:00+00:00,25.575998,91.70907,24.126
25467,2023-11-28 03:00:00+00:00,27.226,83.702034,24.226
25468,2023-11-28 04:00:00+00:00,28.175999,75.918365,23.526
25469,2023-11-28 05:00:00+00:00,28.626,71.97532,23.075998
25470,2023-11-28 06:00:00+00:00,29.226,68.47297,22.825998
25471,2023-11-28 07:00:00+00:00,29.376,68.50187,22.976
25472,2023-11-28 08:00:00+00:00,29.675999,67.53122,23.026
25473,2023-11-28 09:00:00+00:00,29.276,69.73713,23.175999
25474,2023-11-28 10:00:00+00:00,28.776,71.56784,23.126
25475,2023-11-28 11:00:00+00:00,28.175999,73.88319,23.075998
25476,2023-11-28 12:00:00+00:00,26.976,79.97745,23.226
25477,2023-11-28 13:00:00+00:00,25.925999,85.34452,23.276
25478,2023-11-28 14:00:00+00:00,25.726,86.36197,23.276
25479,2023-11-28 15:00:00+00:00,25.376,87.37988,23.126
25480,2023-11-28 16:00:00+00:00,24.325998,91.08087,22.776
25481,2023-11-28 17:00:00+00:00,24.126,92.17983,22.776
25482,2023-11-28 18:00:00+00:00,24.026,92.73489,22.776
25483,2023-11-28 19:00:00+00:00,23.075998,94.684166,22.175999
25484,2023-11-28 20:00:00+00:00,22.776,97.30429,22.325998
25485,2023-11-28 21:00:00+00:00,22.575998,98.193016,22.276
25486,2023-11-28 22:00:00+00:00,22.026,99.089134,21.876
25487,2023-11-28 23:00:00+00:00,22.126,97.88755,21.776
25488,2023-11-29 00:00:00+00:00,22.175999,98.78851,21.976
25489,2023-11-29 01:00:00+00:00,24.026,95.58347,23.276
25490,2023-11-29 02:00:00+00:00,24.675999,93.61174,23.575998
25491,2023-11-29 03:00:00+00:00,25.425999,88.44624,23.376
25492,2023-11-29 04:00:00+00:00,26.175999,83.58507,23.175999
25493,2023-11-29 05:00:00+00:00,27.675999,77.46157,23.376
25494,2023-11-29 06:00:00+00:00,26.675999,78.02155,22.526
25495,2023-11-29 07:00:00+00:00,27.476,79.56338,23.626
25496,2023-11-29 08:00:00+00:00,28.376,75.949455,23.726
25497,2023-11-29 09:00:00+00:00,27.476,77.432045,23.175999
25498,2023-11-29 10:00:00+00:00,26.126,84.086174,23.226
25499,2023-11-29 11:00:00+00:00,26.175999,84.60085,23.376
25500,2023-11-29 12:00:00+00:00,25.626,86.61382,23.226
25501,2023-11-29 13:00:00+00:00,24.226,93.02646,23.026
25502,2023-11-29 14:00:00+00:00,24.026,95.29522,23.226
25503,2023-11-29 15:00:00+00:00,23.126,97.01648,22.626
25504,2023-11-29 16:00:00+00:00,23.376,95.562355,22.626
25505,2023-11-29 17:00:00+00:00,23.226,97.31327,22.776
25506,2023-11-29 18:00:00+00:00,23.026,98.19906,22.726
25507,2023-11-29 19:00:00+00:00,22.776,99.09425,22.626
25508,2023-11-29 20:00:00+00:00,22.776,99.09425,22.626
25509,2023-11-29 21:00:00+00:00,22.526,99.69672,22.476
25510,2023-11-29 22:00:00+00:00,22.726,98.79348,22.526
25511,2023-11-29 23:00:00+00:00,22.626,99.394684,22.526
25512,2023-11-30 00:00:00+00:00,22.726,99.69715,22.675999
25513,2023-11-30 01:00:00+00:00,23.325998,99.69854,23.276
25514,2023-11-30 02:00:00+00:00,23.226,97.31327,22.776
25515,2023-11-30 03:00:00+00:00,24.276,93.59318,23.175999
25516,2023-11-30 04:00:00+00:00,25.726,86.36197,23.276
25517,2023-11-30 05:00:00+00:00,26.476,82.61537,23.276
25518,2023-11-30 06:00:00+00:00,27.325998,79.30351,23.425999
25519,2023-11-30 07:00:00+00:00,26.825998,78.04324,22.675999
25520,2023-11-30 08:00:00+00:00,27.476,78.8473,23.476
25521,2023-11-30 09:00:00+00:00,27.825998,76.323586,23.276
25522,2023-11-30 10:00:00+00:00,27.675999,76.30054,23.126
25523,2023-11-30 11:00:00+00:00,27.276,78.58167,23.226
25524,2023-11-30 12:00:00+00:00,25.825998,85.33439,23.175999
25525,2023-11-30 13:00:00+00:00,23.876,95.57861,23.126
25526,2023-11-30 14:00:00+00:00,23.425999,97.02312,22.925999
25527,2023-11-30 15:00:00+00:00,23.575998,96.14957,22.925999
25528,2023-11-30 16:00:00+00:00,23.726,94.70937,22.825998
25529,2023-11-30 17:00:00+00:00,23.425999,97.31727,22.976
25530,2023-11-30 18:00:00+00:00,23.226,98.79798,23.026
25531,2023-11-30 19:00:00+00:00,23.376,98.79932,23.175999
25532,2023-11-30 20:00:00+00:00,23.276,97.60954,22.876
25533,2023-11-30 21:00:00+00:00,22.675999,98.49329,22.425999
25534,2023-11-30 22:00:00+00:00,22.626,98.49272,22.376
25535,2023-11-30 23:00:00+00:00,22.425999,97.89229,22.075998
25536,2023-12-01 00:00:00+00:00,22.476,98.491035,22.226
25537,2023-12-01 01:00:00+00:00,24.126,96.45546,23.526
25538,2023-12-01 02:00:00+00:00,24.726,95.03316,23.876
25539,2023-12-01 03:00:00+00:00,25.726,90.89647,24.126
25540,2023-12-01 04:00:00+00:00,27.226,84.71119,24.425999
25541,2023-12-01 05:00:00+00:00,27.575998,81.26895,24.075998
25542,2023-12-01 06:00:00+00:00,27.425999,81.73975,24.026
25543,2023-12-01 07:00:00+00:00,28.126,77.29487,23.776
25544,2023-12-01 08:00:00+00:00,28.376,75.4935,23.626
25545,2023-12-01 09:00:00+00:00,28.776,71.35175,23.075998
25546,2023-12-01 10:00:00+00:00,28.325998,72.799126,22.976
25547,2023-12-01 11:00:00+00:00,27.726,75.16274,22.925999
25548,2023-12-01 12:00:00+00:00,26.575998,79.682175,22.776
25549,2023-12-01 13:00:00+00:00,25.925999,84.319046,23.075998
25550,2023-12-01 14:00:00+00:00,25.626,85.5727,23.026
25551,2023-12-01 15:00:00+00:00,25.425999,86.07258,22.925999
25552,2023-12-01 16:00:00+00:00,25.175999,86.834595,22.825998
25553,2023-12-01 17:00:00+00:00,25.075998,86.825424,22.726
25554,2023-12-01 18:00:00+00:00,24.825998,88.12977,22.726
25555,2023-12-01 19:00:00+00:00,24.626,89.18913,22.726
25556,2023-12-01 20:00:00+00:00,24.425999,89.989494,22.675999
25557,2023-12-01 21:00:00+00:00,24.276,91.077675,22.726
25558,2023-12-01 22:00:00+00:00,24.276,90.80185,22.675999
25559,2023-12-01 23:00:00+00:00,24.075998,91.34181,22.575998
25560,2023-12-02 00:00:00+00:00,24.075998,91.34181,22.575998
25561,2023-12-02 01:00:00+00:00,25.526,83.766,22.575998
25562,2023-12-02 02:00:00+00:00,26.126,82.57407,22.925999
25563,2023-12-02 03:00:00+00:00,26.026,83.56826,23.026
25564,2023-12-02 04:00:00+00:00,27.675999,79.83013,23.876
25565,2023-12-02 05:00:00+00:00,25.776,87.94345,23.626
25566,2023-12-02 06:00:00+00:00,28.126,77.52772,23.825998
25567,2023-12-02 07:00:00+00:00,26.626,83.63534,23.626
25568,2023-12-02 08:00:00+00:00,26.276,82.5918,23.075998
25569,2023-12-02 09:00:00+00:00,25.925999,84.57441,23.126
25570,2023-12-02 10:00:00+00:00,25.726,83.788216,22.776
25571,2023-12-02 11:00:00+00:00,25.776,85.846664,23.226
25572,2023-12-02 12:00:00+00:00,23.276,96.14105,22.626
25573,2023-12-02 13:00:00+00:00,24.476,93.60247,23.376
25574,2023-12-02 14:00:00+00:00,23.526,96.148155,22.876
25575,2023-12-02 15:00:00+00:00,24.276,93.59318,23.175999
25576,2023-12-02 16:00:00+00:00,23.526,95.567245,22.776
25577,2023-12-02 17:00:00+00:00,24.075998,95.00955,23.226
25578,2023-12-02 18:00:00+00:00,23.126,97.01648,22.626
25579,2023-12-02 19:00:00+00:00,23.175999,96.723694,22.626
25580,2023-12-02 20:00:00+00:00,23.075998,96.72126,22.526
25581,2023-12-02 21:00:00+00:00,23.626,94.99308,22.776
25582,2023-12-02 22:00:00+00:00,23.575998,95.27968,22.776
25583,2023-12-02 23:00:00+00:00,24.026,93.86527,22.976
25584,2023-12-03 00:00:00+00:00,24.026,94.14975,23.026
25585,2023-12-03 01:00:00+00:00,24.026,93.86527,22.976
25586,2023-12-03 02:00:00+00:00,24.476,93.039055,23.276
25587,2023-12-03 03:00:00+00:00,24.825998,91.664444,23.376
25588,2023-12-03 04:00:00+00:00,25.226,91.412796,23.726
25589,2023-12-03 05:00:00+00:00,26.226,86.40917,23.776
25590,2023-12-03 06:00:00+00:00,25.876,88.216934,23.776
25591,2023-12-03 07:00:00+00:00,25.226,88.96587,23.276
25592,2023-12-03 08:00:00+00:00,25.876,88.216934,23.776
25593,2023-12-03 09:00:00+00:00,25.476,88.18384,23.376
25594,2023-12-03 10:00:00+00:00,25.776,88.20867,23.675999
25595,2023-12-03 11:00:00+00:00,24.726,93.05161,23.526
25596,2023-12-03 12:00:00+00:00,24.476,93.039055,23.276
25597,2023-12-03 13:00:00+00:00,24.776,93.33487,23.626
25598,2023-12-03 14:00:00+00:00,24.226,93.87416,23.175999
25599,2023-12-03 15:00:00+00:00,24.526,93.04156,23.325998
25600,2023-12-03 16:00:00+00:00,24.376,93.597824,23.276
25601,2023-12-03 17:00:00+00:00,23.626,95.860344,22.925999
25602,2023-12-03 18:00:00+00:00,24.126,92.17983,22.776
25603,2023-12-03 19:00:00+00:00,24.226,91.906586,22.825998
25604,2023-12-03 20:00:00+00:00,23.925999,93.01132,22.726
25605,2023-12-03 21:00:00+00:00,24.075998,93.58389,22.976
25606,2023-12-03 22:00:00+00:00,24.325998,93.31313,23.175999
25607,2023-12-03 23:00:00+00:00,24.075998,93.30102,22.925999
25608,2023-12-04 00:00:00+00:00,24.175999,93.02394,22.976
25609,2023-12-04 01:00:00+00:00,23.726,93.28399,22.575998
25610,2023-12-04 02:00:00+00:00,24.075998,93.018906,22.876
25611,2023-12-04 03:00:00+00:00,24.776,91.661446,23.325998
25612,2023-12-04 04:00:00+00:00,25.026,91.952965,23.626
25613,2023-12-04 05:00:00+00:00,24.876,92.77932,23.626
25614,2023-12-04 06:00:00+00:00,24.925999,91.9472,23.526
25615,2023-12-04 07:00:00+00:00,24.876,91.66741,23.425999
25616,2023-12-04 08:00:00+00:00,24.876,92.500244,23.575998
25617,2023-12-04 09:00:00+00:00,25.226,91.964485,23.825998
25618,2023-12-04 10:00:00+00:00,25.026,93.3469,23.876
25619,2023-12-04 11:00:00+00:00,24.925999,93.62328,23.825998
25620,2023-12-04 12:00:00+00:00,24.976,92.784515,23.726
25621,2023-12-04 13:00:00+00:00,24.825998,92.21912,23.476
25622,2023-12-04 14:00:00+00:00,24.825998,91.9414,23.425999
25623,2023-12-04 15:00:00+00:00,25.075998,93.349304,23.925999
25624,2023-12-04 16:00:00+00:00,25.075998,94.194214,24.075998
25625,2023-12-04 17:00:00+00:00,24.776,94.46527,23.825998
25626,2023-12-04 18:00:00+00:00,24.425999,95.30897,23.626
25627,2023-12-04 19:00:00+00:00,23.976,95.87098,23.276
25628,2023-12-04 20:00:00+00:00,23.776,95.28659,22.976
25629,2023-12-04 21:00:00+00:00,23.476,94.12626,22.476
25630,2023-12-04 22:00:00+00:00,23.476,90.74903,21.876
25631,2023-12-04 23:00:00+00:00,23.425999,89.91792,21.675999
25632,2023-12-05 00:00:00+00:00,23.226,90.73243,21.626
25633,2023-12-05 01:00:00+00:00,23.575998,90.20362,21.876
25634,2023-12-05 02:00:00+00:00,23.776,88.58128,21.776
25635,2023-12-05 03:00:00+00:00,23.776,88.852165,21.825998
25636,2023-12-05 04:00:00+00:00,23.776,88.852165,21.825998
25637,2023-12-05 05:00:00+00:00,23.925999,89.407455,22.075998
25638,2023-12-05 06:00:00+00:00,24.175999,89.154625,22.276
25639,2023-12-05 07:00:00+00:00,24.575998,89.18531,22.675999
25640,2023-12-05 08:00:00+00:00,25.126,85.78278,22.575998
25641,2023-12-05 09:00:00+00:00,25.425999,84.77814,22.675999
25642,2023-12-05 10:00:00+00:00,25.026,88.68163,23.026
25643,2023-12-05 11:00:00+00:00,24.726,90.28362,23.026
25644,2023-12-05 12:00:00+00:00,24.526,90.543655,22.876
25645,2023-12-05 13:00:00+00:00,24.825998,83.17852,21.776
25646,2023-12-05 14:00:00+00:00,24.626,85.21226,21.976
25647,2023-12-05 15:00:00+00:00,24.825998,84.71504,22.075998
25648,2023-12-05 16:00:00+00:00,24.976,81.43567,21.575998
25649,2023-12-05 17:00:00+00:00,24.876,81.174194,21.425999
25650,2023-12-05 18:00:00+00:00,24.626,82.395485,21.425999
25651,2023-12-05 19:00:00+00:00,24.376,84.1511,21.526
25652,2023-12-05 20:00:00+00:00,24.026,86.993835,21.726
25653,2023-12-05 21:00:00+00:00,23.925999,89.407455,22.075998
25654,2023-12-05 22:00:00+00:00,23.476,92.98849,22.276
25655,2023-12-05 23:00:00+00:00,22.876,96.12964,22.226
25656,2023-12-06 00:00:00+00:00,22.526,96.41335,21.925999
25657,2023-12-06 01:00:00+00:00,22.726,98.79348,22.526
25658,2023-12-06 02:00:00+00:00,24.226,96.167915,23.575998
25659,2023-12-06 03:00:00+00:00,26.825998,85.435074,24.175999
25660,2023-12-06 04:00:00+00:00,28.526,70.44725,22.626
25661,2023-12-06 05:00:00+00:00,29.376,66.86071,22.575998
25662,2023-12-06 06:00:00+00:00,30.126,64.42541,22.675999
25663,2023-12-06 07:00:00+00:00,30.776,60.765415,22.325998
25664,2023-12-06 08:00:00+00:00,31.075998,58.831528,22.075998
25665,2023-12-06 09:00:00+00:00,31.026,59.722477,22.276
25666,2023-12-06 10:00:00+00:00,30.976,60.441925,22.425999
25667,2023-12-06 11:00:00+00:00,30.726,65.532425,23.526
25668,2023-12-06 12:00:00+00:00,28.126,76.13978,23.526
25669,2023-12-06 13:00:00+00:00,26.776,86.46082,24.325998
25670,2023-12-06 14:00:00+00:00,25.925999,92.28026,24.575998
25671,2023-12-06 15:00:00+00:00,25.626,93.936,24.575998
25672,2023-12-06 16:00:00+00:00,24.675999,92.21072,23.325998
25673,2023-12-06 17:00:00+00:00,24.476,95.59801,23.726
25674,2023-12-06 18:00:00+00:00,23.925999,97.62104,23.526
25675,2023-12-06 19:00:00+00:00,23.825998,98.80337,23.626
25676,2023-12-06 20:00:00+00:00,23.976,99.69998,23.925999
25677,2023-12-06 21:00:00+00:00,23.626,100.0,23.626
25678,2023-12-06 22:00:00+00:00,23.726,99.699425,23.675999
25679,2023-12-06 23:00:00+00:00,23.276,99.69843,23.226
25680,2023-12-07 00:00:00+00:00,22.976,100.0,22.976
25681,2023-12-07 01:00:00+00:00,23.876,97.91489,23.526
25682,2023-12-07 02:00:00+00:00,24.376,94.16462,23.376
25683,2023-12-07 03:00:00+00:00,24.825998,91.664444,23.376
25684,2023-12-07 04:00:00+00:00,25.825998,87.41948,23.575998
25685,2023-12-07 05:00:00+00:00,27.675999,79.11299,23.726
25686,2023-12-07 06:00:00+00:00,28.325998,76.63034,23.825998
25687,2023-12-07 07:00:00+00:00,28.825998,74.437645,23.825998
25688,2023-12-07 08:00:00+00:00,26.376,81.610306,22.976
25689,2023-12-07 09:00:00+00:00,27.675999,81.770386,24.276
25690,2023-12-07 10:00:00+00:00,27.575998,80.53998,23.925999
25691,2023-12-07 11:00:00+00:00,27.575998,75.82476,22.925999
25692,2023-12-07 12:00:00+00:00,26.376,84.62194,23.575998
25693,2023-12-07 13:00:00+00:00,25.026,93.90963,23.976
25694,2023-12-07 14:00:00+00:00,24.825998,95.03678,23.976
25695,2023-12-07 15:00:00+00:00,24.276,96.750175,23.726
25696,2023-12-07 16:00:00+00:00,24.026,97.03628,23.526
25697,2023-12-07 17:00:00+00:00,24.075998,96.45417,23.476
25698,2023-12-07 18:00:00+00:00,23.776,97.03081,23.276
25699,2023-12-07 19:00:00+00:00,24.276,87.54873,22.075998
25700,2023-12-07 20:00:00+00:00,23.476,94.12626,22.476
25701,2023-12-07 21:00:00+00:00,22.976,97.9009,22.626
25702,2023-12-07 22:00:00+00:00,22.626,98.79257,22.425999
25703,2023-12-07 23:00:00+00:00,22.976,97.9009,22.626
25704,2023-12-08 00:00:00+00:00,22.726,98.79348,22.526
25705,2023-12-08 01:00:00+00:00,23.276,97.019806,22.776
25706,2023-12-08 02:00:00+00:00,24.376,93.597824,23.276
25707,2023-12-08 03:00:00+00:00,25.925999,86.12076,23.425999
25708,2023-12-08 04:00:00+00:00,27.226,80.01072,23.476
25709,2023-12-08 05:00:00+00:00,28.376,75.949455,23.726
25710,2023-12-08 06:00:00+00:00,28.675999,72.85925,23.325998
25711,2023-12-08 07:00:00+00:00,27.376,77.65175,23.126
25712,2023-12-08 08:00:00+00:00,27.726,80.31791,24.026
25713,2023-12-08 09:00:00+00:00,28.276,77.78298,24.026
25714,2023-12-08 10:00:00+00:00,28.026,75.89501,23.376
25715,2023-12-08 11:00:00+00:00,27.325998,78.35172,23.226
25716,2023-12-08 12:00:00+00:00,26.226,82.08748,22.925999
25717,2023-12-08 13:00:00+00:00,25.226,83.987724,22.325998
25718,2023-12-08 14:00:00+00:00,24.276,89.16229,22.376
25719,2023-12-08 15:00:00+00:00,23.876,91.05206,22.325998
25720,2023-12-08 16:00:00+00:00,23.425999,93.26937,22.276
25721,2023-12-08 17:00:00+00:00,23.675999,91.87451,22.276
25722,2023-12-08 18:00:00+00:00,24.175999,89.42625,22.325998
25723,2023-12-08 19:00:00+00:00,23.675999,92.15442,22.325998
25724,2023-12-08 20:00:00+00:00,22.526,97.00319,22.026
25725,2023-12-08 21:00:00+00:00,22.526,97.596176,22.126
25726,2023-12-08 22:00:00+00:00,22.376,98.48993,22.126
25727,2023-12-08 23:00:00+00:00,22.126,99.3924,22.026
25728,2023-12-09 00:00:00+00:00,22.175999,100.0,22.175999
25729,2023-12-09 01:00:00+00:00,23.075998,96.427925,22.476
25730,2023-12-09 02:00:00+00:00,24.726,90.83138,23.126
25731,2023-12-09 03:00:00+00:00,26.526,85.14856,23.825998
25732,2023-12-09 04:00:00+00:00,28.026,77.51304,23.726
25733,2023-12-09 05:00:00+00:00,29.026,75.143776,24.175999
25734,2023-12-09 06:00:00+00:00,29.575998,70.63934,23.675999
25735,2023-12-09 07:00:00+00:00,28.776,67.7648,22.226
25736,2023-12-09 08:00:00+00:00,28.776,72.21952,23.276
25737,2023-12-09 09:00:00+00:00,29.175999,69.718475,23.075998
25738,2023-12-09 10:00:00+00:00,28.126,71.235,22.425999
25739,2023-12-09 11:00:00+00:00,27.425999,76.95778,23.026
25740,2023-12-09 12:00:00+00:00,26.575998,80.65344,22.976
25741,2023-12-09 13:00:00+00:00,25.626,86.87581,23.276
25742,2023-12-09 14:00:00+00:00,24.825998,91.38819,23.325998
25743,2023-12-09 15:00:00+00:00,24.276,94.73059,23.376
25744,2023-12-09 16:00:00+00:00,23.675999,96.4437,23.075998
25745,2023-12-09 17:00:00+00:00,23.325998,97.315285,22.876
25746,2023-12-09 18:00:00+00:00,23.376,97.611305,22.976
25747,2023-12-09 19:00:00+00:00,23.526,97.61398,23.126
25748,2023-12-09 20:00:00+00:00,23.575998,98.80113,23.376
25749,2023-12-09 21:00:00+00:00,23.276,100.0,23.276
25750,2023-12-09 22:00:00+00:00,22.126,100.0,22.126
25751,2023-12-09 23:00:00+00:00,22.526,100.0,22.526
25752,2023-12-10 00:00:00+00:00,22.276,100.0,22.276
25753,2023-12-10 01:00:00+00:00,23.425999,97.90793,23.075998
25754,2023-12-10 02:00:00+00:00,24.675999,92.489456,23.376
25755,2023-12-10 03:00:00+00:00,26.276,84.3566,23.425999
25756,2023-12-10 04:00:00+00:00,27.526,73.774635,22.425999
25757,2023-12-10 05:00:00+00:00,28.175999,69.53079,22.075998
25758,2023-12-10 06:00:00+00:00,28.425999,67.07866,21.726
25759,2023-12-10 07:00:00+00:00,28.626,66.50677,21.776
25760,2023-12-10 08:00:00+00:00,28.425999,66.26325,21.526
25761,2023-12-10 09:00:00+00:00,27.976,68.02232,21.526
25762,2023-12-10 10:00:00+00:00,27.526,70.26269,21.626
25763,2023-12-10 11:00:00+00:00,27.026,73.01901,21.776
25764,2023-12-10 12:00:00+00:00,25.825998,79.338135,21.976
25765,2023-12-10 13:00:00+00:00,24.825998,86.53903,22.425999
25766,2023-12-10 14:00:00+00:00,24.226,89.70223,22.425999
25767,2023-12-10 15:00:00+00:00,24.126,88.87977,22.175999
25768,2023-12-10 16:00:00+00:00,23.675999,90.76228,22.075998
25769,2023-12-10 17:00:00+00:00,23.976,90.23155,22.276
25770,2023-12-10 18:00:00+00:00,23.825998,91.048874,22.276
25771,2023-12-10 19:00:00+00:00,23.425999,92.14026,22.075998
25772,2023-12-10 20:00:00+00:00,23.075998,92.96811,21.876
25773,2023-12-10 21:00:00+00:00,22.726,92.9502,21.526
25774,2023-12-10 22:00:00+00:00,23.075998,90.16854,21.376
25775,2023-12-10 23:00:00+00:00,22.226,94.07236,21.226
25776,2023-12-11 00:00:00+00:00,22.476,92.65283,21.226
25777,2023-12-11 01:00:00+00:00,22.726,93.235,21.575998
25778,2023-12-11 02:00:00+00:00,24.226,87.81157,22.075998
25779,2023-12-11 03:00:00+00:00,26.175999,80.11348,22.476
25780,2023-12-11 04:00:00+00:00,27.276,71.081345,21.575998
25781,2023-12-11 05:00:00+00:00,28.075998,65.78685,21.075998
25782,2023-12-11 06:00:00+00:00,28.776,61.439377,20.626
25783,2023-12-11 07:00:00+00:00,29.226,59.126034,20.425999
25784,2023-12-11 08:00:00+00:00,29.126,57.65853,19.925999
25785,2023-12-11 09:00:00+00:00,28.575998,60.453827,20.175999
25786,2023-12-11 10:00:00+00:00,27.675999,65.906975,20.726
25787,2023-12-11 11:00:00+00:00,26.776,69.05234,20.626
25788,2023-12-11 12:00:00+00:00,25.526,74.80734,20.726
25789,2023-12-11 13:00:00+00:00,24.425999,79.633385,20.675999
25790,2023-12-11 14:00:00+00:00,23.726,82.79586,20.626
25791,2023-12-11 15:00:00+00:00,23.376,84.041374,20.526
25792,2023-12-11 16:00:00+00:00,22.925999,86.893,20.626
25793,2023-12-11 17:00:00+00:00,22.575998,89.58043,20.776
25794,2023-12-11 18:00:00+00:00,22.226,92.07172,20.876
25795,2023-12-11 19:00:00+00:00,21.925999,94.059296,20.925999
25796,2023-12-11 20:00:00+00:00,21.675999,94.62924,20.776
25797,2023-12-11 21:00:00+00:00,22.876,90.98758,21.325998
25798,2023-12-11 22:00:00+00:00,20.925999,97.26687,20.476
25799,2023-12-11 23:00:00+00:00,21.175999,98.77939,20.976
25800,2023-12-12 00:00:00+00:00,20.776,100.0,20.776
25801,2023-12-12 01:00:00+00:00,21.425999,98.1774,21.126
25802,2023-12-12 02:00:00+00:00,23.126,92.404915,21.825998
25803,2023-12-12 03:00:00+00:00,25.376,82.48511,22.175999
25804,2023-12-12 04:00:00+00:00,26.776,72.75304,21.476
25805,2023-12-12 05:00:00+00:00,27.276,68.09398,20.876
25806,2023-12-12 06:00:00+00:00,27.425999,67.29087,20.825998
25807,2023-12-12 07:00:00+00:00,27.575998,65.2799,20.476
25808,2023-12-12 08:00:00+00:00,27.526,66.28325,20.675999
25809,2023-12-12 09:00:00+00:00,27.425999,65.8555,20.476
25810,2023-12-12 10:00:00+00:00,27.026,67.21091,20.425999
25811,2023-12-12 11:00:00+00:00,26.175999,71.98132,20.726
25812,2023-12-12 12:00:00+00:00,25.075998,78.50851,21.075998
25813,2023-12-12 13:00:00+00:00,23.776,83.31313,20.776
25814,2023-12-12 14:00:00+00:00,22.825998,87.15199,20.575998
25815,2023-12-12 15:00:00+00:00,22.226,89.003174,20.325998
25816,2023-12-12 16:00:00+00:00,22.825998,84.24093,20.026
25817,2023-12-12 17:00:00+00:00,21.876,88.97567,19.976
25818,2023-12-12 18:00:00+00:00,22.626,83.43909,19.675999
25819,2023-12-12 19:00:00+00:00,22.776,81.91673,19.526
25820,2023-12-12 20:00:00+00:00,22.175999,84.69469,19.476
25821,2023-12-12 21:00:00+00:00,20.976,90.58105,19.376
25822,2023-12-12 22:00:00+00:00,20.026,95.45107,19.276
25823,2023-12-12 23:00:00+00:00,19.675999,98.153244,19.376
25824,2023-12-13 00:00:00+00:00,20.075998,97.55171,19.675999
25825,2023-12-13 01:00:00+00:00,20.626,99.079475,20.476
25826,2023-12-13 02:00:00+00:00,22.226,95.2326,21.425999
25827,2023-12-13 03:00:00+00:00,23.776,89.1238,21.876
25828,2023-12-13 04:00:00+00:00,25.925999,77.91264,21.776
25829,2023-12-13 05:00:00+00:00,26.575998,72.27368,21.175999
25830,2023-12-13 06:00:00+00:00,27.276,68.09398,20.876
25831,2023-12-13 07:00:00+00:00,27.575998,66.08965,20.675999
25832,2023-12-13 08:00:00+00:00,27.026,67.83557,20.575998
25833,2023-12-13 09:00:00+00:00,26.626,69.66483,20.626
25834,2023-12-13 10:00:00+00:00,26.226,70.67168,20.476
25835,2023-12-13 11:00:00+00:00,25.876,71.927956,20.425999
25836,2023-12-13 12:00:00+00:00,24.825998,77.51238,20.626
25837,2023-12-13 13:00:00+00:00,23.976,75.486664,19.376
25838,2023-12-13 14:00:00+00:00,23.075998,77.73389,18.976
25839,2023-12-13 15:00:00+00:00,22.526,79.37152,18.776
25840,2023-12-13 16:00:00+00:00,22.325998,80.09162,18.726
25841,2023-12-13 17:00:00+00:00,21.575998,84.1035,18.776
25842,2023-12-13 18:00:00+00:00,21.325998,85.40089,18.776
25843,2023-12-13 19:00:00+00:00,21.126,85.647896,18.626
25844,2023-12-13 20:00:00+00:00,21.325998,84.339355,18.575998
25845,2023-12-13 21:00:00+00:00,21.276,87.55471,19.126
25846,2023-12-13 22:00:00+00:00,20.825998,90.570854,19.226
25847,2023-12-13 23:00:00+00:00,20.626,90.83997,19.075998
25848,2023-12-14 00:00:00+00:00,21.026,90.58445,19.425999
25849,2023-12-14 01:00:00+00:00,21.476,94.91334,20.626
25850,2023-12-14 02:00:00+00:00,23.325998,88.81654,21.376
25851,2023-12-14 03:00:00+00:00,24.575998,84.947556,21.876
25852,2023-12-14 04:00:00+00:00,26.376,73.3558,21.226
25853,2023-12-14 05:00:00+00:00,27.876,59.36351,19.226
25854,2023-12-14 06:00:00+00:00,28.325998,57.468098,19.126
25855,2023-12-14 07:00:00+00:00,28.476,56.438717,18.976
25856,2023-12-14 08:00:00+00:00,28.376,56.238598,18.825998
25857,2023-12-14 09:00:00+00:00,28.126,55.6526,18.425999
25858,2023-12-14 10:00:00+00:00,27.575998,57.82944,18.526
25859,2023-12-14 11:00:00+00:00,26.675999,62.120644,18.825998
25860,2023-12-14 12:00:00+00:00,25.626,66.305336,18.876
25861,2023-12-14 13:00:00+00:00,24.575998,76.28755,20.126
25862,2023-12-14 14:00:00+00:00,24.075998,78.60783,20.126
25863,2023-12-14 15:00:00+00:00,24.075998,79.340096,20.276
25864,2023-12-14 16:00:00+00:00,23.575998,82.77817,20.476
25865,2023-12-14 17:00:00+00:00,23.226,84.806046,20.526
25866,2023-12-14 18:00:00+00:00,23.126,85.84774,20.626
25867,2023-12-14 19:00:00+00:00,22.876,87.42539,20.675999
25868,2023-12-14 20:00:00+00:00,22.675999,88.76477,20.726
25869,2023-12-14 21:00:00+00:00,22.575998,89.30514,20.726
25870,2023-12-14 22:00:00+00:00,23.675999,84.0744,20.825998
25871,2023-12-14 23:00:00+00:00,24.075998,82.32936,20.876
25872,2023-12-15 00:00:00+00:00,23.675999,84.853455,20.976
25873,2023-12-15 01:00:00+00:00,24.376,80.86145,20.876
25874,2023-12-15 02:00:00+00:00,24.726,81.90451,21.425999
25875,2023-12-15 03:00:00+00:00,25.425999,79.04082,21.526
25876,2023-12-15 04:00:00+00:00,25.476,80.51022,21.876
25877,2023-12-15 05:00:00+00:00,25.476,82.49702,22.276
25878,2023-12-15 06:00:00+00:00,26.675999,77.78493,22.476
25879,2023-12-15 07:00:00+00:00,27.376,72.85671,22.075998
25880,2023-12-15 08:00:00+00:00,27.726,70.29972,21.825998
25881,2023-12-15 09:00:00+00:00,27.175999,73.04476,21.925999
25882,2023-12-15 10:00:00+00:00,26.325998,77.26142,22.026
25883,2023-12-15 11:00:00+00:00,25.526,81.50457,22.126
25884,2023-12-15 12:00:00+00:00,25.026,85.25313,22.376
25885,2023-12-15 13:00:00+00:00,24.226,91.906586,22.825998
25886,2023-12-15 14:00:00+00:00,24.476,88.637634,22.476
25887,2023-12-15 15:00:00+00:00,24.575998,87.309044,22.325998
25888,2023-12-15 16:00:00+00:00,24.376,87.557465,22.175999
25889,2023-12-15 17:00:00+00:00,24.575998,86.252495,22.126
25890,2023-12-15 18:00:00+00:00,24.425999,87.29568,22.175999
25891,2023-12-15 19:00:00+00:00,24.425999,87.561844,22.226
25892,2023-12-15 20:00:00+00:00,24.075998,91.34181,22.575998
25893,2023-12-15 21:00:00+00:00,24.226,88.88764,22.276
25894,2023-12-15 22:00:00+00:00,24.376,87.025665,22.075998
25895,2023-12-15 23:00:00+00:00,24.325998,87.02116,22.026
25896,2023-12-16 00:00:00+00:00,24.325998,87.55312,22.126
25897,2023-12-16 01:00:00+00:00,24.026,93.86527,22.976
25898,2023-12-16 02:00:00+00:00,24.425999,93.60015,23.325998
25899,2023-12-16 03:00:00+00:00,25.126,89.767815,23.325998
25900,2023-12-16 04:00:00+00:00,26.325998,83.601845,23.325998
25901,2023-12-16 05:00:00+00:00,27.126,77.14617,22.776
25902,2023-12-16 06:00:00+00:00,28.075998,71.878265,22.526
25903,2023-12-16 07:00:00+00:00,28.075998,71.44284,22.425999
25904,2023-12-16 08:00:00+00:00,28.476,70.011536,22.476
25905,2023-12-16 09:00:00+00:00,28.126,70.80317,22.325998
25906,2023-12-16 10:00:00+00:00,27.476,72.65234,22.126
25907,2023-12-16 11:00:00+00:00,26.825998,75.247215,22.075998
25908,2023-12-16 12:00:00+00:00,25.876,78.86255,21.925999
25909,2023-12-16 13:00:00+00:00,24.825998,84.97355,22.126
25910,2023-12-16 14:00:00+00:00,24.226,88.34817,22.175999
25911,2023-12-16 15:00:00+00:00,24.026,89.41497,22.175999
25912,2023-12-16 16:00:00+00:00,24.075998,89.41874,22.226
25913,2023-12-16 17:00:00+00:00,23.925999,90.50308,22.276
25914,2023-12-16 18:00:00+00:00,23.776,91.32316,22.276
25915,2023-12-16 19:00:00+00:00,23.476,92.424126,22.175999
25916,2023-12-16 20:00:00+00:00,23.175999,93.25713,22.026
25917,2023-12-16 21:00:00+00:00,22.626,95.246605,21.825998
25918,2023-12-16 22:00:00+00:00,22.626,95.246605,21.825998
25919,2023-12-16 23:00:00+00:00,22.726,94.381874,21.776
25920,2023-12-17 00:00:00+00:00,22.726,95.250114,21.925999
25921,2023-12-17 01:00:00+00:00,23.226,95.55745,22.476
25922,2023-12-17 02:00:00+00:00,23.825998,95.28832,23.026
25923,2023-12-17 03:00:00+00:00,25.226,88.429955,23.175999
25924,2023-12-17 04:00:00+00:00,25.925999,83.05239,22.825998
25925,2023-12-17 05:00:00+00:00,26.376,76.56532,21.925999
25926,2023-12-17 06:00:00+00:00,27.075998,73.4747,21.925999
25927,2023-12-17 07:00:00+00:00,26.976,74.58661,22.075998
25928,2023-12-17 08:00:00+00:00,26.876,76.641655,22.425999
25929,2023-12-17 09:00:00+00:00,27.276,74.63559,22.376
25930,2023-12-17 10:00:00+00:00,26.925999,75.722786,22.276
25931,2023-12-17 11:00:00+00:00,26.276,77.018684,21.925999
25932,2023-12-17 12:00:00+00:00,25.376,81.237656,21.925999
25933,2023-12-17 13:00:00+00:00,24.675999,84.95796,21.976
25934,2023-12-17 14:00:00+00:00,24.126,87.00293,21.825998
25935,2023-12-17 15:00:00+00:00,24.376,87.025665,22.075998
25936,2023-12-17 16:00:00+00:00,24.476,85.98034,21.976
25937,2023-12-17 17:00:00+00:00,24.276,85.960815,21.776
25938,2023-12-17 18:00:00+00:00,24.226,85.95592,21.726
25939,2023-12-17 19:00:00+00:00,23.075998,91.558945,21.626
25940,2023-12-17 20:00:00+00:00,22.526,92.08892,21.175999
25941,2023-12-17 21:00:00+00:00,22.325998,93.21526,21.175999
25942,2023-12-17 22:00:00+00:00,21.925999,93.77057,20.876
25943,2023-12-17 23:00:00+00:00,21.376,94.90958,20.526
25944,2023-12-18 00:00:00+00:00,21.575998,94.91709,20.726
25945,2023-12-18 01:00:00+00:00,22.726,92.9502,21.526
25946,2023-12-18 02:00:00+00:00,23.776,89.94306,22.026
25947,2023-12-18 03:00:00+00:00,25.976,77.20911,21.675999
25948,2023-12-18 04:00:00+00:00,26.626,74.075096,21.626
25949,2023-12-18 05:00:00+00:00,27.325998,70.44094,21.476
25950,2023-12-18 06:00:00+00:00,27.376,71.09948,21.675999
25951,2023-12-18 07:00:00+00:00,27.376,70.450165,21.526
25952,2023-12-18 08:00:00+00:00,27.276,71.51735,21.675999
25953,2023-12-18 09:00:00+00:00,27.026,73.91584,21.976
25954,2023-12-18 10:00:00+00:00,26.776,72.0876,21.325998
25955,2023-12-18 11:00:00+00:00,26.175999,73.77334,21.126
25956,2023-12-18 12:00:00+00:00,25.276,78.29658,21.226
25957,2023-12-18 13:00:00+00:00,24.575998,84.68865,21.825998
25958,2023-12-18 14:00:00+00:00,24.425999,84.93193,21.726
25959,2023-12-18 15:00:00+00:00,23.825998,86.70981,21.476
25960,2023-12-18 16:00:00+00:00,22.976,89.3356,21.126
25961,2023-12-18 17:00:00+00:00,22.976,86.89758,20.675999
25962,2023-12-18 18:00:00+00:00,22.825998,86.61625,20.476
25963,2023-12-18 19:00:00+00:00,21.925999,90.9257,20.376
25964,2023-12-18 20:00:00+00:00,21.476,91.74419,20.075998
25965,2023-12-18 21:00:00+00:00,21.376,91.454544,19.925999
25966,2023-12-18 22:00:00+00:00,21.276,91.73219,19.876
25967,2023-12-18 23:00:00+00:00,21.325998,91.45147,19.876
25968,2023-12-19 00:00:00+00:00,20.976,92.85965,19.776
25969,2023-12-19 01:00:00+00:00,21.776,92.33016,20.476
25970,2023-12-19 02:00:00+00:00,23.876,84.61437,21.126
25971,2023-12-19 03:00:00+00:00,25.825998,74.85624,21.026
25972,2023-12-19 04:00:00+00:00,26.626,70.09524,20.726
25973,2023-12-19 05:00:00+00:00,27.476,66.47749,20.675999
25974,2023-12-19 06:00:00+00:00,27.825998,64.73105,20.575998
25975,2023-12-19 07:00:00+00:00,27.825998,64.73105,20.575998
25976,2023-12-19 08:00:00+00:00,28.075998,63.40178,20.476
25977,2023-12-19 09:00:00+00:00,27.976,62.60183,20.175999
25978,2023-12-19 10:00:00+00:00,27.226,63.610966,19.726
25979,2023-12-19 11:00:00+00:00,26.376,67.497536,19.876
25980,2023-12-19 12:00:00+00:00,25.425999,72.07042,20.026
25981,2023-12-19 13:00:00+00:00,25.075998,73.587296,20.026
25982,2023-12-19 14:00:00+00:00,24.226,77.6629,20.075998
25983,2023-12-19 15:00:00+00:00,24.126,78.37225,20.126
25984,2023-12-19 16:00:00+00:00,24.175999,78.379456,20.175999
25985,2023-12-19 17:00:00+00:00,23.675999,81.02066,20.226
25986,2023-12-19 18:00:00+00:00,22.876,85.03147,20.226
25987,2023-12-19 19:00:00+00:00,22.376,87.38092,20.175999
25988,2023-12-19 20:00:00+00:00,21.825998,89.24768,19.976
25989,2023-12-19 21:00:00+00:00,21.276,90.88299,19.726
25990,2023-12-19 22:00:00+00:00,21.175999,90.59466,19.575998
25991,2023-12-19 23:00:00+00:00,21.376,89.21295,19.526
25992,2023-12-20 00:00:00+00:00,21.575998,88.40143,19.575998
25993,2023-12-20 01:00:00+00:00,23.126,81.95996,19.876
25994,2023-12-20 02:00:00+00:00,24.126,80.33238,20.526
25995,2023-12-20 03:00:00+00:00,26.026,71.51232,20.476
25996,2023-12-20 04:00:00+00:00,26.675999,69.03315,20.526
25997,2023-12-20 05:00:00+00:00,27.126,68.06457,20.726
25998,2023-12-20 06:00:00+00:00,27.626,67.124245,20.976
25999,2023-12-20 07:00:00+00:00,27.876,65.543724,20.825998
26000,2023-12-20 08:00:00+00:00,27.876,65.34238,20.776
26001,2023-12-20 09:00:00+00:00,27.526,66.28325,20.675999
26002,2023-12-20 10:00:00+00:00,27.226,66.017815,20.325998
26003,2023-12-20 11:00:00+00:00,26.526,68.15696,20.175999
26004,2023-12-20 12:00:00+00:00,25.226,74.52798,20.376
26005,2023-12-20 13:00:00+00:00,24.126,81.328476,20.726
26006,2023-12-20 14:00:00+00:00,23.526,84.31713,20.726
26007,2023-12-20 15:00:00+00:00,22.976,87.434265,20.776
26008,2023-12-20 16:00:00+00:00,22.175999,91.78599,20.776
26009,2023-12-20 17:00:00+00:00,21.675999,93.47067,20.575998
26010,2023-12-20 18:00:00+00:00,21.376,93.74539,20.325998
26011,2023-12-20 19:00:00+00:00,21.026,94.0199,20.026
26012,2023-12-20 20:00:00+00:00,20.675999,94.2966,19.726
26013,2023-12-20 21:00:00+00:00,20.726,94.29868,19.776
26014,2023-12-20 22:00:00+00:00,20.476,95.7628,19.776
26015,2023-12-20 23:00:00+00:00,20.425999,96.95591,19.925999
26016,2023-12-21 00:00:00+00:00,20.575998,97.86291,20.226
26017,2023-12-21 01:00:00+00:00,21.526,97.57817,21.126
26018,2023-12-21 02:00:00+00:00,22.675999,94.37983,21.726
26019,2023-12-21 03:00:00+00:00,24.726,86.26683,22.276
26020,2023-12-21 04:00:00+00:00,26.526,75.89092,21.925999
26021,2023-12-21 05:00:00+00:00,27.276,71.29906,21.626
26022,2023-12-21 06:00:00+00:00,27.825998,69.041405,21.626
26023,2023-12-21 07:00:00+00:00,28.026,67.61704,21.476
26024,2023-12-21 08:00:00+00:00,28.075998,65.98911,21.126
26025,2023-12-21 09:00:00+00:00,27.776,65.52302,20.726
26026,2023-12-21 10:00:00+00:00,27.276,65.62159,20.276
26027,2023-12-21 11:00:00+00:00,26.325998,69.823326,20.376
26028,2023-12-21 12:00:00+00:00,25.276,74.99742,20.526
26029,2023-12-21 13:00:00+00:00,24.175999,82.08873,20.925999
26030,2023-12-21 14:00:00+00:00,23.325998,84.81663,20.626
26031,2023-12-21 15:00:00+00:00,22.476,88.475494,20.476
26032,2023-12-21 16:00:00+00:00,21.675999,92.32459,20.376
26033,2023-12-21 17:00:00+00:00,21.226,93.44913,20.126
26034,2023-12-21 18:00:00+00:00,20.976,93.437096,19.876
26035,2023-12-21 19:00:00+00:00,21.175999,92.58295,19.925999
26036,2023-12-21 20:00:00+00:00,21.575998,92.319,20.276
26037,2023-12-21 21:00:00+00:00,20.526,95.76438,19.825998
26038,2023-12-21 22:00:00+00:00,19.626,98.15255,19.325998
26039,2023-12-21 23:00:00+00:00,19.026,99.377975,18.925999
26040,2023-12-22 00:00:00+00:00,19.376,98.762665,19.175999
26041,2023-12-22 01:00:00+00:00,19.476,99.071434,19.325998
26042,2023-12-22 02:00:00+00:00,21.376,95.79101,20.675999
26043,2023-12-22 03:00:00+00:00,24.226,83.62062,21.276
26044,2023-12-22 04:00:00+00:00,25.925999,73.05379,20.726
26045,2023-12-22 05:00:00+00:00,27.026,66.18099,20.175999
26046,2023-12-22 06:00:00+00:00,27.825998,61.60721,19.776
26047,2023-12-22 07:00:00+00:00,28.175999,59.80342,19.626
26048,2023-12-22 08:00:00+00:00,28.226,59.444714,19.575998
26049,2023-12-22 09:00:00+00:00,27.976,59.943348,19.476
26050,2023-12-22 10:00:00+00:00,27.376,60.367474,19.026
26051,2023-12-22 11:00:00+00:00,26.325998,63.218094,18.776
26052,2023-12-22 12:00:00+00:00,24.425999,71.891975,19.026
26053,2023-12-22 13:00:00+00:00,23.026,80.4354,19.476
26054,2023-12-22 14:00:00+00:00,21.825998,86.25319,19.425999
26055,2023-12-22 15:00:00+00:00,20.876,90.574234,19.276
26056,2023-12-22 16:00:00+00:00,20.026,92.52032,18.776
26057,2023-12-22 17:00:00+00:00,19.976,91.940765,18.626
26058,2023-12-22 18:00:00+00:00,19.476,93.65728,18.425999
26059,2023-12-22 19:00:00+00:00,18.876,95.71193,18.175999
26060,2023-12-22 20:00:00+00:00,19.075998,95.41876,18.325998
26061,2023-12-22 21:00:00+00:00,19.276,95.4256,18.526
26062,2023-12-22 22:00:00+00:00,20.276,92.53399,19.026
26063,2023-12-22 23:00:00+00:00,20.126,94.27338,19.175999
26064,2023-12-23 00:00:00+00:00,18.626,98.13852,18.325998
26065,2023-12-23 01:00:00+00:00,19.575998,99.07214,19.425999
26066,2023-12-23 02:00:00+00:00,20.575998,97.25971,20.126
26067,2023-12-23 03:00:00+00:00,23.626,84.58773,20.876
26068,2023-12-23 04:00:00+00:00,25.825998,74.16926,20.876
26069,2023-12-23 05:00:00+00:00,27.126,64.78349,19.925999
26070,2023-12-23 06:00:00+00:00,27.876,60.294086,19.476
26071,2023-12-23 07:00:00+00:00,27.976,59.2022,19.276
26072,2023-12-23 08:00:00+00:00,28.026,58.480896,19.126
26073,2023-12-23 09:00:00+00:00,27.825998,58.070045,18.825998
26074,2023-12-23 10:00:00+00:00,27.276,57.396473,18.126
26075,2023-12-23 11:00:00+00:00,26.425999,60.71841,18.226
26076,2023-12-23 12:00:00+00:00,25.175999,68.31585,18.925999
26077,2023-12-23 13:00:00+00:00,22.876,80.415504,19.325998
26078,2023-12-23 14:00:00+00:00,21.925999,85.728325,19.425999
26079,2023-12-23 15:00:00+00:00,21.575998,87.58119,19.425999
26080,2023-12-23 16:00:00+00:00,20.675999,90.5606,19.075998
26081,2023-12-23 17:00:00+00:00,20.276,90.25051,18.626
26082,2023-12-23 18:00:00+00:00,20.526,89.706024,18.776
26083,2023-12-23 19:00:00+00:00,19.476,93.951126,18.476
26084,2023-12-23 20:00:00+00:00,19.075998,95.718346,18.376
26085,2023-12-23 21:00:00+00:00,19.476,95.134514,18.675999
26086,2023-12-23 22:00:00+00:00,19.575998,96.0336,18.925999
26087,2023-12-23 23:00:00+00:00,19.476,97.54063,19.075998
26088,2023-12-24 00:00:00+00:00,19.376,99.07073,19.226
26089,2023-12-24 01:00:00+00:00,22.276,89.282196,20.425999
26090,2023-12-24 02:00:00+00:00,22.626,90.414246,20.976
26091,2023-12-24 03:00:00+00:00,23.976,85.66874,21.425999
26092,2023-12-24 04:00:00+00:00,25.726,80.2979,22.075998
26093,2023-12-24 05:00:00+00:00,27.526,68.77288,21.276
26094,2023-12-24 06:00:00+00:00,27.925999,64.9518,20.726
26095,2023-12-24 07:00:00+00:00,28.526,62.529514,20.675999
26096,2023-12-24 08:00:00+00:00,28.476,62.326187,20.575998
26097,2023-12-24 09:00:00+00:00,27.675999,64.30124,20.325998
26098,2023-12-24 10:00:00+00:00,27.476,65.05787,20.325998
26099,2023-12-24 11:00:00+00:00,26.526,68.15696,20.175999
26100,2023-12-24 12:00:00+00:00,25.175999,74.98119,20.425999
26101,2023-12-24 13:00:00+00:00,24.526,76.99061,20.226
26102,2023-12-24 14:00:00+00:00,23.876,80.05148,20.226
26103,2023-12-24 15:00:00+00:00,23.376,82.244644,20.175999
26104,2023-12-24 16:00:00+00:00,22.726,86.33986,20.325998
26105,2023-12-24 17:00:00+00:00,22.026,90.652145,20.425999
26106,2023-12-24 18:00:00+00:00,21.726,92.89867,20.526
26107,2023-12-24 19:00:00+00:00,21.175999,94.317566,20.226
26108,2023-12-24 20:00:00+00:00,20.976,95.18838,20.175999
26109,2023-12-24 21:00:00+00:00,21.126,95.193726,20.325998
26110,2023-12-24 22:00:00+00:00,21.026,96.96952,20.526
26111,2023-12-24 23:00:00+00:00,20.776,98.16848,20.476
26112,2023-12-25 00:00:00+00:00,20.376,99.38432,20.276
26113,2023-12-25 01:00:00+00:00,20.726,97.26277,20.276
26114,2023-12-25 02:00:00+00:00,21.976,93.485,20.876
26115,2023-12-25 03:00:00+00:00,24.376,86.23329,21.925999
26116,2023-12-25 04:00:00+00:00,26.575998,78.96046,22.626
26117,2023-12-25 05:00:00+00:00,28.126,69.946365,22.126
26118,2023-12-25 06:00:00+00:00,28.925999,63.9757,21.425999
26119,2023-12-25 07:00:00+00:00,29.175999,61.71793,21.075998
26120,2023-12-25 08:00:00+00:00,29.276,60.986515,20.976
26121,2023-12-25 09:00:00+00:00,28.776,61.628906,20.675999
26122,2023-12-25 10:00:00+00:00,27.726,64.70995,20.476
26123,2023-12-25 11:00:00+00:00,26.575998,69.440994,20.526
26124,2023-12-25 12:00:00+00:00,25.075998,76.36518,20.626
26125,2023-12-25 13:00:00+00:00,23.126,86.911385,20.825998
26126,2023-12-25 14:00:00+00:00,21.876,92.33573,20.575998
26127,2023-12-25 15:00:00+00:00,21.376,93.16802,20.226
26128,2023-12-25 16:00:00+00:00,20.825998,94.3029,19.876
26129,2023-12-25 17:00:00+00:00,20.376,94.8718,19.526
26130,2023-12-25 18:00:00+00:00,20.526,94.29026,19.575998
26131,2023-12-25 19:00:00+00:00,21.126,93.15552,19.976
26132,2023-12-25 20:00:00+00:00,21.226,94.31965,20.276
26133,2023-12-25 21:00:00+00:00,20.226,97.2525,19.776
26134,2023-12-25 22:00:00+00:00,19.175999,99.68893,19.126
26135,2023-12-25 23:00:00+00:00,19.325998,100.0,19.325998
26136,2023-12-26 00:00:00+00:00,19.325998,100.0,19.325998
26137,2023-12-26 01:00:00+00:00,18.325998,100.0,18.325998
26138,2023-12-26 02:00:00+00:00,20.226,99.0767,20.075998
26139,2023-12-26 03:00:00+00:00,22.476,93.79557,21.425999
26140,2023-12-26 04:00:00+00:00,25.026,82.695404,21.876
26141,2023-12-26 05:00:00+00:00,26.925999,70.80024,21.175999
26142,2023-12-26 06:00:00+00:00,28.126,63.022614,20.425999
26143,2023-12-26 07:00:00+00:00,28.526,60.629616,20.175999
26144,2023-12-26 08:00:00+00:00,28.526,60.06962,20.026
26145,2023-12-26 09:00:00+00:00,28.276,60.012283,19.776
26146,2023-12-26 10:00:00+00:00,27.675999,60.624382,19.376
26147,2023-12-26 11:00:00+00:00,26.825998,63.52444,19.325998
26148,2023-12-26 12:00:00+00:00,25.126,72.240746,19.776
26149,2023-12-26 13:00:00+00:00,22.925999,84.25185,20.126
26150,2023-12-26 14:00:00+00:00,21.876,89.25151,20.026
26151,2023-12-26 15:00:00+00:00,21.325998,91.168495,19.825998
26152,2023-12-26 16:00:00+00:00,21.126,91.72319,19.726
26153,2023-12-26 17:00:00+00:00,20.876,91.70813,19.476
26154,2023-12-26 18:00:00+00:00,21.476,89.22068,19.626
26155,2023-12-26 19:00:00+00:00,22.575998,85.263794,19.976
26156,2023-12-26 20:00:00+00:00,21.976,87.34517,19.776
26157,2023-12-26 21:00:00+00:00,21.325998,90.04427,19.626
26158,2023-12-26 22:00:00+00:00,20.876,92.27971,19.575998
26159,2023-12-26 23:00:00+00:00,19.476,96.63214,18.925999
26160,2023-12-27 00:00:00+00:00,19.126,98.145546,18.825998
26161,2023-12-27 01:00:00+00:00,19.976,99.382454,19.876
26162,2023-12-27 02:00:00+00:00,21.376,96.08642,20.726
26163,2023-12-27 03:00:00+00:00,24.126,86.47313,21.726
26164,2023-12-27 04:00:00+00:00,25.925999,77.91264,21.776
26165,2023-12-27 05:00:00+00:00,27.325998,69.37002,21.226
26166,2023-12-27 06:00:00+00:00,28.226,64.22014,20.825998
26167,2023-12-27 07:00:00+00:00,28.476,62.326187,20.575998
26168,2023-12-27 08:00:00+00:00,28.376,62.112244,20.425999
26169,2023-12-27 09:00:00+00:00,28.075998,62.430603,20.226
26170,2023-12-27 10:00:00+00:00,27.526,63.67568,20.026
26171,2023-12-27 11:00:00+00:00,26.626,66.098885,19.776
26172,2023-12-27 12:00:00+00:00,25.226,72.70743,19.976
26173,2023-12-27 13:00:00+00:00,23.876,82.55902,20.726
26174,2023-12-27 14:00:00+00:00,23.126,86.6444,20.776
26175,2023-12-27 15:00:00+00:00,22.226,90.945305,20.675999
26176,2023-12-27 16:00:00+00:00,21.526,92.031296,20.175999
26177,2023-12-27 17:00:00+00:00,21.276,92.3022,19.976
26178,2023-12-27 18:00:00+00:00,20.976,92.57211,19.726
26179,2023-12-27 19:00:00+00:00,20.626,92.26561,19.325998
26180,2023-12-27 20:00:00+00:00,20.425999,92.54219,19.175999
26181,2023-12-27 21:00:00+00:00,20.175999,93.39842,19.075998
26182,2023-12-27 22:00:00+00:00,19.925999,94.854675,19.075998
26183,2023-12-27 23:00:00+00:00,20.126,95.15798,19.325998
26184,2023-12-28 00:00:00+00:00,19.976,95.746994,19.276
26185,2023-12-28 01:00:00+00:00,20.925999,94.59947,20.026
26186,2023-12-28 02:00:00+00:00,22.026,91.77707,20.626
26187,2023-12-28 03:00:00+00:00,24.575998,83.40451,21.575998
26188,2023-12-28 04:00:00+00:00,26.776,72.53062,21.425999
26189,2023-12-28 05:00:00+00:00,27.925999,65.35278,20.825998
26190,2023-12-28 06:00:00+00:00,28.425999,60.794674,20.126
26191,2023-12-28 07:00:00+00:00,28.476,60.805984,20.175999
26192,2023-12-28 08:00:00+00:00,28.575998,61.394615,20.425999
26193,2023-12-28 09:00:00+00:00,28.026,62.612812,20.226
26194,2023-12-28 10:00:00+00:00,27.476,63.86228,20.026
26195,2023-12-28 11:00:00+00:00,26.575998,67.328735,20.026
26196,2023-12-28 12:00:00+00:00,25.325998,72.950165,20.126
26197,2023-12-28 13:00:00+00:00,23.575998,82.77817,20.476
26198,2023-12-28 14:00:00+00:00,22.476,88.74876,20.526
26199,2023-12-28 15:00:00+00:00,22.126,90.658875,20.526
26200,2023-12-28 16:00:00+00:00,21.726,92.042885,20.376
26201,2023-12-28 17:00:00+00:00,21.325998,92.30501,20.026
26202,2023-12-28 18:00:00+00:00,21.026,92.86227,19.825998
26203,2023-12-28 19:00:00+00:00,21.226,92.872696,20.026
26204,2023-12-28 20:00:00+00:00,20.526,94.29026,19.575998
26205,2023-12-28 21:00:00+00:00,20.675999,94.2966,19.726
26206,2023-12-28 22:00:00+00:00,20.776,94.59349,19.876
26207,2023-12-28 23:00:00+00:00,21.026,94.8964,20.175999
26208,2023-12-29 00:00:00+00:00,20.876,96.07186,20.226
26209,2023-12-29 01:00:00+00:00,22.575998,91.80974,21.175999
26210,2023-12-29 02:00:00+00:00,23.476,89.373505,21.626
26211,2023-12-29 03:00:00+00:00,25.026,83.710304,22.075998
26212,2023-12-29 04:00:00+00:00,25.575998,80.523315,21.976
26213,2023-12-29 05:00:00+00:00,26.626,75.90658,22.026
26214,2023-12-29 06:00:00+00:00,27.376,71.9734,21.876
26215,2023-12-29 07:00:00+00:00,28.075998,68.87854,21.825998
26216,2023-12-29 08:00:00+00:00,28.476,66.070984,21.526
26217,2023-12-29 09:00:00+00:00,28.276,67.45992,21.675999
26218,2023-12-29 10:00:00+00:00,27.626,69.85291,21.626
26219,2023-12-29 11:00:00+00:00,26.825998,72.7617,21.526
26220,2023-12-29 12:00:00+00:00,25.626,77.39341,21.376
26221,2023-12-29 13:00:00+00:00,24.876,82.17384,21.626
26222,2023-12-29 14:00:00+00:00,24.026,86.19965,21.575998
26223,2023-12-29 15:00:00+00:00,23.226,90.455376,21.575998
26224,2023-12-29 16:00:00+00:00,22.526,93.22514,21.376
26225,2023-12-29 17:00:00+00:00,22.175999,94.07018,21.175999
26226,2023-12-29 18:00:00+00:00,22.075998,94.065834,21.075998
26227,2023-12-29 19:00:00+00:00,21.626,94.62726,20.726
26228,2023-12-29 20:00:00+00:00,20.825998,96.070404,20.175999
26229,2023-12-29 21:00:00+00:00,20.925999,95.776955,20.226
26230,2023-12-29 22:00:00+00:00,21.675999,95.5064,20.925999
26231,2023-12-29 23:00:00+00:00,20.776,98.16848,20.476
26232,2023-12-30 00:00:00+00:00,19.425999,100.0,19.425999
26233,2023-12-30 01:00:00+00:00,20.726,99.08017,20.575998
26234,2023-12-30 02:00:00+00:00,21.925999,96.39736,21.325998
26235,2023-12-30 03:00:00+00:00,24.825998,85.23271,22.175999
26236,2023-12-30 04:00:00+00:00,26.675999,72.51318,21.325998
26237,2023-12-30 05:00:00+00:00,27.925999,64.354355,20.575998
26238,2023-12-30 06:00:00+00:00,28.575998,60.828617,20.276
26239,2023-12-30 07:00:00+00:00,28.726,59.009808,19.925999
26240,2023-12-30 08:00:00+00:00,28.675999,58.81562,19.825998
26241,2023-12-30 09:00:00+00:00,28.425999,58.93987,19.626
26242,2023-12-30 10:00:00+00:00,27.825998,60.470337,19.476
26243,2023-12-30 11:00:00+00:00,26.825998,63.130215,19.226
26244,2023-12-30 12:00:00+00:00,25.476,69.23099,19.425999
26245,2023-12-30 13:00:00+00:00,23.925999,76.1861,19.476
26246,2023-12-30 14:00:00+00:00,22.976,81.182014,19.575998
26247,2023-12-30 15:00:00+00:00,22.526,82.91089,19.476
26248,2023-12-30 16:00:00+00:00,22.075998,84.94776,19.425999
26249,2023-12-30 17:00:00+00:00,21.126,90.02991,19.425999
26250,2023-12-30 18:00:00+00:00,20.376,92.251465,19.075998
26251,2023-12-30 19:00:00+00:00,20.075998,93.102585,18.925999
26252,2023-12-30 20:00:00+00:00,20.126,93.10513,18.976
26253,2023-12-30 21:00:00+00:00,19.675999,94.54931,18.776
26254,2023-12-30 22:00:00+00:00,19.825998,94.26066,18.876
26255,2023-12-30 23:00:00+00:00,19.425999,95.72953,18.726
26256,2023-12-31 00:00:00+00:00,18.575998,97.830444,18.226
26257,2023-12-31 01:00:00+00:00,19.976,99.690796,19.925999
26258,2023-12-31 02:00:00+00:00,20.876,98.16984,20.575998
26259,2023-12-31 03:00:00+00:00,23.925999,85.92654,21.425999
26260,2023-12-31 04:00:00+00:00,26.175999,74.45537,21.276
26261,2023-12-31 05:00:00+00:00,27.476,64.060196,20.075998
26262,2023-12-31 06:00:00+00:00,28.226,59.444714,19.575998
26263,2023-12-31 07:00:00+00:00,28.575998,57.34905,19.325998
26264,2023-12-31 08:00:00+00:00,28.575998,56.63918,19.126
26265,2023-12-31 09:00:00+00:00,28.325998,56.755672,18.925999
26266,2023-12-31 10:00:00+00:00,27.825998,57.88893,18.776
26267,2023-12-31 11:00:00+00:00,26.726,60.977383,18.575998
26268,2023-12-31 12:00:00+00:00,25.626,67.557686,19.175999
26269,2023-12-31 13:00:00+00:00,23.925999,75.71382,19.376
26270,2023-12-31 14:00:00+00:00,22.626,83.43909,19.675999
26271,2023-12-31 15:00:00+00:00,22.175999,85.22256,19.575998
26272,2023-12-31 16:00:00+00:00,21.675999,87.318275,19.476
26273,2023-12-31 17:00:00+00:00,21.026,89.743,19.276
26274,2023-12-31 18:00:00+00:00,20.726,89.4413,18.925999
26275,2023-12-31 19:00:00+00:00,21.276,86.73955,18.976
26276,2023-12-31 20:00:00+00:00,21.026,87.80623,18.925999
26277,2023-12-31 21:00:00+00:00,19.425999,93.65496,18.376
26278,2023-12-31 22:00:00+00:00,18.976,95.71515,18.276
26279,2023-12-31 23:00:00+00:00,18.976,95.71515,18.276
